2004-01-02 23:59:00,17.54,18.68,0.1
2004-01-05 23:59:00,17.44,18.49,0.1
2004-01-06 23:59:00,16.19,17.67,0.1
2004-01-07 23:59:00,15.5,16.75,0.1
2004-01-08 23:59:00,15.32,15.68,0.1
2004-01-09 23:59:00,15.57,16.88,0.1
2004-01-12 23:59:00,16.79,17.46,0.1
2004-01-13 23:59:00,16.53,18.33,0.1
2004-01-14 23:59:00,16.4,17.3,0.1
2004-01-15 23:59:00,15.49,17.31,0.1
2004-01-16 23:59:00,14.9,15.44,0.1
2004-01-20 23:59:00,15.09,16.13,0.1
2004-01-21 23:59:00,14.24,15.63,0.1
2004-01-22 23:59:00,14.01,14.87,0.1
2004-01-23 23:59:00,14.56,15.05,0.1
2004-01-26 23:59:00,14.52,15.78,0.1
2004-01-27 23:59:00,14.74,15.44,0.1
2004-01-28 23:59:00,15.29,17.06,0.1
2004-01-29 23:59:00,16.79,17.66,0.1
2004-01-30 23:59:00,16.55,17.35,0.1
2004-02-02 23:59:00,16.67,17.56,0.1
2004-02-03 23:59:00,17.17,17.78,0.1
2004-02-04 23:59:00,17.46,18.06,0.1
2004-02-05 23:59:00,17.6,17.99,0.1
2004-02-06 23:59:00,15.94,17.71,0.1
2004-02-09 23:59:00,16.12,16.82,0.1
2004-02-10 23:59:00,15.84,16.76,0.1
2004-02-11 23:59:00,15.26,16.16,0.1
2004-02-12 23:59:00,15.23,15.72,0.1
2004-02-13 23:59:00,14.86,16.03,0.1
2004-02-17 23:59:00,15.32,15.96,0.1
2004-02-18 23:59:00,15.3,15.76,0.1
2004-02-19 23:59:00,15.2,15.97,0.1
2004-02-20 23:59:00,15.82,16.55,0.1
2004-02-23 23:59:00,16.25,16.78,0.1
2004-02-24 23:59:00,15.77,16.76,0.1
2004-02-25 23:59:00,14.93,16.05,0.1
2004-02-26 23:59:00,14.69,15.33,0.1
2004-02-27 23:59:00,13.8,14.77,0.1
2004-03-01 23:59:00,14.4,15.05,0.1
2004-03-02 23:59:00,14.18,14.89,0.1
2004-03-03 23:59:00,14.47,15.27,0.1
2004-03-04 23:59:00,14.19,14.5,0.1
2004-03-05 23:59:00,13.83,14.82,0.1
2004-03-08 23:59:00,14.54,15.83,0.1
2004-03-09 23:59:00,15.56,16.74,0.1
2004-03-10 23:59:00,16.11,18.7,0.1
2004-03-11 23:59:00,17.63,20.69,0.1
2004-03-12 23:59:00,18.06,20.08,0.1
2004-03-15 23:59:00,18.86,21.39,0.1
2004-03-16 23:59:00,19.86,20.94,0.1
2004-03-17 23:59:00,17.98,19.55,0.1
2004-03-18 23:59:00,18.35,19.23,0.1
2004-03-19 23:59:00,17.89,19.25,0.1
2004-03-22 23:59:00,20.61,22.67,0.1
2004-03-23 23:59:00,20.01,21.33,0.1
2004-03-24 23:59:00,19.45,20.83,0.1
2004-03-25 23:59:00,17.61,19.58,0.1
2004-03-26 23:59:00,16.67,18.23,0.1
2004-03-29 23:59:00,16.29,17.17,0.1
2004-03-30 23:59:00,16.13,16.8,0.1
2004-03-31 23:59:00,16.23,16.96,0.1
2004-04-01 23:59:00,16.65,17.25,0.1
2004-04-02 23:59:00,15.21,16.55,0.1
2004-04-05 23:59:00,14.81,16.64,0.1
2004-04-06 23:59:00,15.07,15.53,0.1
2004-04-07 23:59:00,15.34,16.36,0.1
2004-04-08 23:59:00,14.96,16.82,0.1
2004-04-12 23:59:00,15.0,16.12,0.1
2004-04-13 23:59:00,15.29,17.98,0.1
2004-04-14 23:59:00,15.6,17.71,0.1
2004-04-15 23:59:00,15.22,16.78,0.1
2004-04-16 23:59:00,14.77,15.69,0.1
2004-04-19 23:59:00,15.33,16.08,0.1
2004-04-20 23:59:00,14.79,16.72,0.1
2004-04-21 23:59:00,15.55,16.94,0.1
2004-04-22 23:59:00,13.86,15.98,0.1
2004-04-23 23:59:00,13.89,14.56,0.1
2004-04-26 23:59:00,14.39,15.22,0.1
2004-04-27 23:59:00,14.37,15.17,0.1
2004-04-28 23:59:00,15.55,16.54,0.1
2004-04-29 23:59:00,15.87,17.27,0.1
2004-04-30 23:59:00,16.14,17.23,0.1
2004-05-03 23:59:00,16.61,17.72,0.1
2004-05-04 23:59:00,15.97,17.13,0.1
2004-05-05 23:59:00,15.64,16.55,0.1
2004-05-06 23:59:00,16.45,17.67,0.1
2004-05-07 23:59:00,16.44,18.17,0.1
2004-05-10 23:59:00,18.99,20.2,0.1
2004-05-11 23:59:00,17.94,19.28,0.1
2004-05-12 23:59:00,18.14,20.41,0.1
2004-05-13 23:59:00,17.97,18.92,0.1
2004-05-14 23:59:00,18.06,19.27,0.1
2004-05-17 23:59:00,19.65,20.45,0.1
2004-05-18 23:59:00,19.14,19.7,0.1
2004-05-19 23:59:00,17.58,18.93,0.1
2004-05-20 23:59:00,18.55,19.25,0.1
2004-05-21 23:59:00,18.0,18.74,0.1
2004-05-24 23:59:00,17.96,18.82,0.1
2004-05-25 23:59:00,15.73,18.42,0.1
2004-05-26 23:59:00,15.78,16.3,0.1
2004-05-27 23:59:00,15.19,15.86,0.1
2004-05-28 23:59:00,15.39,15.65,0.1
2004-06-01 23:59:00,16.19,16.96,0.1
2004-06-02 23:59:00,15.95,16.7,0.1
2004-06-03 23:59:00,16.16,17.04,0.1
2004-06-04 23:59:00,15.82,16.9,0.1
2004-06-07 23:59:00,15.33,16.7,0.1
2004-06-08 23:59:00,15.0,15.88,0.1
2004-06-09 23:59:00,14.56,15.46,0.1
2004-06-10 23:59:00,14.92,15.35,0.1
2004-06-14 23:59:00,15.54,16.36,0.1
2004-06-15 23:59:00,14.72,15.35,0.1
2004-06-16 23:59:00,14.48,15.22,0.1
2004-06-17 23:59:00,15.0,15.58,0.1
2004-06-18 23:59:00,14.51,15.25,0.1
2004-06-21 23:59:00,14.96,15.62,0.1
2004-06-22 23:59:00,14.31,15.64,0.1
2004-06-23 23:59:00,13.75,14.82,0.1
2004-06-24 23:59:00,14.16,14.97,0.1
2004-06-25 23:59:00,14.47,15.29,0.1
2004-06-28 23:59:00,15.19,16.13,0.1
2004-06-29 23:59:00,15.22,16.28,0.1
2004-06-30 23:59:00,14.25,15.73,0.1
2004-07-01 23:59:00,14.41,15.57,0.1
2004-07-02 23:59:00,14.8,15.45,0.1
2004-07-06 23:59:00,16.13,16.75,0.1
2004-07-07 23:59:00,15.59,16.47,0.1
2004-07-08 23:59:00,15.5,16.36,0.1
2004-07-09 23:59:00,15.71,16.03,0.1
2004-07-12 23:59:00,14.61,15.61,0.1
2004-07-13 23:59:00,14.28,15.08,0.1
2004-07-14 23:59:00,13.34,16.59,0.1
2004-07-15 23:59:00,13.6,14.73,0.1
2004-07-16 23:59:00,13.95,14.58,0.1
2004-07-19 23:59:00,14.86,15.83,0.1
2004-07-20 23:59:00,13.98,15.57,0.1
2004-07-21 23:59:00,13.91,16.46,0.1
2004-07-22 23:59:00,15.29,17.1,0.1
2004-07-23 23:59:00,15.82,16.94,0.1
2004-07-26 23:59:00,16.98,17.93,0.1
2004-07-27 23:59:00,16.3,17.34,0.1
2004-07-28 23:59:00,15.94,17.41,0.1
2004-07-29 23:59:00,15.42,16.12,0.1
2004-07-30 23:59:00,15.27,15.89,0.1
2004-08-02 23:59:00,15.22,16.58,0.1
2004-08-03 23:59:00,15.28,16.05,0.1
2004-08-04 23:59:00,15.82,16.65,0.1
2004-08-05 23:59:00,16.17,18.41,0.1
2004-08-06 23:59:00,18.18,19.68,0.1
2004-08-09 23:59:00,18.63,19.97,0.1
2004-08-10 23:59:00,17.25,18.86,0.1
2004-08-11 23:59:00,17.84,18.49,0.1
2004-08-12 23:59:00,18.36,19.3,0.1
2004-08-13 23:59:00,17.97,19.25,0.1
2004-08-16 23:59:00,17.42,19.28,0.1
2004-08-17 23:59:00,16.16,17.28,0.1
2004-08-18 23:59:00,16.13,17.55,0.1
2004-08-19 23:59:00,16.31,17.55,0.1
2004-08-20 23:59:00,15.78,17.04,0.1
2004-08-23 23:59:00,15.79,16.71,0.1
2004-08-24 23:59:00,15.33,15.81,0.1
2004-08-25 23:59:00,14.81,15.76,0.1
2004-08-26 23:59:00,14.76,15.22,0.1
2004-08-27 23:59:00,14.67,15.02,0.1
2004-08-30 23:59:00,15.3,15.58,0.1
2004-08-31 23:59:00,15.28,15.85,0.1
2004-09-01 23:59:00,14.72,15.39,0.1
2004-09-02 23:59:00,14.18,15.05,0.1
2004-09-03 23:59:00,13.79,14.38,0.1
2004-09-07 23:59:00,14.03,14.64,0.1
2004-09-08 23:59:00,13.88,14.31,0.1
2004-09-09 23:59:00,13.7,14.41,0.1
2004-09-10 23:59:00,13.69,14.23,0.1
2004-09-13 23:59:00,13.16,13.78,0.1
2004-09-14 23:59:00,13.5,13.89,0.1
2004-09-15 23:59:00,13.68,14.67,0.1
2004-09-16 23:59:00,14.27,14.66,0.1
2004-09-17 23:59:00,13.93,14.43,0.1
2004-09-20 23:59:00,13.98,15.29,0.1
2004-09-21 23:59:00,13.38,15.98,0.1
2004-09-22 23:59:00,13.95,15.3,0.1
2004-09-23 23:59:00,14.61,15.08,0.1
2004-09-24 23:59:00,14.08,14.94,0.1
2004-09-27 23:59:00,14.55,15.09,0.1
2004-09-28 23:59:00,13.69,14.84,0.1
2004-09-29 23:59:00,13.2,14.14,0.1
2004-09-30 23:59:00,13.2,13.67,0.1
2004-10-01 23:59:00,12.6,13.11,0.1
2004-10-04 23:59:00,12.99,13.45,0.1
2004-10-05 23:59:00,13.51,14.19,0.1
2004-10-06 23:59:00,13.24,14.1,0.1
2004-10-07 23:59:00,13.32,14.66,0.1
2004-10-08 23:59:00,13.78,15.52,0.1
2004-10-11 23:59:00,14.28,15.27,0.1
2004-10-12 23:59:00,14.91,15.69,0.1
2004-10-13 23:59:00,13.92,15.63,0.1
2004-10-14 23:59:00,15.22,16.56,0.1
2004-10-15 23:59:00,14.72,16.49,0.1
2004-10-18 23:59:00,14.64,16.16,0.1
2004-10-19 23:59:00,14.32,16.32,0.1
2004-10-20 23:59:00,14.8,15.53,0.1
2004-10-21 23:59:00,14.28,15.19,0.1
2004-10-22 23:59:00,14.31,15.41,0.1
2004-10-25 23:59:00,16.02,16.71,0.1
2004-10-26 23:59:00,15.97,16.87,0.1
2004-10-27 23:59:00,15.66,16.53,0.1
2004-10-28 23:59:00,15.36,16.05,0.1
2004-10-29 23:59:00,14.96,16.29,0.1
2004-11-01 23:59:00,16.18,16.76,0.1
2004-11-02 23:59:00,15.21,16.32,0.1
2004-11-03 23:59:00,13.79,15.18,0.1
2004-11-04 23:59:00,12.95,14.02,0.1
2004-11-05 23:59:00,13.23,14.1,0.1
2004-11-08 23:59:00,13.68,14.48,0.1
2004-11-09 23:59:00,12.89,13.96,0.1
2004-11-10 23:59:00,12.79,13.51,0.1
2004-11-11 23:59:00,12.64,13.12,0.1
2004-11-12 23:59:00,13.04,13.48,0.1
2004-11-15 23:59:00,13.25,14.06,0.1
2004-11-16 23:59:00,13.2,13.67,0.1
2004-11-17 23:59:00,12.77,13.39,0.1
2004-11-18 23:59:00,12.96,13.29,0.1
2004-11-19 23:59:00,12.77,13.83,0.1
2004-11-22 23:59:00,12.94,13.71,0.1
2004-11-23 23:59:00,12.57,12.91,0.1
2004-11-24 23:59:00,12.56,12.89,0.1
2004-11-26 23:59:00,12.59,12.9,0.1
2004-11-29 23:59:00,12.93,13.69,0.1
2004-11-30 23:59:00,13.07,13.38,0.1
2004-12-01 23:59:00,12.77,13.12,0.1
2004-12-02 23:59:00,12.72,13.04,0.1
2004-12-03 23:59:00,12.4,13.06,0.1
2004-12-06 23:59:00,12.93,13.4,0.1
2004-12-07 23:59:00,12.96,13.74,0.1
2004-12-08 23:59:00,13.18,13.68,0.1
2004-12-09 23:59:00,12.77,13.71,0.1
2004-12-10 23:59:00,12.68,13.15,0.1
2004-12-13 23:59:00,12.13,12.61,0.1
2004-12-14 23:59:00,12.21,12.97,0.1
2004-12-15 23:59:00,12.23,12.88,0.1
2004-12-16 23:59:00,11.96,12.59,0.1
2004-12-17 23:59:00,11.87,12.75,0.1
2004-12-20 23:59:00,11.77,12.34,0.1
2004-12-21 23:59:00,11.37,12.0,0.1
2004-12-22 23:59:00,11.37,11.71,0.1
2004-12-23 23:59:00,11.14,11.64,0.1
2004-12-27 23:59:00,11.53,12.16,0.1
2004-12-28 23:59:00,11.97,12.4,0.1
2004-12-29 23:59:00,11.61,11.79,0.1
2004-12-30 23:59:00,12.18,12.61,0.1
2004-12-31 23:59:00,12.42,13.29,0.1
2005-01-03 23:59:00,13.25,14.23,0.1
2005-01-04 23:59:00,13.93,14.45,0.1
2005-01-05 23:59:00,13.26,14.09,0.1
2005-01-06 23:59:00,13.33,14.09,0.1
2005-01-07 23:59:00,12.94,13.51,0.1
2005-01-10 23:59:00,12.94,13.93,0.1
2005-01-11 23:59:00,13.05,13.68,0.1
2005-01-12 23:59:00,12.54,13.94,0.1
2005-01-13 23:59:00,12.37,12.86,0.1
2005-01-14 23:59:00,12.29,12.82,0.1
2005-01-18 23:59:00,12.3,13.15,0.1
2005-01-19 23:59:00,12.41,13.21,0.1
2005-01-20 23:59:00,13.28,14.11,0.1
2005-01-21 23:59:00,13.4,14.46,0.1
2005-01-24 23:59:00,14.17,14.75,0.1
2005-01-25 23:59:00,13.88,14.36,0.1
2005-01-26 23:59:00,13.06,13.84,0.1
2005-01-27 23:59:00,12.96,13.57,0.1
2005-01-28 23:59:00,12.83,13.56,0.1
2005-01-31 23:59:00,12.79,13.63,0.1
2005-02-01 23:59:00,12.02,13.02,0.1
2005-02-02 23:59:00,11.52,12.06,0.1
2005-02-03 23:59:00,11.72,12.12,0.1
2005-02-04 23:59:00,10.9,11.97,0.1
2005-02-07 23:59:00,11.36,11.75,0.1
2005-02-08 23:59:00,11.45,11.67,0.1
2005-02-09 23:59:00,11.41,12.02,0.1
2005-02-10 23:59:00,11.38,11.99,0.1
2005-02-11 23:59:00,11.25,11.82,0.1
2005-02-14 23:59:00,11.18,11.86,0.1
2005-02-15 23:59:00,11.13,11.76,0.1
2005-02-16 23:59:00,11.03,11.5,0.1
2005-02-17 23:59:00,11.21,11.91,0.1
2005-02-18 23:59:00,11.18,12.12,0.1
2005-02-22 23:59:00,12.09,13.2,0.1
2005-02-23 23:59:00,12.3,12.94,0.1
2005-02-24 23:59:00,11.48,12.51,0.1
2005-02-25 23:59:00,10.92,11.78,0.1
2005-02-28 23:59:00,11.73,12.5,0.1
2005-03-01 23:59:00,11.66,12.1,0.1
2005-03-02 23:59:00,12.2,12.91,0.1
2005-03-03 23:59:00,12.23,13.07,0.1
2005-03-04 23:59:00,11.94,12.5,0.1
2005-03-07 23:59:00,12.05,12.6,0.1
2005-03-08 23:59:00,11.95,12.5,0.1
2005-03-09 23:59:00,12.2,12.72,0.1
2005-03-10 23:59:00,12.42,12.97,0.1
2005-03-11 23:59:00,12.11,12.98,0.1
2005-03-14 23:59:00,12.36,12.99,0.1
2005-03-15 23:59:00,12.33,13.22,0.1
2005-03-16 23:59:00,13.19,13.81,0.1
2005-03-17 23:59:00,13.2,13.67,0.1
2005-03-18 23:59:00,13.08,13.67,0.1
2005-03-21 23:59:00,13.33,13.98,0.1
2005-03-22 23:59:00,13.15,14.28,0.1
2005-03-23 23:59:00,13.88,14.89,0.1
2005-03-24 23:59:00,12.97,13.88,0.1
2005-03-28 23:59:00,13.44,14.01,0.1
2005-03-29 23:59:00,13.38,14.68,0.1
2005-03-30 23:59:00,13.64,14.47,0.1
2005-03-31 23:59:00,13.57,14.1,0.1
2005-04-01 23:59:00,12.92,14.38,0.1
2005-04-04 23:59:00,13.96,14.76,0.1
2005-04-05 23:59:00,13.66,14.11,0.1
2005-04-06 23:59:00,12.89,13.76,0.1
2005-04-07 23:59:00,12.3,12.96,0.1
2005-04-08 23:59:00,11.52,12.65,0.1
2005-04-11 23:59:00,11.82,12.46,0.1
2005-04-12 23:59:00,11.2,12.83,0.1
2005-04-13 23:59:00,11.27,13.44,0.1
2005-04-14 23:59:00,12.67,14.6,0.1
2005-04-15 23:59:00,14.71,18.05,0.1
2005-04-18 23:59:00,16.41,18.59,0.1
2005-04-19 23:59:00,14.81,15.97,0.1
2005-04-20 23:59:00,14.52,17.25,0.1
2005-04-21 23:59:00,14.26,16.22,0.1
2005-04-22 23:59:00,14.2,16.32,0.1
2005-04-25 23:59:00,14.6,15.47,0.1
2005-04-26 23:59:00,14.27,15.15,0.1
2005-04-27 23:59:00,14.43,15.93,0.1
2005-04-28 23:59:00,14.19,16.87,0.1
2005-04-29 23:59:00,15.26,16.92,0.1
2005-05-02 23:59:00,15.08,16.01,0.1
2005-05-03 23:59:00,14.53,15.31,0.1
2005-05-04 23:59:00,13.7,15.38,0.1
2005-05-05 23:59:00,13.43,15.82,0.1
2005-05-06 23:59:00,13.11,14.06,0.1
2005-05-09 23:59:00,13.53,14.56,0.1
2005-05-10 23:59:00,14.03,15.11,0.1
2005-05-11 23:59:00,14.31,15.8,0.1
2005-05-12 23:59:00,14.16,16.23,0.1
2005-05-13 23:59:00,15.4,17.7,0.1
2005-05-16 23:59:00,15.67,16.87,0.1
2005-05-17 23:59:00,14.45,16.21,0.1
2005-05-18 23:59:00,13.3,14.13,0.1
2005-05-19 23:59:00,13.25,14.02,0.1
2005-05-20 23:59:00,13.07,13.73,0.1
2005-05-23 23:59:00,12.75,13.45,0.1
2005-05-24 23:59:00,12.53,13.3,0.1
2005-05-25 23:59:00,12.58,13.11,0.1
2005-05-26 23:59:00,11.65,12.38,0.1
2005-05-27 23:59:00,12.06,12.43,0.1
2005-05-31 23:59:00,12.67,13.45,0.1
2005-06-01 23:59:00,12.17,13.34,0.1
2005-06-02 23:59:00,11.8,12.43,0.1
2005-06-03 23:59:00,11.52,12.49,0.1
2005-06-06 23:59:00,12.21,13.0,0.1
2005-06-07 23:59:00,11.47,12.43,0.1
2005-06-08 23:59:00,12.05,12.83,0.1
2005-06-09 23:59:00,12.06,13.07,0.1
2005-06-10 23:59:00,11.9,12.4,0.1
2005-06-13 23:59:00,11.31,12.12,0.1
2005-06-14 23:59:00,11.52,12.02,0.1
2005-06-15 23:59:00,11.05,11.96,0.1
2005-06-16 23:59:00,11.04,11.36,0.1
2005-06-17 23:59:00,10.78,11.64,0.1
2005-06-20 23:59:00,11.31,12.53,0.1
2005-06-21 23:59:00,11.01,11.67,0.1
2005-06-22 23:59:00,10.81,11.31,0.1
2005-06-23 23:59:00,10.96,12.13,0.1
2005-06-24 23:59:00,11.95,12.32,0.1
2005-06-27 23:59:00,12.38,12.78,0.1
2005-06-28 23:59:00,11.55,12.31,0.1
2005-06-29 23:59:00,11.44,11.78,0.1
2005-06-30 23:59:00,11.5,12.1,0.1
2005-07-01 23:59:00,11.38,11.92,0.1
2005-07-05 23:59:00,11.53,12.41,0.1
2005-07-06 23:59:00,11.54,12.33,0.1
2005-07-07 23:59:00,12.48,13.92,0.1
2005-07-08 23:59:00,11.09,12.29,0.1
2005-07-11 23:59:00,10.53,11.41,0.1
2005-07-12 23:59:00,10.85,11.37,0.1
2005-07-13 23:59:00,10.8,11.44,0.1
2005-07-14 23:59:00,10.5,11.13,0.1
2005-07-15 23:59:00,10.13,10.9,0.1
2005-07-18 23:59:00,10.77,11.09,0.1
2005-07-19 23:59:00,10.36,10.79,0.1
2005-07-20 23:59:00,9.88,10.94,0.1
2005-07-21 23:59:00,10.23,11.21,0.1
2005-07-22 23:59:00,10.51,11.05,0.1
2005-07-25 23:59:00,10.7,11.28,0.1
2005-07-26 23:59:00,10.92,11.25,0.1
2005-07-27 23:59:00,10.34,11.03,0.1
2005-07-28 23:59:00,10.27,10.58,0.1
2005-07-29 23:59:00,10.24,11.73,0.1
2005-08-01 23:59:00,11.36,12.23,0.1
2005-08-02 23:59:00,11.69,12.03,0.1
2005-08-03 23:59:00,11.62,12.01,0.1
2005-08-04 23:59:00,11.99,12.57,0.1
2005-08-05 23:59:00,11.82,12.92,0.1
2005-08-08 23:59:00,12.56,13.29,0.1
2005-08-09 23:59:00,12.24,12.78,0.1
2005-08-10 23:59:00,11.51,12.56,0.1
2005-08-11 23:59:00,11.88,12.94,0.1
2005-08-12 23:59:00,12.18,12.98,0.1
2005-08-15 23:59:00,12.08,12.99,0.1
2005-08-16 23:59:00,12.28,13.89,0.1
2005-08-17 23:59:00,12.78,13.76,0.1
2005-08-18 23:59:00,13.01,13.88,0.1
2005-08-19 23:59:00,12.61,13.85,0.1
2005-08-22 23:59:00,13.2,13.89,0.1
2005-08-23 23:59:00,13.3,14.05,0.1
2005-08-24 23:59:00,13.0,14.18,0.1
2005-08-25 23:59:00,13.66,14.12,0.1
2005-08-26 23:59:00,13.65,14.2,0.1
2005-08-29 23:59:00,13.38,14.41,0.1
2005-08-30 23:59:00,13.47,14.18,0.1
2005-08-31 23:59:00,12.56,13.63,0.1
2005-09-01 23:59:00,12.31,13.37,0.1
2005-09-02 23:59:00,13.03,13.72,0.1
2005-09-06 23:59:00,12.9,14.18,0.1
2005-09-07 23:59:00,12.44,13.2,0.1
2005-09-08 23:59:00,12.37,12.94,0.1
2005-09-09 23:59:00,11.96,12.65,0.1
2005-09-12 23:59:00,11.45,11.89,0.1
2005-09-13 23:59:00,11.75,12.48,0.1
2005-09-14 23:59:00,12.67,13.26,0.1
2005-09-15 23:59:00,12.28,13.17,0.1
2005-09-16 23:59:00,11.07,11.93,0.1
2005-09-19 23:59:00,12.04,12.46,0.1
2005-09-20 23:59:00,11.83,12.96,0.1
2005-09-21 23:59:00,12.96,13.91,0.1
2005-09-22 23:59:00,13.31,14.39,0.1
2005-09-23 23:59:00,12.75,13.88,0.1
2005-09-26 23:59:00,12.64,13.47,0.1
2005-09-27 23:59:00,12.51,13.46,0.1
2005-09-28 23:59:00,12.37,12.98,0.1
2005-09-29 23:59:00,12.15,13.23,0.1
2005-09-30 23:59:00,11.92,12.44,0.1
2005-10-03 23:59:00,11.98,12.62,0.1
2005-10-04 23:59:00,12.11,13.21,0.1
2005-10-05 23:59:00,12.97,14.58,0.1
2005-10-06 23:59:00,14.04,15.63,0.1
2005-10-07 23:59:00,14.3,14.82,0.1
2005-10-10 23:59:00,14.87,15.61,0.1
2005-10-11 23:59:00,15.06,15.7,0.1
2005-10-12 23:59:00,15.04,16.27,0.1
2005-10-13 23:59:00,15.98,17.19,0.1
2005-10-14 23:59:00,14.83,16.03,0.1
2005-10-17 23:59:00,14.58,15.3,0.1
2005-10-18 23:59:00,14.79,15.4,0.1
2005-10-19 23:59:00,13.47,15.86,0.1
2005-10-20 23:59:00,13.98,16.19,0.1
2005-10-21 23:59:00,15.26,16.27,0.1
2005-10-24 23:59:00,14.61,16.44,0.1
2005-10-25 23:59:00,14.2,15.3,0.1
2005-10-26 23:59:00,13.72,14.88,0.1
2005-10-27 23:59:00,14.57,16.3,0.1
2005-10-28 23:59:00,14.11,15.61,0.1
2005-10-31 23:59:00,13.93,15.39,0.1
2005-11-01 23:59:00,14.65,15.66,0.1
2005-11-02 23:59:00,13.38,14.99,0.1
2005-11-03 23:59:00,12.5,13.23,0.1
2005-11-04 23:59:00,12.69,13.62,0.1
2005-11-07 23:59:00,12.76,13.65,0.1
2005-11-08 23:59:00,13.04,13.61,0.1
2005-11-09 23:59:00,12.42,13.36,0.1
2005-11-10 23:59:00,11.73,13.17,0.1
2005-11-11 23:59:00,11.63,11.96,0.1
2005-11-14 23:59:00,11.77,12.34,0.1
2005-11-15 23:59:00,11.7,12.69,0.1
2005-11-16 23:59:00,12.17,12.68,0.1
2005-11-17 23:59:00,11.25,12.2,0.1
2005-11-18 23:59:00,10.96,11.67,0.1
2005-11-21 23:59:00,10.71,11.38,0.1
2005-11-22 23:59:00,10.5,11.1,0.1
2005-11-23 23:59:00,10.67,11.03,0.1
2005-11-25 23:59:00,10.88,11.24,0.1
2005-11-28 23:59:00,11.33,11.99,0.1
2005-11-29 23:59:00,11.61,11.96,0.1
2005-11-30 23:59:00,11.55,12.13,0.1
2005-12-01 23:59:00,11.14,12.23,0.1
2005-12-02 23:59:00,10.94,11.23,0.1
2005-12-05 23:59:00,11.4,11.68,0.1
2005-12-06 23:59:00,10.96,11.59,0.1
2005-12-07 23:59:00,11.45,12.44,0.1
2005-12-08 23:59:00,11.73,12.41,0.1
2005-12-09 23:59:00,11.56,12.2,0.1
2005-12-12 23:59:00,10.83,11.81,0.1
2005-12-13 23:59:00,10.57,11.42,0.1
2005-12-14 23:59:00,10.39,10.79,0.1
2005-12-15 23:59:00,10.37,11.11,0.1
2005-12-16 23:59:00,10.15,10.75,0.1
2005-12-19 23:59:00,10.65,11.38,0.1
2005-12-20 23:59:00,11.0,11.45,0.1
2005-12-21 23:59:00,10.34,11.07,0.1
2005-12-22 23:59:00,10.28,10.89,0.1
2005-12-23 23:59:00,10.24,10.48,0.1
2005-12-27 23:59:00,10.83,11.65,0.1
2005-12-28 23:59:00,11.26,11.64,0.1
2005-12-29 23:59:00,11.14,11.67,0.1
2005-12-30 23:59:00,11.55,12.07,0.1
2006-01-03 23:59:00,10.99,12.51,0.1
2006-01-04 23:59:00,10.97,11.71,0.1
2006-01-05 23:59:00,11.31,11.84,0.1
2006-01-06 23:59:00,10.81,11.5,0.1
2006-01-09 23:59:00,10.98,11.35,0.1
2006-01-10 23:59:00,10.84,11.39,0.1
2006-01-11 23:59:00,10.83,11.16,0.1
2006-01-12 23:59:00,10.94,11.38,0.1
2006-01-13 23:59:00,11.11,11.61,0.1
2006-01-17 23:59:00,11.87,12.46,0.1
2006-01-18 23:59:00,12.2,12.7,0.1
2006-01-19 23:59:00,11.65,12.34,0.1
2006-01-20 23:59:00,11.89,14.56,0.1
2006-01-23 23:59:00,13.58,14.48,0.1
2006-01-24 23:59:00,13.14,13.83,0.1
2006-01-25 23:59:00,12.62,13.38,0.1
2006-01-26 23:59:00,12.19,12.91,0.1
2006-01-27 23:59:00,11.72,12.33,0.1
2006-01-30 23:59:00,12.07,12.46,0.1
2006-01-31 23:59:00,12.45,13.06,0.1
2006-02-01 23:59:00,12.34,13.03,0.1
2006-02-02 23:59:00,12.48,13.47,0.1
2006-02-03 23:59:00,12.64,13.7,0.1
2006-02-06 23:59:00,12.99,13.43,0.1
2006-02-07 23:59:00,12.97,13.67,0.1
2006-02-08 23:59:00,12.76,13.61,0.1
2006-02-09 23:59:00,12.27,13.15,0.1
2006-02-10 23:59:00,12.69,13.73,0.1
2006-02-13 23:59:00,13.05,13.7,0.1
2006-02-14 23:59:00,12.01,13.15,0.1
2006-02-15 23:59:00,12.21,12.95,0.1
2006-02-16 23:59:00,11.13,12.29,0.1
2006-02-17 23:59:00,11.52,12.21,0.1
2006-02-21 23:59:00,12.28,12.64,0.1
2006-02-22 23:59:00,11.68,12.3,0.1
2006-02-23 23:59:00,11.58,11.97,0.1
2006-02-24 23:59:00,11.42,12.06,0.1
2006-02-27 23:59:00,11.4,11.83,0.1
2006-02-28 23:59:00,11.71,12.36,0.1
2006-03-01 23:59:00,11.52,12.07,0.1
2006-03-02 23:59:00,11.56,11.95,0.1
2006-03-03 23:59:00,11.36,12.1,0.1
2006-03-06 23:59:00,12.22,12.91,0.1
2006-03-07 23:59:00,12.64,13.34,0.1
2006-03-08 23:59:00,12.26,13.34,0.1
2006-03-09 23:59:00,12.01,12.69,0.1
2006-03-10 23:59:00,11.79,12.6,0.1
2006-03-13 23:59:00,10.89,11.75,0.1
2006-03-14 23:59:00,10.53,11.72,0.1
2006-03-15 23:59:00,10.98,11.54,0.1
2006-03-16 23:59:00,10.57,12.05,0.1
2006-03-17 23:59:00,11.53,12.2,0.1
2006-03-20 23:59:00,10.79,12.21,0.1
2006-03-21 23:59:00,11.17,11.89,0.1
2006-03-22 23:59:00,11.11,11.79,0.1
2006-03-23 23:59:00,11.11,11.57,0.1
2006-03-24 23:59:00,11.09,11.48,0.1
2006-03-27 23:59:00,11.41,11.72,0.1
2006-03-28 23:59:00,11.38,11.9,0.1
2006-03-29 23:59:00,10.79,11.57,0.1
2006-03-30 23:59:00,10.7,11.73,0.1
2006-03-31 23:59:00,11.27,11.65,0.1
2006-04-03 23:59:00,11.03,11.62,0.1
2006-04-04 23:59:00,11.09,11.8,0.1
2006-04-05 23:59:00,11.06,11.36,0.1
2006-04-06 23:59:00,11.25,11.74,0.1
2006-04-07 23:59:00,11.2,12.31,0.1
2006-04-10 23:59:00,12.04,12.49,0.1
2006-04-11 23:59:00,12.06,13.06,0.1
2006-04-12 23:59:00,12.66,13.09,0.1
2006-04-13 23:59:00,12.28,13.0,0.1
2006-04-17 23:59:00,12.27,13.02,0.1
2006-04-18 23:59:00,11.31,12.55,0.1
2006-04-19 23:59:00,11.23,11.8,0.1
2006-04-20 23:59:00,11.02,11.67,0.1
2006-04-21 23:59:00,11.19,11.98,0.1
2006-04-24 23:59:00,11.67,12.42,0.1
2006-04-25 23:59:00,11.59,12.19,0.1
2006-04-26 23:59:00,11.34,11.79,0.1
2006-04-27 23:59:00,11.55,12.52,0.1
2006-04-28 23:59:00,11.42,12.13,0.1
2006-05-01 23:59:00,11.75,12.59,0.1
2006-05-02 23:59:00,11.93,12.27,0.1
2006-05-03 23:59:00,11.95,12.45,0.1
2006-05-04 23:59:00,11.71,12.16,0.1
2006-05-05 23:59:00,11.18,11.62,0.1
2006-05-08 23:59:00,11.81,12.06,0.1
2006-05-09 23:59:00,11.88,12.15,0.1
2006-05-10 23:59:00,11.78,12.32,0.1
2006-05-11 23:59:00,11.99,12.92,0.1
2006-05-12 23:59:00,12.71,14.26,0.1
2006-05-15 23:59:00,13.44,15.13,0.1
2006-05-16 23:59:00,12.98,13.61,0.1
2006-05-17 23:59:00,13.39,16.26,0.1
2006-05-18 23:59:00,14.96,17.09,0.1
2006-05-19 23:59:00,15.9,18.01,0.1
2006-05-22 23:59:00,16.73,19.62,0.1
2006-05-23 23:59:00,15.36,18.26,0.1
2006-05-24 23:59:00,17.13,19.87,0.1
2006-05-25 23:59:00,15.31,16.67,0.1
2006-05-26 23:59:00,14.26,15.04,0.1
2006-05-30 23:59:00,15.39,18.72,0.1
2006-05-31 23:59:00,16.41,18.09,0.1
2006-06-01 23:59:00,14.48,16.56,0.1
2006-06-02 23:59:00,13.92,14.97,0.1
2006-06-05 23:59:00,14.97,17.14,0.1
2006-06-06 23:59:00,16.65,18.56,0.1
2006-06-07 23:59:00,16.07,17.86,0.1
2006-06-08 23:59:00,17.88,20.75,0.1
2006-06-09 23:59:00,17.07,18.45,0.1
2006-06-12 23:59:00,17.89,21.25,0.1
2006-06-13 23:59:00,20.27,23.81,0.1
2006-06-14 23:59:00,21.45,23.49,0.1
2006-06-15 23:59:00,15.65,21.14,0.1
2006-06-16 23:59:00,16.52,18.13,0.1
2006-06-19 23:59:00,15.73,18.1,0.1
2006-06-20 23:59:00,16.39,17.65,0.1
2006-06-21 23:59:00,14.88,16.72,0.1
2006-06-22 23:59:00,15.56,16.66,0.1
2006-06-23 23:59:00,14.94,16.58,0.1
2006-06-26 23:59:00,15.49,16.61,0.1
2006-06-27 23:59:00,15.27,16.55,0.1
2006-06-28 23:59:00,15.78,17.0,0.1
2006-06-29 23:59:00,12.93,15.3,0.1
2006-06-30 23:59:00,12.74,13.47,0.1
2006-07-03 23:59:00,12.77,13.51,0.1
2006-07-05 23:59:00,13.86,14.77,0.1
2006-07-06 23:59:00,13.25,14.04,0.1
2006-07-07 23:59:00,13.43,14.45,0.1
2006-07-10 23:59:00,13.67,14.5,0.1
2006-07-11 23:59:00,13.1,14.68,0.1
2006-07-12 23:59:00,13.26,14.85,0.1
2006-07-13 23:59:00,15.17,17.83,0.1
2006-07-14 23:59:00,17.28,18.79,0.1
2006-07-17 23:59:00,17.75,18.76,0.1
2006-07-18 23:59:00,17.66,19.58,0.1
2006-07-19 23:59:00,14.47,17.62,0.1
2006-07-20 23:59:00,14.87,16.37,0.1
2006-07-21 23:59:00,16.23,17.56,0.1
2006-07-24 23:59:00,14.89,17.08,0.1
2006-07-25 23:59:00,14.31,15.68,0.1
2006-07-26 23:59:00,14.09,15.21,0.1
2006-07-27 23:59:00,14.07,15.39,0.1
2006-07-28 23:59:00,14.06,14.75,0.1
2006-07-31 23:59:00,14.86,15.13,0.1
2006-08-01 23:59:00,15.03,16.15,0.1
2006-08-02 23:59:00,13.92,14.93,0.1
2006-08-03 23:59:00,14.2,15.19,0.1
2006-08-04 23:59:00,13.65,14.91,0.1
2006-08-07 23:59:00,14.97,15.53,0.1
2006-08-08 23:59:00,14.86,15.55,0.1
2006-08-09 23:59:00,14.07,15.41,0.1
2006-08-10 23:59:00,14.45,15.73,0.1
2006-08-11 23:59:00,14.3,14.85,0.1
2006-08-14 23:59:00,13.41,14.43,0.1
2006-08-15 23:59:00,13.15,13.72,0.1
2006-08-16 23:59:00,12.11,12.95,0.1
2006-08-17 23:59:00,12.21,12.72,0.1
2006-08-18 23:59:00,11.57,12.52,0.1
2006-08-21 23:59:00,12.21,12.62,0.1
2006-08-22 23:59:00,11.93,12.42,0.1
2006-08-23 23:59:00,12.16,12.73,0.1
2006-08-24 23:59:00,12.21,12.58,0.1
2006-08-25 23:59:00,12.08,12.47,0.1
2006-08-28 23:59:00,12.07,12.92,0.1
2006-08-29 23:59:00,12.21,12.83,0.1
2006-08-30 23:59:00,12.1,12.35,0.1
2006-08-31 23:59:00,12.07,12.33,0.1
2006-09-01 23:59:00,11.91,12.33,0.1
2006-09-05 23:59:00,12.43,12.86,0.1
2006-09-06 23:59:00,13.06,13.88,0.1
2006-09-07 23:59:00,13.67,14.49,0.1
2006-09-08 23:59:00,13.05,13.8,0.1
2006-09-11 23:59:00,12.75,13.95,0.1
2006-09-12 23:59:00,11.55,13.14,0.1
2006-09-13 23:59:00,10.99,11.56,0.1
2006-09-14 23:59:00,10.74,12.02,0.1
2006-09-15 23:59:00,11.4,12.54,0.1
2006-09-18 23:59:00,11.58,12.41,0.1
2006-09-19 23:59:00,11.86,12.69,0.1
2006-09-20 23:59:00,11.34,11.75,0.1
2006-09-21 23:59:00,11.28,12.6,0.1
2006-09-22 23:59:00,12.47,13.28,0.1
2006-09-25 23:59:00,11.93,13.41,0.1
2006-09-26 23:59:00,11.51,12.23,0.1
2006-09-27 23:59:00,11.42,11.9,0.1
2006-09-28 23:59:00,11.59,12.06,0.1
2006-09-29 23:59:00,11.72,12.1,0.1
2006-10-02 23:59:00,12.11,12.72,0.1
2006-10-03 23:59:00,11.97,12.91,0.1
2006-10-04 23:59:00,11.62,12.64,0.1
2006-10-05 23:59:00,11.65,12.06,0.1
2006-10-06 23:59:00,11.55,12.17,0.1
2006-10-09 23:59:00,11.58,12.09,0.1
2006-10-10 23:59:00,11.47,11.89,0.1
2006-10-11 23:59:00,11.31,12.03,0.1
2006-10-12 23:59:00,11.09,11.51,0.1
2006-10-13 23:59:00,10.75,11.35,0.1
2006-10-16 23:59:00,10.91,11.2,0.1
2006-10-17 23:59:00,11.35,12.03,0.1
2006-10-18 23:59:00,11.33,11.83,0.1
2006-10-19 23:59:00,10.78,11.57,0.1
2006-10-20 23:59:00,10.44,11.23,0.1
2006-10-23 23:59:00,10.62,11.25,0.1
2006-10-24 23:59:00,10.78,11.27,0.1
2006-10-25 23:59:00,10.6,10.88,0.1
2006-10-26 23:59:00,10.47,10.96,0.1
2006-10-27 23:59:00,10.53,10.99,0.1
2006-10-30 23:59:00,10.92,11.43,0.1
2006-10-31 23:59:00,10.99,11.39,0.1
2006-11-01 23:59:00,10.89,11.68,0.1
2006-11-02 23:59:00,11.41,11.76,0.1
2006-11-03 23:59:00,10.34,11.43,0.1
2006-11-06 23:59:00,10.99,11.41,0.1
2006-11-07 23:59:00,10.87,11.19,0.1
2006-11-08 23:59:00,10.7,11.49,0.1
2006-11-09 23:59:00,10.57,11.07,0.1
2006-11-10 23:59:00,10.77,11.12,0.1
2006-11-13 23:59:00,10.69,11.26,0.1
2006-11-14 23:59:00,10.14,11.31,0.1
2006-11-15 23:59:00,10.13,10.61,0.1
2006-11-16 23:59:00,10.04,10.35,0.1
2006-11-17 23:59:00,10.05,10.48,0.1
2006-11-20 23:59:00,9.91,10.48,0.1
2006-11-21 23:59:00,9.84,10.06,0.1
2006-11-22 23:59:00,9.81,10.15,0.1
2006-11-24 23:59:00,10.56,10.86,0.1
2006-11-27 23:59:00,11.14,12.33,0.1
2006-11-28 23:59:00,11.56,12.55,0.1
2006-11-29 23:59:00,10.67,11.43,0.1
2006-11-30 23:59:00,10.58,11.3,0.1
2006-12-01 23:59:00,10.96,12.28,0.1
2006-12-04 23:59:00,10.98,12.01,0.1
2006-12-05 23:59:00,10.85,11.59,0.1
2006-12-06 23:59:00,11.19,11.55,0.1
2006-12-07 23:59:00,11.17,12.68,0.1
2006-12-08 23:59:00,11.91,12.67,0.1
2006-12-11 23:59:00,10.71,11.93,0.1
2006-12-12 23:59:00,10.35,11.39,0.1
2006-12-13 23:59:00,10.15,10.58,0.1
2006-12-14 23:59:00,9.64,10.75,0.1
2006-12-15 23:59:00,9.39,10.07,0.1
2006-12-18 23:59:00,10.46,10.91,0.1
2006-12-19 23:59:00,10.27,11.31,0.1
2006-12-20 23:59:00,10.03,10.33,0.1
2006-12-21 23:59:00,10.13,10.89,0.1
2006-12-22 23:59:00,10.59,11.46,0.1
2006-12-26 23:59:00,11.24,12.03,0.1
2006-12-27 23:59:00,10.59,11.12,0.1
2006-12-28 23:59:00,10.73,11.06,0.1
2006-12-29 23:59:00,10.71,11.65,0.1
2007-01-03 23:59:00,11.53,12.75,0.1
2007-01-04 23:59:00,11.28,12.42,0.1
2007-01-05 23:59:00,11.68,12.25,0.1
2007-01-08 23:59:00,11.78,12.83,0.1
2007-01-09 23:59:00,11.69,12.47,0.1
2007-01-10 23:59:00,11.43,12.5,0.1
2007-01-11 23:59:00,10.5,11.48,0.1
2007-01-12 23:59:00,10.14,10.93,0.1
2007-01-16 23:59:00,10.4,10.89,0.1
2007-01-17 23:59:00,10.35,10.9,0.1
2007-01-18 23:59:00,10.45,11.04,0.1
2007-01-19 23:59:00,10.24,11.03,0.1
2007-01-22 23:59:00,10.62,11.08,0.1
2007-01-23 23:59:00,10.22,10.94,0.1
2007-01-24 23:59:00,9.87,10.41,0.1
2007-01-25 23:59:00,9.95,11.38,0.1
2007-01-26 23:59:00,10.92,11.6,0.1
2007-01-29 23:59:00,10.92,11.6,0.1
2007-01-30 23:59:00,10.95,11.49,0.1
2007-01-31 23:59:00,10.27,11.26,0.1
2007-02-01 23:59:00,10.14,10.43,0.1
2007-02-02 23:59:00,9.96,10.36,0.1
2007-02-05 23:59:00,10.44,10.7,0.1
2007-02-06 23:59:00,10.44,10.88,0.1
2007-02-07 23:59:00,10.24,10.56,0.1
2007-02-08 23:59:00,10.4,10.91,0.1
2007-02-09 23:59:00,10.25,11.56,0.1
2007-02-12 23:59:00,11.3,11.88,0.1
2007-02-13 23:59:00,10.33,11.42,0.1
2007-02-14 23:59:00,9.7,10.26,0.1
2007-02-15 23:59:00,10.05,10.32,0.1
2007-02-16 23:59:00,9.98,10.44,0.1
2007-02-20 23:59:00,10.14,10.72,0.1
2007-02-21 23:59:00,10.17,10.53,0.1
2007-02-22 23:59:00,10.01,10.52,0.1
2007-02-23 23:59:00,10.36,10.7,0.1
2007-02-26 23:59:00,10.52,11.44,0.1
2007-02-27 23:59:00,12.1,19.01,0.1
2007-02-28 23:59:00,14.5,17.29,0.1
2007-03-01 23:59:00,15.36,19.4,0.1
2007-03-02 23:59:00,16.04,18.63,0.1
2007-03-05 23:59:00,18.13,20.41,0.1
2007-03-06 23:59:00,15.76,18.34,0.1
2007-03-07 23:59:00,14.52,16.27,0.1
2007-03-08 23:59:00,13.48,14.7,0.1
2007-03-09 23:59:00,13.67,14.62,0.1
2007-03-12 23:59:00,13.76,14.96,0.1
2007-03-13 23:59:00,14.6,18.42,0.1
2007-03-14 23:59:00,16.75,21.25,0.1
2007-03-15 23:59:00,15.27,16.91,0.1
2007-03-16 23:59:00,15.29,17.71,0.1
2007-03-19 23:59:00,14.58,15.82,0.1
2007-03-20 23:59:00,13.25,15.16,0.1
2007-03-21 23:59:00,11.21,13.67,0.1
2007-03-22 23:59:00,12.04,12.95,0.1
2007-03-23 23:59:00,12.46,13.18,0.1
2007-03-26 23:59:00,12.91,14.7,0.1
2007-03-27 23:59:00,13.35,13.9,0.1
2007-03-28 23:59:00,14.22,15.51,0.1
2007-03-29 23:59:00,14.34,16.05,0.1
2007-03-30 23:59:00,14.14,15.82,0.1
2007-04-02 23:59:00,14.4,15.46,0.1
2007-04-03 23:59:00,12.81,14.06,0.1
2007-04-04 23:59:00,13.2,13.91,0.1
2007-04-05 23:59:00,12.69,13.66,0.1
2007-04-09 23:59:00,12.89,13.56,0.1
2007-04-10 23:59:00,12.56,13.33,0.1
2007-04-11 23:59:00,12.72,14.08,0.1
2007-04-12 23:59:00,12.58,14.15,0.1
2007-04-13 23:59:00,12.13,13.0,0.1
2007-04-16 23:59:00,11.46,12.1,0.1
2007-04-17 23:59:00,11.5,12.17,0.1
2007-04-18 23:59:00,11.95,12.57,0.1
2007-04-19 23:59:00,12.41,13.27,0.1
2007-04-20 23:59:00,11.97,12.67,0.1
2007-04-23 23:59:00,12.48,13.08,0.1
2007-04-24 23:59:00,13.04,13.89,0.1
2007-04-25 23:59:00,12.58,13.23,0.1
2007-04-26 23:59:00,12.67,13.67,0.1
2007-04-27 23:59:00,12.41,13.26,0.1
2007-04-30 23:59:00,12.78,14.31,0.1
2007-05-01 23:59:00,13.48,14.6,0.1
2007-05-02 23:59:00,12.55,13.52,0.1
2007-05-03 23:59:00,12.89,13.36,0.1
2007-05-04 23:59:00,12.59,13.36,0.1
2007-05-07 23:59:00,13.11,13.37,0.1
2007-05-08 23:59:00,13.16,13.69,0.1
2007-05-09 23:59:00,12.54,13.5,0.1
2007-05-10 23:59:00,12.89,13.85,0.1
2007-05-11 23:59:00,12.63,13.47,0.1
2007-05-14 23:59:00,13.01,14.43,0.1
2007-05-15 23:59:00,13.27,14.3,0.1
2007-05-16 23:59:00,13.47,14.18,0.1
2007-05-17 23:59:00,13.25,13.82,0.1
2007-05-18 23:59:00,12.69,13.22,0.1
2007-05-21 23:59:00,12.7,13.3,0.1
2007-05-22 23:59:00,12.08,13.38,0.1
2007-05-23 23:59:00,12.55,13.28,0.1
2007-05-24 23:59:00,12.92,14.36,0.1
2007-05-25 23:59:00,13.23,13.87,0.1
2007-05-29 23:59:00,13.31,13.95,0.1
2007-05-30 23:59:00,12.82,14.29,0.1
2007-05-31 23:59:00,12.62,13.18,0.1
2007-06-01 23:59:00,12.43,13.01,0.1
2007-06-04 23:59:00,13.21,13.54,0.1
2007-06-05 23:59:00,13.54,14.17,0.1
2007-06-06 23:59:00,14.06,15.06,0.1
2007-06-07 23:59:00,14.89,17.09,0.1
2007-06-08 23:59:00,14.73,16.78,0.1
2007-06-11 23:59:00,14.24,15.47,0.1
2007-06-12 23:59:00,14.77,16.7,0.1
2007-06-13 23:59:00,14.67,16.1,0.1
2007-06-14 23:59:00,13.59,14.82,0.1
2007-06-15 23:59:00,12.58,13.97,0.1
2007-06-18 23:59:00,13.35,14.51,0.1
2007-06-19 23:59:00,12.79,13.8,0.1
2007-06-20 23:59:00,12.75,14.76,0.1
2007-06-21 23:59:00,14.17,15.56,0.1
2007-06-22 23:59:00,14.31,16.58,0.1
2007-06-25 23:59:00,15.41,17.24,0.1
2007-06-26 23:59:00,16.21,18.89,0.1
2007-06-27 23:59:00,15.44,18.98,0.1
2007-06-28 23:59:00,14.98,15.71,0.1
2007-06-29 23:59:00,14.62,17.13,0.1
2007-07-02 23:59:00,15.31,16.48,0.1
2007-07-03 23:59:00,14.85,15.3,0.1
2007-07-05 23:59:00,15.17,15.95,0.1
2007-07-06 23:59:00,14.67,15.59,0.1
2007-07-09 23:59:00,15.03,15.69,0.1
2007-07-10 23:59:00,15.83,17.68,0.1
2007-07-11 23:59:00,16.64,17.91,0.1
2007-07-12 23:59:00,14.93,16.39,0.1
2007-07-13 23:59:00,14.79,15.51,0.1
2007-07-16 23:59:00,15.27,15.83,0.1
2007-07-17 23:59:00,15.31,15.78,0.1
2007-07-18 23:59:00,15.95,17.06,0.1
2007-07-19 23:59:00,15.06,15.62,0.1
2007-07-20 23:59:00,15.36,18.53,0.1
2007-07-23 23:59:00,16.39,17.09,0.1
2007-07-24 23:59:00,17.48,19.09,0.1
2007-07-25 23:59:00,17.38,19.46,0.1
2007-07-26 23:59:00,19.3,23.36,0.1
2007-07-27 23:59:00,19.6,24.17,0.1
2007-07-30 23:59:00,20.86,23.64,0.1
2007-07-31 23:59:00,19.68,23.93,0.1
2007-08-01 23:59:00,23.26,26.22,0.1
2007-08-02 23:59:00,21.2,23.0,0.1
2007-08-03 23:59:00,21.09,25.55,0.1
2007-08-06 23:59:00,22.44,26.47,0.1
2007-08-07 23:59:00,20.79,23.74,0.1
2007-08-08 23:59:00,19.33,22.95,0.1
2007-08-09 23:59:00,23.84,26.9,0.2
2007-08-10 23:59:00,26.91,29.84,0.2
2007-08-13 23:59:00,25.48,28.02,0.2
2007-08-14 23:59:00,25.31,28.29,0.2
2007-08-15 23:59:00,26.16,31.76,0.2
2007-08-16 23:59:00,30.44,37.5,0.2
2007-08-17 23:59:00,25.23,31.46,0.2
2007-08-20 23:59:00,25.8,29.95,0.2
2007-08-21 23:59:00,24.77,26.72,0.2
2007-08-22 23:59:00,22.87,24.44,0.1
2007-08-23 23:59:00,22.05,23.61,0.1
2007-08-24 23:59:00,20.44,23.03,0.1
2007-08-27 23:59:00,21.96,22.83,0.1
2007-08-28 23:59:00,23.72,26.57,0.2
2007-08-29 23:59:00,23.44,26.02,0.1
2007-08-30 23:59:00,23.69,25.58,0.1
2007-08-31 23:59:00,22.47,24.07,0.1
2007-09-04 23:59:00,21.71,24.81,0.1
2007-09-05 23:59:00,23.8,25.45,0.1
2007-09-06 23:59:00,23.66,25.14,0.1
2007-09-07 23:59:00,25.6,26.97,0.2
2007-09-10 23:59:00,26.56,28.82,0.2
2007-09-11 23:59:00,25.19,27.21,0.2
2007-09-12 23:59:00,24.57,26.21,0.2
2007-09-13 23:59:00,23.83,25.32,0.1
2007-09-14 23:59:00,24.68,26.48,0.2
2007-09-17 23:59:00,25.8,27.08,0.2
2007-09-18 23:59:00,20.27,26.23,0.1
2007-09-19 23:59:00,19.17,20.57,0.1
2007-09-20 23:59:00,19.55,20.82,0.1
2007-09-21 23:59:00,18.37,19.81,0.1
2007-09-24 23:59:00,18.32,19.62,0.1
2007-09-25 23:59:00,18.44,20.46,0.1
2007-09-26 23:59:00,17.3,18.18,0.1
2007-09-27 23:59:00,16.95,17.47,0.1
2007-09-28 23:59:00,16.91,18.22,0.1
2007-10-01 23:59:00,17.11,18.44,0.1
2007-10-02 23:59:00,17.6,18.89,0.1
2007-10-03 23:59:00,18.31,18.99,0.1
2007-10-04 23:59:00,18.26,18.65,0.1
2007-10-05 23:59:00,16.44,17.56,0.1
2007-10-08 23:59:00,17.32,17.83,0.1
2007-10-09 23:59:00,16.09,17.28,0.1
2007-10-10 23:59:00,16.39,17.35,0.1
2007-10-11 23:59:00,16.08,19.73,0.1
2007-10-12 23:59:00,17.49,18.74,0.1
2007-10-15 23:59:00,17.95,20.01,0.1
2007-10-16 23:59:00,19.73,20.75,0.1
2007-10-17 23:59:00,18.28,20.11,0.1
2007-10-18 23:59:00,17.73,19.56,0.1
2007-10-19 23:59:00,19.02,22.96,0.1
2007-10-22 23:59:00,21.38,23.94,0.1
2007-10-23 23:59:00,20.13,21.43,0.1
2007-10-24 23:59:00,20.59,24.15,0.1
2007-10-25 23:59:00,20.04,22.4,0.1
2007-10-26 23:59:00,19.48,20.97,0.1
2007-10-29 23:59:00,19.54,20.24,0.1
2007-10-30 23:59:00,20.31,21.15,0.1
2007-10-31 23:59:00,18.3,22.09,0.1
2007-11-01 23:59:00,17.38,24.15,0.1
2007-11-02 23:59:00,22.56,25.17,0.1
2007-11-05 23:59:00,23.61,25.46,0.1
2007-11-06 23:59:00,21.24,23.74,0.1
2007-11-07 23:59:00,22.75,26.85,0.1
2007-11-08 23:59:00,25.32,29.15,0.2
2007-11-09 23:59:00,26.21,28.84,0.2
2007-11-12 23:59:00,24.47,31.09,0.2
2007-11-13 23:59:00,23.82,27.5,0.2
2007-11-14 23:59:00,23.07,27.03,0.2
2007-11-15 23:59:00,25.98,29.31,0.2
2007-11-16 23:59:00,25.12,28.12,0.2
2007-11-19 23:59:00,25.74,27.18,0.2
2007-11-20 23:59:00,23.62,27.35,0.2
2007-11-21 23:59:00,24.55,27.77,0.2
2007-11-23 23:59:00,25.35,26.42,0.2
2007-11-26 23:59:00,25.84,28.95,0.2
2007-11-27 23:59:00,26.23,28.24,0.2
2007-11-28 23:59:00,23.55,25.14,0.1
2007-11-29 23:59:00,23.35,24.61,0.1
2007-11-30 23:59:00,22.0,23.39,0.1
2007-12-03 23:59:00,23.4,24.49,0.1
2007-12-04 23:59:00,23.32,24.59,0.1
2007-12-05 23:59:00,21.87,23.03,0.1
2007-12-06 23:59:00,20.87,22.75,0.1
2007-12-07 23:59:00,20.29,21.01,0.1
2007-12-10 23:59:00,20.36,21.46,0.1
2007-12-11 23:59:00,19.77,23.7,0.1
2007-12-12 23:59:00,20.49,24.22,0.1
2007-12-13 23:59:00,22.41,24.04,0.1
2007-12-14 23:59:00,22.26,23.53,0.1
2007-12-17 23:59:00,23.42,24.86,0.1
2007-12-18 23:59:00,22.41,24.6,0.1
2007-12-19 23:59:00,21.3,22.68,0.1
2007-12-20 23:59:00,20.58,21.67,0.1
2007-12-21 23:59:00,18.28,19.82,0.1
2007-12-24 23:59:00,18.48,19.42,0.1
2007-12-26 23:59:00,18.6,19.47,0.1
2007-12-27 23:59:00,19.15,20.51,0.1
2007-12-28 23:59:00,19.44,21.05,0.1
2007-12-31 23:59:00,21.79,22.75,0.1
2008-01-02 23:59:00,22.4,24.05,0.1
2008-01-03 23:59:00,22.11,23.27,0.1
2008-01-04 23:59:00,23.25,24.3,0.1
2008-01-07 23:59:00,23.3,24.88,0.1
2008-01-08 23:59:00,22.63,25.6,0.1
2008-01-09 23:59:00,23.9,25.95,0.1
2008-01-10 23:59:00,22.62,24.61,0.1
2008-01-11 23:59:00,23.22,24.41,0.1
2008-01-14 23:59:00,22.65,23.93,0.1
2008-01-15 23:59:00,22.97,24.59,0.1
2008-01-16 23:59:00,22.85,24.38,0.1
2008-01-17 23:59:00,23.87,28.51,0.2
2008-01-18 23:59:00,26.27,29.3,0.2
2008-01-22 23:59:00,29.71,37.57,0.2
2008-01-23 23:59:00,28.47,34.42,0.2
2008-01-24 23:59:00,27.03,28.48,0.2
2008-01-25 23:59:00,25.93,29.76,0.2
2008-01-28 23:59:00,27.57,30.26,0.2
2008-01-29 23:59:00,26.55,27.96,0.2
2008-01-30 23:59:00,24.74,28.34,0.2
2008-01-31 23:59:00,25.45,28.81,0.2
2008-02-01 23:59:00,24.02,25.75,0.1
2008-02-04 23:59:00,24.85,26.03,0.2
2008-02-05 23:59:00,27.2,28.49,0.2
2008-02-06 23:59:00,27.04,29.31,0.2
2008-02-07 23:59:00,26.78,29.7,0.2
2008-02-08 23:59:00,27.22,28.89,0.2
2008-02-11 23:59:00,27.32,29.57,0.2
2008-02-12 23:59:00,25.25,27.17,0.2
2008-02-13 23:59:00,24.57,26.06,0.2
2008-02-14 23:59:00,23.98,25.64,0.1
2008-02-15 23:59:00,24.45,25.67,0.2
2008-02-19 23:59:00,24.73,26.59,0.2
2008-02-20 23:59:00,24.21,26.95,0.2
2008-02-21 23:59:00,23.74,25.45,0.1
2008-02-22 23:59:00,23.62,25.93,0.1
2008-02-25 23:59:00,22.69,25.07,0.1
2008-02-26 23:59:00,21.64,23.45,0.1
2008-02-27 23:59:00,21.83,23.01,0.1
2008-02-28 23:59:00,22.69,23.79,0.1
2008-02-29 23:59:00,23.54,26.91,0.2
2008-03-03 23:59:00,26.27,28.13,0.2
2008-03-04 23:59:00,25.51,27.42,0.2
2008-03-05 23:59:00,23.3,25.77,0.1
2008-03-06 23:59:00,25.04,27.9,0.2
2008-03-07 23:59:00,22.29,29.29,0.2
2008-03-10 23:59:00,27.92,29.73,0.2
2008-03-11 23:59:00,26.35,28.64,0.2
2008-03-12 23:59:00,24.9,27.25,0.2
2008-03-13 23:59:00,25.65,29.62,0.2
2008-03-14 23:59:00,26.02,32.89,0.2
2008-03-17 23:59:00,31.1,35.6,0.2
2008-03-18 23:59:00,25.58,32.24,0.2
2008-03-19 23:59:00,25.16,29.95,0.2
2008-03-20 23:59:00,25.8,29.84,0.2
2008-03-24 23:59:00,24.75,27.04,0.2
2008-03-25 23:59:00,25.17,26.42,0.2
2008-03-26 23:59:00,25.51,26.85,0.2
2008-03-27 23:59:00,24.91,25.98,0.2
2008-03-28 23:59:00,25.04,25.96,0.2
2008-03-31 23:59:00,25.35,26.77,0.2
2008-04-01 23:59:00,22.52,25.61,0.1
2008-04-02 23:59:00,22.39,23.65,0.1
2008-04-03 23:59:00,23.0,24.15,0.1
2008-04-04 23:59:00,21.75,23.31,0.1
2008-04-07 23:59:00,21.21,22.73,0.1
2008-04-08 23:59:00,22.36,23.16,0.1
2008-04-09 23:59:00,22.36,23.57,0.1
2008-04-10 23:59:00,21.63,23.22,0.1
2008-04-11 23:59:00,22.65,23.59,0.1
2008-04-14 23:59:00,23.46,24.35,0.1
2008-04-15 23:59:00,22.72,23.99,0.1
2008-04-16 23:59:00,20.5,22.09,0.1
2008-04-17 23:59:00,20.35,21.54,0.1
2008-04-18 23:59:00,19.21,20.37,0.1
2008-04-21 23:59:00,20.15,21.12,0.1
2008-04-22 23:59:00,20.47,21.6,0.1
2008-04-23 23:59:00,19.88,20.95,0.1
2008-04-24 23:59:00,19.21,20.77,0.1
2008-04-25 23:59:00,19.28,20.36,0.1
2008-04-28 23:59:00,19.37,20.25,0.1
2008-04-29 23:59:00,19.63,20.54,0.1
2008-04-30 23:59:00,19.69,20.81,0.1
2008-05-01 23:59:00,18.87,20.83,0.1
2008-05-02 23:59:00,17.97,19.11,0.1
2008-05-05 23:59:00,18.68,19.29,0.1
2008-05-06 23:59:00,18.11,19.57,0.1
2008-05-07 23:59:00,18.42,19.98,0.1
2008-05-08 23:59:00,18.62,19.92,0.1
2008-05-09 23:59:00,19.3,20.01,0.1
2008-05-12 23:59:00,16.92,19.48,0.1
2008-05-13 23:59:00,17.76,18.63,0.1
2008-05-14 23:59:00,16.74,17.98,0.1
2008-05-15 23:59:00,16.25,17.84,0.1
2008-05-16 23:59:00,16.3,17.92,0.1
2008-05-19 23:59:00,15.82,17.89,0.1
2008-05-20 23:59:00,17.02,18.42,0.1
2008-05-21 23:59:00,17.01,18.89,0.1
2008-05-22 23:59:00,17.82,19.11,0.1
2008-05-23 23:59:00,18.38,19.8,0.1
2008-05-27 23:59:00,19.42,20.95,0.1
2008-05-28 23:59:00,19.01,20.03,0.1
2008-05-29 23:59:00,17.54,19.17,0.1
2008-05-30 23:59:00,17.56,18.21,0.1
2008-06-02 23:59:00,17.83,20.45,0.1
2008-06-03 23:59:00,18.89,21.0,0.1
2008-06-04 23:59:00,19.76,21.31,0.1
2008-06-05 23:59:00,18.62,20.59,0.1
2008-06-06 23:59:00,18.63,23.79,0.1
2008-06-09 23:59:00,20.78,24.47,0.1
2008-06-10 23:59:00,22.31,24.42,0.1
2008-06-11 23:59:00,22.86,24.3,0.1
2008-06-12 23:59:00,21.91,23.98,0.1
2008-06-13 23:59:00,21.04,23.14,0.1
2008-06-16 23:59:00,20.73,22.84,0.1
2008-06-17 23:59:00,20.02,21.42,0.1
2008-06-18 23:59:00,21.26,22.86,0.1
2008-06-19 23:59:00,20.91,22.61,0.1
2008-06-20 23:59:00,21.58,23.7,0.1
2008-06-23 23:59:00,22.52,23.14,0.1
2008-06-24 23:59:00,21.68,23.48,0.1
2008-06-25 23:59:00,20.34,22.42,0.1
2008-06-26 23:59:00,22.15,23.99,0.1
2008-06-27 23:59:00,23.3,24.56,0.1
2008-06-30 23:59:00,23.27,24.26,0.1
2008-07-01 23:59:00,23.64,25.57,0.1
2008-07-02 23:59:00,22.7,25.96,0.1
2008-07-03 23:59:00,24.44,26.08,0.2
2008-07-07 23:59:00,24.73,26.91,0.2
2008-07-08 23:59:00,23.02,26.05,0.1
2008-07-09 23:59:00,22.59,25.39,0.1
2008-07-10 23:59:00,25.07,26.62,0.2
2008-07-11 23:59:00,25.56,29.44,0.2
2008-07-14 23:59:00,26.9,29.3,0.2
2008-07-15 23:59:00,27.01,30.81,0.2
2008-07-16 23:59:00,24.87,28.32,0.2
2008-07-17 23:59:00,23.99,25.5,0.1
2008-07-18 23:59:00,23.78,25.19,0.1
2008-07-21 23:59:00,23.04,24.58,0.1
2008-07-22 23:59:00,21.05,24.08,0.1
2008-07-23 23:59:00,20.73,22.08,0.1
2008-07-24 23:59:00,21.31,23.61,0.1
2008-07-25 23:59:00,22.31,23.45,0.1
2008-07-28 23:59:00,22.91,24.62,0.1
2008-07-29 23:59:00,21.96,24.22,0.1
2008-07-30 23:59:00,20.99,22.31,0.1
2008-07-31 23:59:00,21.45,22.96,0.1
2008-08-01 23:59:00,22.35,23.37,0.1
2008-08-04 23:59:00,22.94,23.86,0.1
2008-08-05 23:59:00,20.06,22.99,0.1
2008-08-06 23:59:00,19.75,21.66,0.1
2008-08-07 23:59:00,20.23,21.46,0.1
2008-08-08 23:59:00,20.11,21.69,0.1
2008-08-11 23:59:00,19.66,20.96,0.1
2008-08-12 23:59:00,20.38,21.51,0.1
2008-08-13 23:59:00,20.8,22.11,0.1
2008-08-14 23:59:00,20.07,22.3,0.1
2008-08-15 23:59:00,19.57,20.65,0.1
2008-08-18 23:59:00,19.58,21.44,0.1
2008-08-19 23:59:00,21.28,22.14,0.1
2008-08-20 23:59:00,20.39,21.67,0.1
2008-08-21 23:59:00,18.94,21.08,0.1
2008-08-22 23:59:00,18.64,19.83,0.1
2008-08-25 23:59:00,18.78,21.22,0.1
2008-08-26 23:59:00,20.48,21.27,0.1
2008-08-27 23:59:00,19.53,20.67,0.1
2008-08-28 23:59:00,19.22,19.66,0.1
2008-08-29 23:59:00,19.43,20.71,0.1
2008-09-02 23:59:00,20.47,22.3,0.1
2008-09-03 23:59:00,21.39,22.3,0.1
2008-09-04 23:59:00,21.91,24.15,0.1
2008-09-05 23:59:00,22.97,24.71,0.1
2008-09-08 23:59:00,22.12,24.06,0.1
2008-09-09 23:59:00,22.58,25.68,0.1
2008-09-10 23:59:00,23.8,25.48,0.1
2008-09-11 23:59:00,24.39,26.25,0.2
2008-09-12 23:59:00,24.8,26.67,0.2
2008-09-15 23:59:00,25.66,31.87,0.2
2008-09-16 23:59:00,30.24,33.7,0.2
2008-09-17 23:59:00,30.25,36.4,0.2
2008-09-18 23:59:00,33.1,42.16,0.2
2008-09-19 23:59:00,27.95,33.08,0.2
2008-09-22 23:59:00,30.81,34.22,0.2
2008-09-23 23:59:00,32.63,36.08,0.2
2008-09-24 23:59:00,34.16,36.71,0.2
2008-09-25 23:59:00,32.45,35.19,0.2
2008-09-26 23:59:00,32.82,36.4,0.2
2008-09-29 23:59:00,36.92,48.4,0.2
2008-09-30 23:59:00,38.86,43.8,0.2
2008-10-01 23:59:00,39.39,42.38,0.2
2008-10-02 23:59:00,39.82,46.48,0.2
2008-10-03 23:59:00,41.51,45.52,0.2
2008-10-06 23:59:00,45.12,58.24,0.2
2008-10-07 23:59:00,47.03,54.19,0.2
2008-10-08 23:59:00,51.9,59.06,0.2
2008-10-09 23:59:00,52.54,64.92,0.2
2008-10-10 23:59:00,65.63,76.94,0.2
2008-10-13 23:59:00,54.69,71.42,0.2
2008-10-14 23:59:00,46.35,59.81,0.2
2008-10-15 23:59:00,55.69,69.47,0.2
2008-10-16 23:59:00,66.51,81.17,0.2
2008-10-17 23:59:00,59.82,74.48,0.2
2008-10-20 23:59:00,52.7,70.4,0.2
2008-10-21 23:59:00,50.91,56.37,0.2
2008-10-22 23:59:00,60.05,72.56,0.2
2008-10-23 23:59:00,64.43,79.43,0.2
2008-10-24 23:59:00,67.8,89.53,0.2
2008-10-27 23:59:00,65.9,81.65,0.2
2008-10-28 23:59:00,65.66,78.98,0.2
2008-10-29 23:59:00,62.72,71.14,0.2
2008-10-30 23:59:00,62.67,69.83,0.2
2008-10-31 23:59:00,56.73,65.85,0.2
2008-11-03 23:59:00,53.63,60.77,0.2
2008-11-04 23:59:00,44.25,53.68,0.2
2008-11-05 23:59:00,46.87,55.62,0.2
2008-11-06 23:59:00,55.6,64.78,0.2
2008-11-07 23:59:00,56.03,63.68,0.2
2008-11-10 23:59:00,54.63,62.09,0.2
2008-11-11 23:59:00,58.58,64.73,0.2
2008-11-12 23:59:00,61.52,67.19,0.2
2008-11-13 23:59:00,58.66,69.99,0.2
2008-11-14 23:59:00,59.75,66.31,0.2
2008-11-17 23:59:00,65.1,69.59,0.2
2008-11-18 23:59:00,67.18,73.13,0.2
2008-11-19 23:59:00,67.34,75.0,0.2
2008-11-20 23:59:00,72.76,81.48,0.2
2008-11-21 23:59:00,71.63,80.74,0.2
2008-11-24 23:59:00,61.81,71.35,0.2
2008-11-25 23:59:00,60.25,65.49,0.2
2008-11-26 23:59:00,54.62,62.5,0.2
2008-11-28 23:59:00,50.5,56.82,0.2
2008-12-01 23:59:00,60.36,68.6,0.2
2008-12-02 23:59:00,62.31,67.01,0.2
2008-12-03 23:59:00,60.18,65.37,0.2
2008-12-04 23:59:00,60.21,65.08,0.2
2008-12-05 23:59:00,59.26,66.54,0.2
2008-12-08 23:59:00,57.35,59.87,0.2
2008-12-09 23:59:00,56.37,59.57,0.2
2008-12-10 23:59:00,53.79,58.91,0.2
2008-12-11 23:59:00,52.94,56.44,0.2
2008-12-12 23:59:00,54.26,58.84,0.2
2008-12-15 23:59:00,55.68,58.49,0.2
2008-12-16 23:59:00,50.91,56.76,0.2
2008-12-17 23:59:00,49.36,52.19,0.2
2008-12-18 23:59:00,44.5,49.84,0.2
2008-12-19 23:59:00,41.29,46.01,0.2
2008-12-22 23:59:00,42.75,46.69,0.2
2008-12-23 23:59:00,41.68,45.39,0.2
2008-12-24 23:59:00,44.15,45.02,0.2
2008-12-26 23:59:00,42.92,44.36,0.2
2008-12-29 23:59:00,42.16,46.24,0.2
2008-12-30 23:59:00,41.63,44.29,0.2
2008-12-31 23:59:00,37.96,41.63,0.2
2009-01-02 23:59:00,36.88,39.82,0.2
2009-01-05 23:59:00,38.3,40.22,0.2
2009-01-06 23:59:00,37.34,39.33,0.2
2009-01-07 23:59:00,40.12,43.82,0.2
2009-01-08 23:59:00,42.56,44.6,0.2
2009-01-09 23:59:00,41.05,43.13,0.2
2009-01-12 23:59:00,41.94,46.62,0.2
2009-01-13 23:59:00,43.23,47.08,0.2
2009-01-14 23:59:00,46.14,51.55,0.2
2009-01-15 23:59:00,49.14,55.16,0.2
2009-01-16 23:59:00,45.96,51.0,0.2
2009-01-20 23:59:00,49.27,57.36,0.2
2009-01-21 23:59:00,46.15,54.12,0.2
2009-01-22 23:59:00,46.51,51.76,0.2
2009-01-23 23:59:00,46.43,51.11,0.2
2009-01-26 23:59:00,44.29,47.93,0.2
2009-01-27 23:59:00,42.2,45.93,0.2
2009-01-28 23:59:00,38.09,42.25,0.2
2009-01-29 23:59:00,41.12,43.03,0.2
2009-01-30 23:59:00,42.09,45.53,0.2
2009-02-02 23:59:00,45.26,49.54,0.2
2009-02-03 23:59:00,42.43,45.52,0.2
2009-02-04 23:59:00,41.39,44.52,0.2
2009-02-05 23:59:00,42.32,46.23,0.2
2009-02-06 23:59:00,41.2,43.71,0.2
2009-02-09 23:59:00,43.04,45.45,0.2
2009-02-10 23:59:00,44.18,48.12,0.2
2009-02-11 23:59:00,44.5,46.67,0.2
2009-02-12 23:59:00,41.21,47.58,0.2
2009-02-13 23:59:00,40.73,43.02,0.2
2009-02-17 23:59:00,46.96,51.18,0.2
2009-02-18 23:59:00,46.0,50.29,0.2
2009-02-19 23:59:00,44.81,48.54,0.2
2009-02-20 23:59:00,47.08,52.04,0.2
2009-02-23 23:59:00,48.97,53.16,0.2
2009-02-24 23:59:00,44.28,52.56,0.2
2009-02-25 23:59:00,42.84,47.23,0.2
2009-02-26 23:59:00,41.91,45.33,0.2
2009-02-27 23:59:00,44.46,47.34,0.2
2009-03-02 23:59:00,48.35,53.25,0.2
2009-03-03 23:59:00,48.5,52.76,0.2
2009-03-04 23:59:00,45.02,48.83,0.2
2009-03-05 23:59:00,46.98,51.95,0.2
2009-03-06 23:59:00,47.65,51.95,0.2
2009-03-09 23:59:00,48.4,51.34,0.2
2009-03-10 23:59:00,43.88,49.68,0.2
2009-03-11 23:59:00,42.36,44.26,0.2
2009-03-12 23:59:00,40.75,43.98,0.2
2009-03-13 23:59:00,40.03,43.52,0.2
2009-03-16 23:59:00,42.36,44.23,0.2
2009-03-17 23:59:00,40.74,44.59,0.2
2009-03-18 23:59:00,38.98,42.39,0.2
2009-03-19 23:59:00,38.79,44.17,0.2
2009-03-20 23:59:00,43.07,47.63,0.2
2009-03-23 23:59:00,41.27,45.89,0.2
2009-03-24 23:59:00,41.63,44.0,0.2
2009-03-25 23:59:00,40.81,44.2,0.2
2009-03-26 23:59:00,40.17,42.25,0.2
2009-03-27 23:59:00,40.36,42.13,0.2
2009-03-30 23:59:00,44.86,46.28,0.2
2009-03-31 23:59:00,42.27,45.54,0.2
2009-04-01 23:59:00,42.26,45.6,0.2
2009-04-02 23:59:00,40.3,42.68,0.2
2009-04-03 23:59:00,39.64,42.03,0.2
2009-04-06 23:59:00,40.83,43.02,0.2
2009-04-07 23:59:00,40.36,42.5,0.2
2009-04-08 23:59:00,38.7,40.86,0.2
2009-04-09 23:59:00,36.53,37.74,0.2
2009-04-13 23:59:00,37.51,38.91,0.2
2009-04-14 23:59:00,36.88,38.5,0.2
2009-04-15 23:59:00,36.1,38.06,0.2
2009-04-16 23:59:00,34.88,36.8,0.2
2009-04-17 23:59:00,33.68,35.52,0.2
2009-04-20 23:59:00,33.94,39.58,0.2
2009-04-21 23:59:00,36.95,40.29,0.2
2009-04-22 23:59:00,36.01,38.19,0.2
2009-04-23 23:59:00,37.01,38.52,0.2
2009-04-24 23:59:00,36.37,37.53,0.2
2009-04-27 23:59:00,37.97,39.52,0.2
2009-04-28 23:59:00,37.42,39.64,0.2
2009-04-29 23:59:00,35.37,37.95,0.2
2009-04-30 23:59:00,34.5,36.71,0.2
2009-05-01 23:59:00,34.88,36.88,0.2
2009-05-04 23:59:00,34.31,36.24,0.2
2009-05-05 23:59:00,33.36,35.14,0.2
2009-05-06 23:59:00,32.43,33.7,0.2
2009-05-07 23:59:00,31.91,34.56,0.2
2009-05-08 23:59:00,31.19,32.72,0.2
2009-05-11 23:59:00,32.05,34.08,0.2
2009-05-12 23:59:00,31.57,33.29,0.2
2009-05-13 23:59:00,32.56,33.99,0.2
2009-05-14 23:59:00,31.32,33.96,0.2
2009-05-15 23:59:00,30.59,33.61,0.2
2009-05-18 23:59:00,30.0,32.91,0.2
2009-05-19 23:59:00,28.35,30.32,0.2
2009-05-20 23:59:00,26.57,29.16,0.2
2009-05-21 23:59:00,29.03,32.77,0.2
2009-05-22 23:59:00,30.57,32.71,0.2
2009-05-26 23:59:00,30.38,34.57,0.2
2009-05-27 23:59:00,29.62,32.53,0.2
2009-05-28 23:59:00,31.1,33.32,0.2
2009-05-29 23:59:00,28.85,31.67,0.2
2009-06-01 23:59:00,28.45,30.05,0.2
2009-06-02 23:59:00,28.3,30.13,0.2
2009-06-03 23:59:00,29.62,31.79,0.2
2009-06-04 23:59:00,29.92,31.02,0.2
2009-06-05 23:59:00,28.85,30.81,0.2
2009-06-08 23:59:00,29.33,31.82,0.2
2009-06-09 23:59:00,27.79,29.77,0.2
2009-06-10 23:59:00,26.9,29.74,0.2
2009-06-11 23:59:00,26.81,28.11,0.2
2009-06-12 23:59:00,27.73,28.5,0.2
2009-06-15 23:59:00,29.64,31.09,0.2
2009-06-16 23:59:00,30.07,32.75,0.2
2009-06-17 23:59:00,30.64,32.77,0.2
2009-06-18 23:59:00,29.6,31.54,0.2
2009-06-19 23:59:00,27.56,29.32,0.2
2009-06-22 23:59:00,30.3,32.05,0.2
2009-06-23 23:59:00,30.19,31.54,0.2
2009-06-24 23:59:00,28.79,30.58,0.2
2009-06-25 23:59:00,26.3,29.56,0.2
2009-06-26 23:59:00,25.76,27.22,0.2
2009-06-29 23:59:00,25.29,27.18,0.2
2009-06-30 23:59:00,25.02,27.38,0.2
2009-07-01 23:59:00,24.8,26.31,0.2
2009-07-02 23:59:00,26.22,28.62,0.2
2009-07-06 23:59:00,28.99,30.6,0.2
2009-07-07 23:59:00,28.9,30.94,0.2
2009-07-08 23:59:00,30.43,33.05,0.2
2009-07-09 23:59:00,29.28,30.49,0.2
2009-07-10 23:59:00,28.82,30.34,0.2
2009-07-13 23:59:00,25.42,29.24,0.2
2009-07-14 23:59:00,24.99,26.84,0.2
2009-07-15 23:59:00,23.83,26.06,0.1
2009-07-16 23:59:00,24.51,26.18,0.2
2009-07-17 23:59:00,23.88,25.55,0.1
2009-07-20 23:59:00,24.26,25.42,0.1
2009-07-21 23:59:00,23.81,25.14,0.1
2009-07-22 23:59:00,23.24,24.14,0.1
2009-07-23 23:59:00,23.21,24.05,0.1
2009-07-24 23:59:00,23.0,23.87,0.1
2009-07-27 23:59:00,24.02,24.86,0.1
2009-07-28 23:59:00,24.28,25.61,0.1
2009-07-29 23:59:00,25.41,26.18,0.2
2009-07-30 23:59:00,24.85,25.76,0.2
2009-07-31 23:59:00,24.93,26.22,0.2
2009-08-03 23:59:00,25.56,26.49,0.2
2009-08-04 23:59:00,24.89,26.16,0.2
2009-08-05 23:59:00,24.86,25.85,0.2
2009-08-06 23:59:00,24.47,26.15,0.2
2009-08-07 23:59:00,23.98,24.95,0.1
2009-08-10 23:59:00,24.76,25.82,0.2
2009-08-11 23:59:00,24.98,26.98,0.2
2009-08-12 23:59:00,25.11,26.5,0.2
2009-08-13 23:59:00,24.71,26.15,0.2
2009-08-14 23:59:00,24.26,25.94,0.2
2009-08-17 23:59:00,24.27,28.39,0.2
2009-08-18 23:59:00,26.08,27.89,0.2
2009-08-19 23:59:00,26.14,28.14,0.2
2009-08-20 23:59:00,24.75,26.45,0.2
2009-08-21 23:59:00,23.91,25.06,0.1
2009-08-24 23:59:00,25.01,25.7,0.2
2009-08-25 23:59:00,23.68,25.13,0.1
2009-08-26 23:59:00,24.69,25.56,0.2
2009-08-27 23:59:00,24.43,25.89,0.2
2009-08-28 23:59:00,24.28,25.5,0.1
2009-08-31 23:59:00,24.76,27.01,0.2
2009-09-01 23:59:00,26.0,29.23,0.2
2009-09-02 23:59:00,28.41,29.57,0.2
2009-09-03 23:59:00,26.98,28.9,0.2
2009-09-04 23:59:00,24.86,26.98,0.2
2009-09-08 23:59:00,25.26,26.15,0.2
2009-09-09 23:59:00,24.23,25.93,0.2
2009-09-10 23:59:00,22.82,24.76,0.1
2009-09-11 23:59:00,22.48,24.33,0.1
2009-09-14 23:59:00,23.32,25.39,0.1
2009-09-15 23:59:00,23.07,24.27,0.1
2009-09-16 23:59:00,22.78,23.92,0.1
2009-09-17 23:59:00,22.79,24.07,0.1
2009-09-18 23:59:00,23.14,24.43,0.1
2009-09-21 23:59:00,23.71,25.51,0.1
2009-09-22 23:59:00,23.06,23.98,0.1
2009-09-23 23:59:00,22.19,23.69,0.1
2009-09-24 23:59:00,23.44,25.37,0.1
2009-09-25 23:59:00,24.81,26.34,0.2
2009-09-28 23:59:00,24.85,26.4,0.2
2009-09-29 23:59:00,24.54,25.28,0.1
2009-09-30 23:59:00,24.76,26.45,0.2
2009-10-01 23:59:00,25.98,28.42,0.2
2009-10-02 23:59:00,27.98,29.56,0.2
2009-10-05 23:59:00,26.57,29.34,0.2
2009-10-06 23:59:00,25.19,26.41,0.2
2009-10-07 23:59:00,24.57,25.82,0.2
2009-10-08 23:59:00,23.9,24.69,0.1
2009-10-09 23:59:00,22.99,24.54,0.1
2009-10-12 23:59:00,22.67,23.53,0.1
2009-10-13 23:59:00,22.74,24.07,0.1
2009-10-14 23:59:00,21.55,22.89,0.1
2009-10-15 23:59:00,21.49,23.53,0.1
2009-10-16 23:59:00,20.98,22.6,0.1
2009-10-19 23:59:00,20.91,22.46,0.1
2009-10-20 23:59:00,20.9,21.76,0.1
2009-10-21 23:59:00,20.1,22.48,0.1
2009-10-22 23:59:00,20.33,22.77,0.1
2009-10-23 23:59:00,20.34,22.59,0.1
2009-10-26 23:59:00,21.89,24.86,0.1
2009-10-27 23:59:00,24.03,25.22,0.1
2009-10-28 23:59:00,24.83,27.94,0.2
2009-10-29 23:59:00,24.68,27.19,0.2
2009-10-30 23:59:00,24.76,31.59,0.2
2009-11-02 23:59:00,28.07,31.84,0.2
2009-11-03 23:59:00,28.77,30.8,0.2
2009-11-04 23:59:00,26.61,28.81,0.2
2009-11-05 23:59:00,25.41,27.39,0.2
2009-11-06 23:59:00,24.06,26.17,0.2
2009-11-09 23:59:00,22.78,24.24,0.1
2009-11-10 23:59:00,22.78,23.53,0.1
2009-11-11 23:59:00,21.61,23.68,0.1
2009-11-12 23:59:00,22.91,24.61,0.1
2009-11-13 23:59:00,23.22,24.43,0.1
2009-11-16 23:59:00,22.02,23.42,0.1
2009-11-17 23:59:00,22.27,23.33,0.1
2009-11-18 23:59:00,21.63,22.65,0.1
2009-11-19 23:59:00,21.63,24.2,0.1
2009-11-20 23:59:00,22.14,23.45,0.1
2009-11-23 23:59:00,20.9,21.98,0.1
2009-11-24 23:59:00,20.35,21.87,0.1
2009-11-25 23:59:00,20.05,20.57,0.1
2009-11-27 23:59:00,23.12,25.93,0.1
2009-11-30 23:59:00,24.19,25.57,0.1
2009-12-01 23:59:00,21.88,24.51,0.1
2009-12-02 23:59:00,21.01,22.19,0.1
2009-12-03 23:59:00,20.61,22.5,0.1
2009-12-04 23:59:00,20.62,22.76,0.1
2009-12-07 23:59:00,21.6,22.46,0.1
2009-12-08 23:59:00,22.84,23.97,0.1
2009-12-09 23:59:00,22.54,24.2,0.1
2009-12-10 23:59:00,21.77,22.66,0.1
2009-12-11 23:59:00,21.39,22.31,0.1
2009-12-14 23:59:00,20.57,21.59,0.1
2009-12-15 23:59:00,20.91,21.87,0.1
2009-12-16 23:59:00,20.46,21.2,0.1
2009-12-17 23:59:00,21.4,22.86,0.1
2009-12-18 23:59:00,21.68,23.02,0.1
2009-12-21 23:59:00,20.28,21.51,0.1
2009-12-22 23:59:00,19.54,20.4,0.1
2009-12-23 23:59:00,19.35,19.97,0.1
2009-12-24 23:59:00,19.25,19.67,0.1
2009-12-28 23:59:00,19.9,20.53,0.1
2009-12-29 23:59:00,19.62,20.12,0.1
2009-12-30 23:59:00,19.93,20.44,0.1
2009-12-31 23:59:00,19.89,21.83,0.1
2010-01-04 23:59:00,20.03,21.68,0.1
2010-01-05 23:59:00,19.34,20.13,0.1
2010-01-06 23:59:00,18.77,19.68,0.1
2010-01-07 23:59:00,18.7,19.71,0.1
2010-01-08 23:59:00,18.11,19.27,0.1
2010-01-11 23:59:00,16.86,17.74,0.1
2010-01-12 23:59:00,17.95,19.46,0.1
2010-01-13 23:59:00,17.56,18.72,0.1
2010-01-14 23:59:00,17.38,18.27,0.1
2010-01-15 23:59:00,17.63,19.02,0.1
2010-01-19 23:59:00,17.33,18.85,0.1
2010-01-20 23:59:00,18.44,19.69,0.1
2010-01-21 23:59:00,18.27,22.3,0.1
2010-01-22 23:59:00,22.27,28.01,0.2
2010-01-25 23:59:00,24.61,27.32,0.2
2010-01-26 23:59:00,22.77,26.22,0.1
2010-01-27 23:59:00,23.14,25.69,0.1
2010-01-28 23:59:00,22.69,25.3,0.1
2010-01-29 23:59:00,22.11,25.03,0.1
2010-02-01 23:59:00,22.58,24.33,0.1
2010-02-02 23:59:00,21.08,22.99,0.1
2010-02-03 23:59:00,21.33,22.11,0.1
2010-02-04 23:59:00,22.63,26.32,0.1
2010-02-05 23:59:00,25.37,29.22,0.2
2010-02-08 23:59:00,25.48,27.11,0.2
2010-02-09 23:59:00,24.78,26.56,0.2
2010-02-10 23:59:00,24.8,26.77,0.2
2010-02-11 23:59:00,23.87,26.11,0.1
2010-02-12 23:59:00,22.73,25.54,0.1
2010-02-16 23:59:00,22.13,23.57,0.1
2010-02-17 23:59:00,21.7,22.6,0.1
2010-02-18 23:59:00,20.6,22.21,0.1
2010-02-19 23:59:00,19.71,21.14,0.1
2010-02-22 23:59:00,19.59,21.0,0.1
2010-02-23 23:59:00,20.06,21.94,0.1
2010-02-24 23:59:00,20.22,21.58,0.1
2010-02-25 23:59:00,20.06,22.68,0.1
2010-02-26 23:59:00,19.32,20.53,0.1
2010-03-01 23:59:00,19.18,19.94,0.1
2010-03-02 23:59:00,18.6,19.36,0.1
2010-03-03 23:59:00,18.42,19.3,0.1
2010-03-04 23:59:00,18.58,19.27,0.1
2010-03-05 23:59:00,17.23,18.15,0.1
2010-03-08 23:59:00,17.56,17.96,0.1
2010-03-09 23:59:00,17.51,18.19,0.1
2010-03-10 23:59:00,17.43,18.6,0.1
2010-03-11 23:59:00,18.06,19.34,0.1
2010-03-12 23:59:00,17.58,18.53,0.1
2010-03-15 23:59:00,17.96,18.78,0.1
2010-03-16 23:59:00,17.42,18.01,0.1
2010-03-17 23:59:00,16.52,17.17,0.1
2010-03-18 23:59:00,16.31,16.99,0.1
2010-03-19 23:59:00,16.17,17.57,0.1
2010-03-22 23:59:00,16.77,18.34,0.1
2010-03-23 23:59:00,16.21,17.09,0.1
2010-03-24 23:59:00,16.83,17.92,0.1
2010-03-25 23:59:00,16.62,18.54,0.1
2010-03-26 23:59:00,17.35,18.69,0.1
2010-03-29 23:59:00,17.57,18.28,0.1
2010-03-30 23:59:00,17.13,18.08,0.1
2010-03-31 23:59:00,17.29,17.92,0.1
2010-04-01 23:59:00,16.79,18.09,0.1
2010-04-05 23:59:00,17.02,18.16,0.1
2010-04-06 23:59:00,16.08,17.54,0.1
2010-04-07 23:59:00,16.16,17.21,0.1
2010-04-08 23:59:00,16.3,17.8,0.1
2010-04-09 23:59:00,16.06,16.65,0.1
2010-04-12 23:59:00,15.23,16.0,0.1
2010-04-13 23:59:00,15.81,16.77,0.1
2010-04-14 23:59:00,15.55,16.38,0.1
2010-04-15 23:59:00,15.68,16.5,0.1
2010-04-16 23:59:00,16.11,19.7,0.1
2010-04-19 23:59:00,17.34,19.55,0.1
2010-04-20 23:59:00,15.73,16.89,0.1
2010-04-21 23:59:00,15.5,16.85,0.1
2010-04-22 23:59:00,16.2,18.19,0.1
2010-04-23 23:59:00,16.12,16.71,0.1
2010-04-26 23:59:00,17.07,17.53,0.1
2010-04-27 23:59:00,17.94,23.2,0.1
2010-04-28 23:59:00,20.86,23.03,0.1
2010-04-29 23:59:00,18.44,20.37,0.1
2010-04-30 23:59:00,18.41,22.39,0.1
2010-05-03 23:59:00,19.61,22.41,0.1
2010-05-04 23:59:00,22.46,25.7,0.1
2010-05-05 23:59:00,23.75,27.23,0.2
2010-05-06 23:59:00,24.43,40.71,0.2
2010-05-07 23:59:00,31.71,42.15,0.2
2010-05-10 23:59:00,25.68,30.89,0.2
2010-05-11 23:59:00,25.86,31.04,0.2
2010-05-12 23:59:00,24.98,26.67,0.2
2010-05-13 23:59:00,24.3,26.85,0.2
2010-05-14 23:59:00,28.4,33.24,0.2
2010-05-17 23:59:00,30.76,35.25,0.2
2010-05-18 23:59:00,28.09,34.17,0.2
2010-05-19 23:59:00,33.07,38.42,0.2
2010-05-20 23:59:00,40.3,46.37,0.2
2010-05-21 23:59:00,38.95,48.2,0.2
2010-05-24 23:59:00,35.57,41.74,0.2
2010-05-25 23:59:00,34.59,43.74,0.2
2010-05-26 23:59:00,24.1,35.02,0.2
2010-05-27 23:59:00,29.54,31.03,0.2
2010-05-28 23:59:00,29.53,33.3,0.2
2010-06-01 23:59:00,31.82,35.68,0.2
2010-06-02 23:59:00,29.94,34.57,0.2
2010-06-03 23:59:00,29.12,31.2,0.2
2010-06-04 23:59:00,31.81,36.12,0.2
2010-06-07 23:59:00,34.43,36.8,0.2
2010-06-08 23:59:00,33.36,37.38,0.2
2010-06-09 23:59:00,30.23,34.12,0.2
2010-06-10 23:59:00,29.69,31.77,0.2
2010-06-11 23:59:00,28.6,31.79,0.2
2010-06-14 23:59:00,26.98,28.72,0.2
2010-06-15 23:59:00,25.68,27.84,0.2
2010-06-16 23:59:00,25.34,26.72,0.2
2010-06-17 23:59:00,25.05,26.64,0.2
2010-06-18 23:59:00,23.3,24.88,0.1
2010-06-21 23:59:00,22.87,25.64,0.1
2010-06-22 23:59:00,24.41,27.05,0.2
2010-06-23 23:59:00,26.54,28.55,0.2
2010-06-24 23:59:00,27.53,30.27,0.2
2010-06-25 23:59:00,28.07,30.41,0.2
2010-06-28 23:59:00,28.47,29.9,0.2
2010-06-29 23:59:00,31.22,35.39,0.2
2010-06-30 23:59:00,31.74,34.63,0.2
2010-07-01 23:59:00,32.72,37.58,0.2
2010-07-02 23:59:00,29.35,31.88,0.2
2010-07-06 23:59:00,27.96,31.15,0.2
2010-07-07 23:59:00,26.84,29.56,0.2
2010-07-08 23:59:00,25.71,27.42,0.2
2010-07-09 23:59:00,24.37,25.67,0.2
2010-07-12 23:59:00,23.53,25.14,0.1
2010-07-13 23:59:00,23.12,24.57,0.1
2010-07-14 23:59:00,24.18,25.8,0.1
2010-07-15 23:59:00,24.74,27.24,0.2
2010-07-16 23:59:00,25.71,28.16,0.2
2010-07-19 23:59:00,25.12,27.3,0.2
2010-07-20 23:59:00,23.79,27.4,0.2
2010-07-21 23:59:00,23.59,26.63,0.2
2010-07-22 23:59:00,23.72,24.85,0.1
2010-07-23 23:59:00,23.32,25.17,0.1
2010-07-26 23:59:00,22.7,24.61,0.1
2010-07-27 23:59:00,21.86,23.57,0.1
2010-07-28 23:59:00,22.24,24.54,0.1
2010-07-29 23:59:00,23.04,25.54,0.1
2010-07-30 23:59:00,23.35,27.32,0.2
2010-08-02 23:59:00,21.74,23.24,0.1
2010-08-03 23:59:00,21.98,23.06,0.1
2010-08-04 23:59:00,22.16,23.69,0.1
2010-08-05 23:59:00,22.07,23.13,0.1
2010-08-06 23:59:00,21.72,23.89,0.1
2010-08-09 23:59:00,21.36,22.87,0.1
2010-08-10 23:59:00,22.17,24.24,0.1
2010-08-11 23:59:00,24.96,26.1,0.2
2010-08-12 23:59:00,25.18,27.21,0.2
2010-08-13 23:59:00,25.45,26.26,0.2
2010-08-16 23:59:00,25.38,28.1,0.2
2010-08-17 23:59:00,23.71,24.89,0.1
2010-08-18 23:59:00,23.4,25.23,0.1
2010-08-19 23:59:00,24.26,26.78,0.2
2010-08-20 23:59:00,25.49,27.0,0.2
2010-08-23 23:59:00,24.62,25.97,0.2
2010-08-24 23:59:00,26.32,28.77,0.2
2010-08-25 23:59:00,26.46,28.92,0.2
2010-08-26 23:59:00,25.86,27.55,0.2
2010-08-27 23:59:00,24.41,28.11,0.2
2010-08-30 23:59:00,25.41,27.21,0.2
2010-08-31 23:59:00,25.93,27.83,0.2
2010-09-01 23:59:00,23.86,25.13,0.1
2010-09-02 23:59:00,23.15,24.31,0.1
2010-09-03 23:59:00,21.24,22.78,0.1
2010-09-07 23:59:00,22.77,23.94,0.1
2010-09-08 23:59:00,22.92,23.56,0.1
2010-09-09 23:59:00,22.14,23.24,0.1
2010-09-10 23:59:00,21.76,22.87,0.1
2010-09-13 23:59:00,20.93,22.05,0.1
2010-09-14 23:59:00,20.85,21.97,0.1
2010-09-15 23:59:00,22.1,22.8,0.1
2010-09-16 23:59:00,21.71,22.83,0.1
2010-09-17 23:59:00,21.63,22.56,0.1
2010-09-20 23:59:00,21.25,22.58,0.1
2010-09-21 23:59:00,21.42,22.59,0.1
2010-09-22 23:59:00,21.91,23.19,0.1
2010-09-23 23:59:00,22.56,24.06,0.1
2010-09-24 23:59:00,21.71,22.61,0.1
2010-09-27 23:59:00,21.97,22.75,0.1
2010-09-28 23:59:00,22.4,24.28,0.1
2010-09-29 23:59:00,22.72,23.45,0.1
2010-09-30 23:59:00,22.39,24.52,0.1
2010-10-01 23:59:00,22.46,23.67,0.1
2010-10-04 23:59:00,23.3,24.34,0.1
2010-10-05 23:59:00,21.71,23.08,0.1
2010-10-06 23:59:00,21.46,22.13,0.1
2010-10-07 23:59:00,21.28,22.16,0.1
2010-10-08 23:59:00,20.29,21.64,0.1
2010-10-11 23:59:00,18.8,19.51,0.1
2010-10-12 23:59:00,18.55,20.1,0.1
2010-10-13 23:59:00,17.9,19.16,0.1
2010-10-14 23:59:00,19.4,21.02,0.1
2010-10-15 23:59:00,19.02,21.59,0.1
2010-10-18 23:59:00,18.88,20.71,0.1
2010-10-19 23:59:00,19.33,21.35,0.1
2010-10-20 23:59:00,19.67,21.2,0.1
2010-10-21 23:59:00,18.93,20.53,0.1
2010-10-22 23:59:00,18.76,19.36,0.1
2010-10-25 23:59:00,18.86,19.88,0.1
2010-10-26 23:59:00,20.22,21.01,0.1
2010-10-27 23:59:00,20.69,22.37,0.1
2010-10-28 23:59:00,20.18,21.41,0.1
2010-10-29 23:59:00,20.86,21.4,0.1
2010-11-01 23:59:00,20.92,22.54,0.1
2010-11-02 23:59:00,21.22,21.82,0.1
2010-11-03 23:59:00,19.54,22.02,0.1
2010-11-04 23:59:00,17.97,18.8,0.1
2010-11-05 23:59:00,17.92,18.44,0.1
2010-11-08 23:59:00,18.21,19.35,0.1
2010-11-09 23:59:00,17.83,19.39,0.1
2010-11-10 23:59:00,18.41,19.96,0.1
2010-11-11 23:59:00,18.48,19.75,0.1
2010-11-12 23:59:00,19.29,21.23,0.1
2010-11-15 23:59:00,19.14,20.37,0.1
2010-11-16 23:59:00,20.95,23.07,0.1
2010-11-17 23:59:00,21.22,22.21,0.1
2010-11-18 23:59:00,18.75,20.31,0.1
2010-11-19 23:59:00,17.76,19.72,0.1
2010-11-22 23:59:00,18.35,20.14,0.1
2010-11-23 23:59:00,20.24,21.45,0.1
2010-11-24 23:59:00,18.73,19.61,0.1
2010-11-26 23:59:00,20.28,22.22,0.1
2010-11-29 23:59:00,21.38,23.84,0.1
2010-11-30 23:59:00,22.42,23.79,0.1
2010-12-01 23:59:00,20.4,21.43,0.1
2010-12-02 23:59:00,19.1,21.13,0.1
2010-12-03 23:59:00,17.71,19.28,0.1
2010-12-06 23:59:00,17.95,18.85,0.1
2010-12-07 23:59:00,17.13,18.15,0.1
2010-12-08 23:59:00,17.69,18.32,0.1
2010-12-09 23:59:00,17.24,17.84,0.1
2010-12-10 23:59:00,17.06,17.63,0.1
2010-12-13 23:59:00,16.68,17.67,0.1
2010-12-14 23:59:00,17.22,17.95,0.1
2010-12-15 23:59:00,17.37,18.14,0.1
2010-12-16 23:59:00,16.88,18.27,0.1
2010-12-17 23:59:00,15.46,17.64,0.1
2010-12-20 23:59:00,15.78,16.86,0.1
2010-12-21 23:59:00,16.08,16.62,0.1
2010-12-22 23:59:00,15.45,16.56,0.1
2010-12-23 23:59:00,15.4,16.86,0.1
2010-12-27 23:59:00,17.66,18.32,0.1
2010-12-28 23:59:00,17.3,17.99,0.1
2010-12-29 23:59:00,17.02,17.49,0.1
2010-12-30 23:59:00,17.46,17.89,0.1
2010-12-31 23:59:00,17.75,18.13,0.1
2011-01-03 23:59:00,16.91,17.95,0.1
2011-01-04 23:59:00,17.33,18.24,0.1
2011-01-05 23:59:00,16.86,17.95,0.1
2011-01-06 23:59:00,16.79,17.56,0.1
2011-01-07 23:59:00,16.57,18.07,0.1
2011-01-10 23:59:00,17.54,18.63,0.1
2011-01-11 23:59:00,16.6,17.35,0.1
2011-01-12 23:59:00,16.17,16.5,0.1
2011-01-13 23:59:00,16.14,16.78,0.1
2011-01-14 23:59:00,15.37,16.71,0.1
2011-01-18 23:59:00,15.71,16.2,0.1
2011-01-19 23:59:00,15.86,17.67,0.1
2011-01-20 23:59:00,17.65,18.85,0.1
2011-01-21 23:59:00,16.6,18.61,0.1
2011-01-24 23:59:00,17.56,18.93,0.1
2011-01-25 23:59:00,17.59,18.55,0.1
2011-01-26 23:59:00,16.59,17.42,0.1
2011-01-27 23:59:00,15.81,16.89,0.1
2011-01-28 23:59:00,15.92,20.08,0.1
2011-01-31 23:59:00,17.1,19.96,0.1
2011-02-01 23:59:00,17.4,18.63,0.1
2011-02-02 23:59:00,17.28,17.84,0.1
2011-02-03 23:59:00,16.61,17.8,0.1
2011-02-04 23:59:00,15.89,16.74,0.1
2011-02-07 23:59:00,15.84,16.54,0.1
2011-02-08 23:59:00,14.86,16.6,0.1
2011-02-09 23:59:00,15.86,16.52,0.1
2011-02-10 23:59:00,16.0,17.07,0.1
2011-02-11 23:59:00,15.55,16.53,0.1
2011-02-14 23:59:00,15.22,16.26,0.1
2011-02-15 23:59:00,16.27,16.75,0.1
2011-02-16 23:59:00,15.84,16.74,0.1
2011-02-17 23:59:00,15.88,17.3,0.1
2011-02-18 23:59:00,15.54,16.91,0.1
2011-02-22 23:59:00,18.38,21.45,0.1
2011-02-23 23:59:00,20.3,23.22,0.1
2011-02-24 23:59:00,20.81,22.71,0.1
2011-02-25 23:59:00,18.88,20.44,0.1
2011-02-28 23:59:00,18.14,19.27,0.1
2011-03-01 23:59:00,17.63,21.01,0.1
2011-03-02 23:59:00,19.62,21.14,0.1
2011-03-03 23:59:00,18.25,19.27,0.1
2011-03-04 23:59:00,18.31,20.33,0.1
2011-03-07 23:59:00,18.95,21.77,0.1
2011-03-08 23:59:00,19.15,21.06,0.1
2011-03-09 23:59:00,19.41,20.96,0.1
2011-03-10 23:59:00,20.34,22.25,0.1
2011-03-11 23:59:00,19.97,21.75,0.1
2011-03-14 23:59:00,20.92,22.74,0.1
2011-03-15 23:59:00,23.31,25.72,0.1
2011-03-16 23:59:00,24.04,31.28,0.2
2011-03-17 23:59:00,25.44,27.54,0.2
2011-03-18 23:59:00,23.09,24.85,0.1
2011-03-21 23:59:00,20.22,22.16,0.1
2011-03-22 23:59:00,19.97,20.59,0.1
2011-03-23 23:59:00,18.19,21.05,0.1
2011-03-24 23:59:00,17.87,18.99,0.1
2011-03-25 23:59:00,17.07,18.08,0.1
2011-03-28 23:59:00,17.96,19.44,0.1
2011-03-29 23:59:00,18.0,19.78,0.1
2011-03-30 23:59:00,17.25,17.89,0.1
2011-03-31 23:59:00,17.41,17.95,0.1
2011-04-01 23:59:00,16.44,17.62,0.1
2011-04-04 23:59:00,17.39,17.85,0.1
2011-04-05 23:59:00,16.5,17.87,0.1
2011-04-06 23:59:00,16.5,17.15,0.1
2011-04-07 23:59:00,16.49,17.77,0.1
2011-04-08 23:59:00,16.51,18.33,0.1
2011-04-11 23:59:00,16.22,17.05,0.1
2011-04-12 23:59:00,16.88,18.46,0.1
2011-04-13 23:59:00,16.2,17.38,0.1
2011-04-14 23:59:00,16.08,18.08,0.1
2011-04-15 23:59:00,14.92,15.98,0.1
2011-04-18 23:59:00,16.81,19.07,0.1
2011-04-19 23:59:00,15.69,16.72,0.1
2011-04-20 23:59:00,14.3,15.39,0.1
2011-04-21 23:59:00,14.4,15.23,0.1
2011-04-25 23:59:00,15.5,16.06,0.1
2011-04-26 23:59:00,15.07,15.66,0.1
2011-04-27 23:59:00,15.13,16.42,0.1
2011-04-28 23:59:00,14.27,15.54,0.1
2011-04-29 23:59:00,14.49,14.99,0.1
2011-05-02 23:59:00,15.07,16.13,0.1
2011-05-03 23:59:00,16.13,17.29,0.1
2011-05-04 23:59:00,16.83,17.72,0.1
2011-05-05 23:59:00,16.74,19.11,0.1
2011-05-06 23:59:00,16.12,19.29,0.1
2011-05-09 23:59:00,17.04,18.59,0.1
2011-05-10 23:59:00,15.79,16.9,0.1
2011-05-11 23:59:00,16.23,17.49,0.1
2011-05-12 23:59:00,16.03,17.89,0.1
2011-05-13 23:59:00,15.98,17.56,0.1
2011-05-16 23:59:00,16.61,18.25,0.1
2011-05-17 23:59:00,17.47,19.09,0.1
2011-05-18 23:59:00,16.03,17.68,0.1
2011-05-19 23:59:00,15.5,16.56,0.1
2011-05-20 23:59:00,15.7,17.43,0.1
2011-05-23 23:59:00,17.47,20.03,0.1
2011-05-24 23:59:00,17.0,18.19,0.1
2011-05-25 23:59:00,16.7,18.26,0.1
2011-05-26 23:59:00,15.9,17.46,0.1
2011-05-27 23:59:00,15.36,16.27,0.1
2011-05-31 23:59:00,15.15,16.5,0.1
2011-06-01 23:59:00,15.95,18.48,0.1
2011-06-02 23:59:00,17.39,18.72,0.1
2011-06-03 23:59:00,17.12,19.87,0.1
2011-06-06 23:59:00,17.65,18.65,0.1
2011-06-07 23:59:00,17.39,18.48,0.1
2011-06-08 23:59:00,17.72,18.83,0.1
2011-06-09 23:59:00,17.26,18.31,0.1
2011-06-10 23:59:00,17.93,19.16,0.1
2011-06-13 23:59:00,18.41,20.02,0.1
2011-06-14 23:59:00,17.8,18.56,0.1
2011-06-15 23:59:00,19.03,21.66,0.1
2011-06-16 23:59:00,20.81,24.65,0.1
2011-06-17 23:59:00,20.35,22.39,0.1
2011-06-20 23:59:00,19.99,23.08,0.1
2011-06-21 23:59:00,17.72,19.46,0.1
2011-06-22 23:59:00,17.72,18.9,0.1
2011-06-23 23:59:00,19.22,21.5,0.1
2011-06-24 23:59:00,19.1,21.28,0.1
2011-06-27 23:59:00,20.27,21.82,0.1
2011-06-28 23:59:00,19.17,20.45,0.1
2011-06-29 23:59:00,16.32,18.83,0.1
2011-06-30 23:59:00,15.88,16.77,0.1
2011-07-01 23:59:00,15.12,16.29,0.1
2011-07-05 23:59:00,15.89,16.5,0.1
2011-07-06 23:59:00,16.32,17.08,0.1
2011-07-07 23:59:00,15.3,16.13,0.1
2011-07-08 23:59:00,15.95,17.14,0.1
2011-07-11 23:59:00,17.16,19.06,0.1
2011-07-12 23:59:00,18.25,20.13,0.1
2011-07-13 23:59:00,18.09,20.16,0.1
2011-07-14 23:59:00,19.35,21.58,0.1
2011-07-15 23:59:00,19.52,21.68,0.1
2011-07-18 23:59:00,20.9,21.93,0.1
2011-07-19 23:59:00,19.12,20.43,0.1
2011-07-20 23:59:00,18.61,19.65,0.1
2011-07-21 23:59:00,17.15,18.63,0.1
2011-07-22 23:59:00,17.14,17.95,0.1
2011-07-25 23:59:00,18.73,19.5,0.1
2011-07-26 23:59:00,19.56,20.5,0.1
2011-07-27 23:59:00,20.87,23.2,0.1
2011-07-28 23:59:00,21.2,23.99,0.1
2011-07-29 23:59:00,23.65,25.94,0.1
2011-08-01 23:59:00,22.46,25.63,0.1
2011-08-02 23:59:00,22.65,24.79,0.1
2011-08-03 23:59:00,22.76,25.23,0.1
2011-08-04 23:59:00,24.31,32.07,0.2
2011-08-05 23:59:00,27.54,39.25,0.2
2011-08-08 23:59:00,35.29,48.0,0.2
2011-08-09 23:59:00,34.28,47.56,0.2
2011-08-10 23:59:00,37.34,44.41,0.2
2011-08-11 23:59:00,37.5,42.88,0.2
2011-08-12 23:59:00,34.01,37.85,0.2
2011-08-15 23:59:00,31.47,34.83,0.2
2011-08-16 23:59:00,31.68,34.49,0.2
2011-08-17 23:59:00,30.81,33.32,0.2
2011-08-18 23:59:00,36.69,45.28,0.2
2011-08-19 23:59:00,39.99,45.4,0.2
2011-08-22 23:59:00,38.78,43.58,0.2
2011-08-23 23:59:00,35.83,42.54,0.2
2011-08-24 23:59:00,34.55,37.38,0.2
2011-08-25 23:59:00,34.05,40.14,0.2
2011-08-26 23:59:00,34.33,43.84,0.2
2011-08-29 23:59:00,32.21,33.81,0.2
2011-08-30 23:59:00,31.55,33.55,0.2
2011-08-31 23:59:00,30.16,32.53,0.2
2011-09-01 23:59:00,30.76,32.38,0.2
2011-09-02 23:59:00,32.7,34.74,0.2
2011-09-06 23:59:00,37.0,39.86,0.2
2011-09-07 23:59:00,33.38,34.7,0.2
2011-09-08 23:59:00,32.79,34.71,0.2
2011-09-09 23:59:00,35.53,40.74,0.2
2011-09-12 23:59:00,38.58,43.18,0.2
2011-09-13 23:59:00,36.69,39.43,0.2
2011-09-14 23:59:00,33.4,37.76,0.2
2011-09-15 23:59:00,31.75,33.98,0.2
2011-09-16 23:59:00,30.43,32.48,0.2
2011-09-19 23:59:00,32.35,35.33,0.2
2011-09-20 23:59:00,31.45,33.14,0.2
2011-09-21 23:59:00,32.45,37.32,0.2
2011-09-22 23:59:00,39.33,43.87,0.2
2011-09-23 23:59:00,40.42,42.82,0.2
2011-09-26 23:59:00,39.02,43.34,0.2
2011-09-27 23:59:00,35.32,38.57,0.2
2011-09-28 23:59:00,36.65,41.24,0.2
2011-09-29 23:59:00,38.03,42.0,0.2
2011-09-30 23:59:00,39.88,42.99,0.2
2011-10-03 23:59:00,41.51,45.55,0.2
2011-10-04 23:59:00,40.02,46.88,0.2
2011-10-05 23:59:00,37.51,41.2,0.2
2011-10-06 23:59:00,36.15,38.74,0.2
2011-10-07 23:59:00,35.19,37.82,0.2
2011-10-10 23:59:00,32.96,35.45,0.2
2011-10-11 23:59:00,32.62,34.24,0.2
2011-10-12 23:59:00,29.79,31.93,0.2
2011-10-13 23:59:00,30.48,32.76,0.2
2011-10-14 23:59:00,28.08,29.96,0.2
2011-10-17 23:59:00,30.12,33.39,0.2
2011-10-18 23:59:00,29.69,34.71,0.2
2011-10-19 23:59:00,31.91,35.47,0.2
2011-10-20 23:59:00,34.16,36.87,0.2
2011-10-21 23:59:00,31.32,32.98,0.2
2011-10-24 23:59:00,28.84,31.7,0.2
2011-10-25 23:59:00,30.32,32.46,0.2
2011-10-26 23:59:00,29.63,33.3,0.2
2011-10-27 23:59:00,24.7,26.46,0.2
2011-10-28 23:59:00,24.44,26.02,0.2
2011-10-31 23:59:00,27.01,29.97,0.2
2011-11-01 23:59:00,33.87,37.53,0.2
2011-11-02 23:59:00,32.55,34.27,0.2
2011-11-03 23:59:00,30.21,34.65,0.2
2011-11-04 23:59:00,30.14,32.56,0.2
2011-11-07 23:59:00,29.85,32.15,0.2
2011-11-08 23:59:00,27.47,30.49,0.2
2011-11-09 23:59:00,30.98,36.43,0.2
2011-11-10 23:59:00,32.12,35.5,0.2
2011-11-11 23:59:00,29.45,30.42,0.2
2011-11-14 23:59:00,31.13,32.85,0.2
2011-11-15 23:59:00,30.4,32.55,0.2
2011-11-16 23:59:00,30.54,33.51,0.2
2011-11-17 23:59:00,32.89,36.46,0.2
2011-11-18 23:59:00,31.92,33.99,0.2
2011-11-21 23:59:00,32.53,35.29,0.2
2011-11-22 23:59:00,31.28,33.39,0.2
2011-11-23 23:59:00,32.68,34.57,0.2
2011-11-25 23:59:00,33.12,34.77,0.2
2011-11-28 23:59:00,29.47,33.11,0.2
2011-11-29 23:59:00,30.56,32.02,0.2
2011-11-30 23:59:00,27.03,28.5,0.2
2011-12-01 23:59:00,26.64,27.89,0.2
2011-12-02 23:59:00,25.29,27.62,0.2
2011-12-05 23:59:00,26.0,28.31,0.2
2011-12-06 23:59:00,27.41,28.13,0.2
2011-12-07 23:59:00,28.44,29.58,0.2
2011-12-08 23:59:00,29.02,30.91,0.2
2011-12-09 23:59:00,26.29,29.61,0.2
2011-12-12 23:59:00,25.64,27.73,0.2
2011-12-13 23:59:00,23.27,26.28,0.1
2011-12-14 23:59:00,25.76,27.55,0.2
2011-12-15 23:59:00,23.88,25.28,0.1
2011-12-16 23:59:00,23.51,25.02,0.1
2011-12-19 23:59:00,24.38,25.38,0.1
2011-12-20 23:59:00,22.54,23.58,0.1
2011-12-21 23:59:00,21.12,23.94,0.1
2011-12-22 23:59:00,20.34,21.33,0.1
2011-12-23 23:59:00,20.72,21.21,0.1
2011-12-27 23:59:00,21.68,22.66,0.1
2011-12-28 23:59:00,22.11,23.56,0.1
2011-12-29 23:59:00,22.65,23.52,0.1
2011-12-30 23:59:00,22.65,23.46,0.1
2012-01-03 23:59:00,22.54,23.1,0.1
2012-01-04 23:59:00,22.22,23.73,0.1
2012-01-05 23:59:00,21.34,23.09,0.1
2012-01-06 23:59:00,20.58,21.72,0.1
2012-01-09 23:59:00,21.0,21.78,0.1
2012-01-10 23:59:00,20.05,20.69,0.1
2012-01-11 23:59:00,20.98,21.22,0.1
2012-01-12 23:59:00,20.46,22.03,0.1
2012-01-13 23:59:00,20.91,22.43,0.1
2012-01-17 23:59:00,20.69,22.25,0.1
2012-01-18 23:59:00,20.78,23.44,0.1
2012-01-19 23:59:00,19.45,20.87,0.1
2012-01-20 23:59:00,18.16,19.94,0.1
2012-01-23 23:59:00,18.55,19.31,0.1
2012-01-24 23:59:00,18.63,20.0,0.1
2012-01-25 23:59:00,17.15,19.55,0.1
2012-01-26 23:59:00,16.8,19.17,0.1
2012-01-27 23:59:00,18.26,19.16,0.1
2012-01-30 23:59:00,19.38,20.33,0.1
2012-01-31 23:59:00,18.13,19.84,0.1
2012-02-01 23:59:00,17.99,18.82,0.1
2012-02-02 23:59:00,17.98,18.5,0.1
2012-02-03 23:59:00,16.1,17.32,0.1
2012-02-06 23:59:00,16.11,18.02,0.1
2012-02-07 23:59:00,17.5,18.1,0.1
2012-02-08 23:59:00,17.53,18.46,0.1
2012-02-09 23:59:00,18.07,18.72,0.1
2012-02-10 23:59:00,19.02,21.98,0.1
2012-02-13 23:59:00,17.92,19.68,0.1
2012-02-14 23:59:00,18.95,20.76,0.1
2012-02-15 23:59:00,19.44,21.77,0.1
2012-02-16 23:59:00,19.22,21.76,0.1
2012-02-17 23:59:00,17.54,18.79,0.1
2012-02-21 23:59:00,17.65,18.94,0.1
2012-02-22 23:59:00,17.74,18.94,0.1
2012-02-23 23:59:00,16.64,18.97,0.1
2012-02-24 23:59:00,16.42,17.62,0.1
2012-02-27 23:59:00,17.58,19.25,0.1
2012-02-28 23:59:00,17.88,18.67,0.1
2012-02-29 23:59:00,17.53,18.75,0.1
2012-03-01 23:59:00,17.26,18.03,0.1
2012-03-02 23:59:00,17.14,17.65,0.1
2012-03-05 23:59:00,18.02,18.9,0.1
2012-03-06 23:59:00,20.3,21.24,0.1
2012-03-07 23:59:00,19.07,20.44,0.1
2012-03-08 23:59:00,17.76,18.46,0.1
2012-03-09 23:59:00,16.63,17.54,0.1
2012-03-12 23:59:00,15.23,16.67,0.1
2012-03-13 23:59:00,13.99,16.08,0.1
2012-03-14 23:59:00,14.39,16.19,0.1
2012-03-15 23:59:00,14.58,16.06,0.1
2012-03-16 23:59:00,13.66,15.24,0.1
2012-03-19 23:59:00,14.54,15.43,0.1
2012-03-20 23:59:00,15.11,15.95,0.1
2012-03-21 23:59:00,14.19,15.31,0.1
2012-03-22 23:59:00,15.56,16.58,0.1
2012-03-23 23:59:00,14.69,16.39,0.1
2012-03-26 23:59:00,14.26,15.03,0.1
2012-03-27 23:59:00,14.14,15.59,0.1
2012-03-28 23:59:00,15.4,17.27,0.1
2012-03-29 23:59:00,15.39,17.2,0.1
2012-03-30 23:59:00,14.67,15.98,0.1
2012-04-02 23:59:00,15.02,16.58,0.1
2012-04-03 23:59:00,15.56,16.65,0.1
2012-04-04 23:59:00,16.31,17.74,0.1
2012-04-05 23:59:00,16.29,17.13,0.1
2012-04-09 23:59:00,17.93,18.94,0.1
2012-04-10 23:59:00,18.62,21.06,0.1
2012-04-11 23:59:00,18.73,20.12,0.1
2012-04-12 23:59:00,17.2,19.74,0.1
2012-04-13 23:59:00,17.85,19.62,0.1
2012-04-16 23:59:00,18.6,20.42,0.1
2012-04-17 23:59:00,17.58,18.66,0.1
2012-04-18 23:59:00,17.7,19.17,0.1
2012-04-19 23:59:00,17.69,19.69,0.1
2012-04-20 23:59:00,16.97,18.05,0.1
2012-04-23 23:59:00,18.95,20.27,0.1
2012-04-24 23:59:00,18.09,19.22,0.1
2012-04-25 23:59:00,16.82,17.38,0.1
2012-04-26 23:59:00,15.75,17.04,0.1
2012-04-27 23:59:00,15.83,16.47,0.1
2012-04-30 23:59:00,16.92,17.41,0.1
2012-05-01 23:59:00,16.01,17.49,0.1
2012-05-02 23:59:00,16.78,17.63,0.1
2012-05-03 23:59:00,16.73,17.92,0.1
2012-05-04 23:59:00,17.81,19.28,0.1
2012-05-07 23:59:00,18.41,19.87,0.1
2012-05-08 23:59:00,17.95,20.91,0.1
2012-05-09 23:59:00,19.38,21.59,0.1
2012-05-10 23:59:00,18.77,19.88,0.1
2012-05-11 23:59:00,18.62,19.94,0.1
2012-05-14 23:59:00,20.94,21.87,0.1
2012-05-15 23:59:00,20.76,22.7,0.1
2012-05-16 23:59:00,20.83,22.69,0.1
2012-05-17 23:59:00,21.87,24.51,0.1
2012-05-18 23:59:00,23.07,25.14,0.1
2012-05-21 23:59:00,22.01,24.88,0.1
2012-05-22 23:59:00,19.98,23.19,0.1
2012-05-23 23:59:00,21.99,24.62,0.1
2012-05-24 23:59:00,21.48,23.22,0.1
2012-05-25 23:59:00,21.3,22.29,0.1
2012-05-29 23:59:00,20.99,22.47,0.1
2012-05-30 23:59:00,22.66,24.14,0.1
2012-05-31 23:59:00,22.78,25.46,0.1
2012-06-01 23:59:00,23.94,26.71,0.2
2012-06-04 23:59:00,25.72,27.73,0.2
2012-06-05 23:59:00,24.5,25.9,0.2
2012-06-06 23:59:00,21.8,23.89,0.1
2012-06-07 23:59:00,20.74,22.48,0.1
2012-06-08 23:59:00,20.29,23.1,0.1
2012-06-11 23:59:00,19.63,23.56,0.1
2012-06-12 23:59:00,22.09,23.9,0.1
2012-06-13 23:59:00,22.66,24.93,0.1
2012-06-14 23:59:00,21.55,24.81,0.1
2012-06-15 23:59:00,20.61,23.09,0.1
2012-06-18 23:59:00,18.24,21.98,0.1
2012-06-19 23:59:00,17.36,18.62,0.1
2012-06-20 23:59:00,17.09,20.05,0.1
2012-06-21 23:59:00,16.77,20.48,0.1
2012-06-22 23:59:00,17.9,19.37,0.1
2012-06-25 23:59:00,19.89,21.36,0.1
2012-06-26 23:59:00,19.42,20.57,0.1
2012-06-27 23:59:00,19.38,20.12,0.1
2012-06-28 23:59:00,19.6,21.19,0.1
2012-06-29 23:59:00,16.87,19.71,0.1
2012-07-02 23:59:00,16.66,18.19,0.1
2012-07-03 23:59:00,16.27,16.92,0.1
2012-07-05 23:59:00,17.18,18.22,0.1
2012-07-06 23:59:00,16.95,18.25,0.1
2012-07-09 23:59:00,17.73,18.32,0.1
2012-07-10 23:59:00,17.29,19.19,0.1
2012-07-11 23:59:00,17.84,19.17,0.1
2012-07-12 23:59:00,17.75,19.51,0.1
2012-07-13 23:59:00,16.36,17.82,0.1
2012-07-16 23:59:00,16.46,17.32,0.1
2012-07-17 23:59:00,16.09,17.46,0.1
2012-07-18 23:59:00,15.69,16.81,0.1
2012-07-19 23:59:00,15.45,16.7,0.1
2012-07-20 23:59:00,15.97,17.05,0.1
2012-07-23 23:59:00,18.34,20.49,0.1
2012-07-24 23:59:00,18.37,21.0,0.1
2012-07-25 23:59:00,18.99,20.67,0.1
2012-07-26 23:59:00,17.07,18.47,0.1
2012-07-27 23:59:00,16.52,17.3,0.1
2012-07-30 23:59:00,17.23,18.08,0.1
2012-07-31 23:59:00,18.26,19.09,0.1
2012-08-01 23:59:00,18.2,19.18,0.1
2012-08-02 23:59:00,17.56,19.25,0.1
2012-08-03 23:59:00,15.64,16.45,0.1
2012-08-06 23:59:00,15.82,16.27,0.1
2012-08-07 23:59:00,15.48,16.03,0.1
2012-08-08 23:59:00,15.27,16.47,0.1
2012-08-09 23:59:00,15.28,15.67,0.1
2012-08-10 23:59:00,14.73,15.5,0.1
2012-08-13 23:59:00,13.67,14.67,0.1
2012-08-14 23:59:00,13.91,15.06,0.1
2012-08-15 23:59:00,14.36,14.98,0.1
2012-08-16 23:59:00,14.28,15.15,0.1
2012-08-17 23:59:00,13.3,14.3,0.1
2012-08-20 23:59:00,13.38,14.78,0.1
2012-08-21 23:59:00,13.46,15.44,0.1
2012-08-22 23:59:00,14.75,15.52,0.1
2012-08-23 23:59:00,15.0,16.45,0.1
2012-08-24 23:59:00,15.18,16.0,0.1
2012-08-27 23:59:00,15.75,16.38,0.1
2012-08-28 23:59:00,16.01,16.92,0.1
2012-08-29 23:59:00,16.5,17.06,0.1
2012-08-30 23:59:00,17.44,18.05,0.1
2012-08-31 23:59:00,16.56,18.04,0.1
2012-09-04 23:59:00,17.85,18.96,0.1
2012-09-05 23:59:00,16.99,17.84,0.1
2012-09-06 23:59:00,15.6,17.3,0.1
2012-09-07 23:59:00,14.33,15.6,0.1
2012-09-10 23:59:00,13.97,16.28,0.1
2012-09-11 23:59:00,15.46,16.41,0.1
2012-09-12 23:59:00,15.43,16.31,0.1
2012-09-13 23:59:00,13.91,16.54,0.1
2012-09-14 23:59:00,13.51,14.71,0.1
2012-09-17 23:59:00,14.38,14.92,0.1
2012-09-18 23:59:00,13.97,14.88,0.1
2012-09-19 23:59:00,13.61,14.08,0.1
2012-09-20 23:59:00,14.07,14.67,0.1
2012-09-21 23:59:00,13.69,14.18,0.1
2012-09-24 23:59:00,13.87,15.06,0.1
2012-09-25 23:59:00,14.03,15.72,0.1
2012-09-26 23:59:00,15.83,17.08,0.1
2012-09-27 23:59:00,14.83,16.5,0.1
2012-09-28 23:59:00,14.95,15.77,0.1
2012-10-01 23:59:00,15.13,16.53,0.1
2012-10-02 23:59:00,15.7,16.5,0.1
2012-10-03 23:59:00,15.13,16.02,0.1
2012-10-04 23:59:00,14.53,15.33,0.1
2012-10-05 23:59:00,13.67,14.78,0.1
2012-10-08 23:59:00,15.04,15.46,0.1
2012-10-09 23:59:00,15.18,16.4,0.1
2012-10-10 23:59:00,16.13,16.79,0.1
2012-10-11 23:59:00,15.31,15.8,0.1
2012-10-12 23:59:00,14.96,16.18,0.1
2012-10-15 23:59:00,15.23,16.21,0.1
2012-10-16 23:59:00,14.5,15.23,0.1
2012-10-17 23:59:00,14.9,15.63,0.1
2012-10-18 23:59:00,14.68,15.5,0.1
2012-10-19 23:59:00,14.9,17.6,0.1
2012-10-22 23:59:00,16.62,17.98,0.1
2012-10-23 23:59:00,18.17,19.65,0.1
2012-10-24 23:59:00,17.93,18.67,0.1
2012-10-25 23:59:00,17.3,18.64,0.1
2012-10-26 23:59:00,17.52,18.64,0.1
2012-10-31 23:59:00,17.56,18.84,0.1
2012-11-01 23:59:00,16.45,17.79,0.1
2012-11-02 23:59:00,16.05,17.6,0.1
2012-11-05 23:59:00,18.13,18.7,0.1
2012-11-06 23:59:00,17.19,18.17,0.1
2012-11-07 23:59:00,17.62,19.4,0.1
2012-11-08 23:59:00,17.96,18.69,0.1
2012-11-09 23:59:00,17.67,18.81,0.1
2012-11-12 23:59:00,16.45,18.15,0.1
2012-11-13 23:59:00,16.12,17.38,0.1
2012-11-14 23:59:00,15.93,18.05,0.1
2012-11-15 23:59:00,17.62,18.64,0.1
2012-11-16 23:59:00,16.41,18.5,0.1
2012-11-19 23:59:00,15.1,15.98,0.1
2012-11-20 23:59:00,15.06,15.65,0.1
2012-11-21 23:59:00,14.77,15.43,0.1
2012-11-23 23:59:00,15.0,15.26,0.1
2012-11-26 23:59:00,15.47,15.84,0.1
2012-11-27 23:59:00,15.01,15.93,0.1
2012-11-28 23:59:00,15.47,16.98,0.1
2012-11-29 23:59:00,15.02,15.51,0.1
2012-11-30 23:59:00,14.89,16.17,0.1
2012-12-03 23:59:00,15.76,16.69,0.1
2012-12-04 23:59:00,16.38,17.37,0.1
2012-12-05 23:59:00,16.27,17.53,0.1
2012-12-06 23:59:00,16.31,16.85,0.1
2012-12-07 23:59:00,15.73,16.65,0.1
2012-12-10 23:59:00,15.96,16.47,0.1
2012-12-11 23:59:00,15.42,16.01,0.1
2012-12-12 23:59:00,15.41,16.09,0.1
2012-12-13 23:59:00,15.71,16.67,0.1
2012-12-14 23:59:00,16.61,17.15,0.1
2012-12-17 23:59:00,16.21,17.2,0.1
2012-12-18 23:59:00,15.46,16.43,0.1
2012-12-19 23:59:00,16.04,17.46,0.1
2012-12-20 23:59:00,17.11,17.96,0.1
2012-12-21 23:59:00,17.76,19.93,0.1
2012-12-24 23:59:00,17.84,18.66,0.1
2012-12-26 23:59:00,18.61,19.63,0.1
2012-12-27 23:59:00,19.11,20.9,0.1
2012-12-28 23:59:00,19.94,23.23,0.1
2012-12-31 23:59:00,17.88,22.72,0.1
2013-01-02 23:59:00,14.6,15.93,0.1
2013-01-03 23:59:00,14.24,14.92,0.1
2013-01-04 23:59:00,13.64,14.31,0.1
2013-01-07 23:59:00,13.71,14.53,0.1
2013-01-08 23:59:00,13.62,14.29,0.1
2013-01-09 23:59:00,13.22,13.93,0.1
2013-01-10 23:59:00,13.33,13.88,0.1
2013-01-11 23:59:00,13.22,13.79,0.1
2013-01-14 23:59:00,13.41,13.85,0.1
2013-01-15 23:59:00,13.33,13.99,0.1
2013-01-16 23:59:00,13.2,13.76,0.1
2013-01-17 23:59:00,13.16,13.7,0.1
2013-01-18 23:59:00,12.29,13.53,0.1
2013-01-22 23:59:00,12.43,13.32,0.1
2013-01-23 23:59:00,12.3,12.67,0.1
2013-01-24 23:59:00,12.4,13.5,0.1
2013-01-25 23:59:00,12.5,12.99,0.1
2013-01-28 23:59:00,13.29,13.91,0.1
2013-01-29 23:59:00,13.04,13.88,0.1
2013-01-30 23:59:00,13.6,14.33,0.1
2013-01-31 23:59:00,14.04,14.43,0.1
2013-02-01 23:59:00,12.72,13.38,0.1
2013-02-04 23:59:00,13.8,14.75,0.1
2013-02-05 23:59:00,13.39,14.21,0.1
2013-02-06 23:59:00,13.34,14.08,0.1
2013-02-07 23:59:00,13.43,14.41,0.1
2013-02-08 23:59:00,12.89,13.2,0.1
2013-02-11 23:59:00,12.91,13.42,0.1
2013-02-12 23:59:00,12.63,13.13,0.1
2013-02-13 23:59:00,12.67,13.19,0.1
2013-02-14 23:59:00,12.64,13.32,0.1
2013-02-15 23:59:00,12.24,12.89,0.1
2013-02-19 23:59:00,12.08,12.85,0.1
2013-02-20 23:59:00,12.32,14.68,0.1
2013-02-21 23:59:00,14.67,16.21,0.1
2013-02-22 23:59:00,14.16,15.02,0.1
2013-02-25 23:59:00,13.57,19.28,0.1
2013-02-26 23:59:00,16.75,18.23,0.1
2013-02-27 23:59:00,14.42,16.6,0.1
2013-02-28 23:59:00,14.16,15.6,0.1
2013-03-01 23:59:00,15.14,16.82,0.1
2013-03-04 23:59:00,14.01,16.16,0.1
2013-03-05 23:59:00,13.24,13.66,0.1
2013-03-06 23:59:00,13.17,13.77,0.1
2013-03-07 23:59:00,13.03,13.56,0.1
2013-03-08 23:59:00,12.49,13.3,0.1
2013-03-11 23:59:00,11.5,12.34,0.1
2013-03-12 23:59:00,11.74,12.93,0.1
2013-03-13 23:59:00,11.79,12.55,0.1
2013-03-14 23:59:00,11.05,11.75,0.1
2013-03-15 23:59:00,11.21,11.99,0.1
2013-03-18 23:59:00,12.57,13.64,0.1
2013-03-19 23:59:00,12.92,15.4,0.1
2013-03-20 23:59:00,12.3,13.18,0.1
2013-03-21 23:59:00,12.62,14.21,0.1
2013-03-22 23:59:00,13.19,13.85,0.1
2013-03-25 23:59:00,12.39,14.61,0.1
2013-03-26 23:59:00,12.69,13.21,0.1
2013-03-27 23:59:00,12.97,13.97,0.1
2013-03-28 23:59:00,12.54,13.07,0.1
2013-04-01 23:59:00,13.26,14.05,0.1
2013-04-02 23:59:00,12.76,13.18,0.1
2013-04-03 23:59:00,12.62,14.66,0.1
2013-04-04 23:59:00,13.89,14.79,0.1
2013-04-05 23:59:00,13.86,15.65,0.1
2013-04-08 23:59:00,13.19,14.5,0.1
2013-04-09 23:59:00,12.75,13.68,0.1
2013-04-10 23:59:00,12.32,12.88,0.1
2013-04-11 23:59:00,12.15,12.62,0.1
2013-04-12 23:59:00,11.99,13.12,0.1
2013-04-15 23:59:00,12.66,17.27,0.1
2013-04-16 23:59:00,13.91,14.87,0.1
2013-04-17 23:59:00,14.98,17.9,0.1
2013-04-18 23:59:00,16.32,18.2,0.1
2013-04-19 23:59:00,14.87,16.98,0.1
2013-04-22 23:59:00,14.04,16.0,0.1
2013-04-23 23:59:00,13.46,14.87,0.1
2013-04-24 23:59:00,13.36,13.75,0.1
2013-04-25 23:59:00,13.13,13.87,0.1
2013-04-26 23:59:00,13.49,14.18,0.1
2013-04-29 23:59:00,13.36,13.94,0.1
2013-04-30 23:59:00,13.51,14.28,0.1
2013-05-01 23:59:00,13.87,14.67,0.1
2013-05-02 23:59:00,13.58,14.48,0.1
2013-05-03 23:59:00,12.77,13.15,0.1
2013-05-06 23:59:00,12.66,13.19,0.1
2013-05-07 23:59:00,12.49,12.96,0.1
2013-05-08 23:59:00,12.62,13.04,0.1
2013-05-09 23:59:00,12.78,13.53,0.1
2013-05-10 23:59:00,12.54,13.45,0.1
2013-05-13 23:59:00,12.49,12.87,0.1
2013-05-14 23:59:00,12.54,13.21,0.1
2013-05-15 23:59:00,12.78,13.43,0.1
2013-05-16 23:59:00,12.79,13.46,0.1
2013-05-17 23:59:00,12.26,12.94,0.1
2013-05-20 23:59:00,12.84,13.28,0.1
2013-05-21 23:59:00,12.89,13.44,0.1
2013-05-22 23:59:00,13.05,14.45,0.1
2013-05-23 23:59:00,13.87,15.11,0.1
2013-05-24 23:59:00,13.99,14.79,0.1
2013-05-28 23:59:00,13.56,14.56,0.1
2013-05-29 23:59:00,14.59,15.65,0.1
2013-05-30 23:59:00,14.27,14.98,0.1
2013-05-31 23:59:00,14.36,16.35,0.1
2013-06-03 23:59:00,16.15,17.58,0.1
2013-06-04 23:59:00,15.82,17.25,0.1
2013-06-05 23:59:00,16.57,17.84,0.1
2013-06-06 23:59:00,16.6,18.51,0.1
2013-06-07 23:59:00,14.96,16.21,0.1
2013-06-10 23:59:00,15.1,15.6,0.1
2013-06-11 23:59:00,16.0,17.14,0.1
2013-06-12 23:59:00,16.43,18.6,0.1
2013-06-13 23:59:00,16.37,18.58,0.1
2013-06-14 23:59:00,16.03,17.26,0.1
2013-06-17 23:59:00,16.33,17.62,0.1
2013-06-18 23:59:00,16.46,16.95,0.1
2013-06-19 23:59:00,15.36,17.18,0.1
2013-06-20 23:59:00,18.01,21.32,0.1
2013-06-21 23:59:00,18.25,20.93,0.1
2013-06-24 23:59:00,18.58,21.91,0.1
2013-06-25 23:59:00,17.82,19.22,0.1
2013-06-26 23:59:00,17.08,18.06,0.1
2013-06-27 23:59:00,16.34,16.97,0.1
2013-06-28 23:59:00,16.19,17.69,0.1
2013-07-01 23:59:00,16.0,16.9,0.1
2013-07-02 23:59:00,15.88,16.93,0.1
2013-07-03 23:59:00,16.2,17.32,0.1
2013-07-05 23:59:00,14.89,16.28,0.1
2013-07-08 23:59:00,14.66,15.27,0.1
2013-07-09 23:59:00,14.26,14.65,0.1
2013-07-10 23:59:00,14.06,14.62,0.1
2013-07-11 23:59:00,13.57,14.2,0.1
2013-07-12 23:59:00,13.74,14.04,0.1
2013-07-15 23:59:00,13.5,14.11,0.1
2013-07-16 23:59:00,13.78,14.56,0.1
2013-07-17 23:59:00,13.76,14.44,0.1
2013-07-18 23:59:00,13.2,13.8,0.1
2013-07-19 23:59:00,12.54,13.97,0.1
2013-07-22 23:59:00,12.29,13.37,0.1
2013-07-23 23:59:00,12.07,13.06,0.1
2013-07-24 23:59:00,12.69,13.49,0.1
2013-07-25 23:59:00,12.91,13.54,0.1
2013-07-26 23:59:00,12.71,13.73,0.1
2013-07-29 23:59:00,13.38,13.86,0.1
2013-07-30 23:59:00,13.35,14.14,0.1
2013-07-31 23:59:00,12.94,13.83,0.1
2013-08-01 23:59:00,12.82,13.25,0.1
2013-08-02 23:59:00,11.98,12.74,0.1
2013-08-05 23:59:00,11.83,12.42,0.1
2013-08-06 23:59:00,12.06,12.93,0.1
2013-08-07 23:59:00,12.96,13.91,0.1
2013-08-08 23:59:00,12.37,13.13,0.1
2013-08-09 23:59:00,12.71,13.66,0.1
2013-08-12 23:59:00,12.8,13.57,0.1
2013-08-13 23:59:00,12.29,13.37,0.1
2013-08-14 23:59:00,12.35,13.09,0.1
2013-08-15 23:59:00,13.91,14.85,0.1
2013-08-16 23:59:00,13.62,14.88,0.1
2013-08-19 23:59:00,14.35,15.2,0.1
2013-08-20 23:59:00,14.29,15.25,0.1
2013-08-21 23:59:00,14.67,16.56,0.1
2013-08-22 23:59:00,14.66,15.26,0.1
2013-08-23 23:59:00,13.98,14.82,0.1
2013-08-26 23:59:00,13.9,15.01,0.1
2013-08-27 23:59:00,15.82,17.13,0.1
2013-08-28 23:59:00,16.1,17.11,0.1
2013-08-29 23:59:00,15.99,16.98,0.1
2013-08-30 23:59:00,16.7,17.81,0.1
2013-09-03 23:59:00,16.11,17.37,0.1
2013-09-04 23:59:00,15.77,17.01,0.1
2013-09-05 23:59:00,15.63,16.12,0.1
2013-09-06 23:59:00,15.17,16.81,0.1
2013-09-09 23:59:00,15.22,16.02,0.1
2013-09-10 23:59:00,14.5,15.09,0.1
2013-09-11 23:59:00,13.82,14.74,0.1
2013-09-12 23:59:00,13.73,14.39,0.1
2013-09-13 23:59:00,14.11,14.55,0.1
2013-09-16 23:59:00,13.87,14.49,0.1
2013-09-17 23:59:00,14.28,14.61,0.1
2013-09-18 23:59:00,13.23,14.68,0.1
2013-09-19 23:59:00,13.02,13.39,0.1
2013-09-20 23:59:00,12.52,13.47,0.1
2013-09-23 23:59:00,14.02,14.71,0.1
2013-09-24 23:59:00,13.75,14.37,0.1
2013-09-25 23:59:00,13.89,14.62,0.1
2013-09-26 23:59:00,13.58,14.4,0.1
2013-09-27 23:59:00,14.62,15.79,0.1
2013-09-30 23:59:00,16.16,17.49,0.1
2013-10-01 23:59:00,15.47,16.46,0.1
2013-10-02 23:59:00,16.13,16.81,0.1
2013-10-03 23:59:00,16.63,18.71,0.1
2013-10-04 23:59:00,16.66,17.87,0.1
2013-10-07 23:59:00,18.08,19.41,0.1
2013-10-08 23:59:00,18.98,21.01,0.1
2013-10-09 23:59:00,19.04,21.34,0.1
2013-10-10 23:59:00,16.29,17.92,0.1
2013-10-11 23:59:00,15.46,16.38,0.1
2013-10-14 23:59:00,15.8,17.74,0.1
2013-10-15 23:59:00,16.16,18.67,0.1
2013-10-16 23:59:00,14.67,17.15,0.1
2013-10-17 23:59:00,12.89,14.59,0.1
2013-10-18 23:59:00,12.34,13.53,0.1
2013-10-21 23:59:00,13.07,13.63,0.1
2013-10-22 23:59:00,12.93,13.92,0.1
2013-10-23 23:59:00,13.42,14.21,0.1
2013-10-24 23:59:00,13.15,13.62,0.1
2013-10-25 23:59:00,13.08,13.44,0.1
2013-10-28 23:59:00,13.22,13.72,0.1
2013-10-29 23:59:00,13.06,13.63,0.1
2013-10-30 23:59:00,13.64,14.35,0.1
2013-10-31 23:59:00,13.28,14.02,0.1
2013-11-01 23:59:00,13.22,13.92,0.1
2013-11-04 23:59:00,12.91,13.67,0.1
2013-11-05 23:59:00,12.86,13.64,0.1
2013-11-06 23:59:00,12.67,13.33,0.1
2013-11-07 23:59:00,12.93,14.14,0.1
2013-11-08 23:59:00,12.84,13.8,0.1
2013-11-11 23:59:00,12.4,12.93,0.1
2013-11-12 23:59:00,12.63,13.06,0.1
2013-11-13 23:59:00,12.46,13.35,0.1
2013-11-14 23:59:00,12.28,12.94,0.1
2013-11-15 23:59:00,11.99,12.45,0.1
2013-11-18 23:59:00,12.41,13.22,0.1
2013-11-19 23:59:00,12.88,13.68,0.1
2013-11-20 23:59:00,12.97,13.94,0.1
2013-11-21 23:59:00,12.44,13.09,0.1
2013-11-22 23:59:00,12.24,12.91,0.1
2013-11-25 23:59:00,12.49,12.92,0.1
2013-11-26 23:59:00,12.49,12.99,0.1
2013-11-27 23:59:00,12.44,12.98,0.1
2013-11-29 23:59:00,12.93,13.78,0.1
2013-12-02 23:59:00,13.78,14.31,0.1
2013-12-03 23:59:00,14.43,15.04,0.1
2013-12-04 23:59:00,14.22,15.71,0.1
2013-12-05 23:59:00,14.7,15.38,0.1
2013-12-06 23:59:00,13.62,14.09,0.1
2013-12-09 23:59:00,13.49,14.07,0.1
2013-12-10 23:59:00,13.69,14.22,0.1
2013-12-11 23:59:00,13.98,15.43,0.1
2013-12-12 23:59:00,15.21,16.09,0.1
2013-12-13 23:59:00,15.06,15.8,0.1
2013-12-16 23:59:00,15.3,16.08,0.1
2013-12-17 23:59:00,15.81,16.67,0.1
2013-12-18 23:59:00,13.74,16.75,0.1
2013-12-19 23:59:00,12.89,14.21,0.1
2013-12-20 23:59:00,13.12,13.87,0.1
2013-12-23 23:59:00,13.02,13.53,0.1
2013-12-24 23:59:00,12.48,12.89,0.1
2013-12-26 23:59:00,11.69,12.5,0.1
2013-12-27 23:59:00,12.2,12.59,0.1
2013-12-30 23:59:00,12.83,13.58,0.1
2013-12-31 23:59:00,13.38,14.35,0.1
2014-01-02 23:59:00,14.0,14.59,0.1
2014-01-03 23:59:00,13.57,14.22,0.1
2014-01-06 23:59:00,13.22,14.0,0.1
2014-01-07 23:59:00,12.16,13.28,0.1
2014-01-08 23:59:00,12.86,13.24,0.1
2014-01-09 23:59:00,12.83,13.26,0.1
2014-01-10 23:59:00,12.14,12.9,0.1
2014-01-13 23:59:00,11.82,13.65,0.1
2014-01-14 23:59:00,11.96,12.9,0.1
2014-01-15 23:59:00,11.81,12.4,0.1
2014-01-16 23:59:00,12.28,12.66,0.1
2014-01-17 23:59:00,12.04,12.93,0.1
2014-01-21 23:59:00,12.61,13.42,0.1
2014-01-22 23:59:00,12.55,13.12,0.1
2014-01-23 23:59:00,13.67,14.66,0.1
2014-01-24 23:59:00,14.92,18.14,0.1
2014-01-27 23:59:00,16.85,18.99,0.1
2014-01-28 23:59:00,15.8,17.28,0.1
2014-01-29 23:59:00,16.71,18.04,0.1
2014-01-30 23:59:00,15.96,17.39,0.1
2014-01-31 23:59:00,17.27,18.99,0.1
2014-02-03 23:59:00,18.34,21.48,0.1
2014-02-04 23:59:00,18.44,20.07,0.1
2014-02-05 23:59:00,19.13,20.72,0.1
2014-02-06 23:59:00,17.09,19.09,0.1
2014-02-07 23:59:00,15.09,16.31,0.1
2014-02-10 23:59:00,15.1,15.76,0.1
2014-02-11 23:59:00,14.08,15.29,0.1
2014-02-12 23:59:00,14.02,14.64,0.1
2014-02-13 23:59:00,13.98,15.24,0.1
2014-02-14 23:59:00,13.44,14.22,0.1
2014-02-18 23:59:00,13.77,14.51,0.1
2014-02-19 23:59:00,14.12,15.73,0.1
2014-02-20 23:59:00,14.59,15.8,0.1
2014-02-21 23:59:00,14.19,14.79,0.1
2014-02-24 23:59:00,13.97,14.83,0.1
2014-02-25 23:59:00,13.66,14.83,0.1
2014-02-26 23:59:00,13.73,14.54,0.1
2014-02-27 23:59:00,13.92,14.69,0.1
2014-02-28 23:59:00,13.49,14.79,0.1
2014-03-03 23:59:00,15.38,16.78,0.1
2014-03-04 23:59:00,14.0,14.54,0.1
2014-03-05 23:59:00,13.81,14.32,0.1
2014-03-06 23:59:00,13.73,14.42,0.1
2014-03-07 23:59:00,13.51,14.43,0.1
2014-03-10 23:59:00,14.2,15.28,0.1
2014-03-11 23:59:00,13.84,14.93,0.1
2014-03-12 23:59:00,14.43,15.64,0.1
2014-03-13 23:59:00,14.24,16.66,0.1
2014-03-14 23:59:00,16.09,18.22,0.1
2014-03-17 23:59:00,15.37,16.4,0.1
2014-03-18 23:59:00,14.16,15.47,0.1
2014-03-19 23:59:00,13.89,15.95,0.1
2014-03-20 23:59:00,14.5,15.62,0.1
2014-03-21 23:59:00,13.77,15.17,0.1
2014-03-24 23:59:00,14.56,16.07,0.1
2014-03-25 23:59:00,13.96,15.05,0.1
2014-03-26 23:59:00,13.46,15.28,0.1
2014-03-27 23:59:00,14.49,15.63,0.1
2014-03-28 23:59:00,13.73,14.86,0.1
2014-03-31 23:59:00,13.57,14.16,0.1
2014-04-01 23:59:00,13.06,13.56,0.1
2014-04-02 23:59:00,12.92,13.35,0.1
2014-04-03 23:59:00,13.02,13.7,0.1
2014-04-04 23:59:00,12.6,14.55,0.1
2014-04-07 23:59:00,14.57,16.01,0.1
2014-04-08 23:59:00,14.81,16.2,0.1
2014-04-09 23:59:00,13.7,14.94,0.1
2014-04-10 23:59:00,13.81,16.38,0.1
2014-04-11 23:59:00,15.89,17.85,0.1
2014-04-14 23:59:00,16.1,17.4,0.1
2014-04-15 23:59:00,15.47,17.5,0.1
2014-04-16 23:59:00,14.05,15.27,0.1
2014-04-17 23:59:00,13.07,14.17,0.1
2014-04-21 23:59:00,13.17,14.11,0.1
2014-04-22 23:59:00,12.9,13.26,0.1
2014-04-23 23:59:00,13.27,13.75,0.1
2014-04-24 23:59:00,13.09,14.08,0.1
2014-04-25 23:59:00,13.91,14.67,0.1
2014-04-28 23:59:00,13.82,15.28,0.1
2014-04-29 23:59:00,13.61,14.24,0.1
2014-04-30 23:59:00,13.34,14.18,0.1
2014-05-01 23:59:00,13.1,13.75,0.1
2014-05-02 23:59:00,12.83,13.5,0.1
2014-05-05 23:59:00,13.08,14.2,0.1
2014-05-06 23:59:00,13.28,13.9,0.1
2014-05-07 23:59:00,13.39,14.49,0.1
2014-05-08 23:59:00,12.92,13.88,0.1
2014-05-09 23:59:00,12.87,14.03,0.1
2014-05-12 23:59:00,11.88,12.58,0.1
2014-05-13 23:59:00,12.05,12.74,0.1
2014-05-14 23:59:00,12.03,12.51,0.1
2014-05-15 23:59:00,12.72,13.77,0.1
2014-05-16 23:59:00,12.26,13.66,0.1
2014-05-19 23:59:00,12.28,13.21,0.1
2014-05-20 23:59:00,12.32,13.3,0.1
2014-05-21 23:59:00,11.8,12.46,0.1
2014-05-22 23:59:00,11.68,12.09,0.1
2014-05-23 23:59:00,11.36,11.97,0.1
2014-05-27 23:59:00,11.5,11.84,0.1
2014-05-28 23:59:00,11.5,11.86,0.1
2014-05-29 23:59:00,11.41,11.82,0.1
2014-05-30 23:59:00,11.32,11.7,0.1
2014-06-02 23:59:00,11.29,12.17,0.1
2014-06-03 23:59:00,11.72,12.13,0.1
2014-06-04 23:59:00,11.91,12.33,0.1
2014-06-05 23:59:00,11.44,12.34,0.1
2014-06-06 23:59:00,10.73,11.39,0.1
2014-06-09 23:59:00,10.99,11.51,0.1
2014-06-10 23:59:00,10.93,11.66,0.1
2014-06-11 23:59:00,11.19,11.87,0.1
2014-06-12 23:59:00,11.71,12.81,0.1
2014-06-13 23:59:00,11.89,12.69,0.1
2014-06-16 23:59:00,12.28,12.87,0.1
2014-06-17 23:59:00,12.06,12.89,0.1
2014-06-18 23:59:00,10.57,11.91,0.1
2014-06-19 23:59:00,10.42,10.82,0.1
2014-06-20 23:59:00,10.34,11.02,0.1
2014-06-23 23:59:00,10.92,11.35,0.1
2014-06-24 23:59:00,10.87,12.27,0.1
2014-06-25 23:59:00,11.37,12.33,0.1
2014-06-26 23:59:00,11.5,12.51,0.1
2014-06-27 23:59:00,11.19,12.04,0.1
2014-06-30 23:59:00,11.3,11.81,0.1
2014-07-01 23:59:00,10.92,11.42,0.1
2014-07-02 23:59:00,10.56,11.18,0.1
2014-07-03 23:59:00,10.28,10.76,0.1
2014-07-07 23:59:00,11.01,11.54,0.1
2014-07-08 23:59:00,11.72,12.51,0.1
2014-07-09 23:59:00,11.5,12.05,0.1
2014-07-10 23:59:00,12.05,13.23,0.1
2014-07-11 23:59:00,12.07,12.68,0.1
2014-07-14 23:59:00,11.4,11.83,0.1
2014-07-15 23:59:00,11.46,12.47,0.1
2014-07-16 23:59:00,10.59,11.45,0.1
2014-07-17 23:59:00,10.85,15.38,0.1
2014-07-18 23:59:00,12.04,13.55,0.1
2014-07-21 23:59:00,12.46,13.62,0.1
2014-07-22 23:59:00,11.69,12.24,0.1
2014-07-23 23:59:00,11.41,12.16,0.1
2014-07-24 23:59:00,11.43,12.06,0.1
2014-07-25 23:59:00,12.03,12.75,0.1
2014-07-28 23:59:00,12.54,13.64,0.1
2014-07-29 23:59:00,12.12,13.35,0.1
2014-07-30 23:59:00,12.53,14.07,0.1
2014-07-31 23:59:00,14.26,17.11,0.1
2014-08-01 23:59:00,15.52,17.57,0.1
2014-08-04 23:59:00,14.69,16.8,0.1
2014-08-05 23:59:00,15.1,17.14,0.1
2014-08-06 23:59:00,15.7,17.3,0.1
2014-08-07 23:59:00,15.44,17.25,0.1
2014-08-08 23:59:00,15.53,17.09,0.1
2014-08-11 23:59:00,13.72,15.16,0.1
2014-08-12 23:59:00,13.76,14.74,0.1
2014-08-13 23:59:00,12.84,13.93,0.1
2014-08-14 23:59:00,12.42,13.13,0.1
2014-08-15 23:59:00,11.89,14.94,0.1
2014-08-18 23:59:00,12.26,12.85,0.1
2014-08-19 23:59:00,11.91,12.46,0.1
2014-08-20 23:59:00,11.6,12.24,0.1
2014-08-21 23:59:00,11.52,13.51,0.1
2014-08-22 23:59:00,11.47,12.48,0.1
2014-08-25 23:59:00,11.24,11.77,0.1
2014-08-26 23:59:00,11.33,11.93,0.1
2014-08-27 23:59:00,11.54,11.93,0.1
2014-08-28 23:59:00,12.05,12.73,0.1
2014-08-29 23:59:00,11.78,12.44,0.1
2014-09-02 23:59:00,12.23,13.41,0.1
2014-09-03 23:59:00,11.91,12.55,0.1
2014-09-04 23:59:00,11.7,12.99,0.1
2014-09-05 23:59:00,11.96,13.18,0.1
2014-09-08 23:59:00,12.4,13.09,0.1
2014-09-09 23:59:00,12.7,13.91,0.1
2014-09-10 23:59:00,12.86,14.06,0.1
2014-09-11 23:59:00,12.66,13.67,0.1
2014-09-12 23:59:00,12.85,14.27,0.1
2014-09-15 23:59:00,13.54,14.19,0.1
2014-09-16 23:59:00,12.72,14.53,0.1
2014-09-17 23:59:00,11.73,14.53,0.1
2014-09-18 23:59:00,11.98,12.58,0.1
2014-09-19 23:59:00,11.52,12.61,0.1
2014-09-22 23:59:00,13.13,13.98,0.1
2014-09-23 23:59:00,13.83,14.94,0.1
2014-09-24 23:59:00,13.24,14.93,0.1
2014-09-25 23:59:00,14.03,16.69,0.1
2014-09-26 23:59:00,14.31,15.98,0.1
2014-09-29 23:59:00,15.45,17.08,0.1
2014-09-30 23:59:00,15.18,16.43,0.1
2014-10-01 23:59:00,16.08,17.56,0.1
2014-10-02 23:59:00,15.9,17.98,0.1
2014-10-03 23:59:00,14.44,15.43,0.1
2014-10-06 23:59:00,14.05,15.77,0.1
2014-10-07 23:59:00,15.97,17.46,0.1
2014-10-08 23:59:00,14.97,18.03,0.1
2014-10-09 23:59:00,15.34,19.38,0.1
2014-10-10 23:59:00,18.14,22.06,0.1
2014-10-13 23:59:00,20.52,24.64,0.1
2014-10-14 23:59:00,21.48,24.55,0.1
2014-10-15 23:59:00,24.64,31.06,0.2
2014-10-16 23:59:00,24.61,29.41,0.2
2014-10-17 23:59:00,20.23,23.08,0.1
2014-10-20 23:59:00,18.51,22.16,0.1
2014-10-21 23:59:00,16.03,17.75,0.1
2014-10-22 23:59:00,15.56,18.43,0.1
2014-10-23 23:59:00,15.68,17.06,0.1
2014-10-24 23:59:00,16.09,18.06,0.1
2014-10-27 23:59:00,16.0,17.87,0.1
2014-10-28 23:59:00,14.39,15.78,0.1
2014-10-29 23:59:00,14.19,16.28,0.1
2014-10-30 23:59:00,14.07,15.75,0.1
2014-10-31 23:59:00,13.72,14.83,0.1
2014-11-03 23:59:00,14.23,14.99,0.1
2014-11-04 23:59:00,14.83,15.93,0.1
2014-11-05 23:59:00,14.15,14.99,0.1
2014-11-06 23:59:00,13.67,15.08,0.1
2014-11-07 23:59:00,13.01,14.16,0.1
2014-11-10 23:59:00,12.38,13.25,0.1
2014-11-11 23:59:00,12.6,13.18,0.1
2014-11-12 23:59:00,12.99,13.76,0.1
2014-11-13 23:59:00,12.87,14.31,0.1
2014-11-14 23:59:00,13.31,14.15,0.1
2014-11-17 23:59:00,13.84,14.73,0.1
2014-11-18 23:59:00,13.13,13.99,0.1
2014-11-19 23:59:00,13.83,14.78,0.1
2014-11-20 23:59:00,13.58,15.74,0.1
2014-11-21 23:59:00,12.9,13.8,0.1
2014-11-24 23:59:00,12.43,13.02,0.1
2014-11-25 23:59:00,12.23,13.02,0.1
2014-11-26 23:59:00,11.91,12.4,0.1
2014-11-28 23:59:00,12.36,13.49,0.1
2014-12-01 23:59:00,13.94,14.75,0.1
2014-12-02 23:59:00,12.85,14.17,0.1
2014-12-03 23:59:00,12.21,12.88,0.1
2014-12-04 23:59:00,12.09,13.23,0.1
2014-12-05 23:59:00,11.53,12.28,0.1
2014-12-08 23:59:00,12.55,14.67,0.1
2014-12-09 23:59:00,14.84,16.68,0.1
2014-12-10 23:59:00,15.4,18.92,0.1
2014-12-11 23:59:00,15.94,20.13,0.1
2014-12-12 23:59:00,18.34,23.06,0.1
2014-12-15 23:59:00,17.77,24.83,0.1
2014-12-16 23:59:00,19.6,25.2,0.1
2014-12-17 23:59:00,19.26,24.61,0.1
2014-12-18 23:59:00,16.07,18.51,0.1
2014-12-19 23:59:00,16.11,17.2,0.1
2014-12-22 23:59:00,15.03,16.88,0.1
2014-12-23 23:59:00,14.32,15.21,0.1
2014-12-24 23:59:00,14.01,14.54,0.1
2014-12-26 23:59:00,14.13,14.84,0.1
2014-12-29 23:59:00,15.06,16.14,0.1
2014-12-30 23:59:00,15.48,16.2,0.1
2014-12-31 23:59:00,15.86,19.91,0.1
2015-01-02 23:59:00,17.05,20.14,0.1
2015-01-05 23:59:00,19.19,21.29,0.1
2015-01-06 23:59:00,19.52,22.9,0.1
2015-01-07 23:59:00,19.04,20.72,0.1
2015-01-08 23:59:00,16.99,18.09,0.1
2015-01-09 23:59:00,16.44,18.42,0.1
2015-01-12 23:59:00,18.02,20.44,0.1
2015-01-13 23:59:00,17.65,21.58,0.1
2015-01-14 23:59:00,21.32,23.34,0.1
2015-01-15 23:59:00,20.86,23.31,0.1
2015-01-16 23:59:00,20.95,23.43,0.1
2015-01-20 23:59:00,19.58,21.37,0.1
2015-01-21 23:59:00,18.64,21.28,0.1
2015-01-22 23:59:00,16.07,19.23,0.1
2015-01-23 23:59:00,15.81,17.09,0.1
2015-01-26 23:59:00,15.52,17.43,0.1
2015-01-27 23:59:00,16.67,18.41,0.1
2015-01-28 23:59:00,16.92,20.44,0.1
2015-01-29 23:59:00,18.66,21.56,0.1
2015-01-30 23:59:00,19.24,22.18,0.1
2015-02-02 23:59:00,19.35,22.81,0.1
2015-02-03 23:59:00,17.2,18.89,0.1
2015-02-04 23:59:00,16.82,18.38,0.1
2015-02-05 23:59:00,16.67,17.43,0.1
2015-02-06 23:59:00,16.06,18.74,0.1
2015-02-09 23:59:00,18.21,19.28,0.1
2015-02-10 23:59:00,16.97,18.36,0.1
2015-02-11 23:59:00,16.82,17.81,0.1
2015-02-12 23:59:00,15.28,16.47,0.1
2015-02-13 23:59:00,14.69,15.64,0.1
2015-02-17 23:59:00,15.53,16.33,0.1
2015-02-18 23:59:00,15.44,16.74,0.1
2015-02-19 23:59:00,15.1,16.22,0.1
2015-02-20 23:59:00,14.27,16.29,0.1
2015-02-23 23:59:00,14.49,15.48,0.1
2015-02-24 23:59:00,13.53,14.63,0.1
2015-02-25 23:59:00,12.86,14.06,0.1
2015-02-26 23:59:00,13.55,14.57,0.1
2015-02-27 23:59:00,13.29,14.17,0.1
2015-03-02 23:59:00,12.87,13.9,0.1
2015-03-03 23:59:00,13.25,14.69,0.1
2015-03-04 23:59:00,14.13,15.33,0.1
2015-03-05 23:59:00,13.88,14.58,0.1
2015-03-06 23:59:00,14.18,15.83,0.1
2015-03-09 23:59:00,14.71,15.76,0.1
2015-03-10 23:59:00,16.03,16.91,0.1
2015-03-11 23:59:00,16.29,17.19,0.1
2015-03-12 23:59:00,15.3,16.45,0.1
2015-03-13 23:59:00,15.32,16.74,0.1
2015-03-16 23:59:00,15.36,15.89,0.1
2015-03-17 23:59:00,15.66,16.37,0.1
2015-03-18 23:59:00,13.38,16.29,0.1
2015-03-19 23:59:00,13.84,14.97,0.1
2015-03-20 23:59:00,12.54,13.53,0.1
2015-03-23 23:59:00,12.89,13.53,0.1
2015-03-24 23:59:00,12.59,13.68,0.1
2015-03-25 23:59:00,13.2,15.55,0.1
2015-03-26 23:59:00,15.23,17.19,0.1
2015-03-27 23:59:00,14.19,15.83,0.1
2015-03-30 23:59:00,14.08,14.76,0.1
2015-03-31 23:59:00,14.33,15.74,0.1
2015-04-01 23:59:00,15.08,16.66,0.1
2015-04-02 23:59:00,14.27,15.51,0.1
2015-04-06 23:59:00,14.04,15.76,0.1
2015-04-07 23:59:00,14.01,14.81,0.1
2015-04-08 23:59:00,13.75,14.77,0.1
2015-04-09 23:59:00,13.09,14.59,0.1
2015-04-10 23:59:00,12.51,13.26,0.1
2015-04-13 23:59:00,12.71,14.31,0.1
2015-04-14 23:59:00,13.64,14.74,0.1
2015-04-15 23:59:00,12.83,13.58,0.1
2015-04-16 23:59:00,12.5,13.35,0.1
2015-04-17 23:59:00,13.73,15.02,0.1
2015-04-20 23:59:00,12.83,13.67,0.1
2015-04-21 23:59:00,12.66,13.51,0.1
2015-04-22 23:59:00,12.57,13.8,0.1
2015-04-23 23:59:00,12.12,12.96,0.1
2015-04-24 23:59:00,12.16,13.02,0.1
2015-04-27 23:59:00,12.33,13.4,0.1
2015-04-28 23:59:00,12.41,14.23,0.1
2015-04-29 23:59:00,12.61,14.34,0.1
2015-04-30 23:59:00,12.49,15.29,0.1
2015-05-01 23:59:00,12.68,13.98,0.1
2015-05-04 23:59:00,12.1,13.18,0.1
2015-05-05 23:59:00,12.97,14.41,0.1
2015-05-06 23:59:00,13.89,16.36,0.1
2015-05-07 23:59:00,14.81,15.97,0.1
2015-05-08 23:59:00,12.7,13.42,0.1
2015-05-11 23:59:00,13.0,13.85,0.1
2015-05-12 23:59:00,13.73,15.13,0.1
2015-05-13 23:59:00,13.06,14.04,0.1
2015-05-14 23:59:00,12.72,13.29,0.1
2015-05-15 23:59:00,12.35,13.09,0.1
2015-05-18 23:59:00,12.55,13.22,0.1
2015-05-19 23:59:00,12.55,13.13,0.1
2015-05-20 23:59:00,12.62,13.27,0.1
2015-05-21 23:59:00,12.09,13.09,0.1
2015-05-22 23:59:00,11.82,12.37,0.1
2015-05-26 23:59:00,13.34,14.63,0.1
2015-05-27 23:59:00,13.05,14.41,0.1
2015-05-28 23:59:00,13.31,13.99,0.1
2015-05-29 23:59:00,13.4,14.43,0.1
2015-06-01 23:59:00,13.47,14.86,0.1
2015-06-02 23:59:00,13.59,15.05,0.1
2015-06-03 23:59:00,13.4,14.2,0.1
2015-06-04 23:59:00,13.99,15.49,0.1
2015-06-05 23:59:00,14.21,15.65,0.1
2015-06-08 23:59:00,14.67,15.5,0.1
2015-06-09 23:59:00,14.47,15.74,0.1
2015-06-10 23:59:00,12.96,14.37,0.1
2015-06-11 23:59:00,12.56,13.22,0.1
2015-06-12 23:59:00,13.3,14.02,0.1
2015-06-15 23:59:00,14.91,15.57,0.1
2015-06-16 23:59:00,14.81,15.62,0.1
2015-06-17 23:59:00,14.07,15.49,0.1
2015-06-18 23:59:00,12.54,14.03,0.1
2015-06-19 23:59:00,12.96,14.0,0.1
2015-06-22 23:59:00,12.43,13.46,0.1
2015-06-23 23:59:00,11.93,12.68,0.1
2015-06-24 23:59:00,12.01,13.33,0.1
2015-06-25 23:59:00,12.92,14.16,0.1
2015-06-26 23:59:00,13.64,14.91,0.1
2015-06-29 23:59:00,15.82,19.5,0.1
2015-06-30 23:59:00,17.49,19.8,0.1
2015-07-01 23:59:00,15.65,17.26,0.1
2015-07-02 23:59:00,15.39,17.48,0.1
2015-07-06 23:59:00,16.57,18.95,0.1
2015-07-07 23:59:00,15.93,19.2,0.1
2015-07-08 23:59:00,16.94,19.76,0.1
2015-07-09 23:59:00,17.2,20.05,0.1
2015-07-10 23:59:00,16.6,18.17,0.1
2015-07-13 23:59:00,13.82,15.36,0.1
2015-07-14 23:59:00,12.9,13.95,0.1
2015-07-15 23:59:00,12.81,13.97,0.1
2015-07-16 23:59:00,11.87,12.61,0.1
2015-07-17 23:59:00,11.77,12.22,0.1
2015-07-20 23:59:00,11.71,12.37,0.1
2015-07-21 23:59:00,12.21,12.79,0.1
2015-07-22 23:59:00,12.05,12.83,0.1
2015-07-23 23:59:00,11.73,13.08,0.1
2015-07-24 23:59:00,12.86,14.73,0.1
2015-07-27 23:59:00,15.03,16.27,0.1
2015-07-28 23:59:00,13.32,15.62,0.1
2015-07-29 23:59:00,11.85,13.59,0.1
2015-07-30 23:59:00,12.09,13.42,0.1
2015-07-31 23:59:00,11.82,12.63,0.1
2015-08-03 23:59:00,12.32,13.55,0.1
2015-08-04 23:59:00,12.29,13.22,0.1
2015-08-05 23:59:00,10.88,12.72,0.1
2015-08-06 23:59:00,12.16,14.25,0.1
2015-08-07 23:59:00,13.29,14.58,0.1
2015-08-10 23:59:00,12.18,12.78,0.1
2015-08-11 23:59:00,13.02,14.33,0.1
2015-08-12 23:59:00,13.45,16.28,0.1
2015-08-13 23:59:00,13.06,14.33,0.1
2015-08-14 23:59:00,12.8,13.87,0.1
2015-08-17 23:59:00,13.01,14.52,0.1
2015-08-18 23:59:00,13.17,13.94,0.1
2015-08-19 23:59:00,13.73,15.96,0.1
2015-08-20 23:59:00,16.13,19.24,0.1
2015-08-21 23:59:00,20.8,28.38,0.1
2015-08-24 23:59:00,28.03,53.29,0.2
2015-08-25 23:59:00,28.08,38.06,0.2
2015-08-26 23:59:00,28.67,35.62,0.2
2015-08-27 23:59:00,24.49,29.9,0.2
2015-08-28 23:59:00,25.77,29.2,0.2
2015-08-31 23:59:00,26.63,29.37,0.2
2015-09-01 23:59:00,29.91,33.82,0.2
2015-09-02 23:59:00,24.77,30.45,0.2
2015-09-03 23:59:00,23.45,26.31,0.1
2015-09-04 23:59:00,25.68,29.47,0.2
2015-09-08 23:59:00,24.13,26.25,0.2
2015-09-09 23:59:00,21.51,26.82,0.1
2015-09-10 23:59:00,23.53,27.22,0.2
2015-09-11 23:59:00,23.15,25.81,0.1
2015-09-14 23:59:00,23.64,25.32,0.1
2015-09-15 23:59:00,22.13,23.77,0.1
2015-09-16 23:59:00,21.09,22.94,0.1
2015-09-17 23:59:00,17.87,23.33,0.1
2015-09-18 23:59:00,20.98,23.99,0.1
2015-09-21 23:59:00,20.05,22.48,0.1
2015-09-22 23:59:00,22.25,26.29,0.1
2015-09-23 23:59:00,21.14,23.2,0.1
2015-09-24 23:59:00,21.81,25.3,0.1
2015-09-25 23:59:00,20.81,24.29,0.1
2015-09-28 23:59:00,24.94,28.33,0.2
2015-09-29 23:59:00,25.76,28.2,0.2
2015-09-30 23:59:00,23.25,25.88,0.1
2015-10-01 23:59:00,22.55,25.23,0.1
2015-10-02 23:59:00,20.35,24.47,0.1
2015-10-05 23:59:00,19.14,20.42,0.1
2015-10-06 23:59:00,18.82,20.32,0.1
2015-10-07 23:59:00,18.33,19.73,0.1
2015-10-08 23:59:00,16.34,19.02,0.1
2015-10-09 23:59:00,16.89,18.2,0.1
2015-10-12 23:59:00,16.15,17.81,0.1
2015-10-13 23:59:00,16.14,17.7,0.1
2015-10-14 23:59:00,17.3,18.78,0.1
2015-10-15 23:59:00,16.04,17.85,0.1
2015-10-16 23:59:00,15.05,16.86,0.1
2015-10-19 23:59:00,14.82,16.23,0.1
2015-10-20 23:59:00,14.72,16.34,0.1
2015-10-21 23:59:00,14.41,16.7,0.1
2015-10-22 23:59:00,14.45,15.92,0.1
2015-10-23 23:59:00,13.24,15.12,0.1
2015-10-26 23:59:00,14.68,15.43,0.1
2015-10-27 23:59:00,14.78,15.99,0.1
2015-10-28 23:59:00,12.8,15.73,0.1
2015-10-29 23:59:00,14.33,15.46,0.1
2015-10-30 23:59:00,14.0,15.39,0.1
2015-11-02 23:59:00,13.67,15.51,0.1
2015-11-03 23:59:00,13.81,14.73,0.1
2015-11-04 23:59:00,13.96,15.88,0.1
2015-11-05 23:59:00,15.0,16.39,0.1
2015-11-06 23:59:00,14.32,16.0,0.1
2015-11-09 23:59:00,15.14,17.09,0.1
2015-11-10 23:59:00,15.24,16.96,0.1
2015-11-11 23:59:00,15.02,16.15,0.1
2015-11-12 23:59:00,16.65,18.5,0.1
2015-11-13 23:59:00,18.2,20.67,0.1
2015-11-16 23:59:00,17.25,20.55,0.1
2015-11-17 23:59:00,16.86,19.59,0.1
2015-11-18 23:59:00,16.8,19.45,0.1
2015-11-19 23:59:00,16.0,18.26,0.1
2015-11-20 23:59:00,15.47,16.38,0.1
2015-11-23 23:59:00,15.38,16.74,0.1
2015-11-24 23:59:00,15.48,17.21,0.1
2015-11-25 23:59:00,15.05,15.89,0.1
2015-11-27 23:59:00,15.12,16.09,0.1
2015-11-30 23:59:00,15.52,16.57,0.1
2015-12-01 23:59:00,14.63,16.34,0.1
2015-12-02 23:59:00,14.71,16.49,0.1
2015-12-03 23:59:00,15.86,19.35,0.1
2015-12-04 23:59:00,14.69,17.65,0.1
2015-12-07 23:59:00,15.58,17.18,0.1
2015-12-08 23:59:00,16.52,18.33,0.1
2015-12-09 23:59:00,15.72,20.13,0.1
2015-12-10 23:59:00,18.13,19.72,0.1
2015-12-11 23:59:00,20.88,25.27,0.1
2015-12-14 23:59:00,21.47,26.81,0.1
2015-12-15 23:59:00,20.02,21.62,0.1
2015-12-16 23:59:00,17.12,20.24,0.1
2015-12-17 23:59:00,16.13,19.05,0.1
2015-12-18 23:59:00,18.75,23.3,0.1
2015-12-21 23:59:00,18.7,20.21,0.1
2015-12-22 23:59:00,16.6,18.22,0.1
2015-12-23 23:59:00,15.33,16.25,0.1
2015-12-24 23:59:00,14.45,15.88,0.1
2015-12-28 23:59:00,16.88,18.13,0.1
2015-12-29 23:59:00,15.63,16.48,0.1
2015-12-30 23:59:00,16.5,17.42,0.1
2015-12-31 23:59:00,17.51,20.39,0.1
2016-01-04 23:59:00,20.67,23.36,0.1
2016-01-05 23:59:00,19.25,21.06,0.1
2016-01-06 23:59:00,19.8,21.86,0.1
2016-01-07 23:59:00,22.4,25.86,0.1
2016-01-08 23:59:00,22.48,27.08,0.1
2016-01-11 23:59:00,23.83,27.39,0.2
2016-01-12 23:59:00,21.91,23.93,0.1
2016-01-13 23:59:00,21.44,26.11,0.1
2016-01-14 23:59:00,23.07,26.28,0.1
2016-01-15 23:59:00,26.67,30.95,0.2
2016-01-19 23:59:00,25.21,27.59,0.2
2016-01-20 23:59:00,26.59,32.09,0.2
2016-01-21 23:59:00,25.01,28.43,0.2
2016-01-22 23:59:00,22.22,24.55,0.1
2016-01-25 23:59:00,22.38,24.31,0.1
2016-01-26 23:59:00,22.33,24.02,0.1
2016-01-27 23:59:00,20.42,27.22,0.1
2016-01-28 23:59:00,21.9,23.81,0.1
2016-01-29 23:59:00,19.5,21.74,0.1
2016-02-01 23:59:00,19.61,23.66,0.1
2016-02-02 23:59:00,21.06,22.42,0.1
2016-02-03 23:59:00,21.42,27.7,0.1
2016-02-04 23:59:00,21.24,23.14,0.1
2016-02-05 23:59:00,21.91,24.11,0.1
2016-02-08 23:59:00,25.56,27.72,0.2
2016-02-09 23:59:00,25.99,28.31,0.2
2016-02-10 23:59:00,24.47,26.6,0.2
2016-02-11 23:59:00,26.67,30.9,0.2
2016-02-12 23:59:00,24.92,27.57,0.2
2016-02-16 23:59:00,23.32,25.52,0.1
2016-02-17 23:59:00,21.83,24.16,0.1
2016-02-18 23:59:00,21.29,22.53,0.1
2016-02-19 23:59:00,20.52,23.44,0.1
2016-02-22 23:59:00,19.02,20.35,0.1
2016-02-23 23:59:00,19.54,21.16,0.1
2016-02-24 23:59:00,20.26,22.87,0.1
2016-02-25 23:59:00,19.1,21.26,0.1
2016-02-26 23:59:00,18.46,20.13,0.1
2016-02-29 23:59:00,18.38,20.81,0.1
2016-03-01 23:59:00,17.66,20.17,0.1
2016-03-02 23:59:00,16.78,18.41,0.1
2016-03-03 23:59:00,16.32,17.56,0.1
2016-03-04 23:59:00,16.05,17.35,0.1
2016-03-07 23:59:00,16.87,18.04,0.1
2016-03-08 23:59:00,17.82,18.89,0.1
2016-03-09 23:59:00,18.31,19.11,0.1
2016-03-10 23:59:00,17.06,19.59,0.1
2016-03-11 23:59:00,16.28,17.27,0.1
2016-03-14 23:59:00,16.69,17.67,0.1
2016-03-15 23:59:00,16.84,17.85,0.1
2016-03-16 23:59:00,14.89,16.33,0.1
2016-03-17 23:59:00,13.82,15.38,0.1
2016-03-18 23:59:00,13.75,14.36,0.1
2016-03-21 23:59:00,13.79,14.73,0.1
2016-03-22 23:59:00,13.75,14.76,0.1
2016-03-23 23:59:00,14.33,15.03,0.1
2016-03-24 23:59:00,14.71,16.44,0.1
2016-03-28 23:59:00,14.89,16.04,0.1
2016-03-29 23:59:00,13.79,15.89,0.1
2016-03-30 23:59:00,13.06,13.89,0.1
2016-03-31 23:59:00,13.49,14.28,0.1
2016-04-01 23:59:00,13.0,15.28,0.1
2016-04-04 23:59:00,13.66,14.24,0.1
2016-04-05 23:59:00,14.93,15.72,0.1
2016-04-06 23:59:00,14.0,15.98,0.1
2016-04-07 23:59:00,14.68,16.77,0.1
2016-04-08 23:59:00,14.84,15.93,0.1
2016-04-11 23:59:00,14.83,16.26,0.1
2016-04-12 23:59:00,14.84,16.57,0.1
2016-04-13 23:59:00,13.6,14.53,0.1
2016-04-14 23:59:00,13.38,14.12,0.1
2016-04-15 23:59:00,13.58,14.19,0.1
2016-04-18 23:59:00,13.23,14.94,0.1
2016-04-19 23:59:00,12.98,13.88,0.1
2016-04-20 23:59:00,12.5,13.5,0.1
2016-04-21 23:59:00,13.16,14.14,0.1
2016-04-22 23:59:00,13.15,14.19,0.1
2016-04-25 23:59:00,13.86,14.76,0.1
2016-04-26 23:59:00,13.66,14.43,0.1
2016-04-27 23:59:00,13.5,14.95,0.1
2016-04-28 23:59:00,13.3,15.61,0.1
2016-04-29 23:59:00,14.91,17.09,0.1
2016-05-02 23:59:00,14.48,16.5,0.1
2016-05-03 23:59:00,14.91,16.42,0.1
2016-05-04 23:59:00,15.39,16.85,0.1
2016-05-05 23:59:00,15.22,16.45,0.1
2016-05-06 23:59:00,14.71,16.58,0.1
2016-05-09 23:59:00,14.17,15.39,0.1
2016-05-10 23:59:00,13.55,14.35,0.1
2016-05-11 23:59:00,13.29,14.69,0.1
2016-05-12 23:59:00,13.95,15.42,0.1
2016-05-13 23:59:00,13.97,15.47,0.1
2016-05-16 23:59:00,14.28,15.98,0.1
2016-05-17 23:59:00,14.48,16.12,0.1
2016-05-18 23:59:00,14.86,16.47,0.1
2016-05-19 23:59:00,16.28,17.65,0.1
2016-05-20 23:59:00,15.11,16.3,0.1
2016-05-23 23:59:00,15.4,16.47,0.1
2016-05-24 23:59:00,14.36,16.06,0.1
2016-05-25 23:59:00,13.64,14.33,0.1
2016-05-26 23:59:00,13.43,14.11,0.1
2016-05-27 23:59:00,13.04,13.76,0.1
2016-05-31 23:59:00,13.45,15.0,0.1
2016-06-01 23:59:00,14.18,15.25,0.1
2016-06-02 23:59:00,13.62,14.92,0.1
2016-06-03 23:59:00,12.9,14.66,0.1
2016-06-06 23:59:00,13.42,14.27,0.1
2016-06-07 23:59:00,12.72,14.05,0.1
2016-06-08 23:59:00,13.7,14.27,0.1
2016-06-09 23:59:00,13.99,14.85,0.1
2016-06-10 23:59:00,14.85,17.33,0.1
2016-06-13 23:59:00,17.89,21.01,0.1
2016-06-14 23:59:00,20.27,22.16,0.1
2016-06-15 23:59:00,18.63,20.45,0.1
2016-06-16 23:59:00,19.24,22.89,0.1
2016-06-17 23:59:00,18.71,20.03,0.1
2016-06-20 23:59:00,16.59,18.55,0.1
2016-06-21 23:59:00,16.91,18.96,0.1
2016-06-22 23:59:00,17.83,21.22,0.1
2016-06-23 23:59:00,17.25,19.79,0.1
2016-06-24 23:59:00,19.48,26.24,0.1
2016-06-27 23:59:00,22.93,26.72,0.1
2016-06-28 23:59:00,18.75,22.07,0.1
2016-06-29 23:59:00,16.48,18.27,0.1
2016-06-30 23:59:00,15.29,16.99,0.1
2016-07-01 23:59:00,14.61,15.86,0.1
2016-07-05 23:59:00,15.49,16.62,0.1
2016-07-06 23:59:00,14.96,17.04,0.1
2016-07-07 23:59:00,14.33,15.98,0.1
2016-07-08 23:59:00,13.19,14.75,0.1
2016-07-11 23:59:00,13.0,13.67,0.1
2016-07-12 23:59:00,12.75,13.93,0.1
2016-07-13 23:59:00,12.92,13.79,0.1
2016-07-14 23:59:00,12.14,13.37,0.1
2016-07-15 23:59:00,12.27,13.22,0.1
2016-07-18 23:59:00,12.33,13.12,0.1
2016-07-19 23:59:00,11.94,12.83,0.1
2016-07-20 23:59:00,11.4,11.97,0.1
2016-07-21 23:59:00,11.69,13.06,0.1
2016-07-22 23:59:00,11.97,12.88,0.1
2016-07-25 23:59:00,12.39,13.72,0.1
2016-07-26 23:59:00,12.8,13.5,0.1
2016-07-27 23:59:00,12.5,13.74,0.1
2016-07-28 23:59:00,12.36,13.52,0.1
2016-07-29 23:59:00,11.77,12.9,0.1
2016-08-01 23:59:00,11.86,12.98,0.1
2016-08-02 23:59:00,12.35,14.24,0.1
2016-08-03 23:59:00,12.73,13.91,0.1
2016-08-04 23:59:00,11.79,12.98,0.1
2016-08-05 23:59:00,11.18,12.26,0.1
2016-08-08 23:59:00,11.41,11.78,0.1
2016-08-09 23:59:00,11.02,11.92,0.1
2016-08-10 23:59:00,11.37,12.5,0.1
2016-08-11 23:59:00,11.38,12.11,0.1
2016-08-12 23:59:00,11.28,12.0,0.1
2016-08-15 23:59:00,11.58,12.17,0.1
2016-08-16 23:59:00,11.87,12.78,0.1
2016-08-17 23:59:00,12.14,13.71,0.1
2016-08-18 23:59:00,11.42,12.53,0.1
2016-08-19 23:59:00,11.33,12.28,0.1
2016-08-22 23:59:00,11.94,13.02,0.1
2016-08-23 23:59:00,11.72,12.44,0.1
2016-08-24 23:59:00,12.3,14.01,0.1
2016-08-25 23:59:00,13.29,14.09,0.1
2016-08-26 23:59:00,12.13,14.93,0.1
2016-08-29 23:59:00,12.9,14.43,0.1
2016-08-30 23:59:00,12.7,13.6,0.1
2016-08-31 23:59:00,12.97,14.34,0.1
2016-09-01 23:59:00,12.99,14.61,0.1
2016-09-02 23:59:00,11.9,13.9,0.1
2016-09-06 23:59:00,11.85,12.93,0.1
2016-09-07 23:59:00,11.77,12.45,0.1
2016-09-08 23:59:00,11.65,12.6,0.1
2016-09-09 23:59:00,12.52,17.54,0.1
2016-09-12 23:59:00,14.76,20.51,0.1
2016-09-13 23:59:00,15.83,18.97,0.1
2016-09-14 23:59:00,16.34,18.14,0.1
2016-09-15 23:59:00,15.74,18.07,0.1
2016-09-16 23:59:00,15.28,17.1,0.1
2016-09-19 23:59:00,14.6,15.96,0.1
2016-09-20 23:59:00,14.69,16.09,0.1
2016-09-21 23:59:00,12.98,15.65,0.1
2016-09-22 23:59:00,11.76,13.39,0.1
2016-09-23 23:59:00,11.93,12.58,0.1
2016-09-26 23:59:00,13.26,14.63,0.1
2016-09-27 23:59:00,12.97,14.76,0.1
2016-09-28 23:59:00,12.24,13.57,0.1
2016-09-29 23:59:00,12.14,15.69,0.1
2016-09-30 23:59:00,12.53,15.2,0.1
2016-10-03 23:59:00,13.42,14.42,0.1
2016-10-04 23:59:00,12.92,14.57,0.1
2016-10-05 23:59:00,12.7,13.68,0.1
2016-10-06 23:59:00,12.8,13.84,0.1
2016-10-07 23:59:00,12.21,14.15,0.1
2016-10-10 23:59:00,13.29,14.36,0.1
2016-10-11 23:59:00,13.69,16.47,0.1
2016-10-12 23:59:00,15.26,16.34,0.1
2016-10-13 23:59:00,16.14,17.95,0.1
2016-10-14 23:59:00,15.25,16.5,0.1
2016-10-17 23:59:00,16.13,17.11,0.1
2016-10-18 23:59:00,15.03,15.85,0.1
2016-10-19 23:59:00,13.87,15.68,0.1
2016-10-20 23:59:00,13.74,14.72,0.1
2016-10-21 23:59:00,13.27,14.53,0.1
2016-10-24 23:59:00,12.83,13.26,0.1
2016-10-25 23:59:00,12.73,13.86,0.1
2016-10-26 23:59:00,13.66,14.8,0.1
2016-10-27 23:59:00,13.6,15.43,0.1
2016-10-28 23:59:00,14.65,17.35,0.1
2016-10-31 23:59:00,16.25,17.63,0.1
2016-11-01 23:59:00,16.51,20.43,0.1
2016-11-02 23:59:00,18.56,19.82,0.1
2016-11-03 23:59:00,18.84,22.57,0.1
2016-11-04 23:59:00,19.2,23.01,0.1
2016-11-07 23:59:00,18.39,19.86,0.1
2016-11-08 23:59:00,17.7,19.91,0.1
2016-11-09 23:59:00,14.33,21.48,0.1
2016-11-10 23:59:00,13.26,16.3,0.1
2016-11-11 23:59:00,14.15,16.0,0.1
2016-11-14 23:59:00,14.39,15.56,0.1
2016-11-15 23:59:00,13.3,14.65,0.1
2016-11-16 23:59:00,13.51,14.49,0.1
2016-11-17 23:59:00,12.97,13.55,0.1
2016-11-18 23:59:00,12.85,13.74,0.1
2016-11-21 23:59:00,12.16,13.44,0.1
2016-11-22 23:59:00,12.2,12.83,0.1
2016-11-23 23:59:00,12.19,13.01,0.1
2016-11-25 23:59:00,12.31,12.74,0.1
2016-11-28 23:59:00,12.74,13.5,0.1
2016-11-29 23:59:00,12.62,13.55,0.1
2016-11-30 23:59:00,12.23,13.42,0.1
2016-12-01 23:59:00,13.05,14.72,0.1
2016-12-02 23:59:00,12.39,14.48,0.1
2016-12-05 23:59:00,12.14,13.77,0.1
2016-12-06 23:59:00,11.54,12.3,0.1
2016-12-07 23:59:00,11.33,12.24,0.1
2016-12-08 23:59:00,11.3,13.4,0.1
2016-12-09 23:59:00,11.67,12.72,0.1
2016-12-12 23:59:00,12.07,12.78,0.1
2016-12-13 23:59:00,12.34,13.42,0.1
2016-12-14 23:59:00,12.48,13.39,0.1
2016-12-15 23:59:00,12.46,13.24,0.1
2016-12-16 23:59:00,12.15,12.95,0.1
2016-12-19 23:59:00,11.67,12.52,0.1
2016-12-20 23:59:00,11.38,11.75,0.1
2016-12-21 23:59:00,10.93,11.49,0.1
2016-12-22 23:59:00,11.14,11.67,0.1
2016-12-23 23:59:00,11.35,11.81,0.1
2016-12-27 23:59:00,11.84,12.33,0.1
2016-12-28 23:59:00,11.85,13.04,0.1
2016-12-29 23:59:00,12.95,13.71,0.1
2016-12-30 23:59:00,13.05,14.68,0.1
2017-01-03 23:59:00,12.85,14.07,0.1
2017-01-04 23:59:00,11.63,12.8,0.1
2017-01-05 23:59:00,11.4,12.09,0.1
2017-01-06 23:59:00,10.98,11.74,0.1
2017-01-09 23:59:00,11.46,12.08,0.1
2017-01-10 23:59:00,11.31,11.79,0.1
2017-01-11 23:59:00,11.21,12.23,0.1
2017-01-12 23:59:00,11.32,12.6,0.1
2017-01-13 23:59:00,10.94,11.62,0.1
2017-01-17 23:59:00,11.79,12.75,0.1
2017-01-18 23:59:00,11.69,12.81,0.1
2017-01-19 23:59:00,12.17,13.28,0.1
2017-01-20 23:59:00,11.53,12.59,0.1
2017-01-23 23:59:00,11.59,12.62,0.1
2017-01-24 23:59:00,11.04,11.89,0.1
2017-01-25 23:59:00,10.51,11.05,0.1
2017-01-26 23:59:00,10.6,11.01,0.1
2017-01-27 23:59:00,10.3,10.82,0.1
2017-01-30 23:59:00,11.1,12.9,0.1
2017-01-31 23:59:00,11.79,12.99,0.1
2017-02-01 23:59:00,9.97,12.05,0.1
2017-02-02 23:59:00,11.62,12.47,0.1
2017-02-03 23:59:00,10.72,11.84,0.1
2017-02-06 23:59:00,11.09,11.84,0.1
2017-02-07 23:59:00,11.06,11.67,0.1
2017-02-08 23:59:00,11.15,11.82,0.1
2017-02-09 23:59:00,10.74,11.53,0.1
2017-02-10 23:59:00,10.55,10.95,0.1
2017-02-13 23:59:00,11.07,11.4,0.1
2017-02-14 23:59:00,10.73,11.34,0.1
2017-02-15 23:59:00,10.8,12.01,0.1
2017-02-16 23:59:00,11.69,12.86,0.1
2017-02-17 23:59:00,11.37,12.26,0.1
2017-02-21 23:59:00,11.5,12.09,0.1
2017-02-22 23:59:00,11.44,12.07,0.1
2017-02-23 23:59:00,11.54,12.46,0.1
2017-02-24 23:59:00,11.34,12.59,0.1
2017-02-27 23:59:00,11.53,12.14,0.1
2017-02-28 23:59:00,12.13,12.96,0.1
2017-03-01 23:59:00,11.78,12.58,0.1
2017-03-02 23:59:00,11.32,12.71,0.1
2017-03-03 23:59:00,10.94,11.97,0.1
2017-03-06 23:59:00,11.06,11.72,0.1
2017-03-07 23:59:00,11.04,11.58,0.1
2017-03-08 23:59:00,11.09,11.86,0.1
2017-03-09 23:59:00,11.62,12.43,0.1
2017-03-10 23:59:00,11.46,12.09,0.1
2017-03-13 23:59:00,11.29,12.23,0.1
2017-03-14 23:59:00,11.28,12.54,0.1
2017-03-15 23:59:00,10.6,12.25,0.1
2017-03-16 23:59:00,11.16,11.55,0.1
2017-03-17 23:59:00,10.78,11.38,0.1
2017-03-20 23:59:00,11.03,11.72,0.1
2017-03-21 23:59:00,10.92,12.85,0.1
2017-03-22 23:59:00,11.99,13.16,0.1
2017-03-23 23:59:00,12.18,13.17,0.1
2017-03-24 23:59:00,12.27,14.16,0.1
2017-03-27 23:59:00,12.48,15.11,0.1
2017-03-28 23:59:00,11.34,12.67,0.1
2017-03-29 23:59:00,11.03,11.7,0.1
2017-03-30 23:59:00,11.12,11.64,0.1
2017-03-31 23:59:00,11.5,12.54,0.1
2017-04-03 23:59:00,12.27,13.59,0.1
2017-04-04 23:59:00,11.7,13.07,0.1
2017-04-05 23:59:00,10.9,12.89,0.1
2017-04-06 23:59:00,11.7,13.22,0.1
2017-04-07 23:59:00,12.23,13.43,0.1
2017-04-10 23:59:00,12.94,14.11,0.1
2017-04-11 23:59:00,14.17,15.88,0.1
2017-04-12 23:59:00,14.84,16.16,0.1
2017-04-13 23:59:00,14.97,16.22,0.1
2017-04-17 23:59:00,14.6,16.28,0.1
2017-04-18 23:59:00,14.29,15.5,0.1
2017-04-19 23:59:00,13.46,15.15,0.1
2017-04-20 23:59:00,13.83,14.81,0.1
2017-04-21 23:59:00,13.85,15.33,0.1
2017-04-24 23:59:00,10.82,12.01,0.1
2017-04-25 23:59:00,10.22,11.15,0.1
2017-04-26 23:59:00,10.39,10.89,0.1
2017-04-27 23:59:00,10.33,11.08,0.1
2017-04-28 23:59:00,10.29,11.16,0.1
2017-05-01 23:59:00,9.9,11.04,0.1
2017-05-02 23:59:00,10.04,10.59,0.1
2017-05-03 23:59:00,10.4,11.15,0.1
2017-05-04 23:59:00,10.27,11.24,0.1
2017-05-05 23:59:00,9.99,10.98,0.1
2017-05-08 23:59:00,9.67,10.55,0.1
2017-05-09 23:59:00,9.56,10.14,0.1
2017-05-10 23:59:00,9.62,10.24,0.1
2017-05-11 23:59:00,10.32,11.23,0.1
2017-05-12 23:59:00,10.28,10.87,0.1
2017-05-15 23:59:00,10.25,10.88,0.1
2017-05-16 23:59:00,10.18,10.67,0.1
2017-05-17 23:59:00,11.53,15.59,0.1
2017-05-18 23:59:00,14.03,16.3,0.1
2017-05-19 23:59:00,11.72,14.23,0.1
2017-05-22 23:59:00,10.89,12.52,0.1
2017-05-23 23:59:00,10.56,11.0,0.1
2017-05-24 23:59:00,9.88,10.9,0.1
2017-05-25 23:59:00,9.72,10.29,0.1
2017-05-26 23:59:00,9.65,10.48,0.1
2017-05-30 23:59:00,10.14,10.84,0.1
2017-05-31 23:59:00,9.93,11.3,0.1
2017-06-01 23:59:00,9.69,10.54,0.1
2017-06-02 23:59:00,9.58,10.3,0.1
2017-06-05 23:59:00,9.6,10.28,0.1
2017-06-06 23:59:00,9.86,10.77,0.1
2017-06-07 23:59:00,10.12,10.93,0.1
2017-06-08 23:59:00,9.73,10.53,0.1
2017-06-09 23:59:00,9.37,12.11,0.1
2017-06-12 23:59:00,11.19,12.37,0.1
2017-06-13 23:59:00,10.26,11.14,0.1
2017-06-14 23:59:00,10.01,11.26,0.1
2017-06-15 23:59:00,10.74,12.01,0.1
2017-06-16 23:59:00,10.26,11.35,0.1
2017-06-19 23:59:00,10.01,10.6,0.1
2017-06-20 23:59:00,10.24,11.15,0.1
2017-06-21 23:59:00,10.4,11.4,0.1
2017-06-22 23:59:00,10.24,11.01,0.1
2017-06-23 23:59:00,9.85,10.69,0.1
2017-06-26 23:59:00,9.68,10.44,0.1
2017-06-27 23:59:00,9.8,11.31,0.1
2017-06-28 23:59:00,9.76,11.49,0.1
2017-06-29 23:59:00,9.73,15.16,0.1
2017-06-30 23:59:00,10.4,11.85,0.1
2017-07-03 23:59:00,10.28,11.45,0.1
2017-07-05 23:59:00,10.79,12.03,0.1
2017-07-06 23:59:00,11.18,13.05,0.1
2017-07-07 23:59:00,10.98,12.57,0.1
2017-07-10 23:59:00,10.61,11.73,0.1
2017-07-11 23:59:00,10.68,12.14,0.1
2017-07-12 23:59:00,10.08,10.85,0.1
2017-07-13 23:59:00,9.9,10.4,0.1
2017-07-14 23:59:00,9.5,10.14,0.1
2017-07-17 23:59:00,9.71,10.03,0.1
2017-07-18 23:59:00,9.66,10.35,0.1
2017-07-19 23:59:00,9.58,9.94,0.1
2017-07-20 23:59:00,9.5,10.28,0.1
2017-07-21 23:59:00,9.3,9.98,0.1
2017-07-24 23:59:00,9.26,9.97,0.1
2017-07-25 23:59:00,9.04,9.52,0.1
2017-07-26 23:59:00,8.84,9.66,0.1
2017-07-27 23:59:00,9.16,11.5,0.1
2017-07-28 23:59:00,10.26,11.3,0.1
2017-07-31 23:59:00,10.23,10.84,0.1
2017-08-01 23:59:00,9.95,10.56,0.1
2017-08-02 23:59:00,9.8,10.81,0.1
2017-08-03 23:59:00,9.9,10.6,0.1
2017-08-04 23:59:00,9.68,10.5,0.1
2017-08-07 23:59:00,9.76,10.32,0.1
2017-08-08 23:59:00,9.52,11.52,0.1
2017-08-09 23:59:00,11.11,12.63,0.1
2017-08-10 23:59:00,11.56,16.17,0.1
2017-08-11 23:59:00,14.5,17.28,0.1
2017-08-14 23:59:00,12.06,14.05,0.1
2017-08-15 23:59:00,11.45,12.37,0.1
2017-08-16 23:59:00,11.25,12.54,0.1
2017-08-17 23:59:00,11.54,15.77,0.1
2017-08-18 23:59:00,13.32,16.04,0.1
2017-08-21 23:59:00,13.07,14.74,0.1
2017-08-22 23:59:00,11.35,12.94,0.1
2017-08-23 23:59:00,11.39,12.59,0.1
2017-08-24 23:59:00,11.55,12.83,0.1
2017-08-25 23:59:00,11.1,12.45,0.1
2017-08-28 23:59:00,11.23,12.11,0.1
2017-08-29 23:59:00,11.48,14.34,0.1
2017-08-30 23:59:00,10.96,11.98,0.1
2017-08-31 23:59:00,10.34,11.22,0.1
2017-09-01 23:59:00,10.02,10.46,0.1
2017-09-05 23:59:00,11.41,14.06,0.1
2017-09-06 23:59:00,11.35,12.59,0.1
2017-09-07 23:59:00,11.32,12.07,0.1
2017-09-08 23:59:00,11.84,12.6,0.1
2017-09-11 23:59:00,10.51,11.39,0.1
2017-09-12 23:59:00,10.29,10.95,0.1
2017-09-13 23:59:00,10.33,10.86,0.1
2017-09-14 23:59:00,10.28,11.04,0.1
2017-09-15 23:59:00,10.0,10.74,0.1
2017-09-18 23:59:00,9.88,10.42,0.1
2017-09-19 23:59:00,9.85,10.3,0.1
2017-09-20 23:59:00,9.67,10.67,0.1
2017-09-21 23:59:00,9.54,10.21,0.1
2017-09-22 23:59:00,9.5,10.2,0.1
2017-09-25 23:59:00,9.79,11.21,0.1
2017-09-26 23:59:00,9.94,10.68,0.1
2017-09-27 23:59:00,9.63,10.42,0.1
2017-09-28 23:59:00,9.55,10.13,0.1
2017-09-29 23:59:00,9.36,9.83,0.1
2017-10-02 23:59:00,9.37,10.04,0.1
2017-10-03 23:59:00,9.3,9.75,0.1
2017-10-04 23:59:00,9.53,9.88,0.1
2017-10-05 23:59:00,9.13,9.62,0.1
2017-10-06 23:59:00,9.11,10.27,0.1
2017-10-09 23:59:00,9.88,10.53,0.1
2017-10-10 23:59:00,9.94,10.66,0.1
2017-10-11 23:59:00,9.72,10.38,0.1
2017-10-12 23:59:00,9.65,10.33,0.1
2017-10-13 23:59:00,9.44,9.98,0.1
2017-10-16 23:59:00,9.75,10.02,0.1
2017-10-17 23:59:00,9.78,10.46,0.1
2017-10-18 23:59:00,9.87,10.41,0.1
2017-10-19 23:59:00,9.99,11.77,0.1
2017-10-20 23:59:00,9.29,10.04,0.1
2017-10-23 23:59:00,9.94,11.08,0.1
2017-10-24 23:59:00,10.39,11.16,0.1
2017-10-25 23:59:00,10.99,13.2,0.1
2017-10-26 23:59:00,10.6,11.81,0.1
2017-10-27 23:59:00,9.74,11.12,0.1
2017-10-30 23:59:00,10.1,10.89,0.1
2017-10-31 23:59:00,9.9,10.37,0.1
2017-11-01 23:59:00,9.74,10.49,0.1
2017-11-02 23:59:00,9.67,10.89,0.1
2017-11-03 23:59:00,8.99,9.91,0.1
2017-11-06 23:59:00,9.38,9.74,0.1
2017-11-07 23:59:00,9.29,10.31,0.1
2017-11-08 23:59:00,9.5,10.27,0.1
2017-11-09 23:59:00,9.79,12.19,0.1
2017-11-10 23:59:00,10.5,11.58,0.1
2017-11-13 23:59:00,11.0,12.18,0.1
2017-11-14 23:59:00,11.45,12.61,0.1
2017-11-15 23:59:00,12.33,14.51,0.1
2017-11-16 23:59:00,11.38,12.52,0.1
2017-11-17 23:59:00,11.16,12.01,0.1
2017-11-20 23:59:00,10.44,12.08,0.1
2017-11-21 23:59:00,9.67,10.78,0.1
2017-11-22 23:59:00,9.32,9.88,0.1
2017-11-24 23:59:00,8.56,9.96,0.1
2017-11-27 23:59:00,9.79,10.26,0.1
2017-11-28 23:59:00,9.53,10.31,0.1
2017-11-29 23:59:00,9.81,10.93,0.1
2017-11-30 23:59:00,10.25,12.05,0.1
2017-12-01 23:59:00,10.54,14.58,0.1
2017-12-04 23:59:00,10.26,11.86,0.1
2017-12-05 23:59:00,10.65,11.67,0.1
2017-12-06 23:59:00,10.86,11.68,0.1
2017-12-07 23:59:00,10.12,11.32,0.1
2017-12-08 23:59:00,9.43,10.06,0.1
2017-12-11 23:59:00,9.28,10.08,0.1
2017-12-12 23:59:00,9.21,9.92,0.1
2017-12-13 23:59:00,9.65,10.21,0.1
2017-12-14 23:59:00,9.78,10.54,0.1
2017-12-15 23:59:00,9.22,10.2,0.1
2017-12-18 23:59:00,9.24,9.89,0.1
2017-12-19 23:59:00,9.18,10.15,0.1
2017-12-20 23:59:00,8.9,9.85,0.1
2017-12-21 23:59:00,9.2,9.86,0.1
2017-12-22 23:59:00,9.35,10.18,0.1
2017-12-26 23:59:00,10.13,10.46,0.1
2017-12-27 23:59:00,9.71,10.79,0.1
2017-12-28 23:59:00,10.07,10.44,0.1
2017-12-29 23:59:00,9.95,11.06,0.1
2018-01-02 23:59:00,9.52,11.07,0.1
2018-01-03 23:59:00,8.94,9.65,0.1
2018-01-04 23:59:00,8.92,9.31,0.1
2018-01-05 23:59:00,9.0,9.54,0.1
2018-01-08 23:59:00,9.32,9.89,0.1
2018-01-09 23:59:00,9.37,10.09,0.1
2018-01-10 23:59:00,9.82,10.85,0.1
2018-01-11 23:59:00,9.62,10.02,0.1
2018-01-12 23:59:00,9.54,10.31,0.1
2018-01-16 23:59:00,10.4,12.41,0.1
2018-01-17 23:59:00,11.18,12.81,0.1
2018-01-18 23:59:00,11.62,12.4,0.1
2018-01-19 23:59:00,11.18,12.33,0.1
2018-01-22 23:59:00,10.84,11.62,0.1
2018-01-23 23:59:00,10.76,11.57,0.1
2018-01-24 23:59:00,10.89,12.19,0.1
2018-01-25 23:59:00,11.2,12.01,0.1
2018-01-26 23:59:00,11.08,11.6,0.1
2018-01-29 23:59:00,11.68,13.84,0.1
2018-01-30 23:59:00,13.88,15.42,0.1
2018-01-31 23:59:00,13.41,14.44,0.1
2018-02-01 23:59:00,12.5,14.3,0.1
2018-02-02 23:59:00,13.64,17.86,0.1
2018-02-05 23:59:00,16.8,38.8,0.2
2018-02-06 23:59:00,22.42,50.3,0.2
2018-02-07 23:59:00,21.17,31.64,0.2
2018-02-08 23:59:00,24.41,36.17,0.2
2018-02-09 23:59:00,27.73,41.06,0.2
2018-02-12 23:59:00,24.42,29.7,0.2
2018-02-13 23:59:00,24.47,27.82,0.2
2018-02-14 23:59:00,18.99,25.72,0.1
2018-02-15 23:59:00,17.6,20.66,0.1
2018-02-16 23:59:00,17.44,20.99,0.1
2018-02-20 23:59:00,19.75,21.61,0.1
2018-02-21 23:59:00,16.97,21.04,0.1
2018-02-22 23:59:00,18.07,20.61,0.1
2018-02-23 23:59:00,16.47,18.8,0.1
2018-02-26 23:59:00,15.8,16.94,0.1
2018-02-27 23:59:00,15.29,18.98,0.1
2018-02-28 23:59:00,15.65,20.44,0.1
2018-03-01 23:59:00,19.57,25.3,0.1
2018-03-02 23:59:00,19.36,26.22,0.1
2018-03-05 23:59:00,17.94,21.57,0.1
2018-03-06 23:59:00,17.68,19.64,0.1
2018-03-07 23:59:00,17.52,20.49,0.1
2018-03-08 23:59:00,14.91,17.68,0.1
2018-03-09 23:59:00,13.31,16.75,0.1
2018-03-12 23:59:00,15.18,16.35,0.1
2018-03-13 23:59:00,15.03,16.98,0.1
2018-03-14 23:59:00,14.94,17.59,0.1
2018-03-15 23:59:00,15.96,17.41,0.1
2018-03-16 23:59:00,15.23,16.72,0.1
2018-03-19 23:59:00,16.56,21.87,0.1
2018-03-20 23:59:00,18.09,19.31,0.1
2018-03-21 23:59:00,16.26,18.37,0.1
2018-03-22 23:59:00,18.12,23.81,0.1
2018-03-23 23:59:00,21.63,26.01,0.1
2018-03-26 23:59:00,20.71,24.54,0.1
2018-03-27 23:59:00,19.84,24.06,0.1
2018-03-28 23:59:00,21.71,24.94,0.1
2018-03-29 23:59:00,19.6,23.05,0.1
2018-04-02 23:59:00,20.44,25.72,0.1
2018-04-03 23:59:00,20.92,23.38,0.1
2018-04-04 23:59:00,19.86,24.51,0.1
2018-04-05 23:59:00,18.57,20.21,0.1
2018-04-06 23:59:00,18.6,23.12,0.1
2018-04-09 23:59:00,20.34,22.02,0.1
2018-04-10 23:59:00,20.24,21.68,0.1
2018-04-11 23:59:00,19.64,21.66,0.1
2018-04-12 23:59:00,18.16,19.92,0.1
2018-04-13 23:59:00,17.26,18.45,0.1
2018-04-16 23:59:00,16.38,17.66,0.1
2018-04-17 23:59:00,14.57,16.27,0.1
2018-04-18 23:59:00,14.95,16.9,0.1
2018-04-19 23:59:00,15.16,16.92,0.1
2018-04-20 23:59:00,15.19,17.5,0.1
2018-04-23 23:59:00,15.79,17.56,0.1
2018-04-24 23:59:00,15.37,19.66,0.1
2018-04-25 23:59:00,17.75,19.84,0.1
2018-04-26 23:59:00,16.24,18.12,0.1
2018-04-27 23:59:00,15.25,16.77,0.1
2018-04-30 23:59:00,15.13,16.35,0.1
2018-05-01 23:59:00,15.42,16.82,0.1
2018-05-02 23:59:00,14.75,15.97,0.1
2018-05-03 23:59:00,15.43,18.66,0.1
2018-05-04 23:59:00,10.91,16.92,0.1
2018-05-07 23:59:00,14.51,15.52,0.1
2018-05-08 23:59:00,14.52,15.56,0.1
2018-05-09 23:59:00,13.38,14.63,0.1
2018-05-10 23:59:00,12.92,13.63,0.1
2018-05-11 23:59:00,12.65,13.44,0.1
2018-05-14 23:59:00,12.81,13.28,0.1
2018-05-15 23:59:00,12.5,15.01,0.1
2018-05-16 23:59:00,13.21,14.91,0.1
2018-05-17 23:59:00,12.65,13.86,0.1
2018-05-18 23:59:00,13.06,13.87,0.1
2018-05-21 23:59:00,12.78,13.59,0.1
2018-05-22 23:59:00,12.77,13.42,0.1
2018-05-23 23:59:00,12.49,14.6,0.1
2018-05-24 23:59:00,12.53,14.24,0.1
2018-05-25 23:59:00,12.29,13.52,0.1
2018-05-29 23:59:00,14.39,18.78,0.1
2018-05-30 23:59:00,14.65,16.64,0.1
2018-05-31 23:59:00,14.2,16.29,0.1
2018-06-01 23:59:00,13.37,14.93,0.1
2018-06-04 23:59:00,12.69,13.91,0.1
2018-06-05 23:59:00,12.3,13.34,0.1
2018-06-06 23:59:00,11.62,12.56,0.1
2018-06-07 23:59:00,11.22,13.28,0.1
2018-06-08 23:59:00,12.09,13.31,0.1
2018-06-11 23:59:00,12.14,12.69,0.1
2018-06-12 23:59:00,11.88,12.6,0.1
2018-06-13 23:59:00,11.98,12.95,0.1
2018-06-14 23:59:00,11.88,13.07,0.1
2018-06-15 23:59:00,11.93,13.16,0.1
2018-06-18 23:59:00,12.28,13.74,0.1
2018-06-19 23:59:00,13.21,14.68,0.1
2018-06-20 23:59:00,12.25,13.02,0.1
2018-06-21 23:59:00,12.18,15.18,0.1
2018-06-22 23:59:00,13.11,14.6,0.1
2018-06-25 23:59:00,14.56,19.61,0.1
2018-06-26 23:59:00,15.1,17.54,0.1
2018-06-27 23:59:00,14.76,18.19,0.1
2018-06-28 23:59:00,16.4,18.99,0.1
2018-06-29 23:59:00,14.66,16.51,0.1
2018-07-02 23:59:00,15.54,18.08,0.1
2018-07-03 23:59:00,14.68,16.45,0.1
2018-07-05 23:59:00,14.47,16.22,0.1
2018-07-06 23:59:00,13.34,15.45,0.1
2018-07-09 23:59:00,12.6,13.45,0.1
2018-07-10 23:59:00,11.93,13.21,0.1
2018-07-11 23:59:00,13.09,14.15,0.1
2018-07-12 23:59:00,12.42,13.33,0.1
2018-07-13 23:59:00,11.62,12.97,0.1
2018-07-16 23:59:00,12.13,12.97,0.1
2018-07-17 23:59:00,11.85,13.18,0.1
2018-07-18 23:59:00,11.44,12.47,0.1
2018-07-19 23:59:00,11.79,13.09,0.1
2018-07-20 23:59:00,12.49,13.58,0.1
2018-07-23 23:59:00,12.58,13.55,0.1
2018-07-24 23:59:00,11.66,13.21,0.1
2018-07-25 23:59:00,11.8,12.82,0.1
2018-07-26 23:59:00,11.78,12.53,0.1
2018-07-27 23:59:00,11.6,14.26,0.1
2018-07-30 23:59:00,12.98,14.46,0.1
2018-07-31 23:59:00,12.81,14.12,0.1
2018-08-01 23:59:00,12.45,13.63,0.1
2018-08-02 23:59:00,12.17,14.53,0.1
2018-08-03 23:59:00,11.07,12.46,0.1
2018-08-06 23:59:00,11.17,12.15,0.1
2018-08-07 23:59:00,10.52,11.24,0.1
2018-08-08 23:59:00,10.52,11.18,0.1
2018-08-09 23:59:00,10.17,11.31,0.1
2018-08-10 23:59:00,11.59,13.82,0.1
2018-08-13 23:59:00,12.95,15.02,0.1
2018-08-14 23:59:00,13.11,14.22,0.1
2018-08-15 23:59:00,13.44,16.86,0.1
2018-08-16 23:59:00,12.82,14.36,0.1
2018-08-17 23:59:00,12.4,13.96,0.1
2018-08-20 23:59:00,12.26,12.79,0.1
2018-08-21 23:59:00,12.09,12.89,0.1
2018-08-22 23:59:00,11.97,13.29,0.1
2018-08-23 23:59:00,11.65,12.68,0.1
2018-08-24 23:59:00,11.83,12.17,0.1
2018-08-27 23:59:00,12.02,12.48,0.1
2018-08-28 23:59:00,11.87,12.5,0.1
2018-08-29 23:59:00,12.09,12.55,0.1
2018-08-30 23:59:00,12.24,13.95,0.1
2018-08-31 23:59:00,12.82,14.03,0.1
2018-09-04 23:59:00,13.12,14.35,0.1
2018-09-05 23:59:00,13.23,14.3,0.1
2018-09-06 23:59:00,13.72,15.41,0.1
2018-09-07 23:59:00,14.31,15.63,0.1
2018-09-10 23:59:00,13.93,15.2,0.1
2018-09-11 23:59:00,13.21,14.92,0.1
2018-09-12 23:59:00,12.91,13.86,0.1
2018-09-13 23:59:00,12.3,12.91,0.1
2018-09-14 23:59:00,11.93,13.15,0.1
2018-09-17 23:59:00,12.32,13.75,0.1
2018-09-18 23:59:00,12.56,13.48,0.1
2018-09-19 23:59:00,11.66,12.77,0.1
2018-09-20 23:59:00,11.31,11.96,0.1
2018-09-21 23:59:00,11.1,12.03,0.1
2018-09-24 23:59:00,12.18,12.92,0.1
2018-09-25 23:59:00,11.8,12.6,0.1
2018-09-26 23:59:00,11.55,13.13,0.1
2018-09-27 23:59:00,11.94,13.0,0.1
2018-09-28 23:59:00,12.09,13.22,0.1
2018-10-01 23:59:00,11.57,12.4,0.1
2018-10-02 23:59:00,11.61,12.69,0.1
2018-10-03 23:59:00,11.34,12.14,0.1
2018-10-04 23:59:00,12.42,15.84,0.1
2018-10-05 23:59:00,11.72,17.36,0.1
2018-10-08 23:59:00,15.69,18.38,0.1
2018-10-09 23:59:00,15.27,17.49,0.1
2018-10-10 23:59:00,15.83,22.96,0.1
2018-10-11 23:59:00,20.65,28.84,0.1
2018-10-12 23:59:00,20.88,26.8,0.1
2018-10-15 23:59:00,19.47,22.89,0.1
2018-10-16 23:59:00,17.55,20.56,0.1
2018-10-17 23:59:00,17.06,19.55,0.1
2018-10-18 23:59:00,17.51,21.57,0.1
2018-10-19 23:59:00,18.39,21.08,0.1
2018-10-22 23:59:00,18.82,20.89,0.1
2018-10-23 23:59:00,20.18,24.66,0.1
2018-10-24 23:59:00,20.4,26.38,0.1
2018-10-25 23:59:00,22.06,24.78,0.1
2018-10-26 23:59:00,23.33,27.52,0.2
2018-10-29 23:59:00,22.01,27.86,0.1
2018-10-30 23:59:00,23.11,25.55,0.1
2018-10-31 23:59:00,20.39,22.8,0.1
2018-11-01 23:59:00,19.03,21.21,0.1
2018-11-02 23:59:00,18.05,21.61,0.1
2018-11-05 23:59:00,19.64,20.87,0.1
2018-11-06 23:59:00,19.69,20.6,0.1
2018-11-07 23:59:00,16.33,18.05,0.1
2018-11-08 23:59:00,16.09,17.2,0.1
2018-11-09 23:59:00,16.84,18.41,0.1
2018-11-12 23:59:00,17.25,20.71,0.1
2018-11-13 23:59:00,19.11,21.25,0.1
2018-11-14 23:59:00,19.3,22.36,0.1
2018-11-15 23:59:00,19.94,22.97,0.1
2018-11-16 23:59:00,18.1,21.36,0.1
2018-11-19 23:59:00,18.52,20.99,0.1
2018-11-20 23:59:00,20.37,23.81,0.1
2018-11-21 23:59:00,20.11,22.31,0.1
2018-11-23 23:59:00,20.65,22.65,0.1
2018-11-26 23:59:00,18.67,20.8,0.1
2018-11-27 23:59:00,18.7,19.93,0.1
2018-11-28 23:59:00,18.18,19.38,0.1
2018-11-29 23:59:00,18.59,20.48,0.1
2018-11-30 23:59:00,18.03,19.91,0.1
2018-12-03 23:59:00,15.94,17.28,0.1
2018-12-04 23:59:00,16.26,21.94,0.1
2018-12-06 23:59:00,20.94,25.94,0.1
2018-12-07 23:59:00,19.9,24.71,0.1
2018-12-10 23:59:00,22.5,25.94,0.1
2018-12-11 23:59:00,21.39,23.6,0.1
2018-12-12 23:59:00,20.5,21.91,0.1
2018-12-13 23:59:00,20.34,21.57,0.1
2018-12-14 23:59:00,20.95,22.47,0.1
2018-12-17 23:59:00,21.97,25.88,0.1
2018-12-18 23:59:00,23.64,26.14,0.1
2018-12-19 23:59:00,22.5,26.64,0.1
2018-12-20 23:59:00,24.68,30.3,0.2
2018-12-21 23:59:00,25.71,31.35,0.2
2018-12-24 23:59:00,29.16,36.1,0.2
2018-12-26 23:59:00,29.59,36.2,0.2
2018-12-27 23:59:00,29.66,33.8,0.2
2018-12-28 23:59:00,27.43,31.05,0.2
2018-12-31 23:59:00,25.33,27.64,0.2
2019-01-02 23:59:00,23.05,28.53,0.2
2019-01-03 23:59:00,24.05,26.6,0.2
2019-01-04 23:59:00,21.19,24.48,0.1
2019-01-07 23:59:00,20.91,22.71,0.1
2019-01-08 23:59:00,20.09,22.03,0.1
2019-01-09 23:59:00,19.48,22.8,0.1
2019-01-10 23:59:00,19.29,21.32,0.1
2019-01-11 23:59:00,18.12,20.16,0.1
2019-01-14 23:59:00,18.7,20.27,0.1
2019-01-15 23:59:00,17.98,19.2,0.1
2019-01-16 23:59:00,17.76,19.04,0.1
2019-01-17 23:59:00,17.85,19.72,0.1
2019-01-18 23:59:00,17.17,18.18,0.1
2019-01-22 23:59:00,18.2,21.15,0.1
2019-01-23 23:59:00,19.47,22.02,0.1
2019-01-24 23:59:00,18.63,20.25,0.1
2019-01-25 23:59:00,17.31,18.46,0.1
2019-01-28 23:59:00,18.42,20.42,0.1
2019-01-29 23:59:00,18.42,19.93,0.1
2019-01-30 23:59:00,17.54,19.31,0.1
2019-01-31 23:59:00,16.54,17.72,0.1
2019-02-01 23:59:00,16.08,16.83,0.1
2019-02-04 23:59:00,15.6,16.73,0.1
2019-02-05 23:59:00,15.04,15.94,0.1
2019-02-06 23:59:00,15.09,15.87,0.1
2019-02-07 23:59:00,15.51,17.89,0.1
2019-02-08 23:59:00,15.62,17.63,0.1
2019-02-11 23:59:00,15.34,16.5,0.1
2019-02-12 23:59:00,14.95,15.65,0.1
2019-02-13 23:59:00,15.0,15.91,0.1
2019-02-14 23:59:00,15.3,17.27,0.1
2019-02-15 23:59:00,14.79,16.82,0.1
2019-02-19 23:59:00,14.64,16.16,0.1
2019-02-20 23:59:00,13.99,15.19,0.1
2019-02-21 23:59:00,13.85,15.17,0.1
2019-02-22 23:59:00,13.51,14.47,0.1
2019-02-25 23:59:00,13.44,14.9,0.1
2019-02-26 23:59:00,14.52,15.28,0.1
2019-02-27 23:59:00,14.7,16.17,0.1
2019-02-28 23:59:00,14.39,15.24,0.1
2019-03-01 23:59:00,13.41,14.84,0.1
2019-03-04 23:59:00,13.38,16.98,0.1
2019-03-05 23:59:00,14.26,15.39,0.1
2019-03-06 23:59:00,14.74,16.11,0.1
2019-03-07 23:59:00,15.54,17.81,0.1
2019-03-08 23:59:00,16.02,18.33,0.1
2019-03-11 23:59:00,14.33,16.43,0.1
2019-03-12 23:59:00,13.61,14.7,0.1
2019-03-13 23:59:00,13.25,14.05,0.1
2019-03-14 23:59:00,13.16,13.84,0.1
2019-03-15 23:59:00,12.5,13.28,0.1
2019-03-18 23:59:00,13.0,13.8,0.1
2019-03-19 23:59:00,12.37,13.77,0.1
2019-03-20 23:59:00,13.05,14.3,0.1
2019-03-21 23:59:00,13.26,14.56,0.1
2019-03-22 23:59:00,13.62,17.52,0.1
2019-03-25 23:59:00,16.26,17.85,0.1
2019-03-26 23:59:00,14.67,16.3,0.1
2019-03-27 23:59:00,14.51,16.71,0.1
2019-03-28 23:59:00,14.41,15.62,0.1
2019-03-29 23:59:00,13.64,14.43,0.1
2019-04-01 23:59:00,13.32,14.01,0.1
2019-04-02 23:59:00,13.13,13.68,0.1
2019-04-03 23:59:00,12.85,14.27,0.1
2019-04-04 23:59:00,13.4,14.03,0.1
2019-04-05 23:59:00,12.17,13.47,0.1
2019-04-08 23:59:00,13.1,13.77,0.1
2019-04-09 23:59:00,13.31,14.39,0.1
2019-04-10 23:59:00,13.27,14.29,0.1
2019-04-11 23:59:00,12.91,13.58,0.1
2019-04-12 23:59:00,11.95,12.96,0.1
2019-04-15 23:59:00,12.24,13.14,0.1
2019-04-16 23:59:00,11.85,12.47,0.1
2019-04-17 23:59:00,11.03,13.02,0.1
2019-04-18 23:59:00,12.02,13.12,0.1
2019-04-22 23:59:00,12.38,13.36,0.1
2019-04-23 23:59:00,12.08,12.69,0.1
2019-04-24 23:59:00,12.26,13.23,0.1
2019-04-25 23:59:00,12.81,14.3,0.1
2019-04-26 23:59:00,12.49,13.62,0.1
2019-04-29 23:59:00,12.65,13.27,0.1
2019-04-30 23:59:00,12.88,14.05,0.1
2019-05-01 23:59:00,12.74,14.83,0.1
2019-05-02 23:59:00,13.8,15.92,0.1
2019-05-03 23:59:00,12.8,14.15,0.1
2019-05-06 23:59:00,12.89,18.8,0.1
2019-05-07 23:59:00,15.8,21.84,0.1
2019-05-08 23:59:00,18.29,21.74,0.1
2019-05-09 23:59:00,18.87,23.38,0.1
2019-05-10 23:59:00,15.57,20.19,0.1
2019-05-13 23:59:00,18.35,21.32,0.1
2019-05-14 23:59:00,17.45,19.65,0.1
2019-05-15 23:59:00,16.41,19.15,0.1
2019-05-16 23:59:00,15.16,17.13,0.1
2019-05-17 23:59:00,14.86,16.81,0.1
2019-05-20 23:59:00,15.46,17.63,0.1
2019-05-21 23:59:00,14.79,16.22,0.1
2019-05-22 23:59:00,14.42,15.44,0.1
2019-05-23 23:59:00,15.28,18.05,0.1
2019-05-24 23:59:00,15.52,16.52,0.1
2019-05-28 23:59:00,15.9,17.7,0.1
2019-05-29 23:59:00,17.62,19.04,0.1
2019-05-30 23:59:00,16.72,18.11,0.1
2019-05-31 23:59:00,18.01,19.72,0.1
2019-06-03 23:59:00,18.16,19.75,0.1
2019-06-04 23:59:00,16.97,18.74,0.1
2019-06-05 23:59:00,16.04,17.49,0.1
2019-06-06 23:59:00,15.36,16.54,0.1
2019-06-07 23:59:00,15.33,16.44,0.1
2019-06-10 23:59:00,15.84,16.47,0.1
2019-06-11 23:59:00,15.5,16.7,0.1
2019-06-12 23:59:00,15.78,16.43,0.1
2019-06-13 23:59:00,15.61,16.21,0.1
2019-06-14 23:59:00,15.21,16.4,0.1
2019-06-17 23:59:00,15.24,15.76,0.1
2019-06-18 23:59:00,14.62,15.54,0.1
2019-06-19 23:59:00,14.15,15.71,0.1
2019-06-20 23:59:00,13.19,16.03,0.1
2019-06-21 23:59:00,14.42,15.48,0.1
2019-06-24 23:59:00,15.23,15.56,0.1
2019-06-25 23:59:00,15.1,16.68,0.1
2019-06-26 23:59:00,15.47,16.6,0.1
2019-06-27 23:59:00,15.66,16.4,0.1
2019-06-28 23:59:00,15.08,16.13,0.1
2019-07-01 23:59:00,13.8,14.64,0.1
2019-07-02 23:59:00,12.9,14.3,0.1
2019-07-03 23:59:00,12.56,13.19,0.1
2019-07-05 23:59:00,12.04,14.47,0.1
2019-07-08 23:59:00,13.64,14.44,0.1
2019-07-09 23:59:00,13.99,14.71,0.1
2019-07-10 23:59:00,12.98,14.69,0.1
2019-07-11 23:59:00,12.39,13.33,0.1
2019-07-12 23:59:00,12.28,12.82,0.1
2019-07-15 23:59:00,12.49,13.02,0.1
2019-07-16 23:59:00,12.28,13.14,0.1
2019-07-17 23:59:00,12.24,13.97,0.1
2019-07-18 23:59:00,13.19,14.5,0.1
2019-07-19 23:59:00,13.09,14.45,0.1
2019-07-22 23:59:00,13.42,14.7,0.1
2019-07-23 23:59:00,12.55,13.52,0.1
2019-07-24 23:59:00,11.98,13.1,0.1
2019-07-25 23:59:00,11.69,13.54,0.1
2019-07-26 23:59:00,12.01,12.72,0.1
2019-07-29 23:59:00,12.58,13.17,0.1
2019-07-30 23:59:00,12.87,14.18,0.1
2019-07-31 23:59:00,13.46,16.55,0.1
2019-08-01 23:59:00,13.73,19.46,0.1
2019-08-02 23:59:00,17.04,20.11,0.1
2019-08-05 23:59:00,19.91,24.81,0.1
2019-08-06 23:59:00,19.77,22.87,0.1
2019-08-07 23:59:00,18.94,23.67,0.1
2019-08-08 23:59:00,16.82,19.89,0.1
2019-08-09 23:59:00,17.31,19.44,0.1
2019-08-12 23:59:00,17.77,21.26,0.1
2019-08-13 23:59:00,17.52,21.64,0.1
2019-08-14 23:59:00,17.75,22.71,0.1
2019-08-15 23:59:00,20.78,24.1,0.1
2019-08-16 23:59:00,18.41,20.5,0.1
2019-08-19 23:59:00,16.52,18.22,0.1
2019-08-20 23:59:00,16.45,17.7,0.1
2019-08-21 23:59:00,15.51,17.04,0.1
2019-08-22 23:59:00,15.63,17.68,0.1
2019-08-23 23:59:00,16.04,21.07,0.1
2019-08-26 23:59:00,19.06,21.33,0.1
2019-08-27 23:59:00,18.49,21.04,0.1
2019-08-28 23:59:00,19.1,21.64,0.1
2019-08-29 23:59:00,17.6,19.2,0.1
2019-08-30 23:59:00,17.09,19.18,0.1
2019-09-03 23:59:00,19.41,21.15,0.1
2019-09-04 23:59:00,17.26,18.83,0.1
2019-09-05 23:59:00,15.45,17.05,0.1
2019-09-06 23:59:00,14.91,16.06,0.1
2019-09-09 23:59:00,14.95,16.13,0.1
2019-09-10 23:59:00,15.11,16.52,0.1
2019-09-11 23:59:00,14.55,15.52,0.1
2019-09-12 23:59:00,13.85,14.94,0.1
2019-09-13 23:59:00,13.51,14.31,0.1
2019-09-16 23:59:00,14.5,15.29,0.1
2019-09-17 23:59:00,14.4,15.03,0.1
2019-09-18 23:59:00,13.8,15.8,0.1
2019-09-19 23:59:00,13.31,14.66,0.1
2019-09-20 23:59:00,13.35,15.84,0.1
2019-09-23 23:59:00,14.71,16.0,0.1
2019-09-24 23:59:00,14.33,17.62,0.1
2019-09-25 23:59:00,15.69,18.45,0.1
2019-09-26 23:59:00,15.35,17.09,0.1
2019-09-27 23:59:00,15.15,18.69,0.1
2019-09-30 23:59:00,16.2,17.35,0.1
2019-10-01 23:59:00,15.79,18.62,0.1
2019-10-02 23:59:00,18.75,21.46,0.1
2019-10-03 23:59:00,19.03,21.44,0.1
2019-10-04 23:59:00,16.97,19.97,0.1
2019-10-07 23:59:00,16.44,18.52,0.1
2019-10-08 23:59:00,17.42,20.38,0.1
2019-10-09 23:59:00,17.77,20.0,0.1
2019-10-10 23:59:00,17.56,19.8,0.1
2019-10-11 23:59:00,15.11,17.44,0.1
2019-10-14 23:59:00,14.51,16.5,0.1
2019-10-15 23:59:00,13.39,14.43,0.1
2019-10-16 23:59:00,13.6,14.26,0.1
2019-10-17 23:59:00,13.31,14.18,0.1
2019-10-18 23:59:00,13.78,15.16,0.1
2019-10-21 23:59:00,14.0,14.63,0.1
2019-10-22 23:59:00,13.7,14.61,0.1
2019-10-23 23:59:00,14.01,15.12,0.1
2019-10-24 23:59:00,13.4,14.34,0.1
2019-10-25 23:59:00,12.62,13.79,0.1
2019-10-28 23:59:00,12.66,13.14,0.1
2019-10-29 23:59:00,13.07,13.52,0.1
2019-10-30 23:59:00,12.27,13.77,0.1
2019-10-31 23:59:00,12.19,13.95,0.1
2019-11-01 23:59:00,12.25,13.12,0.1
2019-11-04 23:59:00,12.44,13.13,0.1
2019-11-05 23:59:00,12.25,13.28,0.1
2019-11-06 23:59:00,12.6,13.39,0.1
2019-11-07 23:59:00,12.26,12.89,0.1
2019-11-08 23:59:00,12.0,13.05,0.1
2019-11-11 23:59:00,12.66,13.49,0.1
2019-11-12 23:59:00,12.36,13.1,0.1
2019-11-13 23:59:00,12.88,13.9,0.1
2019-11-14 23:59:00,12.93,13.81,0.1
2019-11-15 23:59:00,11.92,12.97,0.1
2019-11-18 23:59:00,12.32,13.1,0.1
2019-11-19 23:59:00,12.16,13.01,0.1
2019-11-20 23:59:00,12.61,14.17,0.1
2019-11-21 23:59:00,12.49,13.86,0.1
2019-11-22 23:59:00,12.33,13.25,0.1
2019-11-25 23:59:00,11.73,12.59,0.1
2019-11-26 23:59:00,11.42,12.04,0.1
2019-11-27 23:59:00,11.44,11.79,0.1
2019-11-29 23:59:00,12.12,12.83,0.1
2019-12-02 23:59:00,12.55,15.27,0.1
2019-12-03 23:59:00,14.61,17.99,0.1
2019-12-04 23:59:00,14.12,16.4,0.1
2019-12-05 23:59:00,14.17,15.37,0.1
2019-12-06 23:59:00,13.19,14.47,0.1
2019-12-09 23:59:00,12.25,16.07,0.1
2019-12-10 23:59:00,14.93,16.9,0.1
2019-12-11 23:59:00,14.98,15.97,0.1
2019-12-12 23:59:00,13.6,15.55,0.1
2019-12-13 23:59:00,12.54,14.35,0.1
2019-12-16 23:59:00,11.71,12.53,0.1
2019-12-17 23:59:00,11.9,12.47,0.1
2019-12-18 23:59:00,11.93,12.7,0.1
2019-12-19 23:59:00,12.43,12.78,0.1
2019-12-20 23:59:00,12.04,12.61,0.1
2019-12-23 23:59:00,12.41,12.9,0.1
2019-12-24 23:59:00,12.56,12.84,0.1
2019-12-26 23:59:00,11.72,12.75,0.1
2019-12-27 23:59:00,11.89,13.72,0.1
2019-12-30 23:59:00,13.44,15.14,0.1
2019-12-31 23:59:00,13.75,15.39,0.1
2020-01-02 23:59:00,12.42,13.72,0.1
2020-01-03 23:59:00,13.13,16.2,0.1
2020-01-06 23:59:00,13.54,16.39,0.1
2020-01-07 23:59:00,13.39,14.46,0.1
2020-01-08 23:59:00,12.83,15.24,0.1
2020-01-09 23:59:00,12.53,13.24,0.1
2020-01-10 23:59:00,12.09,12.87,0.1
2020-01-13 23:59:00,12.32,13.09,0.1
2020-01-14 23:59:00,12.05,13.82,0.1
2020-01-15 23:59:00,11.95,12.83,0.1
2020-01-16 23:59:00,11.78,12.42,0.1
2020-01-17 23:59:00,11.75,12.48,0.1
2020-01-21 23:59:00,12.32,13.33,0.1
2020-01-22 23:59:00,12.31,13.01,0.1
2020-01-23 23:59:00,12.94,14.15,0.1
2020-01-24 23:59:00,12.62,15.98,0.1
2020-01-27 23:59:00,16.82,19.02,0.1
2020-01-28 23:59:00,15.69,18.03,0.1
2020-01-29 23:59:00,14.94,16.65,0.1
2020-01-30 23:59:00,15.3,18.39,0.1
2020-01-31 23:59:00,16.18,19.99,0.1
2020-02-03 23:59:00,17.1,18.88,0.1
2020-02-04 23:59:00,15.63,16.46,0.1
2020-02-05 23:59:00,15.02,16.32,0.1
2020-02-06 23:59:00,14.7,15.66,0.1
2020-02-07 23:59:00,14.81,16.16,0.1
2020-02-10 23:59:00,15.01,16.43,0.1
2020-02-11 23:59:00,14.38,15.27,0.1
2020-02-12 23:59:00,13.73,14.88,0.1
2020-02-13 23:59:00,14.0,15.44,0.1
2020-02-14 23:59:00,13.38,14.54,0.1
2020-02-18 23:59:00,14.53,15.49,0.1
2020-02-19 23:59:00,14.21,14.74,0.1
2020-02-20 23:59:00,14.49,17.21,0.1
2020-02-21 23:59:00,16.19,18.21,0.1
2020-02-24 23:59:00,22.0,26.35,0.1
2020-02-25 23:59:00,22.19,30.25,0.2
2020-02-26 23:59:00,24.76,29.57,0.2
2020-02-27 23:59:00,27.79,39.31,0.2
2020-02-28 23:59:00,39.37,49.48,0.2
2020-03-02 23:59:00,31.5,43.77,0.2
2020-03-03 23:59:00,24.93,41.06,0.2
2020-03-04 23:59:00,30.3,35.58,0.2
2020-03-05 23:59:00,33.54,42.84,0.2
2020-03-06 23:59:00,40.84,54.39,0.2
2020-03-09 23:59:00,41.94,62.12,0.2
2020-03-10 23:59:00,43.56,55.66,0.2
2020-03-11 23:59:00,49.98,55.82,0.2
2020-03-12 23:59:00,59.91,76.83,0.2
2020-03-13 23:59:00,55.17,77.57,0.2
2020-03-16 23:59:00,57.83,83.56,0.2
2020-03-17 23:59:00,70.37,84.83,0.2
2020-03-18 23:59:00,69.37,85.47,0.2
2020-03-19 23:59:00,68.57,84.26,0.2
2020-03-20 23:59:00,57.42,69.51,0.2
2020-03-23 23:59:00,60.46,76.74,0.2
2020-03-24 23:59:00,36.24,61.88,0.2
2020-03-25 23:59:00,58.03,68.86,0.2
2020-03-26 23:59:00,57.66,67.06,0.2
2020-03-27 23:59:00,61.8,69.1,0.2
2020-03-30 23:59:00,56.6,67.69,0.2
2020-03-31 23:59:00,50.88,58.75,0.2
2020-04-01 23:59:00,52.76,60.59,0.2
2020-04-02 23:59:00,50.45,57.24,0.2
2020-04-03 23:59:00,46.74,52.29,0.2
2020-04-06 23:59:00,43.45,45.73,0.2
2020-04-07 23:59:00,43.51,47.51,0.2
2020-04-08 23:59:00,42.53,47.28,0.2
2020-04-09 23:59:00,41.39,45.73,0.2
2020-04-13 23:59:00,41.17,45.04,0.2
2020-04-14 23:59:00,37.31,40.57,0.2
2020-04-15 23:59:00,39.34,43.23,0.2
2020-04-16 23:59:00,39.87,43.02,0.2
2020-04-17 23:59:00,37.63,40.26,0.2
2020-04-20 23:59:00,39.88,43.83,0.2
2020-04-21 23:59:00,43.77,47.77,0.2
2020-04-22 23:59:00,41.41,45.07,0.2
2020-04-23 23:59:00,39.06,42.47,0.2
2020-04-24 23:59:00,35.6,42.08,0.2
2020-04-27 23:59:00,32.51,36.44,0.2
2020-04-28 23:59:00,30.54,35.39,0.2
2020-04-29 23:59:00,30.71,33.19,0.2
2020-04-30 23:59:00,30.93,35.94,0.2
2020-05-01 23:59:00,36.59,39.57,0.2
2020-05-04 23:59:00,35.53,40.32,0.2
2020-05-05 23:59:00,31.95,36.22,0.2
2020-05-06 23:59:00,31.68,35.69,0.2
2020-05-07 23:59:00,30.37,32.28,0.2
2020-05-08 23:59:00,27.89,30.39,0.2
2020-05-11 23:59:00,26.97,31.46,0.2
2020-05-12 23:59:00,26.0,33.04,0.2
2020-05-13 23:59:00,30.77,37.42,0.2
2020-05-14 23:59:00,32.33,39.28,0.2
2020-05-15 23:59:00,31.04,35.13,0.2
2020-05-18 23:59:00,28.35,31.08,0.2
2020-05-19 23:59:00,28.37,30.74,0.2
2020-05-20 23:59:00,27.83,29.83,0.2
2020-05-21 23:59:00,27.67,30.2,0.2
2020-05-22 23:59:00,28.03,31.55,0.2
2020-05-26 23:59:00,27.18,28.58,0.2
2020-05-27 23:59:00,25.92,30.53,0.2
2020-05-28 23:59:00,27.43,29.89,0.2
2020-05-29 23:59:00,27.29,30.16,0.2
2020-06-01 23:59:00,28.11,30.6,0.2
2020-06-02 23:59:00,26.66,28.52,0.2
2020-06-03 23:59:00,25.04,26.98,0.2
2020-06-04 23:59:00,24.38,26.43,0.2
2020-06-05 23:59:00,23.54,25.09,0.1
2020-06-08 23:59:00,24.65,25.98,0.2
2020-06-09 23:59:00,25.71,27.7,0.2
2020-06-10 23:59:00,26.06,29.01,0.2
2020-06-11 23:59:00,29.49,42.58,0.2
2020-06-12 23:59:00,34.97,44.16,0.2
2020-06-15 23:59:00,34.28,44.44,0.2
2020-06-16 23:59:00,31.73,37.45,0.2
2020-06-17 23:59:00,32.25,35.17,0.2
2020-06-18 23:59:00,32.24,36.25,0.2
2020-06-19 23:59:00,30.4,35.12,0.2
