2019-06-30 21:00:00,2964.66,2973.29,0.60
2019-06-30 23:00:00,2959.04,2968.29,0.60
2019-07-01 01:00:00,2960.29,2965.79,0.60
2019-07-01 03:00:00,2964.04,2967.79,0.60
2019-07-01 05:00:00,2966.79,2974.79,0.60
2019-07-01 07:00:00,2971.29,2976.29,0.60
2019-07-01 09:00:00,2969.79,2975.29,0.60
2019-07-01 11:00:00,2971.29,2975.79,0.60
2019-07-01 13:00:00,2963.33,2977.54,0.40
2019-07-01 15:00:00,2954.83,2967.83,0.40
2019-07-01 17:00:00,2951.84,2958.59,0.40
2019-07-01 19:00:00,2952.09,2966.31,0.40
2019-07-01 21:00:00,2956.19,2965.19,0.60
2019-07-01 23:00:00,2958.44,2964.44,0.60
2019-07-02 01:00:00,2962.94,2966.94,0.60
2019-07-02 03:00:00,2964.44,2967.94,0.60
2019-07-02 05:00:00,2964.44,2968.19,0.60
2019-07-02 07:00:00,2957.69,2967.94,0.60
2019-07-02 09:00:00,2958.44,2963.19,0.60
2019-07-02 11:00:00,2959.44,2963.44,0.60
2019-07-02 13:00:00,2959.44,2969.44,0.40
2019-07-02 15:00:00,2954.94,2967.69,0.40
2019-07-02 17:00:00,2957.19,2966.69,0.40
2019-07-02 19:00:00,2962.69,2975.80,0.40
2019-07-02 21:00:00,2972.22,2975.38,0.60
2019-07-02 23:00:00,2971.72,2974.47,0.60
2019-07-03 01:00:00,2969.47,2972.47,0.60
2019-07-03 03:00:00,2969.72,2971.97,0.60
2019-07-03 05:00:00,2970.97,2973.97,0.60
2019-07-03 07:00:00,2972.47,2981.97,0.60
2019-07-03 09:00:00,2981.59,2983.72,0.60
2019-07-03 11:00:00,2979.72,2983.22,0.60
2019-07-03 13:00:00,2977.22,2988.20,0.40
2019-07-03 15:00:00,2984.58,2995.85,0.40
2019-07-03 17:00:00,2994.35,2997.35,0.40
2019-07-03 19:00:00,2996.29,2997.91,1.50
2019-07-03 21:00:00,2996.38,3000.22,1.05
2019-07-03 23:00:00,2995.10,2997.10,0.60
2019-07-04 01:00:00,2994.10,2996.35,0.60
2019-07-04 03:00:00,2994.10,2996.10,0.60
2019-07-04 05:00:00,2993.60,2996.47,0.60
2019-07-04 07:00:00,2993.85,2996.35,0.60
2019-07-04 09:00:00,2994.85,2996.47,0.60
2019-07-04 11:00:00,2995.85,2999.35,0.60
2019-07-04 13:00:00,2997.60,2999.85,0.40
2019-07-04 15:00:00,2998.10,2999.60,0.40
2019-07-04 17:00:00,2998.83,2999.64,1.50
2019-07-04 19:00:00,2999.23,2999.67,1.50
2019-07-04 21:00:00,2998.15,2999.28,0.60
2019-07-04 23:00:00,2996.78,2999.03,0.60
2019-07-05 01:00:00,2996.28,2999.40,0.60
2019-07-05 03:00:00,2998.53,2999.78,0.60
2019-07-05 05:00:00,2997.28,3000.03,0.60
2019-07-05 07:00:00,2989.78,2997.78,0.60
2019-07-05 09:00:00,2989.28,2992.03,0.60
2019-07-05 11:00:00,2980.03,2993.03,0.60
2019-07-05 13:00:00,2967.28,2983.53,0.40
2019-07-05 15:00:00,2970.78,2986.12,0.40
2019-07-05 17:00:00,2982.87,2994.12,0.40
2019-07-05 19:00:00,2984.93,2994.12,0.40
2019-07-05 21:00:00,2988.33,2988.33,1.50
2019-07-07 21:00:00,2988.13,2990.88,0.60
2019-07-07 23:00:00,2982.88,2989.13,0.60
2019-07-08 01:00:00,2980.63,2985.88,0.60
2019-07-08 03:00:00,2979.38,2983.38,0.60
2019-07-08 05:00:00,2975.13,2980.38,0.60
2019-07-08 07:00:00,2978.88,2985.25,0.60
2019-07-08 09:00:00,2978.88,2983.00,0.60
2019-07-08 11:00:00,2978.38,2982.63,0.60
2019-07-08 13:00:00,2972.13,2981.04,0.40
2019-07-08 15:00:00,2971.04,2978.04,0.40
2019-07-08 17:00:00,2969.70,2975.70,0.40
2019-07-08 19:00:00,2972.32,2978.57,0.60
2019-07-08 21:00:00,2972.20,2974.95,0.60
2019-07-08 23:00:00,2970.20,2974.70,0.60
2019-07-09 01:00:00,2967.07,2971.95,0.60
2019-07-09 03:00:00,2960.70,2967.45,0.60
2019-07-09 05:00:00,2962.45,2966.45,0.60
2019-07-09 07:00:00,2959.20,2965.20,0.60
2019-07-09 09:00:00,2959.20,2964.20,0.60
2019-07-09 11:00:00,2961.95,2964.95,0.60
2019-07-09 13:00:00,2961.40,2973.70,0.50
2019-07-09 15:00:00,2970.70,2975.33,0.40
2019-07-09 17:00:00,2972.83,2976.58,0.40
2019-07-09 19:00:00,2972.38,2982.13,0.40
2019-07-09 21:00:00,2976.97,2978.85,0.60
2019-07-09 23:00:00,2976.35,2983.22,0.60
2019-07-10 01:00:00,2977.85,2982.85,0.60
2019-07-10 03:00:00,2976.60,2979.60,0.60
2019-07-10 05:00:00,2970.60,2977.85,0.60
2019-07-10 07:00:00,2969.85,2975.60,0.60
2019-07-10 09:00:00,2967.35,2975.60,0.60
2019-07-10 11:00:00,2970.35,2992.35,0.60
2019-07-10 13:00:00,2989.10,3003.60,0.60
2019-07-10 15:00:00,2984.44,2994.32,0.40
2019-07-10 17:00:00,2989.82,2999.32,0.40
2019-07-10 19:00:00,2989.52,2994.27,0.40
2019-07-10 21:00:00,2990.89,2995.76,1.34
2019-07-10 23:00:00,2992.51,2996.88,0.60
2019-07-11 01:00:00,2994.76,3000.51,0.60
2019-07-11 03:00:00,2999.01,3002.26,0.60
2019-07-11 05:00:00,2998.76,3002.01,0.60
2019-07-11 07:00:00,2997.01,3000.01,0.60
2019-07-11 09:00:00,2997.26,3002.51,0.60
2019-07-11 11:00:00,2995.26,3001.76,0.60
2019-07-11 13:00:00,2992.13,3002.01,0.40
2019-07-11 15:00:00,2993.88,3002.13,0.40
2019-07-11 17:00:00,2988.71,3000.46,0.40
2019-07-11 19:00:00,2993.96,3000.92,0.40
2019-07-11 21:00:00,2998.41,3000.45,1.11
2019-07-11 23:00:00,2998.42,3007.92,0.60
2019-07-12 01:00:00,3003.92,3008.17,0.60
2019-07-12 03:00:00,3006.17,3008.42,0.60
2019-07-12 05:00:00,3004.42,3007.92,0.60
2019-07-12 07:00:00,3003.92,3007.67,0.60
2019-07-12 09:00:00,3004.92,3008.67,0.60
2019-07-12 11:00:00,3004.67,3007.67,0.60
2019-07-12 13:00:00,3001.82,3006.67,0.40
2019-07-12 15:00:00,3001.82,3007.57,0.40
2019-07-12 17:00:00,3005.82,3010.32,0.40
2019-07-12 19:00:00,3008.32,3013.89,0.40
2019-07-14 21:00:00,3010.39,3012.89,0.60
2019-07-14 23:00:00,3008.89,3011.89,0.60
2019-07-15 01:00:00,3006.89,3014.89,0.60
2019-07-15 03:00:00,3013.64,3015.14,0.60
2019-07-15 05:00:00,3013.14,3015.89,0.60
2019-07-15 07:00:00,3013.64,3019.64,0.60
2019-07-15 09:00:00,3012.76,3016.89,0.60
2019-07-15 11:00:00,3015.89,3018.64,0.60
2019-07-15 13:00:00,3010.15,3018.39,0.40
2019-07-15 15:00:00,3008.70,3013.90,0.40
2019-07-15 17:00:00,3008.70,3014.20,0.40
2019-07-15 19:00:00,3010.70,3014.74,0.40
2019-07-15 21:00:00,3012.14,3013.81,0.79
2019-07-15 23:00:00,3012.86,3016.74,0.60
2019-07-16 01:00:00,3013.24,3016.24,0.60
2019-07-16 03:00:00,3014.99,3016.49,0.60
2019-07-16 05:00:00,3013.99,3016.74,0.60
2019-07-16 07:00:00,3012.49,3015.74,0.60
2019-07-16 09:00:00,3012.24,3015.99,0.60
2019-07-16 11:00:00,3012.74,3017.74,0.60
2019-07-16 13:00:00,3010.24,3015.17,0.40
2019-07-16 15:00:00,3000.92,3013.92,0.40
2019-07-16 17:00:00,3000.99,3009.74,0.40
2019-07-16 19:00:00,3001.32,3007.74,0.60
2019-07-16 21:00:00,3000.57,3003.45,0.60
2019-07-16 23:00:00,3001.45,3003.70,0.60
2019-07-17 01:00:00,2999.82,3005.45,0.60
2019-07-17 03:00:00,3003.70,3005.70,0.60
2019-07-17 05:00:00,3004.20,3006.20,0.60
2019-07-17 07:00:00,3004.95,3009.20,0.60
2019-07-17 09:00:00,3004.70,3008.95,0.60
2019-07-17 11:00:00,3001.95,3005.95,0.60
2019-07-17 13:00:00,2989.77,3005.45,0.40
2019-07-17 15:00:00,2993.02,2999.02,0.40
2019-07-17 17:00:00,2991.22,2997.97,0.40
2019-07-17 19:00:00,2977.07,2993.22,0.60
2019-07-17 21:00:00,2976.91,2980.57,0.91
2019-07-17 23:00:00,2971.20,2979.70,0.60
2019-07-18 01:00:00,2971.20,2976.45,0.60
2019-07-18 03:00:00,2973.20,2976.95,0.60
2019-07-18 05:00:00,2972.20,2976.45,0.60
2019-07-18 07:00:00,2973.20,2977.45,0.60
2019-07-18 09:00:00,2974.45,2980.45,0.60
2019-07-18 11:00:00,2978.70,2983.45,0.60
2019-07-18 13:00:00,2975.95,2987.30,0.40
2019-07-18 15:00:00,2973.30,2985.80,0.40
2019-07-18 17:00:00,2980.32,2995.57,0.40
2019-07-18 19:00:00,2989.90,3002.28,0.40
2019-07-18 21:00:00,2993.41,3006.41,0.60
2019-07-18 23:00:00,2993.41,3003.16,0.60
2019-07-19 01:00:00,3002.16,3005.66,0.60
2019-07-19 03:00:00,3002.16,3005.41,0.60
2019-07-19 05:00:00,3000.91,3005.41,0.60
2019-07-19 07:00:00,3000.66,3005.41,0.60
2019-07-19 09:00:00,2995.16,3003.16,0.60
2019-07-19 11:00:00,2994.66,3003.16,0.60
2019-07-19 13:00:00,2995.42,3006.66,0.40
2019-07-19 15:00:00,2990.67,3001.42,0.40
2019-07-19 17:00:00,2985.54,2999.54,0.40
2019-07-19 19:00:00,2967.03,2988.54,0.60
2019-07-21 21:00:00,2970.16,2975.16,0.60
2019-07-21 23:00:00,2972.91,2977.91,0.60
2019-07-22 01:00:00,2971.91,2975.91,0.60
2019-07-22 03:00:00,2973.41,2974.91,0.60
2019-07-22 05:00:00,2973.91,2981.16,0.60
2019-07-22 07:00:00,2976.66,2983.16,0.60
2019-07-22 09:00:00,2980.16,2985.16,0.60
2019-07-22 11:00:00,2979.03,2985.66,0.60
2019-07-22 13:00:00,2976.47,2986.91,0.40
2019-07-22 15:00:00,2976.47,2986.97,0.40
2019-07-22 17:00:00,2983.72,2987.22,0.40
2019-07-22 19:00:00,2982.72,2991.22,0.40
2019-07-22 21:00:00,2986.17,2988.54,0.60
2019-07-22 23:00:00,2985.42,2990.92,0.60
2019-07-23 01:00:00,2988.92,2992.67,0.60
2019-07-23 03:00:00,2989.17,2990.67,0.60
2019-07-23 05:00:00,2986.92,2990.17,0.60
2019-07-23 07:00:00,2988.92,2994.17,0.60
2019-07-23 09:00:00,2992.67,2996.17,0.60
2019-07-23 11:00:00,2994.67,2998.67,0.60
2019-07-23 13:00:00,2988.70,2998.42,0.40
2019-07-23 15:00:00,2988.20,2994.95,0.40
2019-07-23 17:00:00,2993.29,3004.79,0.40
2019-07-23 19:00:00,2998.29,3006.43,0.60
2019-07-23 21:00:00,3000.12,3002.67,0.94
2019-07-23 23:00:00,3000.42,3003.42,0.60
2019-07-24 01:00:00,3001.67,3005.92,0.60
2019-07-24 03:00:00,3004.17,3006.17,0.60
2019-07-24 05:00:00,3002.17,3004.29,0.60
2019-07-24 07:00:00,2994.42,3002.92,0.60
2019-07-24 09:00:00,2993.92,2999.42,0.60
2019-07-24 11:00:00,2996.42,3000.29,0.60
2019-07-24 13:00:00,2996.42,3010.67,0.40
2019-07-24 15:00:00,3002.67,3010.42,0.40
2019-07-24 17:00:00,3008.17,3015.17,0.40
2019-07-24 19:00:00,3013.92,3020.33,0.40
2019-07-24 21:00:00,3015.29,3018.58,1.50
2019-07-24 23:00:00,3017.33,3019.83,0.60
2019-07-25 01:00:00,3017.58,3020.33,0.60
2019-07-25 03:00:00,3019.45,3021.08,0.60
2019-07-25 05:00:00,3020.33,3022.83,0.60
2019-07-25 07:00:00,3018.83,3022.58,0.60
2019-07-25 09:00:00,3017.33,3021.45,0.60
2019-07-25 11:00:00,3017.83,3025.83,0.60
2019-07-25 13:00:00,3003.23,3021.33,0.40
2019-07-25 15:00:00,2996.98,3014.76,0.40
2019-07-25 17:00:00,2998.23,3008.98,0.40
2019-07-25 19:00:00,2999.23,3007.99,0.40
2019-07-25 21:00:00,3003.55,3007.11,1.50
2019-07-25 23:00:00,3005.87,3009.37,0.60
2019-07-26 01:00:00,3007.87,3012.37,0.60
2019-07-26 03:00:00,3011.12,3013.37,0.60
2019-07-26 05:00:00,3010.62,3013.12,0.60
2019-07-26 07:00:00,3009.12,3012.12,0.60
2019-07-26 09:00:00,3010.62,3015.87,0.60
2019-07-26 11:00:00,3008.87,3014.62,0.60
2019-07-26 13:00:00,3012.07,3019.37,0.50
2019-07-26 15:00:00,3016.92,3023.92,0.40
2019-07-26 17:00:00,3022.27,3026.77,0.40
2019-07-26 19:00:00,3021.49,3028.13,0.60
2019-07-28 21:00:00,3022.37,3024.62,0.60
2019-07-28 23:00:00,3019.87,3023.12,0.60
2019-07-29 01:00:00,3018.87,3022.12,0.60
2019-07-29 03:00:00,3019.37,3020.62,0.60
2019-07-29 05:00:00,3018.87,3020.87,0.60
2019-07-29 07:00:00,3019.12,3024.12,0.60
2019-07-29 09:00:00,3020.87,3023.62,0.60
2019-07-29 11:00:00,3021.37,3026.12,0.60
2019-07-29 13:00:00,3014.51,3025.37,0.40
2019-07-29 15:00:00,3017.51,3022.51,0.40
2019-07-29 17:00:00,3019.09,3022.84,0.40
2019-07-29 19:00:00,3019.09,3023.10,0.40
2019-07-29 21:00:00,3020.49,3023.55,0.95
2019-07-29 23:00:00,3022.80,3025.05,0.60
2019-07-30 01:00:00,3022.80,3026.05,0.60
2019-07-30 03:00:00,3023.80,3025.55,0.60
2019-07-30 05:00:00,3022.05,3024.80,0.60
2019-07-30 07:00:00,3013.05,3022.55,0.60
2019-07-30 09:00:00,3010.30,3014.80,0.60
2019-07-30 11:00:00,3002.80,3014.05,0.60
2019-07-30 13:00:00,3000.05,3012.58,0.40
2019-07-30 15:00:00,3008.35,3014.35,0.40
2019-07-30 17:00:00,3008.85,3016.85,0.40
2019-07-30 19:00:00,3009.67,3015.11,0.40
2019-07-30 21:00:00,3013.48,3015.95,1.31
2019-07-30 23:00:00,3012.70,3017.08,0.60
2019-07-31 01:00:00,3012.83,3016.83,0.60
2019-07-31 03:00:00,3015.33,3018.58,0.60
2019-07-31 05:00:00,3013.33,3019.58,0.60
2019-07-31 07:00:00,3012.83,3019.33,0.60
2019-07-31 09:00:00,3014.33,3018.58,0.60
2019-07-31 11:00:00,3015.33,3018.33,0.60
2019-07-31 13:00:00,3008.33,3017.08,0.40
2019-07-31 15:00:00,3011.85,3017.60,0.40
2019-07-31 17:00:00,2957.36,3016.36,0.40
2019-07-31 19:00:00,2971.89,2998.07,0.60
2019-07-31 21:00:00,2965.52,2974.14,0.60
2019-07-31 23:00:00,2970.02,2975.52,0.60
2019-08-01 01:00:00,2974.27,2983.52,0.60
2019-08-01 03:00:00,2979.52,2984.02,0.60
2019-08-01 05:00:00,2972.77,2981.02,0.60
2019-08-01 07:00:00,2972.27,2983.52,0.60
2019-08-01 09:00:00,2981.27,2988.52,0.60
2019-08-01 11:00:00,2979.77,2987.27,0.60
2019-08-01 13:00:00,2977.02,3008.40,0.60
2019-08-01 15:00:00,3005.40,3014.15,0.40
2019-08-01 17:00:00,2944.17,3010.40,0.40
2019-08-01 19:00:00,2947.27,2964.92,0.60
2019-08-01 21:00:00,2942.15,2951.90,0.60
2019-08-01 23:00:00,2938.90,2951.15,0.60
2019-08-02 01:00:00,2940.15,2949.40,0.60
2019-08-02 03:00:00,2940.40,2948.90,0.60
2019-08-02 05:00:00,2945.90,2950.40,0.60
2019-08-02 07:00:00,2935.15,2950.40,0.60
2019-08-02 09:00:00,2933.90,2947.15,0.60
2019-08-02 11:00:00,2933.40,2945.27,0.60
2019-08-02 13:00:00,2914.63,2961.15,0.40
2019-08-02 15:00:00,2913.88,2933.63,0.40
2019-08-02 17:00:00,2916.73,2931.48,0.40
2019-08-02 19:00:00,2921.73,2945.30,0.40
2019-08-04 21:00:00,2926.16,2931.91,0.60
2019-08-04 23:00:00,2925.66,2932.16,0.60
2019-08-05 01:00:00,2899.16,2933.91,0.60
2019-08-05 03:00:00,2894.41,2902.91,0.60
2019-08-05 05:00:00,2896.78,2904.41,0.60
2019-08-05 07:00:00,2889.91,2905.91,0.60
2019-08-05 09:00:00,2887.66,2902.16,0.60
2019-08-05 11:00:00,2885.66,2895.66,0.60
2019-08-05 13:00:00,2861.68,2888.66,0.40
2019-08-05 15:00:00,2846.70,2877.68,0.40
2019-08-05 17:00:00,2830.36,2859.20,0.40
2019-08-05 19:00:00,2821.49,2852.18,0.40
2019-08-05 21:00:00,2783.96,2827.54,0.60
2019-08-05 23:00:00,2777.21,2799.21,0.60
2019-08-06 01:00:00,2794.96,2824.33,0.60
2019-08-06 03:00:00,2810.21,2851.33,0.60
2019-08-06 05:00:00,2833.46,2842.46,0.60
2019-08-06 07:00:00,2835.21,2856.21,0.60
2019-08-06 09:00:00,2852.71,2860.96,0.60
2019-08-06 11:00:00,2852.96,2866.21,0.60
2019-08-06 13:00:00,2851.46,2873.46,0.40
2019-08-06 15:00:00,2847.37,2864.37,0.40
2019-08-06 17:00:00,2855.62,2884.40,0.40
2019-08-06 19:00:00,2871.96,2884.71,0.40
2019-08-06 21:00:00,2873.63,2877.37,0.60
2019-08-06 23:00:00,2865.13,2873.88,0.60
2019-08-07 01:00:00,2856.13,2875.13,0.60
2019-08-07 03:00:00,2855.88,2864.63,0.60
2019-08-07 05:00:00,2859.63,2874.13,0.60
2019-08-07 07:00:00,2867.88,2886.63,0.60
2019-08-07 09:00:00,2882.38,2890.13,0.60
2019-08-07 11:00:00,2846.38,2885.75,0.60
2019-08-07 13:00:00,2824.13,2869.03,0.40
2019-08-07 15:00:00,2846.28,2868.03,0.40
2019-08-07 17:00:00,2861.10,2885.85,0.40
2019-08-07 19:00:00,2877.10,2892.60,0.40
2019-08-07 21:00:00,2876.62,2884.12,0.60
2019-08-07 23:00:00,2872.87,2886.12,0.60
2019-08-08 01:00:00,2871.12,2893.37,0.60
2019-08-08 03:00:00,2883.87,2895.12,0.60
2019-08-08 05:00:00,2891.12,2896.87,0.60
2019-08-08 07:00:00,2881.62,2895.37,0.60
2019-08-08 09:00:00,2886.87,2894.37,0.60
2019-08-08 11:00:00,2883.74,2893.87,0.60
2019-08-08 13:00:00,2893.12,2918.58,0.40
2019-08-08 15:00:00,2912.83,2932.58,0.40
2019-08-08 17:00:00,2925.13,2934.33,0.40
2019-08-08 19:00:00,2927.13,2940.98,0.40
2019-08-08 21:00:00,2916.06,2939.58,0.60
2019-08-08 23:00:00,2921.06,2935.81,0.60
2019-08-09 01:00:00,2925.06,2932.06,0.60
2019-08-09 03:00:00,2923.31,2929.06,0.60
2019-08-09 05:00:00,2925.56,2930.56,0.60
2019-08-09 07:00:00,2922.81,2930.56,0.60
2019-08-09 09:00:00,2920.81,2929.81,0.60
2019-08-09 11:00:00,2918.06,2927.31,0.60
2019-08-09 13:00:00,2907.81,2935.56,0.40
2019-08-09 15:00:00,2899.90,2923.83,0.40
2019-08-09 17:00:00,2913.58,2928.33,0.40
2019-08-09 19:00:00,2917.09,2932.84,0.60
2019-08-11 21:00:00,2919.84,2926.34,0.60
2019-08-11 23:00:00,2912.84,2921.59,0.60
2019-08-12 01:00:00,2917.59,2927.59,0.60
2019-08-12 03:00:00,2921.59,2927.59,0.60
2019-08-12 05:00:00,2921.09,2927.84,0.60
2019-08-12 07:00:00,2904.59,2930.59,0.60
2019-08-12 09:00:00,2895.34,2908.84,0.60
2019-08-12 11:00:00,2892.84,2906.09,0.60
2019-08-12 13:00:00,2893.34,2908.04,0.40
2019-08-12 15:00:00,2888.29,2902.54,0.40
2019-08-12 17:00:00,2872.72,2896.22,0.40
2019-08-12 19:00:00,2875.22,2885.06,0.40
2019-08-12 21:00:00,2880.27,2884.77,0.60
2019-08-12 23:00:00,2881.77,2888.52,0.60
2019-08-13 01:00:00,2881.02,2889.52,0.60
2019-08-13 03:00:00,2884.02,2887.27,0.60
2019-08-13 05:00:00,2871.27,2887.52,0.60
2019-08-13 07:00:00,2870.77,2882.77,0.60
2019-08-13 09:00:00,2866.52,2880.77,0.60
2019-08-13 11:00:00,2867.77,2880.52,0.60
2019-08-13 13:00:00,2872.02,2944.13,0.60
2019-08-13 15:00:00,2917.63,2937.38,0.40
2019-08-13 17:00:00,2922.45,2935.70,0.40
2019-08-13 19:00:00,2923.39,2932.92,0.40
2019-08-13 21:00:00,2927.05,2932.05,0.60
2019-08-13 23:00:00,2926.55,2933.05,0.60
2019-08-14 01:00:00,2922.05,2935.05,0.60
2019-08-14 03:00:00,2923.05,2931.05,0.60
2019-08-14 05:00:00,2926.80,2931.80,0.60
2019-08-14 07:00:00,2917.05,2928.55,0.60
2019-08-14 09:00:00,2900.80,2920.30,0.60
2019-08-14 11:00:00,2884.55,2906.30,0.60
2019-08-14 13:00:00,2867.55,2894.05,0.40
2019-08-14 15:00:00,2843.57,2869.30,0.40
2019-08-14 17:00:00,2841.07,2861.32,0.40
2019-08-14 19:00:00,2834.66,2857.32,1.09
2019-08-14 21:00:00,2833.04,2840.04,0.60
2019-08-14 23:00:00,2834.54,2848.79,0.60
2019-08-15 01:00:00,2844.54,2856.54,0.60
2019-08-15 03:00:00,2844.04,2855.29,0.60
2019-08-15 05:00:00,2849.54,2864.04,0.60
2019-08-15 07:00:00,2849.79,2863.79,0.60
2019-08-15 09:00:00,2817.04,2859.04,0.60
2019-08-15 11:00:00,2827.79,2870.79,0.60
2019-08-15 13:00:00,2833.79,2860.04,0.40
2019-08-15 15:00:00,2834.43,2855.43,0.40
2019-08-15 17:00:00,2824.77,2851.02,0.40
2019-08-15 19:00:00,2842.77,2854.98,0.40
2019-08-15 21:00:00,2848.72,2857.01,1.19
2019-08-15 23:00:00,2848.76,2860.76,0.60
2019-08-16 01:00:00,2858.51,2864.76,0.60
2019-08-16 03:00:00,2861.01,2867.26,0.60
2019-08-16 05:00:00,2861.01,2868.51,0.60
2019-08-16 07:00:00,2860.51,2876.26,0.60
2019-08-16 09:00:00,2871.01,2877.51,0.60
2019-08-16 11:00:00,2870.51,2877.51,0.60
2019-08-16 13:00:00,2862.01,2890.98,0.60
2019-08-16 15:00:00,2882.73,2891.73,0.40
2019-08-16 17:00:00,2884.08,2892.23,0.40
2019-08-16 19:00:00,2884.64,2893.89,0.40
2019-08-18 21:00:00,2894.47,2905.84,0.60
2019-08-18 23:00:00,2899.97,2906.22,0.60
2019-08-19 01:00:00,2902.22,2905.97,0.60
2019-08-19 03:00:00,2904.72,2905.97,0.60
2019-08-19 05:00:00,2905.47,2916.97,0.60
2019-08-19 07:00:00,2909.97,2919.97,0.60
2019-08-19 09:00:00,2910.47,2922.22,0.60
2019-08-19 11:00:00,2916.97,2927.47,0.60
2019-08-19 13:00:00,2914.79,2924.97,0.40
2019-08-19 15:00:00,2921.29,2927.54,0.40
2019-08-19 17:00:00,2924.49,2931.24,0.40
2019-08-19 19:00:00,2919.91,2929.51,0.60
2019-08-19 21:00:00,2918.54,2922.04,0.60
2019-08-19 23:00:00,2915.16,2921.79,0.60
2019-08-20 01:00:00,2915.04,2925.54,0.60
2019-08-20 03:00:00,2923.54,2927.29,0.60
2019-08-20 05:00:00,2924.04,2931.29,0.60
2019-08-20 07:00:00,2922.79,2929.79,0.60
2019-08-20 09:00:00,2921.54,2927.54,0.60
2019-08-20 11:00:00,2919.29,2928.04,0.60
2019-08-20 13:00:00,2903.29,2922.29,0.40
2019-08-20 15:00:00,2913.54,2923.29,0.40
2019-08-20 17:00:00,2903.29,2918.29,0.40
2019-08-20 19:00:00,2893.33,2909.54,0.60
2019-08-20 21:00:00,2892.33,2898.71,0.60
2019-08-20 23:00:00,2895.71,2902.96,0.60
2019-08-21 01:00:00,2900.46,2905.96,0.60
2019-08-21 03:00:00,2903.46,2905.96,0.60
2019-08-21 05:00:00,2904.21,2907.46,0.60
2019-08-21 07:00:00,2906.46,2919.21,0.60
2019-08-21 09:00:00,2915.96,2919.83,0.60
2019-08-21 11:00:00,2915.96,2923.46,0.60
2019-08-21 13:00:00,2919.95,2928.46,0.40
2019-08-21 15:00:00,2920.95,2928.70,0.40
2019-08-21 17:00:00,2917.68,2927.45,0.40
2019-08-21 19:00:00,2918.68,2931.76,0.40
2019-08-21 21:00:00,2929.92,2937.92,0.60
2019-08-21 23:00:00,2929.80,2936.55,0.60
2019-08-22 01:00:00,2925.30,2933.80,0.60
2019-08-22 03:00:00,2924.30,2927.55,0.60
2019-08-22 05:00:00,2921.80,2927.55,0.60
2019-08-22 07:00:00,2921.80,2934.55,0.60
2019-08-22 09:00:00,2917.80,2925.80,0.60
2019-08-22 11:00:00,2922.80,2936.55,0.60
2019-08-22 13:00:00,2904.09,2938.80,0.40
2019-08-22 15:00:00,2905.59,2923.40,0.40
2019-08-22 17:00:00,2920.27,2929.65,0.40
2019-08-22 19:00:00,2919.55,2932.57,0.60
2019-08-22 21:00:00,2919.62,2923.68,0.95
2019-08-22 23:00:00,2918.43,2927.93,0.60
2019-08-23 01:00:00,2925.43,2932.68,0.60
2019-08-23 03:00:00,2930.68,2933.43,0.60
2019-08-23 05:00:00,2931.18,2936.43,0.60
2019-08-23 07:00:00,2930.55,2936.18,0.60
2019-08-23 09:00:00,2926.93,2935.18,0.60
2019-08-23 11:00:00,2902.43,2933.68,0.60
2019-08-23 13:00:00,2900.93,2927.90,0.40
2019-08-23 15:00:00,2863.65,2920.90,0.40
2019-08-23 17:00:00,2853.64,2869.65,0.40
2019-08-23 19:00:00,2834.66,2862.89,0.40
2019-08-23 21:00:00,2851.93,2851.93,1.50
2019-08-25 21:00:00,2810.81,2827.68,0.60
2019-08-25 23:00:00,2819.06,2834.06,0.60
2019-08-26 01:00:00,2823.81,2843.06,0.60
2019-08-26 03:00:00,2832.56,2842.81,0.60
2019-08-26 05:00:00,2828.81,2855.31,0.60
2019-08-26 07:00:00,2852.81,2880.81,0.60
2019-08-26 09:00:00,2864.81,2888.31,0.60
2019-08-26 11:00:00,2866.06,2880.81,0.60
2019-08-26 13:00:00,2855.90,2877.81,0.40
2019-08-26 15:00:00,2862.90,2878.90,0.40
2019-08-26 17:00:00,2864.34,2878.09,0.40
2019-08-26 19:00:00,2866.64,2884.03,0.40
2019-08-26 21:00:00,2880.37,2884.62,0.60
2019-08-26 23:00:00,2875.37,2881.37,0.60
2019-08-27 01:00:00,2877.87,2887.12,0.60
2019-08-27 03:00:00,2881.24,2886.87,0.60
2019-08-27 05:00:00,2873.12,2883.37,0.60
2019-08-27 07:00:00,2869.62,2878.87,0.60
2019-08-27 09:00:00,2873.87,2886.62,0.60
2019-08-27 11:00:00,2882.62,2896.12,0.60
2019-08-27 13:00:00,2882.72,2899.37,0.40
2019-08-27 15:00:00,2860.68,2885.97,0.40
2019-08-27 17:00:00,2860.43,2877.68,0.40
2019-08-27 19:00:00,2862.31,2881.68,0.60
2019-08-27 21:00:00,2865.08,2873.19,1.06
2019-08-27 23:00:00,2868.19,2876.19,0.60
2019-08-28 01:00:00,2869.94,2877.19,0.60
2019-08-28 03:00:00,2872.19,2876.69,0.60
2019-08-28 05:00:00,2873.19,2876.44,0.60
2019-08-28 07:00:00,2862.94,2876.44,0.60
2019-08-28 09:00:00,2865.44,2874.19,0.60
2019-08-28 11:00:00,2853.69,2869.19,0.60
2019-08-28 13:00:00,2851.69,2881.74,0.40
2019-08-28 15:00:00,2875.24,2887.86,0.40
2019-08-28 17:00:00,2879.75,2889.75,0.40
2019-08-28 19:00:00,2880.76,2890.50,0.60
2019-08-28 21:00:00,2882.21,2887.30,0.96
2019-08-28 23:00:00,2881.39,2885.64,0.60
2019-08-29 01:00:00,2874.89,2882.64,0.60
2019-08-29 03:00:00,2878.14,2881.89,0.60
2019-08-29 05:00:00,2880.39,2885.14,0.60
2019-08-29 07:00:00,2879.14,2910.14,0.60
2019-08-29 09:00:00,2908.89,2918.39,0.60
2019-08-29 11:00:00,2913.39,2919.14,0.60
2019-08-29 13:00:00,2904.89,2924.89,0.40
2019-08-29 15:00:00,2914.64,2928.30,0.40
2019-08-29 17:00:00,2924.30,2930.55,0.40
2019-08-29 19:00:00,2921.66,2927.41,0.40
2019-08-29 21:00:00,2921.14,2924.32,0.60
2019-08-29 23:00:00,2920.27,2926.27,0.60
2019-08-30 01:00:00,2924.27,2933.77,0.60
2019-08-30 03:00:00,2930.52,2933.14,0.60
2019-08-30 05:00:00,2922.27,2931.27,0.60
2019-08-30 07:00:00,2923.39,2941.02,0.60
2019-08-30 09:00:00,2939.39,2946.27,0.60
2019-08-30 11:00:00,2940.52,2945.52,0.60
2019-08-30 13:00:00,2929.45,2943.27,0.40
2019-08-30 15:00:00,2913.07,2930.70,0.40
2019-08-30 17:00:00,2918.69,2928.44,0.40
2019-08-30 19:00:00,2915.69,2929.44,0.40
2019-08-30 21:00:00,2923.40,2923.40,1.50
2019-09-01 21:00:00,2896.11,2907.61,0.60
2019-09-01 23:00:00,2904.74,2911.24,0.60
2019-09-02 01:00:00,2906.99,2915.24,0.60
2019-09-02 03:00:00,2905.99,2912.99,0.60
2019-09-02 05:00:00,2909.99,2914.74,0.60
2019-09-02 07:00:00,2911.24,2919.74,0.60
2019-09-02 09:00:00,2915.24,2926.24,0.60
2019-09-02 11:00:00,2916.99,2924.49,0.60
2019-09-02 13:00:00,2910.74,2918.74,0.60
2019-09-02 15:00:00,2888.99,2917.99,0.60
2019-09-02 17:00:00,2899.53,2900.98,1.50
2019-09-02 19:00:00,2900.77,2901.58,1.50
2019-09-02 21:00:00,2898.16,2908.79,0.60
2019-09-02 23:00:00,2901.79,2908.04,0.60
2019-09-03 01:00:00,2903.29,2914.79,0.60
2019-09-03 03:00:00,2907.29,2911.79,0.60
2019-09-03 05:00:00,2897.04,2913.54,0.60
2019-09-03 07:00:00,2894.29,2910.54,0.60
2019-09-03 09:00:00,2894.04,2908.54,0.60
2019-09-03 11:00:00,2901.29,2912.29,0.60
2019-09-03 13:00:00,2890.79,2914.04,0.40
2019-09-03 15:00:00,2896.58,2909.33,0.40
2019-09-03 17:00:00,2894.68,2904.18,0.40
2019-09-03 19:00:00,2898.68,2909.19,0.40
2019-09-03 21:00:00,2903.06,2907.44,0.60
2019-09-03 23:00:00,2902.19,2907.81,0.60
2019-09-04 01:00:00,2906.94,2918.19,0.60
2019-09-04 03:00:00,2913.19,2924.94,0.60
2019-09-04 05:00:00,2922.44,2932.69,0.60
2019-09-04 07:00:00,2926.69,2936.19,0.60
2019-09-04 09:00:00,2926.69,2934.94,0.60
2019-09-04 11:00:00,2927.44,2933.44,0.60
2019-09-04 13:00:00,2921.74,2933.44,0.40
2019-09-04 15:00:00,2925.24,2934.36,0.40
2019-09-04 17:00:00,2928.86,2935.11,0.40
2019-09-04 19:00:00,2934.36,2938.88,0.40
2019-09-04 21:00:00,2935.92,2938.67,0.60
2019-09-04 23:00:00,2936.42,2944.42,0.60
2019-09-05 01:00:00,2940.92,2971.17,0.60
2019-09-05 03:00:00,2963.92,2967.92,0.60
2019-09-05 05:00:00,2956.42,2969.92,0.60
2019-09-05 07:00:00,2949.92,2960.67,0.60
2019-09-05 09:00:00,2957.92,2966.17,0.60
2019-09-05 11:00:00,2960.42,2965.44,0.60
2019-09-05 13:00:00,2964.34,2985.97,1.50
2019-09-05 15:00:00,2973.56,2981.72,0.40
2019-09-05 17:00:00,2971.97,2977.72,0.40
2019-09-05 19:00:00,2968.94,2980.73,0.70
2019-09-05 21:00:00,2968.61,2974.12,1.50
2019-09-05 23:00:00,2973.37,2980.37,0.60
2019-09-06 01:00:00,2975.12,2981.62,0.60
2019-09-06 03:00:00,2976.12,2980.12,0.60
2019-09-06 05:00:00,2973.62,2979.87,0.60
2019-09-06 07:00:00,2977.12,2983.12,0.60
2019-09-06 09:00:00,2976.37,2985.12,0.60
2019-09-06 11:00:00,2977.74,2987.62,0.60
2019-09-06 13:00:00,2971.87,2983.78,0.40
2019-09-06 15:00:00,2975.51,2982.78,0.40
2019-09-06 17:00:00,2979.51,2985.01,0.40
2019-09-06 19:00:00,2976.45,2984.95,0.40
2019-09-08 21:00:00,2981.21,2984.71,0.60
2019-09-08 23:00:00,2980.21,2986.96,0.60
2019-09-09 01:00:00,2981.96,2988.21,0.60
2019-09-09 03:00:00,2984.71,2986.96,0.60
2019-09-09 05:00:00,2983.96,2987.21,0.60
2019-09-09 07:00:00,2983.96,2987.96,0.60
2019-09-09 09:00:00,2985.46,2988.96,0.60
2019-09-09 11:00:00,2986.46,2990.71,0.60
2019-09-09 13:00:00,2980.21,2990.96,0.40
2019-09-09 15:00:00,2968.73,2986.11,0.40
2019-09-09 17:00:00,2971.23,2976.98,0.40
2019-09-09 19:00:00,2971.98,2979.73,0.40
2019-09-09 21:00:00,2977.50,2980.99,1.50
2019-09-09 23:00:00,2979.99,2984.24,0.60
2019-09-10 01:00:00,2974.49,2983.74,0.60
2019-09-10 03:00:00,2974.49,2976.99,0.60
2019-09-10 05:00:00,2971.49,2974.74,0.60
2019-09-10 07:00:00,2964.99,2976.49,0.60
2019-09-10 09:00:00,2967.74,2974.49,0.60
2019-09-10 11:00:00,2970.74,2977.74,0.60
2019-09-10 13:00:00,2956.56,2971.99,0.40
2019-09-10 15:00:00,2957.56,2974.56,0.40
2019-09-10 17:00:00,2962.06,2973.31,0.40
2019-09-10 19:00:00,2964.00,2980.22,0.40
2019-09-10 21:00:00,2975.60,2979.18,0.60
2019-09-10 23:00:00,2973.85,2978.10,0.60
2019-09-11 01:00:00,2971.60,2976.10,0.60
2019-09-11 03:00:00,2975.60,2986.35,0.60
2019-09-11 05:00:00,2979.10,2984.35,0.60
2019-09-11 07:00:00,2976.60,2984.10,0.60
2019-09-11 09:00:00,2975.10,2980.60,0.60
2019-09-11 11:00:00,2977.10,2983.85,0.60
2019-09-11 13:00:00,2974.35,2987.92,0.40
2019-09-11 15:00:00,2986.17,2995.87,0.40
2019-09-11 17:00:00,2990.37,2996.12,0.40
2019-09-11 19:00:00,2991.87,3003.09,0.40
2019-09-11 21:00:00,3000.36,3002.09,0.82
2019-09-11 23:00:00,3000.72,3018.97,0.60
2019-09-12 01:00:00,3010.47,3017.72,0.60
2019-09-12 03:00:00,3011.72,3017.47,0.60
2019-09-12 05:00:00,3005.72,3012.97,0.60
2019-09-12 07:00:00,3004.47,3011.72,0.60
2019-09-12 09:00:00,3003.22,3006.97,0.60
2019-09-12 11:00:00,3001.72,3011.72,0.60
2019-09-12 13:00:00,3000.22,3019.88,0.40
2019-09-12 15:00:00,3003.38,3017.83,0.40
2019-09-12 17:00:00,3015.71,3020.96,0.40
2019-09-12 19:00:00,3006.77,3018.71,0.60
2019-09-12 21:00:00,3007.52,3013.65,1.50
2019-09-12 23:00:00,3010.40,3014.90,0.60
2019-09-13 01:00:00,3011.15,3015.65,0.60
2019-09-13 03:00:00,3013.65,3016.40,0.60
2019-09-13 05:00:00,3014.65,3017.40,0.60
2019-09-13 07:00:00,3014.40,3020.15,0.60
2019-09-13 09:00:00,3014.40,3022.15,0.60
2019-09-13 11:00:00,3015.40,3022.65,0.60
2019-09-13 13:00:00,3008.27,3015.95,0.40
2019-09-13 15:00:00,3008.77,3017.27,0.40
2019-09-13 17:00:00,3006.18,3011.93,0.40
2019-09-13 19:00:00,3002.43,3010.07,0.40
2019-09-13 21:00:00,3006.02,3006.02,1.50
2019-09-15 21:00:00,2984.60,2996.48,0.60
2019-09-15 23:00:00,2980.23,2995.98,0.60
2019-09-16 01:00:00,2982.73,2988.48,0.60
2019-09-16 03:00:00,2985.48,2989.98,0.60
2019-09-16 05:00:00,2986.23,2993.23,0.60
2019-09-16 07:00:00,2989.48,2996.23,0.60
2019-09-16 09:00:00,2988.23,2995.23,0.60
2019-09-16 11:00:00,2990.73,2997.48,0.60
2019-09-16 13:00:00,2992.73,3001.98,0.40
2019-09-16 15:00:00,2990.54,3001.54,0.40
2019-09-16 17:00:00,2993.93,2999.68,0.40
2019-09-16 19:00:00,2995.73,3002.06,0.40
2019-09-16 21:00:00,3000.42,3003.97,0.70
2019-09-16 23:00:00,2997.47,3003.47,0.60
2019-09-17 01:00:00,2993.72,3000.97,0.60
2019-09-17 03:00:00,2995.72,2997.47,0.60
2019-09-17 05:00:00,2992.72,2996.22,0.60
2019-09-17 07:00:00,2992.47,3000.47,0.60
2019-09-17 09:00:00,2992.97,2998.97,0.60
2019-09-17 11:00:00,2990.97,2999.47,0.60
2019-09-17 13:00:00,2991.47,2999.97,0.60
2019-09-17 15:00:00,2995.35,3001.51,0.40
2019-09-17 17:00:00,2995.35,3002.10,0.40
2019-09-17 19:00:00,2997.60,3005.99,0.40
2019-09-17 21:00:00,3003.10,3005.85,0.60
2019-09-17 23:00:00,3001.98,3004.98,0.60
2019-09-18 01:00:00,3001.23,3003.48,0.60
2019-09-18 03:00:00,3000.23,3002.98,0.60
2019-09-18 05:00:00,2999.73,3001.73,0.60
2019-09-18 07:00:00,2999.48,3003.98,0.60
2019-09-18 09:00:00,2999.73,3001.73,0.60
2019-09-18 11:00:00,2997.48,3002.48,0.60
2019-09-18 13:00:00,2994.73,3002.48,0.40
2019-09-18 15:00:00,2995.81,2998.56,0.40
2019-09-18 17:00:00,2977.98,3001.98,0.40
2019-09-18 19:00:00,2983.73,3010.11,0.40
2019-09-18 21:00:00,3005.74,3008.26,0.60
2019-09-18 23:00:00,3002.74,3007.99,0.60
2019-09-19 01:00:00,2998.24,3006.49,0.60
2019-09-19 03:00:00,2994.74,2999.24,0.60
2019-09-19 05:00:00,2994.99,2999.24,0.60
2019-09-19 07:00:00,2988.49,3002.74,0.60
2019-09-19 09:00:00,2997.24,3002.49,0.60
2019-09-19 11:00:00,2997.24,3011.99,0.60
2019-09-19 13:00:00,3010.19,3021.26,0.50
2019-09-19 15:00:00,3011.51,3022.26,0.40
2019-09-19 17:00:00,3007.58,3016.83,0.40
2019-09-19 19:00:00,3002.74,3012.24,0.40
2019-09-19 21:00:00,3003.40,3008.59,1.50
2019-09-19 23:00:00,3003.59,3009.34,0.60
2019-09-20 01:00:00,3007.34,3010.09,0.60
2019-09-20 03:00:00,3007.34,3009.34,0.60
2019-09-20 05:00:00,3004.84,3010.59,0.60
2019-09-20 07:00:00,3007.34,3011.59,0.60
2019-09-20 09:00:00,3007.84,3014.09,0.60
2019-09-20 11:00:00,3007.84,3012.59,0.60
2019-09-20 13:00:00,3009.59,3015.59,0.40
2019-09-20 15:00:00,3006.75,3012.34,0.40
2019-09-20 17:00:00,2983.91,3010.16,0.40
2019-09-20 19:00:00,2985.55,3001.16,0.60
2019-09-22 21:00:00,2997.18,3006.18,0.60
2019-09-22 23:00:00,3000.43,3003.93,0.60
2019-09-23 01:00:00,2997.93,3004.68,0.60
2019-09-23 03:00:00,2998.68,3000.43,0.60
2019-09-23 05:00:00,2998.30,3002.55,0.60
2019-09-23 07:00:00,2980.68,3004.18,0.60
2019-09-23 09:00:00,2981.18,2990.43,0.60
2019-09-23 11:00:00,2984.93,2990.18,0.60
2019-09-23 13:00:00,2982.18,2993.18,0.40
2019-09-23 15:00:00,2986.29,2996.54,0.40
2019-09-23 17:00:00,2993.16,2997.41,0.40
2019-09-23 19:00:00,2991.39,2999.65,0.40
2019-09-23 21:00:00,2998.72,3001.40,1.22
2019-09-23 23:00:00,3001.28,3010.28,0.60
2019-09-24 01:00:00,3002.03,3007.28,0.60
2019-09-24 03:00:00,3002.03,3005.53,0.60
2019-09-24 05:00:00,3000.78,3006.78,0.60
2019-09-24 07:00:00,2999.78,3003.78,0.60
2019-09-24 09:00:00,3002.53,3005.65,0.60
2019-09-24 11:00:00,3000.78,3007.78,0.60
2019-09-24 13:00:00,2995.69,3007.28,0.40
2019-09-24 15:00:00,2960.26,2998.69,0.40
2019-09-24 17:00:00,2957.26,2978.26,0.40
2019-09-24 19:00:00,2959.61,2972.36,0.40
2019-09-24 21:00:00,2966.11,2972.11,0.60
2019-09-24 23:00:00,2966.86,2975.36,0.60
2019-09-25 01:00:00,2969.36,2977.61,0.60
2019-09-25 03:00:00,2974.11,2976.36,0.60
2019-09-25 05:00:00,2968.23,2976.11,0.60
2019-09-25 07:00:00,2958.98,2971.86,0.60
2019-09-25 09:00:00,2955.36,2964.36,0.60
2019-09-25 11:00:00,2961.36,2970.36,0.60
2019-09-25 13:00:00,2952.61,2975.15,0.40
2019-09-25 15:00:00,2970.52,2978.40,0.40
2019-09-25 17:00:00,2972.75,2984.75,0.40
2019-09-25 19:00:00,2983.25,2990.12,0.40
2019-09-25 21:00:00,2983.53,2987.19,0.92
2019-09-25 23:00:00,2980.19,2984.94,0.60
2019-09-26 01:00:00,2980.44,2984.19,0.60
2019-09-26 03:00:00,2979.44,2982.94,0.60
2019-09-26 05:00:00,2977.19,2982.69,0.60
2019-09-26 07:00:00,2978.19,2993.69,0.60
2019-09-26 09:00:00,2988.19,2991.44,0.60
2019-09-26 11:00:00,2984.94,2992.19,0.60
2019-09-26 13:00:00,2971.43,2988.94,0.40
2019-09-26 15:00:00,2963.43,2976.93,0.40
2019-09-26 17:00:00,2969.91,2984.41,0.40
2019-09-26 19:00:00,2975.92,2987.42,0.40
2019-09-26 21:00:00,2977.46,2981.50,1.42
2019-09-26 23:00:00,2972.75,2980.50,0.60
2019-09-27 01:00:00,2970.25,2976.50,0.60
2019-09-27 03:00:00,2972.75,2975.75,0.60
2019-09-27 05:00:00,2974.75,2984.50,0.60
2019-09-27 07:00:00,2980.25,2987.50,0.60
2019-09-27 09:00:00,2983.75,2991.50,0.60
2019-09-27 11:00:00,2985.25,2989.37,0.60
2019-09-27 13:00:00,2971.77,2988.25,0.40
2019-09-27 15:00:00,2957.52,2985.52,0.40
2019-09-27 17:00:00,2945.37,2964.77,0.40
2019-09-27 19:00:00,2946.62,2968.05,0.40
2019-09-27 21:00:00,2967.19,2967.19,1.50
2019-09-29 21:00:00,2964.68,2979.18,0.60
2019-09-29 23:00:00,2966.68,2971.43,0.60
2019-09-30 01:00:00,2969.93,2977.18,0.60
2019-09-30 03:00:00,2972.05,2976.43,0.60
2019-09-30 05:00:00,2970.68,2976.18,0.60
2019-09-30 07:00:00,2971.18,2977.55,0.60
2019-09-30 09:00:00,2968.68,2975.93,0.60
2019-09-30 11:00:00,2963.68,2972.43,0.60
2019-09-30 13:00:00,2963.93,2976.51,0.60
2019-09-30 15:00:00,2971.51,2983.38,0.40
2019-09-30 17:00:00,2979.04,2983.79,0.40
2019-09-30 19:00:00,2974.28,2985.02,0.40
2019-09-30 21:00:00,2981.65,2985.65,0.60
2019-09-30 23:00:00,2980.90,2986.90,0.60
2019-10-01 01:00:00,2986.52,2990.90,0.60
2019-10-01 03:00:00,2987.15,2990.40,0.60
2019-10-01 05:00:00,2987.65,2992.15,0.60
2019-10-01 07:00:00,2983.65,2993.15,0.60
2019-10-01 09:00:00,2981.90,2986.40,0.60
2019-10-01 11:00:00,2981.40,2987.65,0.60
2019-10-01 13:00:00,2961.75,2992.65,0.40
2019-10-01 15:00:00,2946.50,2964.50,0.40
2019-10-01 17:00:00,2938.08,2949.83,0.40
2019-10-01 19:00:00,2936.72,2950.08,0.60
2019-10-01 21:00:00,2939.22,2944.85,0.60
2019-10-01 23:00:00,2942.60,2948.60,0.60
2019-10-02 01:00:00,2940.35,2946.10,0.60
2019-10-02 03:00:00,2942.35,2945.10,0.60
2019-10-02 05:00:00,2938.35,2945.35,0.60
2019-10-02 07:00:00,2921.85,2941.85,0.60
2019-10-02 09:00:00,2916.85,2926.10,0.60
2019-10-02 11:00:00,2918.60,2927.35,0.60
2019-10-02 13:00:00,2887.51,2923.85,0.40
2019-10-02 15:00:00,2874.23,2896.13,0.40
2019-10-02 17:00:00,2875.36,2893.36,0.40
2019-10-02 19:00:00,2879.33,2897.93,0.60
2019-10-02 21:00:00,2882.71,2887.46,0.60
2019-10-02 23:00:00,2881.96,2890.96,0.60
2019-10-03 01:00:00,2883.96,2892.21,0.60
2019-10-03 03:00:00,2885.96,2891.21,0.60
2019-10-03 05:00:00,2881.46,2892.46,0.60
2019-10-03 07:00:00,2886.96,2894.46,0.60
2019-10-03 09:00:00,2885.21,2892.96,0.60
2019-10-03 11:00:00,2878.21,2888.21,0.60
2019-10-03 13:00:00,2855.21,2891.71,0.40
2019-10-03 15:00:00,2878.45,2903.64,0.40
2019-10-03 17:00:00,2899.39,2909.89,0.40
2019-10-03 19:00:00,2898.69,2913.43,0.40
2019-10-03 21:00:00,2909.67,2912.93,0.60
2019-10-03 23:00:00,2906.67,2910.67,0.60
2019-10-04 01:00:00,2906.17,2910.42,0.60
2019-10-04 03:00:00,2906.92,2911.17,0.60
2019-10-04 05:00:00,2905.17,2918.67,0.60
2019-10-04 07:00:00,2904.17,2910.67,0.60
2019-10-04 09:00:00,2898.92,2906.17,0.60
2019-10-04 11:00:00,2900.17,2921.92,0.60
2019-10-04 13:00:00,2917.42,2934.67,0.60
2019-10-04 15:00:00,2924.30,2939.05,0.40
2019-10-04 17:00:00,2935.06,2944.81,0.40
2019-10-04 19:00:00,2942.81,2953.71,0.40
2019-10-04 21:00:00,2951.46,2951.46,1.50
2019-10-06 21:00:00,2931.32,2941.45,0.60
2019-10-06 23:00:00,2936.70,2943.45,0.60
2019-10-07 01:00:00,2935.70,2939.45,0.60
2019-10-07 03:00:00,2936.95,2940.45,0.60
2019-10-07 05:00:00,2938.20,2941.95,0.60
2019-10-07 07:00:00,2935.70,2943.45,0.60
2019-10-07 09:00:00,2935.95,2946.95,0.60
2019-10-07 11:00:00,2942.95,2947.20,0.60
2019-10-07 13:00:00,2934.95,2949.25,0.40
2019-10-07 15:00:00,2948.00,2956.00,0.40
2019-10-07 17:00:00,2939.89,2959.89,0.40
2019-10-07 19:00:00,2935.90,2949.22,0.60
2019-10-07 21:00:00,2934.78,2938.53,0.60
2019-10-07 23:00:00,2936.78,2943.78,0.60
2019-10-08 01:00:00,2941.03,2948.03,0.60
2019-10-08 03:00:00,2947.03,2950.28,0.60
2019-10-08 05:00:00,2944.78,2950.78,0.60
2019-10-08 07:00:00,2933.53,2946.78,0.60
2019-10-08 09:00:00,2919.28,2937.03,0.60
2019-10-08 11:00:00,2911.40,2923.78,0.60
2019-10-08 13:00:00,2897.78,2922.28,0.40
2019-10-08 15:00:00,2895.78,2918.03,0.40
2019-10-08 17:00:00,2904.34,2925.84,0.40
2019-10-08 19:00:00,2891.12,2918.59,0.60
2019-10-08 21:00:00,2889.62,2896.12,0.60
2019-10-08 23:00:00,2889.12,2900.37,0.60
2019-10-09 01:00:00,2897.62,2903.62,0.60
2019-10-09 03:00:00,2897.12,2903.62,0.60
2019-10-09 05:00:00,2893.37,2901.49,0.60
2019-10-09 07:00:00,2892.62,2908.62,0.60
2019-10-09 09:00:00,2906.12,2931.12,0.60
2019-10-09 11:00:00,2913.37,2921.62,0.60
2019-10-09 13:00:00,2908.12,2918.87,0.40
2019-10-09 15:00:00,2907.13,2920.00,0.40
2019-10-09 17:00:00,2916.20,2926.95,0.40
2019-10-09 19:00:00,2915.24,2929.55,0.60
2019-10-09 21:00:00,2881.99,2923.49,0.60
2019-10-09 23:00:00,2883.24,2917.49,0.60
2019-10-10 01:00:00,2895.74,2922.49,0.60
2019-10-10 03:00:00,2910.99,2916.24,0.60
2019-10-10 05:00:00,2913.24,2919.24,0.60
2019-10-10 07:00:00,2906.99,2920.49,0.60
2019-10-10 09:00:00,2913.24,2923.24,0.60
2019-10-10 11:00:00,2909.49,2917.49,0.60
2019-10-10 13:00:00,2914.24,2944.67,0.60
2019-10-10 15:00:00,2934.17,2948.92,0.40
2019-10-10 17:00:00,2926.83,2943.08,0.40
2019-10-10 19:00:00,2933.83,2953.98,0.40
2019-10-10 21:00:00,2944.36,2957.36,0.60
2019-10-10 23:00:00,2942.11,2949.11,0.60
2019-10-11 01:00:00,2943.36,2948.61,0.60
2019-10-11 03:00:00,2947.48,2954.61,0.60
2019-10-11 05:00:00,2948.36,2956.11,0.60
2019-10-11 07:00:00,2949.86,2966.11,0.60
2019-10-11 09:00:00,2965.86,2972.36,0.60
2019-10-11 11:00:00,2966.11,2974.11,0.60
2019-10-11 13:00:00,2966.36,2985.86,0.60
2019-10-11 15:00:00,2967.53,2993.53,0.40
2019-10-11 17:00:00,2977.49,2990.99,0.40
2019-10-11 19:00:00,2963.58,2992.33,0.60
2019-10-13 21:00:00,2968.83,2979.08,0.60
2019-10-13 23:00:00,2974.08,2982.08,0.60
2019-10-14 01:00:00,2968.83,2978.08,0.60
2019-10-14 03:00:00,2975.33,2980.08,0.60
2019-10-14 05:00:00,2972.08,2977.08,0.60
2019-10-14 07:00:00,2964.33,2974.58,0.60
2019-10-14 09:00:00,2953.83,2969.58,0.60
2019-10-14 11:00:00,2959.58,2968.08,0.60
2019-10-14 13:00:00,2960.83,2971.58,0.60
2019-10-14 15:00:00,2965.58,2972.08,0.40
2019-10-14 17:00:00,2964.58,2970.83,0.40
2019-10-14 19:00:00,2963.32,2969.33,0.60
2019-10-14 21:00:00,2965.57,2969.32,1.50
2019-10-14 23:00:00,2967.32,2973.32,0.60
2019-10-15 01:00:00,2969.07,2973.32,0.60
2019-10-15 03:00:00,2969.32,2973.57,0.60
2019-10-15 05:00:00,2972.07,2981.82,0.60
2019-10-15 07:00:00,2975.32,2982.07,0.60
2019-10-15 09:00:00,2971.32,2979.82,0.60
2019-10-15 11:00:00,2972.07,2977.82,0.60
2019-10-15 13:00:00,2973.07,3000.07,0.60
2019-10-15 15:00:00,2995.50,3001.75,0.40
2019-10-15 17:00:00,2998.00,3004.00,0.40
2019-10-15 19:00:00,2994.87,3000.82,0.60
2019-10-15 21:00:00,2994.62,2997.75,0.60
2019-10-15 23:00:00,2988.37,2996.62,0.60
2019-10-16 01:00:00,2988.62,2993.37,0.60
2019-10-16 03:00:00,2986.62,2991.62,0.60
2019-10-16 05:00:00,2987.37,2995.62,0.60
2019-10-16 07:00:00,2986.62,2994.37,0.60
2019-10-16 09:00:00,2984.87,2992.12,0.60
2019-10-16 11:00:00,2988.37,2997.12,0.60
2019-10-16 13:00:00,2984.87,2996.32,0.40
2019-10-16 15:00:00,2987.91,2997.70,0.40
2019-10-16 17:00:00,2985.91,2993.16,0.40
2019-10-16 19:00:00,2987.41,2992.72,0.40
2019-10-16 21:00:00,2988.45,2992.98,0.60
2019-10-16 23:00:00,2985.95,2990.45,0.60
2019-10-17 01:00:00,2988.45,2992.70,0.60
2019-10-17 03:00:00,2989.20,2991.20,0.60
2019-10-17 05:00:00,2985.45,2990.57,0.60
2019-10-17 07:00:00,2985.95,2997.45,0.60
2019-10-17 09:00:00,2991.95,3006.70,0.60
2019-10-17 11:00:00,2996.70,3003.95,0.60
2019-10-17 13:00:00,2997.88,3008.38,0.40
2019-10-17 15:00:00,2991.13,3001.63,0.40
2019-10-17 17:00:00,2996.28,3002.53,0.40
2019-10-17 19:00:00,2996.94,3002.78,0.40
2019-10-17 21:00:00,2995.86,2999.59,0.60
2019-10-17 23:00:00,2994.36,2999.11,0.60
2019-10-18 01:00:00,2993.86,2999.86,0.60
2019-10-18 03:00:00,2992.61,2995.86,0.60
2019-10-18 05:00:00,2990.61,2995.36,0.60
2019-10-18 07:00:00,2989.86,2997.86,0.60
2019-10-18 09:00:00,2995.11,2999.98,0.60
2019-10-18 11:00:00,2998.36,3001.61,0.60
2019-10-18 13:00:00,2987.61,2999.86,0.40
2019-10-18 15:00:00,2976.11,2995.61,0.40
2019-10-18 17:00:00,2984.36,2993.05,0.40
2019-10-18 19:00:00,2985.53,2995.30,0.60
2019-10-18 21:00:00,2989.90,2989.90,1.50
2019-10-20 21:00:00,2984.53,2991.53,0.60
2019-10-20 23:00:00,2988.28,2996.03,0.60
2019-10-21 01:00:00,2994.28,2997.78,0.60
2019-10-21 03:00:00,2995.28,2996.53,0.60
2019-10-21 05:00:00,2992.28,2995.78,0.60
2019-10-21 07:00:00,2990.28,2998.03,0.60
2019-10-21 09:00:00,2992.78,2998.03,0.60
2019-10-21 11:00:00,2994.78,3002.53,0.60
2019-10-21 13:00:00,2995.28,3004.28,0.40
2019-10-21 15:00:00,2999.84,3005.33,0.40
2019-10-21 17:00:00,3001.83,3006.58,0.40
2019-10-21 19:00:00,3004.10,3007.98,0.40
2019-10-21 21:00:00,3005.63,3007.78,0.60
2019-10-21 23:00:00,3005.63,3013.88,0.60
2019-10-22 01:00:00,3010.38,3014.38,0.60
2019-10-22 03:00:00,3010.63,3013.13,0.60
2019-10-22 05:00:00,3008.88,3013.13,0.60
2019-10-22 07:00:00,3001.50,3010.13,0.60
2019-10-22 09:00:00,3003.63,3008.00,0.60
2019-10-22 11:00:00,3007.13,3012.63,0.60
2019-10-22 13:00:00,3008.32,3014.57,0.40
2019-10-22 15:00:00,3007.57,3014.57,0.40
2019-10-22 17:00:00,3000.27,3013.77,0.40
2019-10-22 19:00:00,2988.73,3005.47,0.60
2019-10-22 21:00:00,2990.29,2994.61,1.50
2019-10-22 23:00:00,2982.61,2994.11,0.60
2019-10-23 01:00:00,2984.86,2990.11,0.60
2019-10-23 03:00:00,2985.11,2990.11,0.60
2019-10-23 05:00:00,2988.36,2992.11,0.60
2019-10-23 07:00:00,2988.11,2995.73,0.60
2019-10-23 09:00:00,2987.36,2997.86,0.60
2019-10-23 11:00:00,2984.36,2993.61,0.60
2019-10-23 13:00:00,2990.36,3001.42,0.40
2019-10-23 15:00:00,2998.17,3003.42,0.40
2019-10-23 17:00:00,2993.58,3000.58,0.40
2019-10-23 19:00:00,2995.08,3007.05,0.40
2019-10-23 21:00:00,3006.44,3010.72,1.50
2019-10-23 23:00:00,3005.72,3009.22,0.60
2019-10-24 01:00:00,3004.72,3008.22,0.60
2019-10-24 03:00:00,3005.72,3007.22,0.60
2019-10-24 05:00:00,3004.22,3009.22,0.60
2019-10-24 07:00:00,3003.97,3012.97,0.60
2019-10-24 09:00:00,3007.97,3010.72,0.60
2019-10-24 11:00:00,3009.47,3013.72,0.60
2019-10-24 13:00:00,2999.72,3015.97,0.40
2019-10-24 15:00:00,3000.88,3012.88,0.40
2019-10-24 17:00:00,3001.73,3007.98,0.40
2019-10-24 19:00:00,3003.34,3012.27,0.60
2019-10-24 21:00:00,3003.32,3005.72,0.90
2019-10-24 23:00:00,3001.47,3007.22,0.60
2019-10-25 01:00:00,3002.47,3006.97,0.60
2019-10-25 03:00:00,3004.47,3006.22,0.60
2019-10-25 05:00:00,3005.47,3009.22,0.60
2019-10-25 07:00:00,3005.59,3010.72,0.60
2019-10-25 09:00:00,3005.84,3009.47,0.60
2019-10-25 11:00:00,3002.22,3009.47,0.60
2019-10-25 13:00:00,3001.47,3019.76,0.60
2019-10-25 15:00:00,3017.89,3027.89,0.40
2019-10-25 17:00:00,3018.33,3025.08,0.40
2019-10-25 19:00:00,3020.01,3024.26,0.60
2019-10-25 21:00:00,3021.02,3021.02,1.50
2019-10-27 22:00:00,3024.13,3027.26,0.60
2019-10-28 00:00:00,3024.26,3027.51,0.60
2019-10-28 02:00:00,3025.51,3027.26,0.60
2019-10-28 04:00:00,3025.51,3027.51,0.60
2019-10-28 06:00:00,3025.26,3028.51,0.60
2019-10-28 08:00:00,3025.51,3030.26,0.60
2019-10-28 10:00:00,3026.51,3030.51,0.60
2019-10-28 12:00:00,3029.26,3042.01,0.60
2019-10-28 14:00:00,3036.37,3044.01,0.40
2019-10-28 16:00:00,3037.37,3041.12,0.40
2019-10-28 18:00:00,3038.42,3042.42,0.40
2019-10-28 20:00:00,3036.63,3040.75,0.60
2019-10-28 22:00:00,3037.88,3040.63,0.60
2019-10-29 00:00:00,3039.13,3042.13,0.60
2019-10-29 02:00:00,3038.88,3040.63,0.60
2019-10-29 04:00:00,3038.63,3040.13,0.60
2019-10-29 06:00:00,3038.63,3040.13,0.60
2019-10-29 08:00:00,3033.13,3039.63,0.60
2019-10-29 10:00:00,3031.88,3036.38,0.60
2019-10-29 12:00:00,3031.13,3041.13,0.60
2019-10-29 14:00:00,3035.88,3047.38,0.40
2019-10-29 16:00:00,3035.13,3045.63,0.40
2019-10-29 18:00:00,3035.05,3043.25,0.40
2019-10-29 20:00:00,3035.38,3038.67,1.44
2019-10-29 22:00:00,3036.05,3039.05,0.60
2019-10-30 00:00:00,3033.80,3038.30,0.60
2019-10-30 02:00:00,3033.80,3036.42,0.60
2019-10-30 04:00:00,3033.80,3036.30,0.60
2019-10-30 06:00:00,3034.05,3036.30,0.60
2019-10-30 08:00:00,3034.55,3037.55,0.60
2019-10-30 10:00:00,3035.55,3039.55,0.60
2019-10-30 12:00:00,3032.05,3040.55,0.40
2019-10-30 14:00:00,3025.05,3036.05,0.40
2019-10-30 16:00:00,3029.83,3036.80,0.40
2019-10-30 18:00:00,3027.46,3050.46,0.40
2019-10-30 20:00:00,3046.26,3056.88,0.60
2019-10-30 22:00:00,3049.63,3053.88,0.60
2019-10-31 00:00:00,3047.26,3051.76,0.60
2019-10-31 02:00:00,3046.51,3050.26,0.60
2019-10-31 04:00:00,3049.01,3050.51,0.60
2019-10-31 06:00:00,3048.26,3051.76,0.60
2019-10-31 08:00:00,3035.76,3053.26,0.60
2019-10-31 10:00:00,3037.26,3042.26,0.60
2019-10-31 12:00:00,3037.76,3047.76,0.40
2019-10-31 14:00:00,3022.01,3037.76,0.40
2019-10-31 16:00:00,3023.73,3032.38,0.40
2019-10-31 18:00:00,3023.35,3039.23,0.40
2019-10-31 20:00:00,3036.86,3040.46,0.80
2019-10-31 22:00:00,3035.17,3038.04,0.60
2019-11-01 00:00:00,3036.42,3045.17,0.60
2019-11-01 02:00:00,3043.67,3045.54,0.60
2019-11-01 04:00:00,3043.92,3046.67,0.60
2019-11-01 06:00:00,3042.17,3046.42,0.60
2019-11-01 08:00:00,3041.42,3045.67,0.60
2019-11-01 10:00:00,3040.67,3044.92,0.60
2019-11-01 12:00:00,3040.17,3058.67,0.60
2019-11-01 14:00:00,3052.92,3063.92,0.40
2019-11-01 16:00:00,3055.51,3065.13,0.40
2019-11-01 18:00:00,3060.38,3066.63,0.40
2019-11-01 20:00:00,3064.11,3066.84,1.05
2019-11-03 22:00:00,3066.84,3070.84,0.60
2019-11-04 00:00:00,3068.59,3070.84,0.60
2019-11-04 02:00:00,3069.59,3073.59,0.60
2019-11-04 04:00:00,3071.59,3072.34,0.60
2019-11-04 06:00:00,3070.59,3073.59,0.60
2019-11-04 08:00:00,3071.59,3078.59,0.60
2019-11-04 10:00:00,3078.34,3081.84,0.60
2019-11-04 12:00:00,3078.59,3085.59,0.60
2019-11-04 14:00:00,3078.34,3084.84,0.40
2019-11-04 16:00:00,3077.41,3083.24,0.40
2019-11-04 18:00:00,3078.78,3081.41,0.40
2019-11-04 20:00:00,3074.66,3080.20,0.40
2019-11-04 22:00:00,3076.18,3087.18,0.60
2019-11-05 00:00:00,3079.18,3084.68,0.60
2019-11-05 02:00:00,3080.43,3085.43,0.60
2019-11-05 04:00:00,3081.80,3085.18,0.60
2019-11-05 06:00:00,3080.68,3085.05,0.60
2019-11-05 08:00:00,3081.68,3085.93,0.60
2019-11-05 10:00:00,3080.93,3086.68,0.60
2019-11-05 12:00:00,3083.18,3085.68,0.60
2019-11-05 14:00:00,3071.93,3086.18,0.40
2019-11-05 16:00:00,3072.18,3077.93,0.40
2019-11-05 18:00:00,3076.60,3080.10,0.40
2019-11-05 20:00:00,3072.66,3079.10,1.22
2019-11-05 22:00:00,3070.55,3074.85,1.50
2019-11-06 00:00:00,3069.60,3074.85,0.60
2019-11-06 02:00:00,3070.60,3072.85,0.60
2019-11-06 04:00:00,3071.85,3074.60,0.60
2019-11-06 06:00:00,3071.35,3075.10,0.60
2019-11-06 08:00:00,3070.10,3077.60,0.60
2019-11-06 10:00:00,3071.10,3074.85,0.60
2019-11-06 12:00:00,3073.85,3079.10,0.60
2019-11-06 14:00:00,3069.35,3077.60,0.40
2019-11-06 16:00:00,3065.62,3078.87,0.40
2019-11-06 18:00:00,3068.01,3076.51,0.40
2019-11-06 20:00:00,3073.49,3078.92,0.40
2019-11-06 22:00:00,3074.80,3078.46,0.60
2019-11-07 00:00:00,3071.30,3076.67,0.60
2019-11-07 02:00:00,3071.55,3074.05,0.60
2019-11-07 04:00:00,3072.55,3074.55,0.60
2019-11-07 06:00:00,3074.30,3093.55,0.60
2019-11-07 08:00:00,3086.30,3091.80,0.60
2019-11-07 10:00:00,3088.05,3091.80,0.60
2019-11-07 12:00:00,3085.80,3089.55,0.60
2019-11-07 14:00:00,3087.17,3097.72,0.60
2019-11-07 16:00:00,3091.22,3098.22,0.40
2019-11-07 18:00:00,3082.78,3094.53,0.40
2019-11-07 20:00:00,3080.04,3088.78,0.40
2019-11-07 22:00:00,3085.23,3087.73,0.60
2019-11-08 00:00:00,3080.23,3090.98,0.60
2019-11-08 02:00:00,3077.98,3081.73,0.60
2019-11-08 04:00:00,3077.48,3081.23,0.60
2019-11-08 06:00:00,3078.23,3083.98,0.60
2019-11-08 08:00:00,3081.23,3085.23,0.60
2019-11-08 10:00:00,3082.73,3086.23,0.60
2019-11-08 12:00:00,3081.73,3088.73,0.60
2019-11-08 14:00:00,3073.23,3085.60,0.40
2019-11-08 16:00:00,3080.23,3086.98,0.40
2019-11-08 18:00:00,3083.24,3086.23,0.40
2019-11-08 20:00:00,3084.99,3093.18,0.40
2019-11-10 22:00:00,3089.64,3092.89,0.60
2019-11-11 00:00:00,3083.89,3090.14,0.60
2019-11-11 02:00:00,3082.39,3085.39,0.60
2019-11-11 04:00:00,3081.89,3083.89,0.60
2019-11-11 06:00:00,3077.64,3082.64,0.60
2019-11-11 08:00:00,3079.26,3084.01,0.60
2019-11-11 10:00:00,3077.89,3081.39,0.60
2019-11-11 12:00:00,3078.39,3080.89,0.60
2019-11-11 14:00:00,3075.39,3084.39,0.40
2019-11-11 16:00:00,3081.14,3086.53,0.40
2019-11-11 18:00:00,3085.78,3088.28,0.40
2019-11-11 20:00:00,3084.02,3089.11,0.40
2019-11-11 22:00:00,3085.86,3089.23,0.60
2019-11-12 00:00:00,3083.36,3087.36,0.60
2019-11-12 02:00:00,3082.36,3084.61,0.60
2019-11-12 04:00:00,3083.61,3092.36,0.60
2019-11-12 06:00:00,3090.36,3094.86,0.60
2019-11-12 08:00:00,3086.11,3092.36,0.60
2019-11-12 10:00:00,3088.23,3092.61,0.60
2019-11-12 12:00:00,3087.36,3090.61,0.60
2019-11-12 14:00:00,3088.36,3102.80,0.40
2019-11-12 16:00:00,3092.47,3101.55,0.40
2019-11-12 18:00:00,3084.22,3098.97,0.40
2019-11-12 20:00:00,3086.47,3093.49,0.40
2019-11-12 22:00:00,3088.77,3092.77,0.60
2019-11-13 00:00:00,3084.27,3090.02,0.60
2019-11-13 02:00:00,3083.27,3086.27,0.60
2019-11-13 04:00:00,3083.02,3085.77,0.60
2019-11-13 06:00:00,3083.27,3087.52,0.60
2019-11-13 08:00:00,3077.02,3089.02,0.60
2019-11-13 10:00:00,3078.52,3081.77,0.60
2019-11-13 12:00:00,3079.27,3085.02,0.60
2019-11-13 14:00:00,3079.27,3092.95,0.40
2019-11-13 16:00:00,3089.45,3097.10,0.40
2019-11-13 18:00:00,3087.10,3098.35,0.40
2019-11-13 20:00:00,3091.43,3097.22,0.40
2019-11-13 22:00:00,3094.15,3097.19,0.60
2019-11-14 00:00:00,3092.15,3100.15,0.60
2019-11-14 02:00:00,3088.77,3097.40,0.60
2019-11-14 04:00:00,3089.40,3094.90,0.60
2019-11-14 06:00:00,3088.15,3093.65,0.60
2019-11-14 08:00:00,3088.15,3093.90,0.60
2019-11-14 10:00:00,3089.65,3097.15,0.60
2019-11-14 12:00:00,3087.90,3093.90,0.60
2019-11-14 14:00:00,3088.40,3095.90,0.40
2019-11-14 16:00:00,3082.88,3095.38,0.40
2019-11-14 18:00:00,3084.49,3094.99,0.40
2019-11-14 20:00:00,3092.99,3098.77,0.40
2019-11-14 22:00:00,3096.52,3099.77,0.60
2019-11-15 00:00:00,3097.77,3109.77,0.60
2019-11-15 02:00:00,3107.14,3111.02,0.60
2019-11-15 04:00:00,3107.52,3108.77,0.60
2019-11-15 06:00:00,3106.77,3109.27,0.60
2019-11-15 08:00:00,3104.27,3108.02,0.60
2019-11-15 10:00:00,3103.02,3108.27,0.60
2019-11-15 12:00:00,3104.27,3108.27,0.60
2019-11-15 14:00:00,3104.02,3111.82,0.40
2019-11-15 16:00:00,3110.74,3116.37,0.40
2019-11-15 18:00:00,3112.62,3117.12,0.40
2019-11-15 20:00:00,3113.12,3120.49,0.40
2019-11-17 22:00:00,3114.82,3118.32,0.60
2019-11-18 00:00:00,3114.57,3118.57,0.60
2019-11-18 02:00:00,3117.07,3119.32,0.60
2019-11-18 04:00:00,3117.07,3119.57,0.60
2019-11-18 06:00:00,3119.32,3128.57,0.60
2019-11-18 08:00:00,3122.82,3127.07,0.60
2019-11-18 10:00:00,3122.57,3125.32,0.60
2019-11-18 12:00:00,3114.57,3126.32,0.60
2019-11-18 14:00:00,3112.07,3119.32,0.40
2019-11-18 16:00:00,3116.32,3121.33,0.40
2019-11-18 18:00:00,3119.94,3124.31,0.40
2019-11-18 20:00:00,3118.11,3123.44,0.40
2019-11-18 22:00:00,3119.63,3122.48,0.60
2019-11-19 00:00:00,3116.38,3123.38,0.60
2019-11-19 02:00:00,3121.38,3125.38,0.60
2019-11-19 04:00:00,3122.50,3125.38,0.60
2019-11-19 06:00:00,3123.88,3126.88,0.60
2019-11-19 08:00:00,3124.63,3132.63,0.60
2019-11-19 10:00:00,3129.38,3132.88,0.60
2019-11-19 12:00:00,3127.63,3130.88,0.60
2019-11-19 14:00:00,3113.52,3129.88,0.40
2019-11-19 16:00:00,3114.52,3125.77,0.40
2019-11-19 18:00:00,3118.40,3125.15,0.40
2019-11-19 20:00:00,3116.80,3124.65,1.03
2019-11-19 22:00:00,3110.89,3117.36,0.60
2019-11-20 00:00:00,3108.39,3116.89,0.60
2019-11-20 02:00:00,3108.89,3113.39,0.60
2019-11-20 04:00:00,3111.89,3115.14,0.60
2019-11-20 06:00:00,3109.64,3116.39,0.60
2019-11-20 08:00:00,3105.14,3111.89,0.60
2019-11-20 10:00:00,3104.89,3111.14,0.60
2019-11-20 12:00:00,3108.89,3112.89,0.60
2019-11-20 14:00:00,3108.89,3118.64,0.60
2019-11-20 16:00:00,3096.15,3118.39,0.40
2019-11-20 18:00:00,3091.40,3107.65,0.40
2019-11-20 20:00:00,3102.19,3110.02,0.40
2019-11-20 22:00:00,3093.87,3109.12,0.60
2019-11-21 00:00:00,3091.50,3103.75,0.60
2019-11-21 02:00:00,3093.00,3107.75,0.60
2019-11-21 04:00:00,3100.50,3105.75,0.60
2019-11-21 06:00:00,3100.75,3108.25,0.60
2019-11-21 08:00:00,3098.75,3106.00,0.60
2019-11-21 10:00:00,3104.25,3112.50,0.60
2019-11-21 12:00:00,3105.75,3114.62,0.60
2019-11-21 14:00:00,3094.00,3111.25,0.40
2019-11-21 16:00:00,3097.50,3106.25,0.40
2019-11-21 18:00:00,3101.50,3108.25,0.40
2019-11-21 20:00:00,3099.00,3107.50,0.40
2019-11-21 22:00:00,3102.09,3105.42,0.60
2019-11-22 00:00:00,3101.34,3110.34,0.60
2019-11-22 02:00:00,3107.34,3109.96,0.60
2019-11-22 04:00:00,3107.34,3110.34,0.60
2019-11-22 06:00:00,3106.59,3108.59,0.60
2019-11-22 08:00:00,3106.96,3115.34,0.60
2019-11-22 10:00:00,3106.09,3111.84,0.60
2019-11-22 12:00:00,3106.59,3112.34,0.60
2019-11-22 14:00:00,3102.33,3112.59,0.40
2019-11-22 16:00:00,3098.95,3109.56,0.40
2019-11-22 18:00:00,3107.56,3110.31,0.40
2019-11-22 20:00:00,3106.53,3112.76,0.40
2019-11-24 22:00:00,3117.16,3119.91,0.60
2019-11-25 00:00:00,3118.91,3121.66,0.60
2019-11-25 02:00:00,3119.78,3121.16,0.60
2019-11-25 04:00:00,3118.41,3120.91,0.60
2019-11-25 06:00:00,3119.16,3121.16,0.60
2019-11-25 08:00:00,3118.16,3120.41,0.60
2019-11-25 10:00:00,3118.41,3120.41,0.60
2019-11-25 12:00:00,3117.41,3121.41,0.60
2019-11-25 14:00:00,3119.91,3131.55,0.60
2019-11-25 16:00:00,3127.30,3130.05,0.40
2019-11-25 18:00:00,3128.50,3131.00,0.40
2019-11-25 20:00:00,3129.50,3133.82,0.40
2019-11-25 22:00:00,3130.98,3132.87,0.60
2019-11-26 00:00:00,3131.98,3145.23,0.60
2019-11-26 02:00:00,3133.23,3140.23,0.60
2019-11-26 04:00:00,3133.48,3136.10,0.60
2019-11-26 06:00:00,3131.98,3134.98,0.60
2019-11-26 08:00:00,3128.48,3134.35,0.60
2019-11-26 10:00:00,3129.98,3133.73,0.60
2019-11-26 12:00:00,3131.23,3135.48,0.60
2019-11-26 14:00:00,3130.23,3138.23,0.40
2019-11-26 16:00:00,3135.23,3141.35,0.40
2019-11-26 18:00:00,3134.98,3140.48,0.40
2019-11-26 20:00:00,3134.48,3144.65,0.40
2019-11-26 22:00:00,3142.53,3144.39,0.60
2019-11-27 00:00:00,3142.03,3145.78,0.60
2019-11-27 02:00:00,3143.03,3146.53,0.60
2019-11-27 04:00:00,3144.53,3146.53,0.60
2019-11-27 06:00:00,3144.53,3148.03,0.60
2019-11-27 08:00:00,3145.28,3150.03,0.60
2019-11-27 10:00:00,3146.90,3150.28,0.60
2019-11-27 12:00:00,3145.78,3149.28,0.60
2019-11-27 14:00:00,3142.53,3147.18,0.40
2019-11-27 16:00:00,3144.68,3149.84,0.40
2019-11-27 18:00:00,3149.09,3154.34,0.40
2019-11-27 20:00:00,3152.30,3154.87,0.45
2019-11-27 22:00:00,3142.87,3155.07,0.60
2019-11-28 00:00:00,3141.12,3146.37,0.60
2019-11-28 02:00:00,3144.37,3146.62,0.60
2019-11-28 04:00:00,3143.87,3145.62,0.60
2019-11-28 06:00:00,3143.37,3146.62,0.60
2019-11-28 08:00:00,3142.87,3145.62,0.60
2019-11-28 10:00:00,3144.12,3148.62,0.60
2019-11-28 12:00:00,3146.87,3149.37,0.60
2019-11-28 14:00:00,3146.37,3149.37,0.60
2019-11-28 16:00:00,3148.12,3150.87,0.40
2019-11-28 18:00:00,3149.69,3150.53,1.50
2019-11-28 20:00:00,3150.53,3150.93,1.50
2019-11-28 22:00:00,3149.98,3151.62,0.61
2019-11-29 00:00:00,3145.87,3151.37,0.60
2019-11-29 02:00:00,3144.37,3147.87,0.60
2019-11-29 04:00:00,3142.62,3145.74,0.60
2019-11-29 06:00:00,3141.87,3144.87,0.60
2019-11-29 08:00:00,3141.87,3148.12,0.60
2019-11-29 10:00:00,3145.87,3148.12,0.60
2019-11-29 12:00:00,3147.12,3149.49,0.60
2019-11-29 14:00:00,3144.87,3150.12,0.40
2019-11-29 16:00:00,3139.72,3147.76,0.40
2019-11-29 18:00:00,3142.11,3144.86,0.40
2019-11-29 20:00:00,3142.71,3145.03,1.50
2019-12-01 22:00:00,3144.36,3147.86,0.60
2019-12-02 00:00:00,3147.36,3153.61,0.60
2019-12-02 02:00:00,3152.36,3154.36,0.60
2019-12-02 04:00:00,3152.11,3154.36,0.60
2019-12-02 06:00:00,3150.48,3153.11,0.60
2019-12-02 08:00:00,3150.36,3157.86,0.60
2019-12-02 10:00:00,3146.36,3156.61,0.60
2019-12-02 12:00:00,3143.61,3149.11,0.60
2019-12-02 14:00:00,3111.54,3147.11,0.40
2019-12-02 16:00:00,3110.29,3121.29,0.40
2019-12-02 18:00:00,3112.79,3124.74,0.40
2019-12-02 20:00:00,3112.82,3123.24,0.60
2019-12-02 22:00:00,3108.95,3115.45,0.60
2019-12-03 00:00:00,3110.20,3118.70,0.60
2019-12-03 02:00:00,3116.20,3122.20,0.60
2019-12-03 04:00:00,3119.45,3121.95,0.60
2019-12-03 06:00:00,3117.20,3121.70,0.60
2019-12-03 08:00:00,3115.70,3121.45,0.60
2019-12-03 10:00:00,3101.95,3120.45,0.60
2019-12-03 12:00:00,3087.82,3107.45,0.60
2019-12-03 14:00:00,3069.95,3088.70,0.40
2019-12-03 16:00:00,3074.55,3083.80,0.40
2019-12-03 18:00:00,3082.23,3090.23,0.40
2019-12-03 20:00:00,3083.98,3095.26,0.40
2019-12-03 22:00:00,3091.30,3095.18,0.60
2019-12-04 00:00:00,3088.43,3096.68,0.60
2019-12-04 02:00:00,3090.43,3094.43,0.60
2019-12-04 04:00:00,3092.68,3094.68,0.60
2019-12-04 06:00:00,3082.68,3094.80,0.60
2019-12-04 08:00:00,3082.18,3108.43,0.60
2019-12-04 10:00:00,3102.18,3107.18,0.60
2019-12-04 12:00:00,3101.43,3107.68,0.60
2019-12-04 14:00:00,3101.68,3117.68,0.40
2019-12-04 16:00:00,3111.68,3118.18,0.40
2019-12-04 18:00:00,3112.80,3119.55,0.40
2019-12-04 20:00:00,3107.64,3118.80,0.60
2019-12-04 22:00:00,3108.64,3111.89,0.60
2019-12-05 00:00:00,3106.51,3114.39,0.60
2019-12-05 02:00:00,3107.64,3111.14,0.60
2019-12-05 04:00:00,3108.39,3110.64,0.60
2019-12-05 06:00:00,3108.64,3118.39,0.60
2019-12-05 08:00:00,3112.89,3118.39,0.60
2019-12-05 10:00:00,3116.64,3123.89,0.60
2019-12-05 12:00:00,3116.89,3122.64,0.60
2019-12-05 14:00:00,3102.64,3119.44,0.40
2019-12-05 16:00:00,3107.14,3112.89,0.40
2019-12-05 18:00:00,3109.00,3117.50,0.40
2019-12-05 20:00:00,3113.25,3119.38,0.40
2019-12-05 22:00:00,3116.98,3119.23,0.60
2019-12-06 00:00:00,3118.48,3122.98,0.60
2019-12-06 02:00:00,3119.23,3122.48,0.60
2019-12-06 04:00:00,3119.73,3121.73,0.60
2019-12-06 06:00:00,3120.23,3127.23,0.60
2019-12-06 08:00:00,3121.23,3126.23,0.60
2019-12-06 10:00:00,3123.48,3126.23,0.60
2019-12-06 12:00:00,3120.73,3138.73,0.60
2019-12-06 14:00:00,3136.48,3148.23,0.60
2019-12-06 16:00:00,3146.23,3150.73,0.40
2019-12-06 18:00:00,3147.23,3150.98,0.40
2019-12-06 20:00:00,3144.48,3150.48,0.40
2019-12-08 22:00:00,3145.97,3148.22,0.60
2019-12-09 00:00:00,3139.47,3145.72,0.60
2019-12-09 02:00:00,3139.97,3143.22,0.60
2019-12-09 04:00:00,3139.97,3141.72,0.60
2019-12-09 06:00:00,3140.47,3145.22,0.60
2019-12-09 08:00:00,3139.97,3145.22,0.60
2019-12-09 10:00:00,3140.72,3145.22,0.60
2019-12-09 12:00:00,3141.22,3144.47,0.60
2019-12-09 14:00:00,3141.22,3149.02,0.60
2019-12-09 16:00:00,3140.35,3147.52,0.40
2019-12-09 18:00:00,3136.60,3142.85,0.40
2019-12-09 20:00:00,3130.74,3141.48,0.60
2019-12-09 22:00:00,3131.80,3135.37,1.50
2019-12-10 00:00:00,3131.87,3135.87,0.60
2019-12-10 02:00:00,3133.37,3137.87,0.60
2019-12-10 04:00:00,3135.49,3136.87,0.60
2019-12-10 06:00:00,3135.87,3138.12,0.60
2019-12-10 08:00:00,3120.87,3137.12,0.60
2019-12-10 10:00:00,3115.87,3127.62,0.60
2019-12-10 12:00:00,3122.12,3141.12,0.60
2019-12-10 14:00:00,3125.12,3141.37,0.40
2019-12-10 16:00:00,3132.67,3142.37,0.40
2019-12-10 18:00:00,3134.67,3138.67,0.40
2019-12-10 20:00:00,3127.41,3137.42,0.40
2019-12-10 22:00:00,3132.88,3137.63,0.60
2019-12-11 00:00:00,3129.25,3134.88,0.60
2019-12-11 02:00:00,3130.63,3134.25,0.60
2019-12-11 04:00:00,3132.63,3135.38,0.60
2019-12-11 06:00:00,3132.63,3136.13,0.60
2019-12-11 08:00:00,3130.88,3142.88,0.60
2019-12-11 10:00:00,3131.88,3136.88,0.60
2019-12-11 12:00:00,3135.38,3140.63,0.60
2019-12-11 14:00:00,3134.13,3142.38,0.40
2019-12-11 16:00:00,3133.10,3137.80,0.40
2019-12-11 18:00:00,3132.85,3143.60,0.40
2019-12-11 20:00:00,3137.89,3143.85,0.40
2019-12-11 22:00:00,3142.23,3145.57,1.50
2019-12-12 00:00:00,3142.32,3146.32,0.60
2019-12-12 02:00:00,3144.82,3146.82,0.60
2019-12-12 04:00:00,3144.32,3145.82,0.60
2019-12-12 06:00:00,3144.07,3146.57,0.60
2019-12-12 08:00:00,3144.69,3149.82,0.60
2019-12-12 10:00:00,3143.57,3149.07,0.60
2019-12-12 12:00:00,3136.57,3145.57,0.60
2019-12-12 14:00:00,3138.07,3176.52,0.40
2019-12-12 16:00:00,3149.77,3170.77,0.40
2019-12-12 18:00:00,3154.43,3169.93,0.40
2019-12-12 20:00:00,3162.78,3173.41,0.44
2019-12-12 22:00:00,3168.43,3181.36,1.50
2019-12-13 00:00:00,3174.98,3181.61,0.60
2019-12-13 02:00:00,3178.36,3183.61,0.60
2019-12-13 04:00:00,3177.86,3180.86,0.60
2019-12-13 06:00:00,3178.11,3181.86,0.60
2019-12-13 08:00:00,3176.86,3181.36,0.60
2019-12-13 10:00:00,3178.36,3183.98,0.60
2019-12-13 12:00:00,3161.61,3179.98,0.60
2019-12-13 14:00:00,3159.11,3182.23,0.60
2019-12-13 16:00:00,3155.86,3170.98,0.40
2019-12-13 18:00:00,3166.86,3171.61,0.40
2019-12-13 20:00:00,3167.52,3171.62,0.40
2019-12-15 22:00:00,3172.93,3175.93,0.60
2019-12-16 00:00:00,3174.18,3178.43,0.60
2019-12-16 02:00:00,3177.93,3180.68,0.60
2019-12-16 04:00:00,3178.68,3180.68,0.60
2019-12-16 06:00:00,3177.68,3181.18,0.60
2019-12-16 08:00:00,3178.68,3182.93,0.60
2019-12-16 10:00:00,3179.43,3183.68,0.60
2019-12-16 12:00:00,3181.93,3188.68,0.60
2019-12-16 14:00:00,3187.63,3197.03,0.50
2019-12-16 16:00:00,3193.78,3198.03,0.40
2019-12-16 18:00:00,3193.24,3197.99,0.40
2019-12-16 20:00:00,3190.75,3195.74,0.60
2019-12-16 22:00:00,3189.75,3193.27,0.60
2019-12-17 00:00:00,3188.25,3191.00,0.60
2019-12-17 02:00:00,3188.75,3193.50,0.60
2019-12-17 04:00:00,3193.00,3196.00,0.60
2019-12-17 06:00:00,3194.75,3197.50,0.60
2019-12-17 08:00:00,3190.25,3196.75,0.60
2019-12-17 10:00:00,3187.25,3192.75,0.60
2019-12-17 12:00:00,3191.25,3198.50,0.60
2019-12-17 14:00:00,3191.25,3198.50,0.40
2019-12-17 16:00:00,3191.54,3196.29,0.40
2019-12-17 18:00:00,3192.29,3195.79,0.40
2019-12-17 20:00:00,3188.32,3195.47,0.60
2019-12-17 22:00:00,3188.12,3190.95,1.49
2019-12-18 00:00:00,3189.20,3191.95,0.60
2019-12-18 02:00:00,3189.45,3191.70,0.60
2019-12-18 04:00:00,3189.70,3191.45,0.60
2019-12-18 06:00:00,3187.57,3190.45,0.60
2019-12-18 08:00:00,3188.45,3194.45,0.60
2019-12-18 10:00:00,3191.45,3194.70,0.60
2019-12-18 12:00:00,3189.95,3194.45,0.60
2019-12-18 14:00:00,3190.95,3197.70,0.40
2019-12-18 16:00:00,3193.98,3198.98,0.40
2019-12-18 18:00:00,3194.43,3196.93,0.40
2019-12-18 20:00:00,3191.41,3196.93,0.60
2019-12-18 22:00:00,3193.66,3195.66,0.60
2019-12-19 00:00:00,3192.41,3196.91,0.60
2019-12-19 02:00:00,3191.91,3193.66,0.60
2019-12-19 04:00:00,3192.41,3193.91,0.60
2019-12-19 06:00:00,3193.41,3194.66,0.60
2019-12-19 08:00:00,3191.16,3196.91,0.60
2019-12-19 10:00:00,3194.16,3196.91,0.60
2019-12-19 12:00:00,3189.91,3195.66,0.60
2019-12-19 14:00:00,3191.16,3197.91,0.60
2019-12-19 16:00:00,3196.66,3204.15,0.40
2019-12-19 18:00:00,3201.15,3206.40,0.40
2019-12-19 20:00:00,3201.17,3209.37,0.40
2019-12-19 22:00:00,3207.50,3209.14,0.60
2019-12-20 00:00:00,3205.75,3209.00,0.60
2019-12-20 02:00:00,3206.50,3207.75,0.60
2019-12-20 04:00:00,3205.87,3207.37,0.60
2019-12-20 06:00:00,3204.25,3206.50,0.60
2019-12-20 08:00:00,3204.75,3207.50,0.60
2019-12-20 10:00:00,3205.00,3209.50,0.60
2019-12-20 12:00:00,3206.25,3211.50,0.60
2019-12-20 14:00:00,3211.25,3220.25,0.60
2019-12-20 16:00:00,3219.25,3224.25,0.40
2019-12-20 18:00:00,3220.62,3225.00,0.40
2019-12-20 20:00:00,3219.24,3224.25,0.50
2019-12-20 22:00:00,3221.16,3221.16,1.50
2019-12-22 22:00:00,3221.29,3225.29,0.60
2019-12-23 00:00:00,3223.29,3225.04,0.60
2019-12-23 02:00:00,3223.79,3225.04,0.60
2019-12-23 04:00:00,3224.04,3224.79,0.60
2019-12-23 06:00:00,3222.79,3224.29,0.60
2019-12-23 08:00:00,3222.79,3225.04,0.60
2019-12-23 10:00:00,3224.29,3227.04,0.60
2019-12-23 12:00:00,3226.54,3230.54,0.60
2019-12-23 14:00:00,3223.04,3227.79,0.40
2019-12-23 16:00:00,3223.99,3227.74,0.40
2019-12-23 18:00:00,3224.24,3226.24,0.40
2019-12-23 20:00:00,3222.05,3225.62,0.40
2019-12-23 22:00:00,3224.32,3226.57,0.60
2019-12-24 00:00:00,3223.57,3226.07,0.60
2019-12-24 02:00:00,3223.57,3225.32,0.60
2019-12-24 04:00:00,3224.82,3226.07,0.60
2019-12-24 06:00:00,3225.32,3226.32,0.60
2019-12-24 08:00:00,3224.82,3227.07,0.60
2019-12-24 10:00:00,3226.07,3227.32,0.60
2019-12-24 12:00:00,3225.57,3228.57,0.60
2019-12-24 14:00:00,3220.07,3226.32,0.40
2019-12-24 16:00:00,3221.32,3224.18,0.40
2019-12-24 18:00:00,3222.63,3224.38,0.40
2019-12-25 22:00:00,3222.97,3225.63,1.50
2019-12-26 00:00:00,3224.63,3228.38,0.60
2019-12-26 02:00:00,3227.13,3227.88,0.60
2019-12-26 04:00:00,3227.13,3227.63,0.60
2019-12-26 06:00:00,3227.13,3228.63,0.60
2019-12-26 08:00:00,3226.88,3228.38,0.60
2019-12-26 10:00:00,3227.88,3228.63,0.60
2019-12-26 12:00:00,3227.13,3230.13,0.60
2019-12-26 14:00:00,3226.83,3234.28,0.50
2019-12-26 16:00:00,3230.78,3235.40,0.40
2019-12-26 18:00:00,3232.89,3235.64,0.40
2019-12-26 20:00:00,3231.15,3242.11,0.40
2019-12-26 22:00:00,3238.98,3241.23,0.60
2019-12-27 00:00:00,3240.23,3246.23,0.60
2019-12-27 02:00:00,3245.73,3247.23,0.60
2019-12-27 04:00:00,3245.48,3247.23,0.60
2019-12-27 06:00:00,3245.23,3246.73,0.60
2019-12-27 08:00:00,3245.48,3249.23,0.60
2019-12-27 10:00:00,3246.73,3251.23,0.60
2019-12-27 12:00:00,3247.73,3251.23,0.60
2019-12-27 14:00:00,3236.03,3248.73,0.40
2019-12-27 16:00:00,3241.03,3245.65,0.40
2019-12-27 18:00:00,3239.45,3243.95,0.40
2019-12-27 20:00:00,3234.13,3243.20,0.40
2019-12-29 22:00:00,3236.88,3239.88,0.60
2019-12-30 00:00:00,3238.13,3241.88,0.60
2019-12-30 02:00:00,3241.13,3242.63,0.60
2019-12-30 04:00:00,3240.38,3242.38,0.60
2019-12-30 06:00:00,3239.38,3241.63,0.60
2019-12-30 08:00:00,3239.38,3242.88,0.60
2019-12-30 10:00:00,3235.13,3240.13,0.60
2019-12-30 12:00:00,3237.38,3240.88,0.60
2019-12-30 14:00:00,3216.28,3241.88,0.40
2019-12-30 16:00:00,3219.06,3230.68,0.40
2019-12-30 18:00:00,3221.31,3229.31,0.40
2019-12-30 20:00:00,3217.31,3224.31,0.40
2019-12-30 22:00:00,3220.61,3223.36,0.60
2019-12-31 00:00:00,3222.36,3226.61,0.60
2019-12-31 02:00:00,3225.11,3226.61,0.60
2019-12-31 04:00:00,3225.11,3226.36,0.60
2019-12-31 06:00:00,3222.98,3226.11,0.60
2019-12-31 08:00:00,3221.61,3224.86,0.60
2019-12-31 10:00:00,3221.61,3226.36,0.60
2019-12-31 12:00:00,3215.36,3223.11,0.60
2019-12-31 14:00:00,3211.61,3225.36,0.40
2019-12-31 16:00:00,3213.00,3218.75,0.40
2019-12-31 18:00:00,3216.63,3221.13,0.40
2019-12-31 20:00:00,3219.13,3234.64,0.40
2019-12-31 22:00:00,3233.68,3234.05,1.50
2020-01-01 22:00:00,3233.22,3239.02,0.71
2020-01-02 00:00:00,3234.52,3238.77,0.60
2020-01-02 02:00:00,3236.39,3239.27,0.60
2020-01-02 04:00:00,3237.02,3239.02,0.60
2020-01-02 06:00:00,3237.77,3242.02,0.60
2020-01-02 08:00:00,3240.77,3248.02,0.60
2020-01-02 10:00:00,3245.77,3249.27,0.60
2020-01-02 12:00:00,3245.64,3250.27,0.60
2020-01-02 14:00:00,3235.02,3249.77,0.40
2020-01-02 16:00:00,3234.43,3243.65,0.40
2020-01-02 18:00:00,3239.53,3248.78,0.40
2020-01-02 20:00:00,3247.40,3261.15,0.40
2020-01-02 22:00:00,3259.93,3264.53,0.64
2020-01-03 00:00:00,3251.33,3261.83,0.60
2020-01-03 02:00:00,3230.33,3253.58,0.60
2020-01-03 04:00:00,3229.83,3239.33,0.60
2020-01-03 06:00:00,3225.58,3234.08,0.60
2020-01-03 08:00:00,3219.83,3230.08,0.60
2020-01-03 10:00:00,3206.08,3225.08,0.60
2020-01-03 12:00:00,3213.45,3231.08,0.60
2020-01-03 14:00:00,3220.08,3239.83,0.40
2020-01-03 16:00:00,3230.08,3246.26,0.40
2020-01-03 18:00:00,3233.26,3245.26,0.40
2020-01-03 20:00:00,3233.59,3245.26,0.60
2020-01-03 22:00:00,3235.62,3235.62,1.50
2020-01-05 22:00:00,3216.59,3223.84,0.60
2020-01-06 00:00:00,3219.09,3225.09,0.60
2020-01-06 02:00:00,3219.34,3225.59,0.60
2020-01-06 04:00:00,3224.34,3229.84,0.60
2020-01-06 06:00:00,3220.84,3228.59,0.60
2020-01-06 08:00:00,3208.84,3225.59,0.60
2020-01-06 10:00:00,3213.09,3217.84,0.60
2020-01-06 12:00:00,3215.59,3222.84,0.60
2020-01-06 14:00:00,3213.34,3234.59,0.40
2020-01-06 16:00:00,3230.59,3235.60,0.40
2020-01-06 18:00:00,3233.51,3241.76,0.40
2020-01-06 20:00:00,3239.01,3249.24,0.40
2020-01-06 22:00:00,3241.26,3244.49,1.07
2020-01-07 00:00:00,3241.74,3249.49,0.60
2020-01-07 02:00:00,3247.99,3251.24,0.60
2020-01-07 04:00:00,3248.99,3253.24,0.60
2020-01-07 06:00:00,3242.74,3251.74,0.60
2020-01-07 08:00:00,3244.24,3254.24,0.60
2020-01-07 10:00:00,3243.24,3249.74,0.60
2020-01-07 12:00:00,3238.74,3247.24,0.60
2020-01-07 14:00:00,3231.49,3243.18,0.40
2020-01-07 16:00:00,3236.68,3245.18,0.40
2020-01-07 18:00:00,3235.98,3241.23,0.40
2020-01-07 20:00:00,3225.86,3242.98,0.60
2020-01-07 22:00:00,3195.99,3233.49,0.60
2020-01-08 00:00:00,3180.99,3212.49,0.60
2020-01-08 02:00:00,3204.49,3229.49,0.60
2020-01-08 04:00:00,3221.99,3229.36,0.60
2020-01-08 06:00:00,3222.24,3232.49,0.60
2020-01-08 08:00:00,3227.49,3234.99,0.60
2020-01-08 10:00:00,3231.24,3245.99,0.60
2020-01-08 12:00:00,3237.74,3246.24,0.60
2020-01-08 14:00:00,3235.99,3249.28,0.40
2020-01-08 16:00:00,3240.28,3262.03,0.40
2020-01-08 18:00:00,3255.53,3262.28,0.40
2020-01-08 20:00:00,3251.63,3267.13,0.40
2020-01-08 22:00:00,3257.77,3263.27,0.60
2020-01-09 00:00:00,3259.02,3264.02,0.60
2020-01-09 02:00:00,3256.27,3262.77,0.60
2020-01-09 04:00:00,3259.52,3265.52,0.60
2020-01-09 06:00:00,3262.77,3271.27,0.60
2020-01-09 08:00:00,3267.52,3272.27,0.60
2020-01-09 10:00:00,3267.64,3270.77,0.60
2020-01-09 12:00:00,3265.77,3271.52,0.60
2020-01-09 14:00:00,3264.27,3274.09,0.40
2020-01-09 16:00:00,3263.83,3274.84,0.40
2020-01-09 18:00:00,3266.08,3276.08,0.40
2020-01-09 20:00:00,3269.83,3275.80,0.40
2020-01-09 22:00:00,3273.19,3277.92,1.50
2020-01-10 00:00:00,3276.80,3282.30,0.60
2020-01-10 02:00:00,3279.80,3282.55,0.60
2020-01-10 04:00:00,3281.30,3283.55,0.60
2020-01-10 06:00:00,3281.30,3284.55,0.60
2020-01-10 08:00:00,3278.55,3283.05,0.60
2020-01-10 10:00:00,3282.05,3286.05,0.60
2020-01-10 12:00:00,3277.05,3284.30,0.60
2020-01-10 14:00:00,3274.05,3282.80,0.40
2020-01-10 16:00:00,3268.11,3281.61,0.40
2020-01-10 18:00:00,3268.78,3277.41,0.40
2020-01-10 20:00:00,3260.45,3271.41,0.40
2020-01-12 22:00:00,3265.69,3270.94,0.60
2020-01-13 00:00:00,3266.44,3273.44,0.60
2020-01-13 02:00:00,3269.94,3273.69,0.60
2020-01-13 04:00:00,3272.69,3274.19,0.60
2020-01-13 06:00:00,3272.19,3274.44,0.60
2020-01-13 08:00:00,3272.69,3277.69,0.60
2020-01-13 10:00:00,3271.19,3277.69,0.60
2020-01-13 12:00:00,3270.94,3276.94,0.60
2020-01-13 14:00:00,3267.69,3277.77,0.40
2020-01-13 16:00:00,3276.27,3284.27,0.40
2020-01-13 18:00:00,3279.94,3284.44,0.40
2020-01-13 20:00:00,3282.12,3290.17,0.40
2020-01-13 22:00:00,3287.16,3293.30,1.50
2020-01-14 00:00:00,3291.55,3295.80,0.60
2020-01-14 02:00:00,3286.80,3292.80,0.60
2020-01-14 04:00:00,3286.80,3289.80,0.60
2020-01-14 06:00:00,3284.55,3289.55,0.60
2020-01-14 08:00:00,3274.55,3291.55,0.60
2020-01-14 10:00:00,3280.55,3291.05,0.60
2020-01-14 12:00:00,3283.30,3288.80,0.60
2020-01-14 14:00:00,3278.30,3288.05,0.40
2020-01-14 16:00:00,3282.80,3292.51,0.40
2020-01-14 18:00:00,3277.01,3294.51,0.40
2020-01-14 20:00:00,3278.51,3288.08,0.40
2020-01-14 22:00:00,3278.20,3287.82,0.60
2020-01-15 00:00:00,3277.45,3285.82,0.60
2020-01-15 02:00:00,3277.70,3283.95,0.60
2020-01-15 04:00:00,3278.70,3282.20,0.60
2020-01-15 06:00:00,3280.45,3285.20,0.60
2020-01-15 08:00:00,3280.20,3285.95,0.60
2020-01-15 10:00:00,3282.57,3286.95,0.60
2020-01-15 12:00:00,3278.70,3287.95,0.60
2020-01-15 14:00:00,3278.70,3297.53,0.60
2020-01-15 16:00:00,3289.39,3298.78,0.40
2020-01-15 18:00:00,3285.64,3294.89,0.40
2020-01-15 20:00:00,3280.81,3293.65,0.40
2020-01-15 22:00:00,3292.92,3298.94,1.50
2020-01-16 00:00:00,3293.94,3297.19,0.60
2020-01-16 02:00:00,3294.19,3297.19,0.60
2020-01-16 04:00:00,3295.69,3299.19,0.60
2020-01-16 06:00:00,3297.19,3299.19,0.60
2020-01-16 08:00:00,3298.94,3306.94,0.60
2020-01-16 10:00:00,3300.19,3304.69,0.60
2020-01-16 12:00:00,3301.94,3304.94,0.60
2020-01-16 14:00:00,3302.19,3308.64,0.40
2020-01-16 16:00:00,3303.14,3308.39,0.40
2020-01-16 18:00:00,3306.64,3309.64,0.40
2020-01-16 20:00:00,3307.34,3317.91,0.40
2020-01-16 22:00:00,3316.12,3323.04,0.68
2020-01-17 00:00:00,3316.79,3319.79,0.60
2020-01-17 02:00:00,3317.54,3320.29,0.60
2020-01-17 04:00:00,3317.29,3318.79,0.60
2020-01-17 06:00:00,3317.79,3321.04,0.60
2020-01-17 08:00:00,3320.54,3325.04,0.60
2020-01-17 10:00:00,3323.54,3326.79,0.60
2020-01-17 12:00:00,3322.54,3328.54,0.60
2020-01-17 14:00:00,3320.04,3326.81,0.40
2020-01-17 16:00:00,3318.98,3326.48,0.40
2020-01-17 18:00:00,3323.26,3326.01,0.40
2020-01-17 20:00:00,3321.26,3329.89,0.40
2020-01-19 22:00:00,3322.89,3327.64,0.60
2020-01-20 00:00:00,3325.64,3328.14,0.60
2020-01-20 02:00:00,3325.64,3327.14,0.60
2020-01-20 04:00:00,3324.89,3326.64,0.60
2020-01-20 06:00:00,3321.64,3326.64,0.60
2020-01-20 08:00:00,3318.39,3322.64,0.60
2020-01-20 10:00:00,3319.14,3322.64,0.60
2020-01-20 12:00:00,3320.64,3323.14,0.60
2020-01-20 14:00:00,3320.01,3322.64,0.40
2020-01-20 16:00:00,3321.64,3325.39,0.40
2020-01-20 18:00:00,3325.13,3325.56,1.50
2020-01-20 20:00:00,3325.13,3326.38,1.50
2020-01-20 22:00:00,3322.33,3325.81,0.60
2020-01-21 00:00:00,3311.08,3323.58,0.60
2020-01-21 02:00:00,3308.58,3314.08,0.60
2020-01-21 04:00:00,3309.83,3312.33,0.60
2020-01-21 06:00:00,3308.95,3315.58,0.60
2020-01-21 08:00:00,3307.08,3314.83,0.60
2020-01-21 10:00:00,3310.08,3314.83,0.60
2020-01-21 12:00:00,3313.33,3316.33,0.60
2020-01-21 14:00:00,3313.70,3322.83,0.60
2020-01-21 16:00:00,3318.83,3330.03,0.40
2020-01-21 18:00:00,3316.47,3329.22,0.40
2020-01-21 20:00:00,3318.14,3325.72,0.40
2020-01-21 22:00:00,3319.20,3322.02,0.73
2020-01-22 00:00:00,3320.27,3326.77,0.60
2020-01-22 02:00:00,3324.14,3336.27,0.60
2020-01-22 04:00:00,3333.77,3336.02,0.60
2020-01-22 06:00:00,3333.77,3336.02,0.60
2020-01-22 08:00:00,3329.77,3335.02,0.60
2020-01-22 10:00:00,3330.77,3333.39,0.60
2020-01-22 12:00:00,3330.27,3334.77,0.60
2020-01-22 14:00:00,3327.77,3337.27,0.40
2020-01-22 16:00:00,3324.65,3331.77,0.40
2020-01-22 18:00:00,3327.48,3331.98,0.40
2020-01-22 20:00:00,3315.51,3328.48,0.60
2020-01-22 22:00:00,3314.14,3319.39,0.60
2020-01-23 00:00:00,3313.14,3320.39,0.60
2020-01-23 02:00:00,3314.64,3321.39,0.60
2020-01-23 04:00:00,3312.64,3318.39,0.60
2020-01-23 06:00:00,3312.39,3320.89,0.60
2020-01-23 08:00:00,3316.14,3320.64,0.60
2020-01-23 10:00:00,3317.64,3321.64,0.60
2020-01-23 12:00:00,3313.14,3321.39,0.60
2020-01-23 14:00:00,3301.64,3316.31,0.40
2020-01-23 16:00:00,3304.06,3314.56,0.40
2020-01-23 18:00:00,3309.95,3325.20,0.40
2020-01-23 20:00:00,3322.33,3327.59,0.40
2020-01-23 22:00:00,3326.11,3332.49,1.09
2020-01-24 00:00:00,3325.74,3331.24,0.60
2020-01-24 02:00:00,3326.74,3328.99,0.60
2020-01-24 04:00:00,3328.24,3330.99,0.60
2020-01-24 06:00:00,3327.99,3330.74,0.60
2020-01-24 08:00:00,3328.49,3337.49,0.60
2020-01-24 10:00:00,3331.99,3335.24,0.60
2020-01-24 12:00:00,3332.24,3335.74,0.60
2020-01-24 14:00:00,3316.29,3333.99,0.40
2020-01-24 16:00:00,3294.54,3323.29,0.40
2020-01-24 18:00:00,3281.34,3305.34,0.40
2020-01-24 20:00:00,3286.26,3300.51,0.40
2020-01-26 22:00:00,3253.26,3269.01,0.60
2020-01-27 00:00:00,3258.26,3269.76,0.60
2020-01-27 02:00:00,3258.76,3267.26,0.60
2020-01-27 04:00:00,3260.01,3266.01,0.60
2020-01-27 06:00:00,3259.26,3264.01,0.60
2020-01-27 08:00:00,3250.26,3267.26,0.60
2020-01-27 10:00:00,3236.51,3253.76,0.60
2020-01-27 12:00:00,3241.76,3253.76,0.60
2020-01-27 14:00:00,3234.01,3254.26,0.40
2020-01-27 16:00:00,3240.36,3258.36,0.40
2020-01-27 18:00:00,3246.71,3258.46,0.40
2020-01-27 20:00:00,3238.91,3253.22,0.60
2020-01-27 22:00:00,3240.03,3250.16,0.60
2020-01-28 00:00:00,3245.91,3254.91,0.60
2020-01-28 02:00:00,3246.78,3251.91,0.60
2020-01-28 04:00:00,3250.66,3261.16,0.60
2020-01-28 06:00:00,3258.28,3264.91,0.60
2020-01-28 08:00:00,3246.16,3263.16,0.60
2020-01-28 10:00:00,3243.41,3257.16,0.60
2020-01-28 12:00:00,3254.16,3263.91,0.60
2020-01-28 14:00:00,3253.16,3278.08,0.40
2020-01-28 16:00:00,3272.33,3282.58,0.40
2020-01-28 18:00:00,3274.13,3286.13,0.40
2020-01-28 20:00:00,3276.36,3285.49,0.57
2020-01-28 22:00:00,3274.87,3285.57,0.60
2020-01-29 00:00:00,3274.37,3290.24,0.60
2020-01-29 02:00:00,3286.37,3291.87,0.60
2020-01-29 04:00:00,3287.74,3290.87,0.60
2020-01-29 06:00:00,3283.87,3288.87,0.60
2020-01-29 08:00:00,3282.62,3291.12,0.60
2020-01-29 10:00:00,3283.87,3292.37,0.60
2020-01-29 12:00:00,3286.62,3293.12,0.60
2020-01-29 14:00:00,3271.75,3292.37,0.40
2020-01-29 16:00:00,3283.75,3288.50,0.40
2020-01-29 18:00:00,3284.41,3293.66,0.40
2020-01-29 20:00:00,3266.03,3286.41,0.60
2020-01-29 22:00:00,3270.93,3278.28,0.80
2020-01-30 00:00:00,3264.41,3275.28,0.60
2020-01-30 02:00:00,3252.41,3266.66,0.60
2020-01-30 04:00:00,3250.91,3257.66,0.60
2020-01-30 06:00:00,3240.66,3256.91,0.60
2020-01-30 08:00:00,3241.91,3259.41,0.60
2020-01-30 10:00:00,3243.66,3254.91,0.60
2020-01-30 12:00:00,3244.41,3257.41,0.60
2020-01-30 14:00:00,3241.66,3265.16,0.40
2020-01-30 16:00:00,3243.45,3264.20,0.40
2020-01-30 18:00:00,3247.77,3269.02,0.40
2020-01-30 20:00:00,3264.77,3296.36,0.40
2020-01-30 22:00:00,3289.30,3295.06,1.49
2020-01-31 00:00:00,3285.99,3298.49,0.60
2020-01-31 02:00:00,3288.99,3297.49,0.60
2020-01-31 04:00:00,3291.36,3297.49,0.60
2020-01-31 06:00:00,3282.74,3291.36,0.60
2020-01-31 08:00:00,3275.99,3284.99,0.60
2020-01-31 10:00:00,3266.99,3279.99,0.60
2020-01-31 12:00:00,3273.74,3281.49,0.60
2020-01-31 14:00:00,3244.38,3280.99,0.40
2020-01-31 16:00:00,3227.63,3250.13,0.40
2020-01-31 18:00:00,3223.38,3239.03,0.40
2020-01-31 20:00:00,3214.44,3234.03,0.40
2020-02-02 22:00:00,3225.32,3236.82,0.60
2020-02-03 00:00:00,3230.57,3249.32,0.60
2020-02-03 02:00:00,3240.57,3251.07,0.60
2020-02-03 04:00:00,3243.44,3250.57,0.60
2020-02-03 06:00:00,3241.19,3248.57,0.60
2020-02-03 08:00:00,3234.07,3247.32,0.60
2020-02-03 10:00:00,3233.57,3242.57,0.60
2020-02-03 12:00:00,3236.57,3248.32,0.60
2020-02-03 14:00:00,3238.57,3268.47,0.40
2020-02-03 16:00:00,3243.97,3262.09,0.40
2020-02-03 18:00:00,3246.22,3255.72,0.40
2020-02-03 20:00:00,3243.71,3256.72,0.60
2020-02-03 22:00:00,3237.46,3246.52,0.60
2020-02-04 00:00:00,3242.21,3260.21,0.60
2020-02-04 02:00:00,3254.21,3267.71,0.60
2020-02-04 04:00:00,3262.96,3270.21,0.60
2020-02-04 06:00:00,3265.33,3273.71,0.60
2020-02-04 08:00:00,3269.46,3285.96,0.60
2020-02-04 10:00:00,3279.46,3285.71,0.60
2020-02-04 12:00:00,3280.71,3290.96,0.60
2020-02-04 14:00:00,3283.71,3300.56,0.40
2020-02-04 16:00:00,3295.56,3305.81,0.40
2020-02-04 18:00:00,3298.12,3306.87,0.40
2020-02-04 20:00:00,3295.66,3305.66,0.40
2020-02-04 22:00:00,3295.34,3303.05,0.60
2020-02-05 00:00:00,3290.09,3299.84,0.60
2020-02-05 02:00:00,3292.09,3298.96,0.60
2020-02-05 04:00:00,3290.84,3297.59,0.60
2020-02-05 06:00:00,3291.84,3296.59,0.60
2020-02-05 08:00:00,3292.59,3332.84,0.60
2020-02-05 10:00:00,3321.59,3332.34,0.60
2020-02-05 12:00:00,3321.34,3330.34,0.60
2020-02-05 14:00:00,3313.59,3330.84,0.40
2020-02-05 16:00:00,3318.34,3329.59,0.40
2020-02-05 18:00:00,3323.05,3334.05,0.40
2020-02-05 20:00:00,3328.98,3339.17,0.40
2020-02-05 22:00:00,3334.80,3340.42,0.60
2020-02-06 00:00:00,3333.55,3348.05,0.60
2020-02-06 02:00:00,3342.55,3349.55,0.60
2020-02-06 04:00:00,3345.92,3356.55,0.60
2020-02-06 06:00:00,3349.05,3358.55,0.60
2020-02-06 08:00:00,3343.30,3355.17,0.60
2020-02-06 10:00:00,3341.80,3351.05,0.60
2020-02-06 12:00:00,3344.05,3351.05,0.60
2020-02-06 14:00:00,3334.05,3347.55,0.40
2020-02-06 16:00:00,3339.30,3347.36,0.40
2020-02-06 18:00:00,3341.36,3348.11,0.40
2020-02-06 20:00:00,3341.24,3349.43,0.40
2020-02-06 22:00:00,3348.29,3351.03,0.68
2020-02-07 00:00:00,3337.33,3350.83,0.60
2020-02-07 02:00:00,3340.58,3345.33,0.60
2020-02-07 04:00:00,3338.83,3343.58,0.60
2020-02-07 06:00:00,3339.83,3348.58,0.60
2020-02-07 08:00:00,3335.83,3345.33,0.60
2020-02-07 10:00:00,3328.58,3337.83,0.60
2020-02-07 12:00:00,3331.08,3345.33,0.60
2020-02-07 14:00:00,3325.08,3337.33,0.40
2020-02-07 16:00:00,3331.58,3341.73,0.40
2020-02-07 18:00:00,3322.15,3337.90,0.40
2020-02-07 20:00:00,3323.34,3331.97,0.61
2020-02-07 22:00:00,3323.80,3323.80,1.50
2020-02-09 22:00:00,3304.22,3329.72,0.60
2020-02-10 00:00:00,3311.97,3328.72,0.60
2020-02-10 02:00:00,3324.22,3334.97,0.60
2020-02-10 04:00:00,3324.59,3330.34,0.60
2020-02-10 06:00:00,3327.22,3333.22,0.60
2020-02-10 08:00:00,3319.22,3330.47,0.60
2020-02-10 10:00:00,3320.47,3330.22,0.60
2020-02-10 12:00:00,3319.97,3329.22,0.60
2020-02-10 14:00:00,3315.47,3341.97,0.60
2020-02-10 16:00:00,3334.14,3342.22,0.40
2020-02-10 18:00:00,3335.26,3343.51,0.40
2020-02-10 20:00:00,3343.01,3354.24,0.40
2020-02-10 22:00:00,3350.58,3353.58,0.60
2020-02-11 00:00:00,3350.08,3363.33,0.60
2020-02-11 02:00:00,3361.58,3365.33,0.60
2020-02-11 04:00:00,3361.58,3365.33,0.60
2020-02-11 06:00:00,3359.08,3365.08,0.60
2020-02-11 08:00:00,3355.83,3363.08,0.60
2020-02-11 10:00:00,3359.45,3363.58,0.60
2020-02-11 12:00:00,3359.83,3366.08,0.60
2020-02-11 14:00:00,3360.08,3375.76,0.40
2020-02-11 16:00:00,3362.01,3372.76,0.40
2020-02-11 18:00:00,3358.63,3370.51,0.40
2020-02-11 20:00:00,3352.56,3362.51,0.40
2020-02-11 22:00:00,3359.01,3363.27,1.50
2020-02-12 00:00:00,3356.27,3363.02,0.60
2020-02-12 02:00:00,3359.27,3363.52,0.60
2020-02-12 04:00:00,3362.39,3367.02,0.60
2020-02-12 06:00:00,3365.02,3368.27,0.60
2020-02-12 08:00:00,3364.27,3373.52,0.60
2020-02-12 10:00:00,3368.02,3372.27,0.60
2020-02-12 12:00:00,3368.27,3373.02,0.60
2020-02-12 14:00:00,3369.27,3377.52,0.40
2020-02-12 16:00:00,3371.06,3377.56,0.40
2020-02-12 18:00:00,3370.46,3378.21,0.40
2020-02-12 20:00:00,3374.46,3381.53,0.40
2020-02-12 22:00:00,3363.70,3382.20,0.60
2020-02-13 00:00:00,3364.70,3373.07,0.60
2020-02-13 02:00:00,3368.45,3372.45,0.60
2020-02-13 04:00:00,3366.95,3370.82,0.60
2020-02-13 06:00:00,3362.70,3369.70,0.60
2020-02-13 08:00:00,3354.45,3366.95,0.60
2020-02-13 10:00:00,3348.45,3359.20,0.60
2020-02-13 12:00:00,3354.20,3365.20,0.60
2020-02-13 14:00:00,3359.20,3374.45,0.40
2020-02-13 16:00:00,3372.45,3380.70,0.40
2020-02-13 18:00:00,3373.57,3385.40,0.40
2020-02-13 20:00:00,3372.15,3384.40,0.40
2020-02-13 22:00:00,3372.69,3380.19,0.60
2020-02-14 00:00:00,3372.44,3381.19,0.60
2020-02-14 02:00:00,3378.69,3388.94,0.60
2020-02-14 04:00:00,3383.19,3386.19,0.60
2020-02-14 06:00:00,3381.94,3385.94,0.60
2020-02-14 08:00:00,3378.94,3384.94,0.60
2020-02-14 10:00:00,3381.44,3384.69,0.60
2020-02-14 12:00:00,3376.44,3386.69,0.60
2020-02-14 14:00:00,3370.78,3381.19,0.40
2020-02-14 16:00:00,3370.36,3381.03,0.40
2020-02-14 18:00:00,3365.61,3376.11,0.40
2020-02-14 20:00:00,3369.11,3382.27,0.40
2020-02-14 22:00:00,3381.11,3381.11,1.50
2020-02-16 22:00:00,3383.02,3389.40,0.60
2020-02-17 00:00:00,3382.65,3389.65,0.60
2020-02-17 02:00:00,3387.40,3389.40,0.60
2020-02-17 04:00:00,3386.90,3389.90,0.60
2020-02-17 06:00:00,3388.02,3392.40,0.60
2020-02-17 08:00:00,3386.65,3390.90,0.60
2020-02-17 10:00:00,3388.27,3390.40,0.60
2020-02-17 12:00:00,3386.27,3390.15,0.60
2020-02-17 14:00:00,3385.65,3388.40,0.60
2020-02-17 16:00:00,3387.65,3389.40,0.40
2020-02-17 18:00:00,3387.97,3388.82,1.50
2020-02-17 20:00:00,3385.26,3388.82,1.50
2020-02-17 22:00:00,3372.15,3384.76,0.60
2020-02-18 00:00:00,3370.90,3376.15,0.60
2020-02-18 02:00:00,3367.40,3373.90,0.60
2020-02-18 04:00:00,3368.90,3372.65,0.60
2020-02-18 06:00:00,3363.40,3372.40,0.60
2020-02-18 08:00:00,3361.40,3371.65,0.60
2020-02-18 10:00:00,3362.65,3369.90,0.60
2020-02-18 12:00:00,3363.65,3370.40,0.60
2020-02-18 14:00:00,3362.65,3374.15,0.40
2020-02-18 16:00:00,3355.63,3368.13,0.40
2020-02-18 18:00:00,3363.08,3373.46,0.40
2020-02-18 20:00:00,3367.64,3375.21,0.40
2020-02-18 22:00:00,3370.15,3377.68,1.41
2020-02-19 00:00:00,3372.06,3379.06,0.60
2020-02-19 02:00:00,3376.06,3381.31,0.60
2020-02-19 04:00:00,3378.06,3381.56,0.60
2020-02-19 06:00:00,3377.06,3380.31,0.60
2020-02-19 08:00:00,3373.81,3379.56,0.60
2020-02-19 10:00:00,3374.81,3377.81,0.60
2020-02-19 12:00:00,3376.81,3380.31,0.60
2020-02-19 14:00:00,3377.56,3388.31,0.40
2020-02-19 16:00:00,3387.31,3392.10,0.40
2020-02-19 18:00:00,3387.85,3393.60,0.40
2020-02-19 20:00:00,3385.36,3392.35,0.40
2020-02-19 22:00:00,3387.13,3391.70,1.50
2020-02-20 00:00:00,3388.32,3397.20,0.60
2020-02-20 02:00:00,3376.70,3389.70,0.60
2020-02-20 04:00:00,3376.45,3384.70,0.60
2020-02-20 06:00:00,3382.95,3391.20,0.60
2020-02-20 08:00:00,3379.95,3389.45,0.60
2020-02-20 10:00:00,3378.20,3386.20,0.60
2020-02-20 12:00:00,3375.20,3382.45,0.60
2020-02-20 14:00:00,3377.70,3388.89,0.40
2020-02-20 16:00:00,3339.64,3386.64,0.40
2020-02-20 18:00:00,3357.28,3373.78,0.40
2020-02-20 20:00:00,3363.78,3375.10,0.40
2020-02-20 22:00:00,3353.48,3369.23,0.60
2020-02-21 00:00:00,3355.85,3365.73,0.60
2020-02-21 02:00:00,3354.98,3360.98,0.60
2020-02-21 04:00:00,3352.48,3360.23,0.60
2020-02-21 06:00:00,3348.23,3355.48,0.60
2020-02-21 08:00:00,3345.23,3359.23,0.60
2020-02-21 10:00:00,3352.48,3359.48,0.60
2020-02-21 12:00:00,3354.98,3362.23,0.60
2020-02-21 14:00:00,3332.71,3360.73,0.40
2020-02-21 16:00:00,3339.21,3350.46,0.40
2020-02-21 18:00:00,3328.64,3345.14,0.40
2020-02-21 20:00:00,3328.49,3341.49,0.40
2020-02-23 22:00:00,3289.57,3311.69,0.60
2020-02-24 00:00:00,3293.82,3303.57,0.60
2020-02-24 02:00:00,3285.82,3299.57,0.60
2020-02-24 04:00:00,3290.57,3296.32,0.60
2020-02-24 06:00:00,3281.32,3293.32,0.60
2020-02-24 08:00:00,3244.32,3284.07,0.60
2020-02-24 10:00:00,3241.82,3262.32,0.60
2020-02-24 12:00:00,3244.82,3265.82,0.60
2020-02-24 14:00:00,3229.82,3259.82,0.40
2020-02-24 16:00:00,3223.10,3250.47,0.40
2020-02-24 18:00:00,3214.44,3250.44,0.40
2020-02-24 20:00:00,3221.32,3253.69,0.60
2020-02-24 22:00:00,3216.19,3241.82,0.60
2020-02-25 00:00:00,3238.07,3260.07,0.60
2020-02-25 02:00:00,3246.07,3257.32,0.60
2020-02-25 04:00:00,3248.32,3255.32,0.60
2020-02-25 06:00:00,3249.32,3258.57,0.60
2020-02-25 08:00:00,3235.07,3257.32,0.60
2020-02-25 10:00:00,3221.32,3239.82,0.60
2020-02-25 12:00:00,3230.07,3246.32,0.60
2020-02-25 14:00:00,3186.31,3247.82,0.40
2020-02-25 16:00:00,3171.49,3204.06,0.40
2020-02-25 18:00:00,3122.24,3178.99,0.40
2020-02-25 20:00:00,3118.66,3157.24,0.40
2020-02-25 22:00:00,3133.52,3154.64,1.50
2020-02-26 00:00:00,3128.39,3153.64,0.60
2020-02-26 02:00:00,3135.89,3159.64,0.60
2020-02-26 04:00:00,3144.39,3154.14,0.60
2020-02-26 06:00:00,3132.64,3151.89,0.60
2020-02-26 08:00:00,3092.39,3153.39,0.60
2020-02-26 10:00:00,3114.89,3145.64,0.60
2020-02-26 12:00:00,3123.64,3150.89,0.60
2020-02-26 14:00:00,3140.39,3182.96,0.40
2020-02-26 16:00:00,3128.71,3178.96,0.40
2020-02-26 18:00:00,3108.45,3149.46,0.40
2020-02-26 20:00:00,3098.72,3135.70,0.60
2020-02-26 22:00:00,3092.97,3117.22,0.60
2020-02-27 00:00:00,3078.72,3107.85,0.60
2020-02-27 02:00:00,3067.85,3086.85,0.60
2020-02-27 04:00:00,3060.10,3072.10,0.60
2020-02-27 06:00:00,3061.85,3098.35,0.60
2020-02-27 08:00:00,3077.10,3104.60,0.60
2020-02-27 10:00:00,3076.10,3095.97,0.60
2020-02-27 12:00:00,3061.35,3084.85,0.60
2020-02-27 14:00:00,3006.71,3069.35,0.40
2020-02-27 16:00:00,3036.71,3096.71,0.40
2020-02-27 18:00:00,3031.42,3093.42,0.40
2020-02-27 20:00:00,2945.29,3043.92,0.60
2020-02-27 22:00:00,2936.29,2971.92,0.60
2020-02-28 00:00:00,2953.67,2973.54,0.60
2020-02-28 02:00:00,2924.67,2981.42,0.60
2020-02-28 04:00:00,2908.42,2954.17,0.60
2020-02-28 06:00:00,2901.92,2942.92,0.60
2020-02-28 08:00:00,2880.67,2948.42,0.60
2020-02-28 10:00:00,2899.54,2940.42,0.60
2020-02-28 12:00:00,2900.80,2953.67,0.60
2020-02-28 14:00:00,2854.55,2931.55,0.40
2020-02-28 16:00:00,2874.18,2960.43,0.40
2020-02-28 18:00:00,2880.50,2950.43,0.40
2020-02-28 20:00:00,2880.20,2998.00,0.40
2020-02-28 22:00:00,2990.61,2990.61,1.50
2020-03-01 22:00:00,2891.88,2929.75,0.60
2020-03-02 00:00:00,2911.13,2966.63,0.60
2020-03-02 02:00:00,2943.88,2985.13,0.60
2020-03-02 04:00:00,2957.13,2977.13,0.60
2020-03-02 06:00:00,2960.38,3009.88,0.60
2020-03-02 08:00:00,2961.63,3022.38,0.60
2020-03-02 10:00:00,2906.13,2979.50,0.60
2020-03-02 12:00:00,2909.00,2963.63,0.60
2020-03-02 14:00:00,2944.63,3000.63,0.40
2020-03-02 16:00:00,2981.75,3040.38,0.40
2020-03-02 18:00:00,2989.82,3040.07,0.40
2020-03-02 20:00:00,2999.57,3094.72,0.40
2020-03-02 22:00:00,3069.47,3086.47,0.60
2020-03-03 00:00:00,3075.47,3097.22,0.60
2020-03-03 02:00:00,3068.97,3087.72,0.60
2020-03-03 04:00:00,3055.97,3079.72,0.60
2020-03-03 06:00:00,3047.47,3079.22,0.60
2020-03-03 08:00:00,3060.72,3101.47,0.60
2020-03-03 10:00:00,3074.97,3101.72,0.60
2020-03-03 12:00:00,3052.72,3097.84,0.60
2020-03-03 14:00:00,3048.97,3138.22,0.40
2020-03-03 16:00:00,3025.63,3106.63,0.40
2020-03-03 18:00:00,2975.47,3050.97,0.40
2020-03-03 20:00:00,2991.82,3041.92,0.71
2020-03-03 22:00:00,2979.01,2998.13,0.60
2020-03-04 00:00:00,2991.76,3028.26,0.60
2020-03-04 02:00:00,3013.76,3040.13,0.60
2020-03-04 04:00:00,3026.76,3043.26,0.60
2020-03-04 06:00:00,3033.51,3049.88,0.60
2020-03-04 08:00:00,3033.51,3063.01,0.60
2020-03-04 10:00:00,3051.51,3063.51,0.60
2020-03-04 12:00:00,3046.01,3076.26,0.60
2020-03-04 14:00:00,3033.51,3073.02,0.40
2020-03-04 16:00:00,3041.02,3080.02,0.40
2020-03-04 18:00:00,3078.27,3100.06,0.40
2020-03-04 20:00:00,3092.06,3130.67,0.40
2020-03-04 22:00:00,3100.27,3115.03,0.60
2020-03-05 00:00:00,3089.77,3109.52,0.60
2020-03-05 02:00:00,3086.27,3100.27,0.60
2020-03-05 04:00:00,3086.27,3104.52,0.60
2020-03-05 06:00:00,3082.27,3102.02,0.60
2020-03-05 08:00:00,3063.77,3089.52,0.60
2020-03-05 10:00:00,3047.27,3070.27,0.60
2020-03-05 12:00:00,3038.52,3064.27,0.60
2020-03-05 14:00:00,3032.77,3069.50,0.60
2020-03-05 16:00:00,3019.95,3084.50,0.40
2020-03-05 18:00:00,3010.20,3040.95,0.40
2020-03-05 20:00:00,2999.56,3031.56,0.40
2020-03-05 22:00:00,3019.22,3028.72,0.60
2020-03-06 00:00:00,3000.47,3039.22,0.60
2020-03-06 02:00:00,2979.47,3002.47,0.60
2020-03-06 04:00:00,2973.97,2987.72,0.60
2020-03-06 06:00:00,2977.72,2996.97,0.60
2020-03-06 08:00:00,2956.97,2999.22,0.60
2020-03-06 10:00:00,2928.47,2959.22,0.60
2020-03-06 12:00:00,2917.97,2953.59,0.60
2020-03-06 14:00:00,2908.84,2978.22,0.60
2020-03-06 16:00:00,2928.47,2973.47,0.40
2020-03-06 18:00:00,2904.66,2965.91,0.40
2020-03-06 20:00:00,2900.91,2986.41,0.40
2020-03-06 22:00:00,2965.46,2965.46,1.50
2020-03-08 22:00:00,2821.93,2905.30,2.10
2020-03-09 00:00:00,2820.93,2841.68,2.10
2020-03-09 02:00:00,2821.68,2831.43,2.10
2020-03-09 04:00:00,2821.43,2821.68,2.10
2020-03-09 06:00:00,2819.80,2821.68,2.10
2020-03-09 08:00:00,2819.50,2826.11,1.50
2020-03-09 10:00:00,2819.80,2821.68,0.90
2020-03-09 12:00:00,2717.80,2821.85,0.70
2020-03-09 14:00:00,2778.18,2839.21,0.90
2020-03-09 16:00:00,2751.08,2839.58,0.90
2020-03-09 18:00:00,2732.41,2790.41,0.90
2020-03-09 20:00:00,2725.08,2756.95,1.10
2020-03-09 22:00:00,2699.33,2813.20,1.10
2020-03-10 00:00:00,2771.08,2833.83,1.10
2020-03-10 02:00:00,2802.08,2823.08,1.10
2020-03-10 04:00:00,2815.45,2853.58,0.60
2020-03-10 06:00:00,2815.08,2852.58,0.60
2020-03-10 08:00:00,2809.33,2881.45,0.60
2020-03-10 10:00:00,2856.75,2884.62,0.60
2020-03-10 12:00:00,2809.21,2869.00,0.40
2020-03-10 14:00:00,2733.13,2847.71,0.40
2020-03-10 16:00:00,2753.63,2807.38,0.40
2020-03-10 18:00:00,2759.88,2885.25,0.40
2020-03-10 20:00:00,2864.05,2888.05,0.60
2020-03-10 22:00:00,2815.55,2873.30,0.60
2020-03-11 00:00:00,2796.42,2842.80,0.60
2020-03-11 02:00:00,2796.55,2822.17,0.60
2020-03-11 04:00:00,2782.42,2815.30,0.60
2020-03-11 06:00:00,2781.92,2814.67,0.60
2020-03-11 08:00:00,2792.17,2840.05,0.60
2020-03-11 10:00:00,2784.05,2824.67,0.60
2020-03-11 12:00:00,2768.05,2818.05,0.60
2020-03-11 14:00:00,2759.77,2812.80,0.40
2020-03-11 16:00:00,2744.73,2805.15,0.40
2020-03-11 18:00:00,2706.48,2761.73,0.40
2020-03-11 20:00:00,2735.73,2752.80,0.99
2020-03-11 22:00:00,2730.18,2775.80,0.60
2020-03-12 00:00:00,2628.05,2744.93,1.10
2020-03-12 02:00:00,2610.18,2650.80,1.10
2020-03-12 04:00:00,2619.80,2671.43,1.10
2020-03-12 06:00:00,2616.43,2649.68,0.60
2020-03-12 08:00:00,2604.30,2646.80,0.60
2020-03-12 10:00:00,2604.30,2626.43,0.60
2020-03-12 12:00:00,2495.55,2617.80,0.90
2020-03-12 14:00:00,2507.14,2585.18,0.90
2020-03-12 16:00:00,2498.39,2660.89,0.90
2020-03-12 18:00:00,2472.62,2573.89,0.90
2020-03-12 20:00:00,2421.03,2489.54,2.00
2020-03-12 22:00:00,2423.04,2488.16,1.10
2020-03-13 00:00:00,2411.29,2468.54,1.10
2020-03-13 02:00:00,2398.54,2439.29,1.10
2020-03-13 04:00:00,2401.16,2568.79,1.10
2020-03-13 06:00:00,2483.29,2595.79,1.10
2020-03-13 08:00:00,2528.79,2596.79,1.10
2020-03-13 10:00:00,2562.91,2598.91,1.10
2020-03-13 12:00:00,2550.54,2638.66,0.90
2020-03-13 14:00:00,2492.62,2612.41,0.90
2020-03-13 16:00:00,2505.24,2598.62,0.90
2020-03-13 18:00:00,2529.24,2707.83,0.90
2020-03-13 20:00:00,2659.84,2709.22,1.10
2020-03-15 22:00:00,2569.22,2663.84,1.10
2020-03-16 12:00:00,2364.59,2570.59,0.90
2020-03-16 14:00:00,2419.84,2562.84,1.90
2020-03-16 16:00:00,2456.50,2543.25,1.40
2020-03-16 18:00:00,2386.38,2505.13,1.40
2020-03-16 20:00:00,2392.92,2446.80,1.60
2020-03-16 22:00:00,2405.67,2457.17,1.60
2020-03-17 00:00:00,2417.05,2514.17,1.60
2020-03-17 02:00:00,2468.17,2513.05,1.60
2020-03-17 04:00:00,2480.30,2514.17,1.60
2020-03-17 06:00:00,2495.80,2514.17,1.60
2020-03-17 08:00:00,2388.42,2507.17,1.60
2020-03-17 10:00:00,2404.92,2496.92,1.60
2020-03-17 12:00:00,2374.05,2470.05,1.40
2020-03-17 14:00:00,2368.05,2510.55,1.40
2020-03-17 16:00:00,2446.60,2557.80,1.40
2020-03-17 18:00:00,2467.88,2545.13,1.40
2020-03-17 20:00:00,2476.08,2546.30,2.50
2020-03-17 22:00:00,2410.30,2497.92,1.60
2020-03-18 00:00:00,2407.92,2450.05,1.60
2020-03-18 02:00:00,2409.92,2460.30,1.60
2020-03-18 04:00:00,2405.17,2423.92,1.60
2020-03-18 06:00:00,2405.67,2405.67,1.60
2020-03-18 12:00:00,2355.92,2434.82,1.40
2020-03-18 14:00:00,2363.07,2452.07,1.40
2020-03-18 16:00:00,2292.71,2405.07,1.40
2020-03-18 18:00:00,2273.50,2411.63,1.40
2020-03-18 20:00:00,2368.82,2424.20,1.60
2020-03-18 22:00:00,2374.70,2470.70,1.60
2020-03-19 00:00:00,2396.95,2467.32,1.60
2020-03-19 02:00:00,2291.32,2398.95,1.60
2020-03-19 04:00:00,2286.07,2340.45,1.60
2020-03-19 06:00:00,2330.82,2408.57,1.60
2020-03-19 08:00:00,2364.07,2425.32,1.60
2020-03-19 10:00:00,2343.32,2389.07,1.00
2020-03-19 12:00:00,2317.70,2389.07,0.80
2020-03-19 14:00:00,2359.20,2457.70,0.80
2020-03-19 16:00:00,2382.70,2456.20,0.80
2020-03-19 18:00:00,2399.20,2467.45,0.80
2020-03-19 20:00:00,2357.32,2409.45,1.00
2020-03-19 22:00:00,2341.32,2375.32,1.00
2020-03-20 00:00:00,2346.70,2398.70,1.00
2020-03-20 02:00:00,2357.95,2391.32,1.00
2020-03-20 04:00:00,2381.57,2418.82,1.00
2020-03-20 06:00:00,2397.70,2470.20,1.00
2020-03-20 08:00:00,2462.32,2509.07,1.00
2020-03-20 10:00:00,2435.70,2507.45,1.00
2020-03-20 12:00:00,2371.45,2467.07,0.80
2020-03-20 14:00:00,2384.70,2452.32,0.80
2020-03-20 16:00:00,2350.57,2404.45,0.80
2020-03-20 18:00:00,2291.70,2395.70,1.00
2020-03-20 20:00:00,2270.31,2309.31,1.20
2020-03-22 22:00:00,2184.19,2239.31,1.20
2020-03-23 00:00:00,2184.31,2215.81,1.20
2020-03-23 02:00:00,2185.56,2233.31,1.20
2020-03-23 04:00:00,2185.31,2222.81,1.20
2020-03-23 06:00:00,2201.06,2240.31,1.20
2020-03-23 08:00:00,2202.81,2242.56,1.20
2020-03-23 10:00:00,2214.56,2249.69,1.20
2020-03-23 12:00:00,2224.81,2395.06,1.20
2020-03-23 14:00:00,2189.62,2294.88,1.00
2020-03-23 16:00:00,2199.12,2300.12,1.00
2020-03-23 18:00:00,2196.09,2258.72,1.00
2020-03-23 20:00:00,2211.24,2244.18,1.20
2020-03-23 22:00:00,2242.36,2294.61,1.20
2020-03-24 00:00:00,2252.49,2317.36,1.20
2020-03-24 02:00:00,2281.36,2328.86,1.20
2020-03-24 04:00:00,2286.24,2320.49,1.20
2020-03-24 06:00:00,2304.99,2339.61,1.20
2020-03-24 08:00:00,2316.61,2344.86,1.20
2020-03-24 10:00:00,2327.36,2344.61,1.20
2020-03-24 12:00:00,2312.11,2388.74,1.20
2020-03-24 14:00:00,2355.26,2413.97,1.00
2020-03-24 16:00:00,2376.97,2439.72,1.00
2020-03-24 18:00:00,2359.47,2449.12,1.00
2020-03-24 20:00:00,2429.11,2459.23,1.20
2020-03-24 22:00:00,2424.11,2481.36,1.20
2020-03-25 00:00:00,2407.73,2444.73,1.20
2020-03-25 02:00:00,2409.23,2430.86,1.20
2020-03-25 04:00:00,2398.98,2455.23,1.20
2020-03-25 06:00:00,2427.86,2479.36,1.20
2020-03-25 08:00:00,2460.23,2509.61,1.20
2020-03-25 10:00:00,2398.73,2488.73,1.20
2020-03-25 12:00:00,2414.86,2497.36,1.20
2020-03-25 14:00:00,2404.86,2475.11,1.00
2020-03-25 16:00:00,2464.61,2571.73,1.00
2020-03-25 18:00:00,2466.46,2563.96,1.00
2020-03-25 20:00:00,2470.71,2493.71,1.20
2020-03-25 22:00:00,2466.84,2501.46,1.20
2020-03-26 00:00:00,2450.46,2509.34,1.20
2020-03-26 02:00:00,2442.59,2482.84,1.20
2020-03-26 04:00:00,2446.21,2471.84,1.20
2020-03-26 06:00:00,2424.09,2459.84,1.20
2020-03-26 08:00:00,2424.09,2448.96,1.20
2020-03-26 10:00:00,2430.84,2463.46,1.00
2020-03-26 12:00:00,2414.59,2550.09,1.00
2020-03-26 14:00:00,2537.34,2598.41,0.80
2020-03-26 16:00:00,2557.04,2602.54,0.80
2020-03-26 18:00:00,2564.20,2637.70,0.80
2020-03-26 20:00:00,2614.44,2635.65,1.00
2020-03-26 22:00:00,2612.19,2644.69,1.00
2020-03-27 00:00:00,2580.19,2644.69,1.00
2020-03-27 02:00:00,2573.94,2594.81,1.00
2020-03-27 04:00:00,2562.69,2599.94,1.00
2020-03-27 06:00:00,2573.94,2612.69,1.00
2020-03-27 08:00:00,2562.19,2592.81,1.00
2020-03-27 10:00:00,2541.19,2580.44,1.00
2020-03-27 12:00:00,2518.44,2567.69,0.80
2020-03-27 14:00:00,2527.19,2570.44,0.80
2020-03-27 16:00:00,2529.69,2580.94,0.80
2020-03-27 18:00:00,2535.36,2616.94,0.80
2020-03-27 20:00:00,2528.55,2550.80,1.00
2020-03-29 21:00:00,2471.38,2510.51,1.00
2020-03-29 23:00:00,2479.76,2514.51,1.00
2020-03-30 01:00:00,2494.38,2521.13,1.00
2020-03-30 03:00:00,2504.51,2554.38,1.00
2020-03-30 05:00:00,2536.01,2579.63,1.00
2020-03-30 07:00:00,2507.88,2560.51,1.00
2020-03-30 09:00:00,2519.86,2547.49,1.00
2020-03-30 11:00:00,2533.99,2571.24,1.00
2020-03-30 13:00:00,2544.81,2593.74,0.70
2020-03-30 15:00:00,2576.49,2612.06,0.70
2020-03-30 17:00:00,2588.31,2618.31,0.65
2020-03-30 19:00:00,2598.06,2632.56,0.65
2020-03-30 21:00:00,2621.55,2634.30,0.85
2020-03-30 23:00:00,2621.80,2636.05,0.85
2020-03-31 01:00:00,2627.80,2642.55,0.85
2020-03-31 03:00:00,2606.30,2636.41,0.85
2020-03-31 05:00:00,2606.30,2638.05,0.85
2020-03-31 07:00:00,2626.91,2646.80,0.85
2020-03-31 09:00:00,2618.05,2645.55,0.85
2020-03-31 11:00:00,2584.55,2621.80,0.85
2020-03-31 13:00:00,2590.05,2641.30,0.65
2020-03-31 15:00:00,2594.05,2642.05,0.65
2020-03-31 17:00:00,2588.03,2615.03,0.65
2020-03-31 19:00:00,2567.77,2613.53,0.85
2020-03-31 21:00:00,2548.90,2578.16,0.85
2020-03-31 23:00:00,2542.40,2561.65,0.85
2020-04-01 01:00:00,2545.02,2557.90,0.85
2020-04-01 03:00:00,2529.27,2550.65,0.85
2020-04-01 05:00:00,2488.40,2540.40,0.85
2020-04-01 07:00:00,2490.40,2523.90,0.85
2020-04-01 09:00:00,2496.15,2517.65,0.85
2020-04-01 11:00:00,2479.65,2503.27,0.85
2020-04-01 13:00:00,2481.65,2515.64,0.85
2020-04-01 15:00:00,2466.64,2523.14,0.65
2020-04-01 17:00:00,2465.64,2495.64,0.65
2020-04-01 19:00:00,2446.69,2480.19,0.65
2020-04-01 21:00:00,2466.03,2486.53,1.75
2020-04-01 23:00:00,2468.53,2488.28,0.85
2020-04-02 01:00:00,2470.28,2498.53,0.85
2020-04-02 03:00:00,2487.15,2501.78,0.85
2020-04-02 05:00:00,2479.40,2502.78,0.85
2020-04-02 07:00:00,2497.78,2513.78,0.85
2020-04-02 09:00:00,2492.28,2506.78,0.85
2020-04-02 11:00:00,2460.53,2510.28,0.85
2020-04-02 13:00:00,2437.03,2535.28,0.85
2020-04-02 15:00:00,2495.28,2528.53,0.65
2020-04-02 17:00:00,2467.28,2526.28,0.65
2020-04-02 19:00:00,2492.03,2535.59,0.65
2020-04-02 21:00:00,2518.84,2534.70,0.85
2020-04-02 23:00:00,2503.34,2531.09,0.85
2020-04-03 01:00:00,2501.34,2515.34,0.85
2020-04-03 03:00:00,2490.84,2508.84,0.85
2020-04-03 05:00:00,2485.09,2509.20,0.85
2020-04-03 07:00:00,2490.09,2510.59,0.85
2020-04-03 09:00:00,2487.45,2505.59,0.85
2020-04-03 11:00:00,2496.84,2537.09,0.85
2020-04-03 13:00:00,2495.34,2539.84,0.65
2020-04-03 15:00:00,2470.64,2510.34,0.65
2020-04-03 17:00:00,2459.47,2488.72,0.65
2020-04-03 19:00:00,2465.36,2498.14,0.65
2020-04-05 21:00:00,2509.19,2530.07,0.85
2020-04-05 23:00:00,2521.32,2575.57,0.85
2020-04-06 01:00:00,2551.94,2575.57,0.85
2020-04-06 03:00:00,2566.82,2584.82,0.85
2020-04-06 05:00:00,2574.32,2596.82,0.85
2020-04-06 07:00:00,2577.07,2596.82,0.85
2020-04-06 09:00:00,2581.07,2594.82,0.85
2020-04-06 11:00:00,2574.57,2589.07,0.85
2020-04-06 13:00:00,2574.07,2617.07,0.65
2020-04-06 15:00:00,2596.40,2632.15,0.60
2020-04-06 17:00:00,2620.59,2637.21,0.60
2020-04-06 19:00:00,2624.84,2676.66,0.60
2020-04-06 21:00:00,2643.63,2658.11,0.80
2020-04-06 23:00:00,2645.88,2676.13,0.80
2020-04-07 01:00:00,2641.38,2667.13,0.80
2020-04-07 03:00:00,2631.88,2657.13,0.80
2020-04-07 05:00:00,2649.63,2700.88,0.80
2020-04-07 07:00:00,2691.00,2729.13,0.80
2020-04-07 09:00:00,2713.63,2753.13,0.80
2020-04-07 11:00:00,2724.13,2747.88,0.80
2020-04-07 13:00:00,2688.36,2755.88,0.60
2020-04-07 15:00:00,2691.11,2747.61,0.60
2020-04-07 17:00:00,2669.65,2740.36,0.60
2020-04-07 19:00:00,2643.75,2703.65,0.80
2020-04-07 21:00:00,2636.37,2651.87,0.80
2020-04-07 23:00:00,2629.75,2668.75,0.80
2020-04-08 01:00:00,2631.25,2657.75,0.80
2020-04-08 03:00:00,2640.00,2670.00,0.80
2020-04-08 05:00:00,2636.25,2689.12,0.80
2020-04-08 07:00:00,2638.00,2670.12,0.80
2020-04-08 09:00:00,2642.00,2666.62,0.80
2020-04-08 11:00:00,2661.00,2686.50,0.80
2020-04-08 13:00:00,2662.50,2697.25,0.60
2020-04-08 15:00:00,2689.75,2730.26,0.60
2020-04-08 17:00:00,2707.63,2745.01,0.60
2020-04-08 19:00:00,2728.51,2760.89,0.60
2020-04-08 21:00:00,2736.78,2748.56,0.80
2020-04-08 23:00:00,2739.15,2759.28,0.80
2020-04-09 01:00:00,2730.65,2755.78,0.80
2020-04-09 03:00:00,2732.03,2752.53,0.80
2020-04-09 05:00:00,2741.03,2767.65,0.80
2020-04-09 07:00:00,2744.28,2777.53,0.80
2020-04-09 09:00:00,2725.53,2750.28,0.80
2020-04-09 11:00:00,2709.40,2778.53,0.80
2020-04-09 13:00:00,2771.78,2812.03,0.80
2020-04-09 15:00:00,2777.80,2816.31,0.60
2020-04-09 17:00:00,2761.81,2818.81,0.60
2020-04-09 19:00:00,2766.56,2797.54,0.60
2020-04-09 21:00:00,2796.26,2796.51,1.70
2020-04-12 21:00:00,2728.79,2816.54,0.80
2020-04-12 23:00:00,2740.92,2770.67,0.80
2020-04-13 01:00:00,2739.79,2762.92,0.80
2020-04-13 03:00:00,2744.67,2759.42,0.80
2020-04-13 05:00:00,2744.17,2761.42,0.80
2020-04-13 07:00:00,2747.42,2757.42,0.80
2020-04-13 09:00:00,2749.92,2765.92,0.80
2020-04-13 11:00:00,2760.17,2785.67,0.80
2020-04-13 13:00:00,2727.65,2788.67,0.60
2020-04-13 15:00:00,2720.33,2756.83,0.60
2020-04-13 17:00:00,2731.03,2755.03,0.60
2020-04-13 19:00:00,2739.03,2770.80,0.60
2020-04-13 21:00:00,2768.36,2780.44,1.45
2020-04-13 23:00:00,2762.19,2778.44,0.80
2020-04-14 01:00:00,2769.44,2807.94,0.80
2020-04-14 03:00:00,2799.81,2816.44,0.80
2020-04-14 05:00:00,2797.94,2817.31,0.80
2020-04-14 07:00:00,2790.94,2811.69,0.80
2020-04-14 09:00:00,2790.31,2804.69,0.80
2020-04-14 11:00:00,2791.44,2815.19,0.80
2020-04-14 13:00:00,2805.94,2844.83,0.60
2020-04-14 15:00:00,2808.08,2840.33,0.60
2020-04-14 17:00:00,2830.58,2849.56,0.60
2020-04-14 19:00:00,2832.31,2852.60,0.60
2020-04-14 21:00:00,2844.77,2853.61,0.80
2020-04-14 23:00:00,2831.40,2848.52,0.80
2020-04-15 01:00:00,2827.65,2838.77,0.80
2020-04-15 03:00:00,2829.27,2842.65,0.80
2020-04-15 05:00:00,2827.90,2842.40,0.80
2020-04-15 07:00:00,2798.15,2836.40,0.80
2020-04-15 09:00:00,2791.90,2807.40,0.80
2020-04-15 11:00:00,2764.65,2807.15,0.80
2020-04-15 13:00:00,2759.40,2789.40,0.60
2020-04-15 15:00:00,2761.15,2783.65,0.60
2020-04-15 17:00:00,2775.79,2799.54,0.60
2020-04-15 19:00:00,2775.35,2801.04,0.80
2020-04-15 21:00:00,2762.73,2782.35,0.80
2020-04-15 23:00:00,2756.98,2777.48,0.80
2020-04-16 01:00:00,2762.10,2776.23,0.80
2020-04-16 03:00:00,2758.98,2777.48,0.80
2020-04-16 05:00:00,2768.98,2815.48,0.80
2020-04-16 07:00:00,2796.23,2813.48,0.80
2020-04-16 09:00:00,2789.23,2804.10,0.80
2020-04-16 11:00:00,2783.48,2809.60,0.80
2020-04-16 13:00:00,2764.23,2804.23,0.60
2020-04-16 15:00:00,2765.23,2807.23,0.60
2020-04-16 17:00:00,2774.35,2796.35,0.60
2020-04-16 19:00:00,2781.85,2840.05,0.60
2020-04-16 21:00:00,2838.76,2889.68,1.70
2020-04-16 23:00:00,2869.43,2894.18,0.80
2020-04-17 01:00:00,2879.05,2891.43,0.80
2020-04-17 03:00:00,2877.18,2889.68,0.80
2020-04-17 05:00:00,2869.93,2893.18,0.80
2020-04-17 07:00:00,2859.68,2884.05,0.80
2020-04-17 09:00:00,2861.05,2884.18,0.80
2020-04-17 11:00:00,2864.18,2886.43,0.80
2020-04-17 13:00:00,2831.97,2871.18,0.60
2020-04-17 15:00:00,2830.05,2852.87,0.60
2020-04-17 17:00:00,2832.62,2854.12,0.60
2020-04-17 19:00:00,2841.62,2881.74,0.60
2020-04-19 21:00:00,2851.19,2869.82,0.80
2020-04-19 23:00:00,2854.57,2883.82,0.80
2020-04-20 01:00:00,2857.57,2878.32,0.80
2020-04-20 03:00:00,2869.57,2882.82,0.80
2020-04-20 05:00:00,2859.07,2877.07,0.80
2020-04-20 07:00:00,2850.32,2869.07,0.80
2020-04-20 09:00:00,2830.07,2860.57,0.80
2020-04-20 11:00:00,2817.32,2838.57,0.80
2020-04-20 13:00:00,2821.57,2862.32,0.80
2020-04-20 15:00:00,2853.57,2869.75,0.40
2020-04-20 17:00:00,2823.18,2861.18,0.40
2020-04-20 19:00:00,2813.23,2836.93,0.60
2020-04-20 21:00:00,2816.48,2834.48,0.60
2020-04-20 23:00:00,2818.11,2837.61,0.60
2020-04-21 01:00:00,2781.73,2841.73,0.60
2020-04-21 03:00:00,2793.36,2807.86,0.60
2020-04-21 05:00:00,2794.98,2813.61,0.60
2020-04-21 07:00:00,2792.36,2816.61,0.60
2020-04-21 09:00:00,2772.36,2807.86,0.60
2020-04-21 11:00:00,2757.61,2782.11,0.60
2020-04-21 13:00:00,2747.51,2786.11,0.40
2020-04-21 15:00:00,2726.76,2749.76,0.40
2020-04-21 17:00:00,2738.26,2763.26,0.40
2020-04-21 19:00:00,2732.01,2761.32,0.40
2020-04-21 21:00:00,2742.38,2756.49,1.50
2020-04-21 23:00:00,2726.99,2757.99,0.60
2020-04-22 01:00:00,2737.24,2751.49,0.60
2020-04-22 03:00:00,2737.74,2752.99,0.60
2020-04-22 05:00:00,2740.86,2774.49,0.60
2020-04-22 07:00:00,2758.24,2783.49,0.60
2020-04-22 09:00:00,2767.74,2786.24,0.60
2020-04-22 11:00:00,2766.49,2792.49,0.60
2020-04-22 13:00:00,2775.65,2795.49,0.40
2020-04-22 15:00:00,2779.15,2799.65,0.40
2020-04-22 17:00:00,2789.15,2808.73,0.40
2020-04-22 19:00:00,2790.81,2816.55,0.60
2020-04-22 21:00:00,2787.56,2800.93,0.60
2020-04-22 23:00:00,2781.56,2795.68,0.60
2020-04-23 01:00:00,2783.43,2803.31,0.60
2020-04-23 03:00:00,2782.93,2796.31,0.60
2020-04-23 05:00:00,2792.31,2814.31,0.60
2020-04-23 07:00:00,2786.06,2809.81,0.60
2020-04-23 09:00:00,2791.31,2806.06,0.60
2020-04-23 11:00:00,2792.81,2815.06,0.60
2020-04-23 13:00:00,2807.56,2845.44,0.40
2020-04-23 15:00:00,2795.19,2840.44,0.40
2020-04-23 17:00:00,2793.63,2826.13,0.40
2020-04-23 19:00:00,2787.99,2820.38,0.60
2020-04-23 21:00:00,2772.99,2791.29,0.60
2020-04-23 23:00:00,2766.24,2782.24,0.60
2020-04-24 01:00:00,2764.11,2777.74,0.60
2020-04-24 03:00:00,2771.74,2778.74,0.60
2020-04-24 05:00:00,2763.86,2786.49,0.60
2020-04-24 07:00:00,2776.49,2788.24,0.60
2020-04-24 09:00:00,2783.74,2814.24,0.60
2020-04-24 11:00:00,2802.49,2820.24,0.60
2020-04-24 13:00:00,2793.74,2818.99,0.40
2020-04-24 15:00:00,2791.16,2811.41,0.40
2020-04-24 17:00:00,2804.16,2831.27,0.40
2020-04-24 19:00:00,2824.52,2842.89,0.40
2020-04-26 21:00:00,2821.34,2849.96,0.60
2020-04-26 23:00:00,2822.71,2836.59,0.60
2020-04-27 01:00:00,2830.59,2850.09,0.60
2020-04-27 03:00:00,2844.84,2868.09,0.60
2020-04-27 05:00:00,2850.84,2873.34,0.60
2020-04-27 07:00:00,2850.84,2867.09,0.60
2020-04-27 09:00:00,2858.59,2870.84,0.60
2020-04-27 11:00:00,2858.59,2871.34,0.60
2020-04-27 13:00:00,2852.09,2870.03,0.40
2020-04-27 15:00:00,2860.53,2880.03,0.40
2020-04-27 17:00:00,2867.78,2882.03,0.40
2020-04-27 19:00:00,2873.60,2888.62,0.60
2020-04-27 21:00:00,2870.60,2876.74,0.60
2020-04-27 23:00:00,2870.85,2881.85,0.60
2020-04-28 01:00:00,2861.85,2878.85,0.60
2020-04-28 03:00:00,2858.85,2868.97,0.60
2020-04-28 05:00:00,2864.22,2876.60,0.60
2020-04-28 07:00:00,2869.85,2890.35,0.60
2020-04-28 09:00:00,2884.35,2915.10,0.60
2020-04-28 11:00:00,2905.85,2920.60,0.60
2020-04-28 13:00:00,2862.35,2921.10,0.40
2020-04-28 15:00:00,2861.85,2884.28,0.40
2020-04-28 17:00:00,2876.13,2889.63,0.40
2020-04-28 19:00:00,2860.44,2887.19,0.40
2020-04-28 21:00:00,2868.24,2880.71,1.50
2020-04-28 23:00:00,2869.09,2887.84,0.60
2020-04-29 01:00:00,2885.59,2909.59,0.60
2020-04-29 03:00:00,2900.84,2913.09,0.60
2020-04-29 05:00:00,2894.09,2911.59,0.60
2020-04-29 07:00:00,2891.59,2903.84,0.60
2020-04-29 09:00:00,2891.84,2905.34,0.60
2020-04-29 11:00:00,2888.59,2930.84,0.60
2020-04-29 13:00:00,2910.59,2934.84,0.40
2020-04-29 15:00:00,2925.34,2950.30,0.40
2020-04-29 17:00:00,2931.55,2952.55,0.40
2020-04-29 19:00:00,2936.79,2967.41,0.60
2020-04-29 21:00:00,2954.54,2966.82,0.60
2020-04-29 23:00:00,2940.29,2958.29,0.60
2020-04-30 01:00:00,2943.29,2955.79,0.60
2020-04-30 03:00:00,2953.04,2972.79,0.60
2020-04-30 05:00:00,2955.54,2970.04,0.60
2020-04-30 07:00:00,2947.04,2963.54,0.60
2020-04-30 09:00:00,2937.04,2959.04,0.60
2020-04-30 11:00:00,2917.04,2943.79,0.60
2020-04-30 13:00:00,2901.79,2928.73,0.40
2020-04-30 15:00:00,2892.43,2925.68,0.40
2020-04-30 17:00:00,2894.86,2910.36,0.40
2020-04-30 19:00:00,2886.94,2918.14,0.60
2020-04-30 21:00:00,2861.82,2892.09,0.60
2020-04-30 23:00:00,2873.32,2886.07,0.60
2020-05-01 01:00:00,2866.57,2888.07,0.60
2020-05-01 03:00:00,2864.57,2875.07,0.60
2020-05-01 05:00:00,2845.07,2874.32,0.60
2020-05-01 07:00:00,2839.32,2859.07,0.60
2020-05-01 09:00:00,2849.69,2859.32,0.60
2020-05-01 11:00:00,2844.82,2856.07,0.60
2020-05-01 13:00:00,2847.40,2866.07,0.40
2020-05-01 15:00:00,2821.70,2856.65,0.40
2020-05-01 17:00:00,2820.95,2833.70,0.40
2020-05-01 19:00:00,2822.12,2839.45,0.40
2020-05-03 21:00:00,2785.60,2805.85,0.60
2020-05-03 23:00:00,2780.35,2795.10,0.60
2020-05-04 01:00:00,2785.10,2805.72,0.60
2020-05-04 03:00:00,2804.35,2817.10,0.60
2020-05-04 05:00:00,2801.35,2823.35,0.60
2020-05-04 07:00:00,2802.35,2821.85,0.60
2020-05-04 09:00:00,2792.60,2811.10,0.60
2020-05-04 11:00:00,2802.85,2817.10,0.60
2020-05-04 13:00:00,2797.85,2827.10,0.40
2020-05-04 15:00:00,2811.35,2826.10,0.40
2020-05-04 17:00:00,2807.83,2831.58,0.40
2020-05-04 19:00:00,2828.33,2844.84,0.40
2020-05-04 21:00:00,2834.09,2842.84,0.60
2020-05-04 23:00:00,2834.84,2848.59,0.60
2020-05-05 01:00:00,2847.84,2857.09,0.60
2020-05-05 03:00:00,2849.59,2860.59,0.60
2020-05-05 05:00:00,2854.34,2861.59,0.60
2020-05-05 07:00:00,2842.59,2874.09,0.60
2020-05-05 09:00:00,2841.84,2865.59,0.60
2020-05-05 11:00:00,2860.84,2873.84,0.60
2020-05-05 13:00:00,2868.29,2891.01,0.50
2020-05-05 15:00:00,2884.78,2899.03,0.40
2020-05-05 17:00:00,2886.53,2898.57,0.40
2020-05-05 19:00:00,2860.92,2898.32,0.60
2020-05-05 21:00:00,2863.05,2877.55,0.60
2020-05-05 23:00:00,2852.30,2877.80,0.60
2020-05-06 01:00:00,2852.30,2865.05,0.60
2020-05-06 03:00:00,2864.05,2872.30,0.60
2020-05-06 05:00:00,2867.80,2894.05,0.60
2020-05-06 07:00:00,2879.30,2891.80,0.60
2020-05-06 09:00:00,2883.55,2894.80,0.60
2020-05-06 11:00:00,2874.05,2893.05,0.60
2020-05-06 13:00:00,2856.05,2890.30,0.40
2020-05-06 15:00:00,2860.55,2881.05,0.40
2020-05-06 17:00:00,2863.00,2879.50,0.40
2020-05-06 19:00:00,2840.18,2871.25,0.90
2020-05-06 21:00:00,2831.08,2846.45,0.60
2020-05-06 23:00:00,2833.08,2851.33,0.60
2020-05-07 01:00:00,2845.08,2853.33,0.60
2020-05-07 03:00:00,2851.33,2862.83,0.60
2020-05-07 05:00:00,2855.83,2868.33,0.60
2020-05-07 07:00:00,2862.58,2883.08,0.60
2020-05-07 09:00:00,2876.33,2886.83,0.60
2020-05-07 11:00:00,2877.08,2889.33,0.60
2020-05-07 13:00:00,2876.79,2894.33,0.40
2020-05-07 15:00:00,2880.54,2902.54,0.40
2020-05-07 17:00:00,2880.88,2900.54,0.40
2020-05-07 19:00:00,2875.99,2891.56,0.40
2020-05-07 21:00:00,2886.94,2895.44,0.60
2020-05-07 23:00:00,2890.44,2913.19,0.60
2020-05-08 01:00:00,2909.44,2921.44,0.60
2020-05-08 03:00:00,2918.44,2923.44,0.60
2020-05-08 05:00:00,2914.19,2929.19,0.60
2020-05-08 07:00:00,2908.44,2917.19,0.60
2020-05-08 09:00:00,2911.94,2922.19,0.60
2020-05-08 11:00:00,2908.94,2924.69,0.60
2020-05-08 13:00:00,2902.69,2921.69,0.40
2020-05-08 15:00:00,2908.69,2924.44,0.40
2020-05-08 17:00:00,2911.68,2924.43,0.40
2020-05-08 19:00:00,2919.18,2939.61,0.40
2020-05-10 21:00:00,2922.99,2934.99,0.60
2020-05-10 23:00:00,2931.24,2948.74,0.60
2020-05-11 01:00:00,2943.99,2953.49,0.60
2020-05-11 03:00:00,2945.49,2951.74,0.60
2020-05-11 05:00:00,2933.99,2946.49,0.60
2020-05-11 07:00:00,2928.74,2948.74,0.60
2020-05-11 09:00:00,2913.24,2931.49,0.60
2020-05-11 11:00:00,2896.74,2918.49,0.60
2020-05-11 13:00:00,2900.99,2918.23,0.60
2020-05-11 15:00:00,2912.48,2935.03,0.40
2020-05-11 17:00:00,2931.46,2944.21,0.40
2020-05-11 19:00:00,2923.99,2944.21,0.60
2020-05-11 21:00:00,2925.08,2934.24,1.50
2020-05-11 23:00:00,2909.49,2930.74,0.60
2020-05-12 01:00:00,2903.61,2917.49,0.60
2020-05-12 03:00:00,2901.24,2915.74,0.60
2020-05-12 05:00:00,2903.49,2920.99,0.60
2020-05-12 07:00:00,2909.74,2925.11,0.60
2020-05-12 09:00:00,2915.74,2936.24,0.60
2020-05-12 11:00:00,2932.49,2942.49,0.60
2020-05-12 13:00:00,2919.24,2945.74,0.40
2020-05-12 15:00:00,2923.18,2934.93,0.40
2020-05-12 17:00:00,2906.12,2929.25,0.40
2020-05-12 19:00:00,2844.50,2915.00,0.60
2020-05-12 21:00:00,2839.88,2855.38,0.60
2020-05-12 23:00:00,2831.88,2852.38,0.60
2020-05-13 01:00:00,2839.63,2856.88,0.60
2020-05-13 03:00:00,2852.88,2865.38,0.60
2020-05-13 05:00:00,2852.13,2871.38,0.60
2020-05-13 07:00:00,2852.63,2870.63,0.60
2020-05-13 09:00:00,2855.38,2879.63,0.60
2020-05-13 11:00:00,2870.88,2882.88,0.60
2020-05-13 13:00:00,2839.88,2875.10,0.40
2020-05-13 15:00:00,2799.35,2857.10,0.40
2020-05-13 17:00:00,2799.68,2823.68,0.40
2020-05-13 19:00:00,2792.43,2825.33,0.40
2020-05-13 21:00:00,2821.33,2829.70,0.60
2020-05-13 23:00:00,2809.33,2830.58,0.60
2020-05-14 01:00:00,2803.83,2823.58,0.60
2020-05-14 03:00:00,2811.58,2824.58,0.60
2020-05-14 05:00:00,2801.95,2816.95,0.60
2020-05-14 07:00:00,2807.58,2825.58,0.60
2020-05-14 09:00:00,2809.58,2823.08,0.60
2020-05-14 11:00:00,2782.83,2819.08,0.60
2020-05-14 13:00:00,2765.83,2808.38,0.40
2020-05-14 15:00:00,2792.38,2828.76,0.40
2020-05-14 17:00:00,2813.01,2838.76,0.40
2020-05-14 19:00:00,2821.76,2859.51,0.40
2020-05-14 21:00:00,2847.76,2854.80,0.60
2020-05-14 23:00:00,2848.26,2863.26,0.60
2020-05-15 01:00:00,2841.01,2855.01,0.60
2020-05-15 03:00:00,2843.26,2858.51,0.60
2020-05-15 05:00:00,2847.76,2861.01,0.60
2020-05-15 07:00:00,2852.76,2868.76,0.60
2020-05-15 09:00:00,2833.76,2865.01,0.60
2020-05-15 11:00:00,2816.76,2835.51,0.60
2020-05-15 13:00:00,2815.51,2853.01,0.40
2020-05-15 15:00:00,2821.19,2850.02,0.40
2020-05-15 17:00:00,2842.77,2861.77,0.40
2020-05-15 19:00:00,2846.02,2865.36,0.40
2020-05-15 21:00:00,2860.38,2860.38,1.50
2020-05-17 21:00:00,2856.22,2878.22,0.60
2020-05-17 23:00:00,2871.22,2879.22,0.60
2020-05-18 01:00:00,2873.34,2888.47,0.60
2020-05-18 03:00:00,2882.22,2890.47,0.60
2020-05-18 05:00:00,2879.97,2891.72,0.60
2020-05-18 07:00:00,2887.72,2902.22,0.60
2020-05-18 09:00:00,2890.22,2900.47,0.60
2020-05-18 11:00:00,2896.59,2939.47,0.60
2020-05-18 13:00:00,2929.47,2949.08,0.40
2020-05-18 15:00:00,2947.33,2958.08,0.40
2020-05-18 17:00:00,2949.66,2962.66,0.40
2020-05-18 19:00:00,2947.76,2968.16,0.60
2020-05-18 21:00:00,2945.76,2958.26,0.60
2020-05-18 23:00:00,2946.39,2958.14,0.60
2020-05-19 01:00:00,2942.89,2952.26,0.60
2020-05-19 03:00:00,2940.14,2955.64,0.60
2020-05-19 05:00:00,2947.89,2980.64,0.60
2020-05-19 07:00:00,2937.39,2977.14,0.60
2020-05-19 09:00:00,2935.64,2949.39,0.60
2020-05-19 11:00:00,2939.89,2952.64,0.60
2020-05-19 13:00:00,2936.39,2959.64,0.40
2020-05-19 15:00:00,2949.18,2961.93,0.40
2020-05-19 17:00:00,2939.70,2964.20,0.40
2020-05-19 19:00:00,2919.55,2960.45,0.60
2020-05-19 21:00:00,2913.93,2924.43,0.60
2020-05-19 23:00:00,2923.68,2934.93,0.60
2020-05-20 01:00:00,2933.43,2942.43,0.60
2020-05-20 03:00:00,2934.55,2946.68,0.60
2020-05-20 05:00:00,2930.43,2945.93,0.60
2020-05-20 07:00:00,2932.93,2952.93,0.60
2020-05-20 09:00:00,2947.05,2959.43,0.60
2020-05-20 11:00:00,2952.43,2962.43,0.60
2020-05-20 13:00:00,2957.63,2977.43,0.50
2020-05-20 15:00:00,2962.74,2980.52,0.40
2020-05-20 17:00:00,2959.99,2975.74,0.40
2020-05-20 19:00:00,2963.74,2977.55,0.40
2020-05-20 21:00:00,2971.05,2978.05,0.60
2020-05-20 23:00:00,2962.68,2972.68,0.60
2020-05-21 01:00:00,2950.68,2967.43,0.60
2020-05-21 03:00:00,2952.68,2960.43,0.60
2020-05-21 05:00:00,2951.93,2962.18,0.60
2020-05-21 07:00:00,2946.68,2960.30,0.60
2020-05-21 09:00:00,2948.18,2959.18,0.60
2020-05-21 11:00:00,2955.18,2968.68,0.60
2020-05-21 13:00:00,2954.52,2977.87,0.40
2020-05-21 15:00:00,2938.52,2960.52,0.40
2020-05-21 17:00:00,2945.37,2959.62,0.40
2020-05-21 19:00:00,2940.81,2957.85,0.92
2020-05-21 21:00:00,2938.85,2950.60,0.60
2020-05-21 23:00:00,2948.85,2957.10,0.60
2020-05-22 01:00:00,2927.97,2953.35,0.60
2020-05-22 03:00:00,2920.35,2931.60,0.60
2020-05-22 05:00:00,2915.10,2927.85,0.60
2020-05-22 07:00:00,2908.85,2926.60,0.60
2020-05-22 09:00:00,2923.60,2933.35,0.60
2020-05-22 11:00:00,2930.60,2950.10,0.60
2020-05-22 13:00:00,2933.35,2950.10,0.40
2020-05-22 15:00:00,2933.60,2948.10,0.40
2020-05-22 17:00:00,2943.85,2955.10,0.40
2020-05-22 19:00:00,2943.81,2961.88,0.40
2020-05-24 21:00:00,2955.01,2972.13,0.60
2020-05-24 23:00:00,2965.76,2973.76,0.60
2020-05-25 01:00:00,2959.01,2969.76,0.60
2020-05-25 03:00:00,2965.01,2970.26,0.60
2020-05-25 05:00:00,2968.01,2974.51,0.60
2020-05-25 07:00:00,2964.13,2988.26,0.60
2020-05-25 09:00:00,2981.26,2989.51,0.60
2020-05-25 11:00:00,2983.63,2990.26,0.60
2020-05-25 13:00:00,2987.51,2993.01,0.40
2020-05-25 15:00:00,2991.76,2994.51,0.40
2020-05-25 17:00:00,2992.29,2993.73,1.50
2020-05-25 19:00:00,2993.73,2995.17,1.50
2020-05-25 21:00:00,2987.51,2994.53,0.60
2020-05-25 23:00:00,2985.51,2993.51,0.60
2020-05-26 01:00:00,2990.76,3000.26,0.60
2020-05-26 03:00:00,2997.01,3015.51,0.60
2020-05-26 05:00:00,3007.01,3018.63,0.60
2020-05-26 07:00:00,3008.01,3016.26,0.60
2020-05-26 09:00:00,3010.76,3019.51,0.60
2020-05-26 11:00:00,3008.76,3019.51,0.60
2020-05-26 13:00:00,3005.49,3024.26,0.40
2020-05-26 15:00:00,2999.74,3016.49,0.40
2020-05-26 17:00:00,3008.12,3015.62,0.40
2020-05-26 19:00:00,2987.47,3011.62,0.40
2020-05-26 21:00:00,2992.17,2998.36,0.60
2020-05-26 23:00:00,2987.42,2998.17,0.60
2020-05-27 01:00:00,2997.54,3011.42,0.60
2020-05-27 03:00:00,3010.17,3022.04,0.60
2020-05-27 05:00:00,3012.17,3020.42,0.60
2020-05-27 07:00:00,3008.17,3027.67,0.60
2020-05-27 09:00:00,3024.42,3038.67,0.60
2020-05-27 11:00:00,3022.67,3035.42,0.60
2020-05-27 13:00:00,2969.42,3028.42,0.40
2020-05-27 15:00:00,2974.92,3005.63,0.40
2020-05-27 17:00:00,2995.93,3018.80,0.40
2020-05-27 19:00:00,3014.93,3043.63,0.40
2020-05-27 21:00:00,3035.01,3043.51,0.60
2020-05-27 23:00:00,3037.76,3055.26,0.60
2020-05-28 01:00:00,3046.76,3057.26,0.60
2020-05-28 03:00:00,3032.51,3050.01,0.60
2020-05-28 05:00:00,3036.76,3055.38,0.60
2020-05-28 07:00:00,3035.63,3052.01,0.60
2020-05-28 09:00:00,3032.26,3049.01,0.60
2020-05-28 11:00:00,3039.26,3050.01,0.60
2020-05-28 13:00:00,3034.26,3053.01,0.40
2020-05-28 15:00:00,3045.64,3064.89,0.40
2020-05-28 17:00:00,3055.60,3069.35,0.40
2020-05-28 19:00:00,3023.60,3065.35,0.40
2020-05-28 21:00:00,3032.94,3041.94,0.60
2020-05-28 23:00:00,3016.19,3039.57,0.60
2020-05-29 01:00:00,3014.57,3036.82,0.60
2020-05-29 03:00:00,3024.57,3035.57,0.60
2020-05-29 05:00:00,3022.07,3038.32,0.60
2020-05-29 07:00:00,3016.57,3034.82,0.60
2020-05-29 09:00:00,3020.32,3036.82,0.60
2020-05-29 11:00:00,3024.32,3038.07,0.60
2020-05-29 13:00:00,3006.53,3031.57,0.40
2020-05-29 15:00:00,2996.12,3022.75,0.40
2020-05-29 17:00:00,3001.00,3036.50,0.40
2020-05-29 19:00:00,3031.50,3061.40,0.40
2020-05-31 21:00:00,3011.40,3037.53,0.60
2020-05-31 23:00:00,3018.28,3044.03,0.60
2020-06-01 01:00:00,3033.53,3050.78,0.60
2020-06-01 03:00:00,3038.03,3052.03,0.60
2020-06-01 05:00:00,3039.53,3057.53,0.60
2020-06-01 07:00:00,3023.90,3058.03,0.60
2020-06-01 09:00:00,3030.53,3043.40,0.60
2020-06-01 11:00:00,3035.53,3050.03,0.60
2020-06-01 13:00:00,3030.28,3052.78,0.40
2020-06-01 15:00:00,3042.88,3056.80,0.40
2020-06-01 17:00:00,3055.05,3062.05,0.40
2020-06-01 19:00:00,3051.88,3061.30,0.60
2020-06-01 21:00:00,3045.88,3057.88,0.60
2020-06-01 23:00:00,3038.38,3049.13,0.60
2020-06-02 01:00:00,3038.38,3049.00,0.60
2020-06-02 03:00:00,3039.75,3046.13,0.60
2020-06-02 05:00:00,3045.00,3054.13,0.60
2020-06-02 07:00:00,3048.13,3072.38,0.60
2020-06-02 09:00:00,3068.13,3078.63,0.60
2020-06-02 11:00:00,3065.13,3074.13,0.60
2020-06-02 13:00:00,3054.88,3072.88,0.40
2020-06-02 15:00:00,3051.38,3065.76,0.40
2020-06-02 17:00:00,3062.01,3072.01,0.40
2020-06-02 19:00:00,3060.64,3082.19,0.40
2020-06-02 21:00:00,3077.57,3082.57,0.60
2020-06-02 23:00:00,3079.07,3093.32,0.60
2020-06-03 01:00:00,3084.32,3095.32,0.60
2020-06-03 03:00:00,3086.07,3092.32,0.60
2020-06-03 05:00:00,3088.32,3097.82,0.60
2020-06-03 07:00:00,3088.07,3094.57,0.60
2020-06-03 09:00:00,3089.82,3098.32,0.60
2020-06-03 11:00:00,3090.44,3101.82,0.60
2020-06-03 13:00:00,3098.57,3113.55,0.60
2020-06-03 15:00:00,3109.80,3120.55,0.40
2020-06-03 17:00:00,3111.55,3123.43,0.40
2020-06-03 19:00:00,3117.51,3131.69,0.60
2020-06-03 21:00:00,3113.88,3120.95,0.60
2020-06-03 23:00:00,3114.51,3128.88,0.60
2020-06-04 01:00:00,3107.76,3120.76,0.60
2020-06-04 03:00:00,3108.01,3115.26,0.60
2020-06-04 05:00:00,3107.51,3117.01,0.60
2020-06-04 07:00:00,3107.26,3114.26,0.60
2020-06-04 09:00:00,3101.13,3109.51,0.60
2020-06-04 11:00:00,3096.51,3114.76,0.60
2020-06-04 13:00:00,3102.26,3128.76,0.60
2020-06-04 15:00:00,3104.16,3127.76,0.40
2020-06-04 17:00:00,3100.66,3115.91,0.40
2020-06-04 19:00:00,3089.91,3118.83,0.40
2020-06-04 21:00:00,3113.96,3119.83,0.60
2020-06-04 23:00:00,3108.96,3118.21,0.60
2020-06-05 01:00:00,3113.21,3124.21,0.60
2020-06-05 03:00:00,3121.71,3130.96,0.60
2020-06-05 05:00:00,3126.96,3139.96,0.60
2020-06-05 07:00:00,3134.83,3147.96,0.60
2020-06-05 09:00:00,3130.71,3143.46,0.60
2020-06-05 11:00:00,3134.96,3166.71,0.60
2020-06-05 13:00:00,3160.96,3191.39,0.60
2020-06-05 15:00:00,3190.14,3212.39,0.40
2020-06-05 17:00:00,3193.45,3206.70,0.40
2020-06-05 19:00:00,3182.97,3200.72,0.40
2020-06-07 21:00:00,3189.91,3206.66,0.60
2020-06-07 23:00:00,3197.41,3212.66,0.60
2020-06-08 01:00:00,3188.16,3199.66,0.60
2020-06-08 03:00:00,3193.16,3199.41,0.60
2020-06-08 05:00:00,3189.91,3198.41,0.60
2020-06-08 07:00:00,3185.16,3205.16,0.60
2020-06-08 09:00:00,3197.41,3208.66,0.60
2020-06-08 11:00:00,3200.16,3212.41,0.60
2020-06-08 13:00:00,3195.78,3212.66,0.40
2020-06-08 15:00:00,3204.28,3213.03,0.40
2020-06-08 17:00:00,3206.86,3221.11,0.40
2020-06-08 19:00:00,3216.36,3233.29,0.40
2020-06-08 21:00:00,3223.82,3230.69,0.60
2020-06-08 23:00:00,3222.07,3230.82,0.60
2020-06-09 01:00:00,3219.32,3227.32,0.60
2020-06-09 03:00:00,3222.07,3226.07,0.60
2020-06-09 05:00:00,3222.32,3232.82,0.60
2020-06-09 07:00:00,3192.07,3225.82,0.60
2020-06-09 09:00:00,3192.07,3204.32,0.60
2020-06-09 11:00:00,3196.57,3207.82,0.60
2020-06-09 13:00:00,3192.84,3215.84,0.40
2020-06-09 15:00:00,3201.09,3216.59,0.40
2020-06-09 17:00:00,3208.77,3221.27,0.40
2020-06-09 19:00:00,3203.86,3222.77,0.60
2020-06-09 21:00:00,3206.52,3214.74,1.50
2020-06-09 23:00:00,3209.49,3222.74,0.60
2020-06-10 01:00:00,3218.74,3229.49,0.60
2020-06-10 03:00:00,3220.74,3226.74,0.60
2020-06-10 05:00:00,3214.99,3227.24,0.60
2020-06-10 07:00:00,3213.49,3226.49,0.60
2020-06-10 09:00:00,3195.24,3214.24,0.60
2020-06-10 11:00:00,3205.74,3220.74,0.60
2020-06-10 13:00:00,3181.51,3220.99,0.40
2020-06-10 15:00:00,3184.76,3204.01,0.40
2020-06-10 17:00:00,3189.41,3222.79,0.40
2020-06-10 19:00:00,3182.20,3214.19,0.60
2020-06-10 21:00:00,3169.95,3190.45,0.60
2020-06-10 23:00:00,3163.95,3178.70,0.60
2020-06-11 01:00:00,3170.20,3182.70,0.60
2020-06-11 03:00:00,3150.20,3171.70,0.60
2020-06-11 05:00:00,3139.45,3156.45,0.60
2020-06-11 07:00:00,3121.95,3144.45,0.60
2020-06-11 09:00:00,3124.45,3147.20,0.60
2020-06-11 11:00:00,3100.20,3135.20,0.60
2020-06-11 13:00:00,3087.90,3119.38,0.40
2020-06-11 15:00:00,3035.65,3093.90,0.40
2020-06-11 17:00:00,3008.63,3056.40,0.40
2020-06-11 19:00:00,2998.93,3026.63,0.40
2020-06-11 21:00:00,3004.90,3026.78,0.60
2020-06-11 23:00:00,3018.78,3035.28,0.60
2020-06-12 01:00:00,3013.28,3046.78,0.60
2020-06-12 03:00:00,3035.03,3050.28,0.60
2020-06-12 05:00:00,3028.78,3055.53,0.60
2020-06-12 07:00:00,3028.78,3069.78,0.60
2020-06-12 09:00:00,3057.53,3075.53,0.60
2020-06-12 11:00:00,3052.28,3074.78,0.60
2020-06-12 13:00:00,3024.88,3089.03,0.40
2020-06-12 15:00:00,3002.88,3056.88,0.40
2020-06-12 17:00:00,2983.85,3037.85,0.40
2020-06-12 19:00:00,3008.39,3048.14,0.40
2020-06-14 21:00:00,2982.03,3009.78,0.60
2020-06-14 23:00:00,2989.78,3008.78,0.60
2020-06-15 01:00:00,2989.78,3004.53,0.60
2020-06-15 03:00:00,2983.78,3000.78,0.60
2020-06-15 05:00:00,2936.40,2985.03,0.60
2020-06-15 07:00:00,2941.53,2983.53,0.60
2020-06-15 09:00:00,2968.65,2993.53,0.60
2020-06-15 11:00:00,2967.28,2990.28,0.60
2020-06-15 13:00:00,2964.78,3015.29,0.40
2020-06-15 15:00:00,3005.16,3041.75,0.40
2020-06-15 17:00:00,3036.25,3080.75,0.40
2020-06-15 19:00:00,3043.75,3078.66,0.40
2020-06-15 21:00:00,3073.29,3087.29,0.60
2020-06-15 23:00:00,3072.79,3102.29,0.60
2020-06-16 01:00:00,3094.66,3125.54,0.60
2020-06-16 03:00:00,3112.29,3124.04,0.60
2020-06-16 05:00:00,3098.04,3124.79,0.60
2020-06-16 07:00:00,3092.29,3112.91,0.60
2020-06-16 09:00:00,3103.91,3119.29,0.60
2020-06-16 11:00:00,3108.29,3168.04,0.60
2020-06-16 13:00:00,3088.33,3162.79,0.40
2020-06-16 15:00:00,3074.83,3139.33,0.40
2020-06-16 17:00:00,3119.37,3141.12,0.40
2020-06-16 19:00:00,3103.87,3131.12,0.40
2020-06-16 21:00:00,3110.97,3127.87,0.60
2020-06-16 23:00:00,3117.72,3137.97,0.60
2020-06-17 01:00:00,3107.97,3134.97,0.60
2020-06-17 03:00:00,3112.97,3131.84,0.60
2020-06-17 05:00:00,3117.72,3141.22,0.60
2020-06-17 07:00:00,3127.22,3157.84,0.60
2020-06-17 09:00:00,3128.47,3153.47,0.60
2020-06-17 11:00:00,3136.47,3150.72,0.60
2020-06-17 13:00:00,3109.65,3142.22,0.40
2020-06-17 15:00:00,3116.90,3135.65,0.40
2020-06-17 17:00:00,3127.77,3141.52,0.40
2020-06-17 19:00:00,3107.08,3128.02,0.40
2020-06-17 21:00:00,3109.22,3119.72,0.60
2020-06-17 23:00:00,3091.22,3118.72,0.60
2020-06-18 01:00:00,3076.22,3101.97,0.60
2020-06-18 03:00:00,3083.97,3105.22,0.60
2020-06-18 05:00:00,3093.22,3120.22,0.60
2020-06-18 07:00:00,3105.47,3130.22,0.60
2020-06-18 09:00:00,3109.72,3130.72,0.60
2020-06-18 11:00:00,3085.22,3117.22,0.60
2020-06-18 13:00:00,3092.22,3120.63,0.60
2020-06-18 15:00:00,3102.13,3120.63,0.40
2020-06-18 17:00:00,3102.63,3117.38,0.40
2020-06-18 19:00:00,3098.38,3117.56,0.40
2020-06-18 21:00:00,3108.48,3118.86,0.60
2020-06-18 23:00:00,3108.61,3127.48,0.60
2020-06-19 01:00:00,3106.11,3118.61,0.60
2020-06-19 03:00:00,3111.73,3118.61,0.60
2020-06-19 05:00:00,3111.86,3135.23,0.60
2020-06-19 07:00:00,3122.11,3132.86,0.60
2020-06-19 09:00:00,3128.36,3142.11,0.60
2020-06-19 11:00:00,3132.11,3148.61,0.60
2020-06-19 13:00:00,3131.61,3155.86,0.40
2020-06-19 15:00:00,3090.11,3140.11,0.40
2020-06-19 17:00:00,3082.69,3115.11,0.40
2020-06-19 19:00:00,3068.31,3116.19,0.60
2020-06-19 21:00:00,3069.41,3069.41,1.50
2020-06-21 21:00:00,3038.94,3067.19,0.60
2020-06-21 23:00:00,3054.69,3071.19,0.60
2020-06-22 01:00:00,3068.94,3087.69,0.60
2020-06-22 03:00:00,3082.19,3093.69,0.60
2020-06-22 05:00:00,3073.94,3088.94,0.60
2020-06-22 07:00:00,3078.94,3103.94,0.60
2020-06-22 09:00:00,3092.44,3108.19,0.60
2020-06-22 11:00:00,3085.44,3098.44,0.60
2020-06-22 13:00:00,3078.19,3106.94,0.40
2020-06-22 15:00:00,3089.28,3118.58,0.40
2020-06-22 17:00:00,3107.83,3121.08,0.40
2020-06-22 19:00:00,3103.55,3125.90,0.40
2020-06-22 21:00:00,3119.78,3131.03,0.60
2020-06-22 23:00:00,3128.53,3137.03,0.60
2020-06-23 01:00:00,3072.53,3132.78,0.60
2020-06-23 03:00:00,3118.28,3127.53,0.60
2020-06-23 05:00:00,3112.53,3129.53,0.60
2020-06-23 07:00:00,3122.53,3146.28,0.60
2020-06-23 09:00:00,3137.15,3150.53,0.60
2020-06-23 11:00:00,3142.78,3157.03,0.60
2020-06-23 13:00:00,3132.03,3154.53,0.40
2020-06-23 15:00:00,3134.78,3152.78,0.40
2020-06-23 17:00:00,3141.96,3155.46,0.40
2020-06-23 19:00:00,3122.74,3146.46,0.60
2020-06-23 21:00:00,3119.37,3130.12,0.60
2020-06-23 23:00:00,3118.62,3136.12,0.60
2020-06-24 01:00:00,3120.12,3136.12,0.60
2020-06-24 03:00:00,3126.62,3139.37,0.60
2020-06-24 05:00:00,3125.12,3137.37,0.60
2020-06-24 07:00:00,3097.37,3135.87,0.60
2020-06-24 09:00:00,3092.12,3112.12,0.60
2020-06-24 11:00:00,3104.37,3116.12,0.60
2020-06-24 13:00:00,3071.91,3116.87,0.40
2020-06-24 15:00:00,3030.91,3078.41,0.40
2020-06-24 17:00:00,3038.39,3065.39,0.40
2020-06-24 19:00:00,3046.89,3067.39,0.40
2020-06-24 21:00:00,3052.23,3063.73,0.60
2020-06-24 23:00:00,3045.73,3066.48,0.60
2020-06-25 01:00:00,3032.98,3067.73,0.60
2020-06-25 03:00:00,3036.98,3050.48,0.60
2020-06-25 05:00:00,3037.48,3053.73,0.60
2020-06-25 07:00:00,3017.23,3058.48,0.60
2020-06-25 09:00:00,3047.23,3063.73,0.60
2020-06-25 11:00:00,3030.23,3055.48,0.60
2020-06-25 13:00:00,3023.48,3060.40,0.40
2020-06-25 15:00:00,3035.90,3063.40,0.40
2020-06-25 17:00:00,3045.71,3060.71,0.40
2020-06-25 19:00:00,3050.46,3090.19,0.40
2020-06-25 21:00:00,3079.19,3084.78,0.60
2020-06-25 23:00:00,3074.44,3090.44,0.60
2020-06-26 01:00:00,3077.44,3086.94,0.60
2020-06-26 03:00:00,3076.69,3092.44,0.60
2020-06-26 05:00:00,3072.44,3090.19,0.60
2020-06-26 07:00:00,3059.69,3078.44,0.60
2020-06-26 09:00:00,3068.94,3087.69,0.60
2020-06-26 11:00:00,3068.44,3091.44,0.60
2020-06-26 13:00:00,3016.98,3073.94,0.40
2020-06-26 15:00:00,3014.73,3038.98,0.40
2020-06-26 17:00:00,3008.79,3036.29,0.40
2020-06-26 19:00:00,3004.63,3025.13,0.40
