2019-09-30 22:00:00,17.72,17.77,0.08
2019-09-30 22:30:00,17.75,17.78,0.08
2019-09-30 23:00:00,17.73,17.75,0.08
2019-09-30 23:30:00,17.73,17.75,0.08
2019-10-01 00:00:00,17.73,17.75,0.08
2019-10-01 00:30:00,17.63,17.75,0.08
2019-10-01 01:00:00,17.48,17.60,0.08
2019-10-01 01:30:00,17.51,17.56,0.08
2019-10-01 02:00:00,17.51,17.56,0.08
2019-10-01 02:30:00,17.53,17.56,0.08
2019-10-01 03:00:00,17.55,17.56,0.08
2019-10-01 03:30:00,17.51,17.57,0.08
2019-10-01 04:00:00,17.51,17.56,0.08
2019-10-01 04:30:00,17.51,17.56,0.08
2019-10-01 05:00:00,17.54,17.56,0.08
2019-10-01 05:30:00,17.51,17.58,0.08
2019-10-01 06:00:00,17.49,17.59,0.08
2019-10-01 06:30:00,17.49,17.52,0.08
2019-10-01 07:00:00,17.44,17.57,0.08
2019-10-01 07:30:00,17.54,17.62,0.08
2019-10-01 08:00:00,17.64,17.74,0.08
2019-10-01 08:30:00,17.57,17.67,0.08
2019-10-01 09:00:00,17.62,17.74,0.08
2019-10-01 09:30:00,17.64,17.74,0.08
2019-10-01 10:00:00,17.65,17.75,0.08
2019-10-01 10:30:00,17.66,17.75,0.08
2019-10-01 11:00:00,17.72,17.82,0.08
2019-10-01 11:30:00,17.70,17.74,0.08
2019-10-01 12:00:00,17.70,17.75,0.08
2019-10-01 12:30:00,17.58,17.70,0.08
2019-10-01 13:00:00,17.58,17.67,0.08
2019-10-01 13:30:00,17.50,17.65,0.08
2019-10-01 14:00:00,17.63,18.32,0.08
2019-10-01 14:30:00,17.97,18.34,0.08
2019-10-01 15:00:00,18.15,18.44,0.08
2019-10-01 15:30:00,18.17,18.45,0.08
2019-10-01 16:00:00,18.40,18.67,0.08
2019-10-01 16:30:00,18.35,18.55,0.08
2019-10-01 17:00:00,18.50,18.67,0.08
2019-10-01 17:30:00,18.55,18.69,0.08
2019-10-01 18:00:00,18.50,18.72,0.08
2019-10-01 18:30:00,18.45,18.62,0.08
2019-10-01 19:00:00,18.48,18.70,0.08
2019-10-01 19:30:00,18.48,18.82,0.08
2019-10-01 20:00:00,18.77,18.97,0.08
2019-10-01 20:30:00,18.82,18.95,0.08
2019-10-01 22:00:00,18.80,18.88,0.08
2019-10-01 22:30:00,18.75,18.80,0.08
2019-10-01 23:30:00,18.67,18.76,0.08
2019-10-02 00:00:00,18.53,18.66,0.08
2019-10-02 00:30:00,18.63,18.71,0.08
2019-10-02 01:00:00,18.58,18.68,0.08
2019-10-02 01:30:00,18.58,18.63,0.08
2019-10-02 02:00:00,18.63,18.69,0.08
2019-10-02 02:30:00,18.59,18.64,0.08
2019-10-02 03:00:00,18.59,18.64,0.08
2019-10-02 03:30:00,18.59,18.64,0.08
2019-10-02 04:00:00,18.61,18.64,0.08
2019-10-02 04:30:00,18.64,18.69,0.08
2019-10-02 05:00:00,18.63,18.69,0.08
2019-10-02 05:30:00,18.64,18.69,0.08
2019-10-02 06:00:00,18.64,18.80,0.08
2019-10-02 06:30:00,18.69,18.76,0.08
2019-10-02 07:00:00,18.71,19.08,0.08
2019-10-02 07:30:00,19.05,19.18,0.08
2019-10-02 08:00:00,19.13,19.21,0.08
2019-10-02 08:30:00,19.14,19.28,0.08
2019-10-02 09:00:00,19.11,19.33,0.08
2019-10-02 09:30:00,19.28,19.40,0.08
2019-10-02 10:00:00,19.28,19.36,0.08
2019-10-02 10:30:00,19.28,19.40,0.08
2019-10-02 11:00:00,19.25,19.39,0.08
2019-10-02 11:30:00,19.16,19.25,0.08
2019-10-02 12:00:00,19.11,19.23,0.08
2019-10-02 12:30:00,19.13,19.35,0.08
2019-10-02 13:00:00,19.30,19.40,0.08
2019-10-02 13:30:00,19.35,19.78,0.08
2019-10-02 14:00:00,19.56,19.83,0.08
2019-10-02 14:30:00,19.83,20.02,0.08
2019-10-02 15:00:00,19.75,19.95,0.08
2019-10-02 15:30:00,19.85,19.99,0.08
2019-10-02 16:00:00,19.88,20.09,0.08
2019-10-02 16:30:00,20.00,20.29,0.08
2019-10-02 17:00:00,19.85,20.27,0.08
2019-10-02 17:30:00,19.85,20.10,0.08
2019-10-02 18:00:00,19.78,20.03,0.08
2019-10-02 18:30:00,19.68,19.86,0.08
2019-10-02 19:00:00,19.59,19.83,0.08
2019-10-02 19:30:00,19.73,20.13,0.08
2019-10-02 20:00:00,20.03,20.18,0.08
2019-10-02 20:30:00,19.98,20.15,0.08
2019-10-02 22:00:00,19.88,20.09,0.08
2019-10-02 22:30:00,19.91,20.02,0.08
2019-10-02 23:00:00,19.79,19.91,0.08
2019-10-02 23:30:00,19.79,19.89,0.08
2019-10-03 00:00:00,19.76,19.93,0.08
2019-10-03 00:30:00,19.79,19.91,0.08
2019-10-03 01:00:00,19.64,19.80,0.08
2019-10-03 01:30:00,19.62,19.81,0.08
2019-10-03 02:00:00,19.66,19.74,0.08
2019-10-03 02:30:00,19.69,19.79,0.08
2019-10-03 03:00:00,19.65,19.74,0.08
2019-10-03 03:30:00,19.66,19.74,0.08
2019-10-03 04:00:00,19.69,19.74,0.08
2019-10-03 04:30:00,19.74,19.79,0.08
2019-10-03 05:00:00,19.72,19.79,0.08
2019-10-03 05:30:00,19.71,19.79,0.08
2019-10-03 06:00:00,19.76,19.91,0.08
2019-10-03 06:30:00,19.62,19.81,0.08
2019-10-03 07:00:00,19.64,19.74,0.08
2019-10-03 07:30:00,19.58,19.69,0.08
2019-10-03 08:00:00,19.67,19.79,0.08
2019-10-03 08:30:00,19.67,19.75,0.08
2019-10-03 09:00:00,19.69,19.75,0.08
2019-10-03 09:30:00,19.67,19.79,0.08
2019-10-03 10:00:00,19.63,19.72,0.08
2019-10-03 10:30:00,19.64,19.84,0.08
2019-10-03 11:00:00,19.74,19.86,0.08
2019-10-03 11:30:00,19.77,20.03,0.08
2019-10-03 12:00:00,19.91,19.98,0.08
2019-10-03 12:30:00,19.86,20.04,0.08
2019-10-03 13:00:00,19.89,20.01,0.08
2019-10-03 13:30:00,19.82,20.08,0.08
2019-10-03 14:00:00,19.89,20.55,0.08
2019-10-03 14:30:00,19.86,20.16,0.08
2019-10-03 15:00:00,19.54,20.04,0.08
2019-10-03 15:30:00,19.62,19.89,0.08
2019-10-03 16:00:00,19.72,19.97,0.08
2019-10-03 16:30:00,19.45,19.82,0.08
2019-10-03 17:00:00,19.48,19.63,0.08
2019-10-03 17:30:00,19.46,19.59,0.08
2019-10-03 18:00:00,19.44,19.56,0.08
2019-10-03 18:30:00,19.39,19.54,0.08
2019-10-03 19:00:00,19.44,19.58,0.08
2019-10-03 19:30:00,19.32,19.66,0.08
2019-10-03 20:00:00,19.17,19.34,0.08
2019-10-03 20:30:00,19.22,19.27,0.08
2019-10-03 22:00:00,19.17,19.27,0.08
2019-10-03 22:30:00,19.22,19.27,0.08
2019-10-03 23:00:00,19.23,19.27,0.08
2019-10-03 23:30:00,19.23,19.41,0.08
2019-10-04 00:00:00,19.29,19.41,0.08
2019-10-04 00:30:00,19.29,19.39,0.08
2019-10-04 01:00:00,19.29,19.34,0.08
2019-10-04 01:30:00,19.34,19.36,0.08
2019-10-04 02:00:00,19.32,19.36,0.08
2019-10-04 02:30:00,19.34,19.39,0.08
2019-10-04 03:00:00,19.36,19.39,0.08
2019-10-04 03:30:00,19.34,19.36,0.08
2019-10-04 04:00:00,19.34,19.36,0.08
2019-10-04 04:30:00,19.27,19.29,0.08
2019-10-04 05:00:00,19.15,19.29,0.08
2019-10-04 05:30:00,19.22,19.29,0.08
2019-10-04 06:00:00,19.27,19.46,0.08
2019-10-04 06:30:00,19.34,19.41,0.08
2019-10-04 07:00:00,19.34,19.46,0.08
2019-10-04 07:30:00,19.38,19.48,0.08
2019-10-04 08:00:00,19.36,19.46,0.08
2019-10-04 08:30:00,19.41,19.55,0.08
2019-10-04 09:00:00,19.53,19.58,0.08
2019-10-04 09:30:00,19.60,19.70,0.08
2019-10-04 10:00:00,19.55,19.66,0.08
2019-10-04 10:30:00,19.48,19.55,0.08
2019-10-04 11:00:00,19.53,19.55,0.08
2019-10-04 11:30:00,19.53,19.55,0.08
2019-10-04 12:00:00,19.53,19.62,0.08
2019-10-04 12:30:00,19.01,19.56,0.08
2019-10-04 13:00:00,18.99,19.21,0.08
2019-10-04 13:30:00,18.90,19.18,0.08
2019-10-04 14:00:00,18.78,19.00,0.08
2019-10-04 14:30:00,18.84,19.07,0.08
2019-10-04 15:00:00,18.82,19.02,0.08
2019-10-04 15:30:00,18.75,18.89,0.08
2019-10-04 16:00:00,18.80,18.90,0.08
2019-10-04 16:30:00,18.73,18.88,0.08
2019-10-04 17:00:00,18.73,18.78,0.08
2019-10-04 17:30:00,18.70,18.75,0.08
2019-10-04 18:00:00,18.58,18.72,0.08
2019-10-04 18:30:00,18.47,18.60,0.08
2019-10-04 19:00:00,18.40,18.52,0.08
2019-10-04 19:30:00,18.26,18.43,0.08
2019-10-04 20:00:00,18.25,18.31,0.08
2019-10-04 20:30:00,18.25,18.32,0.08
2019-10-06 22:00:00,18.63,18.75,0.08
2019-10-06 22:30:00,18.65,18.72,0.08
2019-10-06 23:00:00,18.55,18.67,0.08
2019-10-06 23:30:00,18.51,18.66,0.08
2019-10-07 00:00:00,18.56,18.73,0.08
2019-10-07 00:30:00,18.67,18.72,0.08
2019-10-07 01:00:00,18.72,18.79,0.08
2019-10-07 01:30:00,18.62,18.72,0.08
2019-10-07 02:00:00,18.62,18.69,0.08
2019-10-07 03:30:00,18.62,18.66,0.08
2019-10-07 04:00:00,18.63,18.66,0.08
2019-10-07 04:30:00,18.58,18.63,0.08
2019-10-07 05:00:00,18.58,18.63,0.08
2019-10-07 06:00:00,18.58,18.63,0.08
2019-10-07 06:30:00,18.58,18.64,0.08
2019-10-07 07:00:00,18.58,18.69,0.08
2019-10-07 07:30:00,18.58,18.74,0.08
2019-10-07 08:00:00,18.64,18.74,0.08
2019-10-07 08:30:00,18.69,18.75,0.08
2019-10-07 09:00:00,18.68,18.73,0.08
2019-10-07 09:30:00,18.68,18.70,0.08
2019-10-07 10:00:00,18.65,18.71,0.08
2019-10-07 10:30:00,18.58,18.68,0.08
2019-10-07 11:00:00,18.60,18.70,0.08
2019-10-07 11:30:00,18.64,18.70,0.08
2019-10-07 12:00:00,18.64,18.70,0.08
2019-10-07 12:30:00,18.64,18.70,0.08
2019-10-07 13:00:00,18.64,18.69,0.08
2019-10-07 13:30:00,18.59,18.81,0.08
2019-10-07 14:00:00,18.54,18.76,0.08
2019-10-07 14:30:00,18.39,18.60,0.08
2019-10-07 15:00:00,18.31,18.44,0.08
2019-10-07 15:30:00,18.27,18.38,0.08
2019-10-07 16:00:00,18.25,18.37,0.08
2019-10-07 16:30:00,18.27,18.42,0.08
2019-10-07 17:00:00,18.27,18.47,0.08
2019-10-07 17:30:00,18.15,18.35,0.08
2019-10-07 18:00:00,18.16,18.47,0.08
2019-10-07 18:30:00,18.42,18.76,0.08
2019-10-07 19:00:00,18.42,18.65,0.08
2019-10-07 19:30:00,18.47,18.65,0.08
2019-10-07 20:00:00,18.57,18.72,0.08
2019-10-07 20:30:00,18.57,18.62,0.08
2019-10-07 22:00:00,18.56,18.70,0.10
2019-10-07 22:30:00,18.54,18.59,0.08
2019-10-07 23:30:00,18.58,18.59,0.08
2019-10-08 00:00:00,18.54,18.64,0.08
2019-10-08 00:30:00,18.48,18.54,0.08
2019-10-08 01:00:00,18.48,18.53,0.08
2019-10-08 01:30:00,18.42,18.48,0.08
2019-10-08 02:00:00,18.37,18.43,0.08
2019-10-08 02:30:00,18.37,18.42,0.08
2019-10-08 03:00:00,18.31,18.37,0.08
2019-10-08 03:30:00,18.31,18.37,0.08
2019-10-08 05:00:00,18.38,18.43,0.08
2019-10-08 05:30:00,18.40,18.43,0.08
2019-10-08 06:00:00,18.36,18.43,0.08
2019-10-08 06:30:00,18.37,18.42,0.08
2019-10-08 07:00:00,18.43,18.49,0.08
2019-10-08 07:30:00,18.45,18.66,0.08
2019-10-08 08:00:00,18.60,18.70,0.08
2019-10-08 08:30:00,18.60,18.71,0.08
2019-10-08 09:00:00,18.65,18.76,0.08
2019-10-08 09:30:00,18.76,18.89,0.08
2019-10-08 10:00:00,18.87,19.12,0.08
2019-10-08 10:30:00,19.01,19.13,0.08
2019-10-08 11:00:00,19.07,19.32,0.08
2019-10-08 11:30:00,19.16,19.32,0.08
2019-10-08 12:00:00,19.16,19.28,0.08
2019-10-08 12:30:00,19.08,19.27,0.08
2019-10-08 13:00:00,19.02,19.25,0.08
2019-10-08 13:30:00,19.13,19.45,0.08
2019-10-08 14:00:00,19.35,19.56,0.08
2019-10-08 14:30:00,19.29,19.58,0.08
2019-10-08 15:00:00,19.23,19.45,0.08
2019-10-08 15:30:00,19.41,19.61,0.08
2019-10-08 16:00:00,19.33,19.50,0.08
2019-10-08 16:30:00,19.16,19.43,0.08
2019-10-08 17:00:00,19.27,19.43,0.08
2019-10-08 17:30:00,19.20,19.36,0.08
2019-10-08 18:00:00,19.25,19.36,0.08
2019-10-08 18:30:00,19.04,19.41,0.08
2019-10-08 19:00:00,19.21,19.59,0.08
2019-10-08 19:30:00,19.41,20.01,0.08
2019-10-08 20:00:00,19.95,20.07,0.08
2019-10-08 20:30:00,19.90,19.96,0.08
2019-10-08 22:00:00,19.90,19.96,0.08
2019-10-08 22:30:00,19.90,20.01,0.08
2019-10-08 23:00:00,19.95,20.02,0.08
2019-10-08 23:30:00,19.95,20.00,0.08
2019-10-09 00:00:00,19.68,19.94,0.08
2019-10-09 00:30:00,19.63,19.73,0.08
2019-10-09 01:00:00,19.56,19.66,0.08
2019-10-09 01:30:00,19.53,19.63,0.08
2019-10-09 02:00:00,19.57,19.63,0.08
2019-10-09 02:30:00,19.57,19.58,0.08
2019-10-09 03:00:00,19.57,19.58,0.08
2019-10-09 03:30:00,19.58,19.63,0.08
2019-10-09 04:00:00,19.58,19.63,0.08
2019-10-09 04:30:00,19.67,19.74,0.08
2019-10-09 05:00:00,19.63,19.74,0.08
2019-10-09 05:30:00,19.66,19.74,0.08
2019-10-09 06:00:00,19.63,19.71,0.08
2019-10-09 06:30:00,19.69,19.80,0.08
2019-10-09 07:00:00,19.57,19.79,0.08
2019-10-09 07:30:00,19.53,19.68,0.08
2019-10-09 08:00:00,19.54,19.64,0.08
2019-10-09 08:30:00,19.54,19.61,0.08
2019-10-09 09:00:00,19.38,19.58,0.08
2019-10-09 09:30:00,19.24,19.46,0.08
2019-10-09 10:00:00,19.28,19.46,0.08
2019-10-09 10:30:00,19.28,19.34,0.08
2019-10-09 11:00:00,19.28,19.39,0.08
2019-10-09 11:30:00,19.28,19.34,0.08
2019-10-09 12:00:00,19.28,19.39,0.08
2019-10-09 12:30:00,19.38,19.54,0.08
2019-10-09 13:00:00,19.39,19.45,0.08
2019-10-09 13:30:00,19.39,19.71,0.08
2019-10-09 14:00:00,19.37,19.65,0.08
2019-10-09 14:30:00,19.28,19.43,0.08
2019-10-09 15:00:00,19.32,19.55,0.08
2019-10-09 15:30:00,19.26,19.48,0.08
2019-10-09 16:00:00,19.30,19.40,0.08
2019-10-09 16:30:00,19.29,19.36,0.08
2019-10-09 17:00:00,19.19,19.40,0.08
2019-10-09 17:30:00,19.29,19.35,0.08
2019-10-09 18:00:00,19.23,19.35,0.08
2019-10-09 18:30:00,19.07,19.29,0.08
2019-10-09 19:00:00,18.98,19.07,0.08
2019-10-09 19:30:00,18.92,19.35,0.08
2019-10-09 20:00:00,19.15,19.33,0.08
2019-10-09 20:30:00,19.05,19.16,0.08
2019-10-09 22:00:00,19.10,19.99,0.08
2019-10-09 22:30:00,19.76,19.98,0.08
2019-10-09 23:00:00,19.90,19.98,0.08
2019-10-09 23:30:00,19.67,19.95,0.08
2019-10-10 00:00:00,19.28,20.00,0.08
2019-10-10 00:30:00,19.61,19.94,0.08
2019-10-10 01:00:00,19.45,19.77,0.08
2019-10-10 01:30:00,19.21,19.56,0.08
2019-10-10 02:00:00,19.37,19.49,0.08
2019-10-10 02:30:00,19.37,19.43,0.08
2019-10-10 03:00:00,19.38,19.45,0.08
2019-10-10 03:30:00,19.42,19.48,0.08
2019-10-10 04:00:00,19.48,19.53,0.08
2019-10-10 04:30:00,19.47,19.53,0.08
2019-10-10 05:00:00,19.38,19.48,0.08
2019-10-10 05:30:00,19.42,19.47,0.08
2019-10-10 06:00:00,19.43,19.53,0.08
2019-10-10 06:30:00,19.38,19.48,0.08
2019-10-10 07:00:00,19.38,19.51,0.08
2019-10-10 07:30:00,19.51,19.71,0.08
2019-10-10 08:00:00,19.33,19.60,0.08
2019-10-10 08:30:00,19.37,19.49,0.08
2019-10-10 09:00:00,19.38,19.49,0.08
2019-10-10 09:30:00,19.38,19.49,0.08
2019-10-10 10:00:00,19.27,19.43,0.08
2019-10-10 10:30:00,19.32,19.45,0.08
2019-10-10 11:00:00,19.44,19.52,0.08
2019-10-10 11:30:00,19.45,19.56,0.08
2019-10-10 12:00:00,19.40,19.45,0.08
2019-10-10 12:30:00,19.29,19.40,0.08
2019-10-10 13:00:00,19.27,19.40,0.08
2019-10-10 13:30:00,18.85,19.39,0.08
2019-10-10 14:00:00,18.78,18.95,0.08
2019-10-10 14:30:00,18.66,18.89,0.08
2019-10-10 15:00:00,18.65,18.76,0.08
2019-10-10 15:30:00,18.71,18.81,0.08
2019-10-10 16:00:00,18.76,18.92,0.08
2019-10-10 16:30:00,18.81,18.98,0.08
2019-10-10 17:00:00,18.80,18.91,0.08
2019-10-10 17:30:00,18.75,18.97,0.08
2019-10-10 18:00:00,18.70,19.08,0.08
2019-10-10 18:30:00,18.81,19.03,0.08
2019-10-10 19:00:00,18.80,18.98,0.08
2019-10-10 19:30:00,18.74,18.86,0.08
2019-10-10 20:00:00,18.65,18.75,0.08
2019-10-10 20:30:00,18.38,18.64,0.08
2019-10-10 22:00:00,18.50,18.61,0.08
2019-10-10 22:30:00,18.38,18.60,0.08
2019-10-10 23:00:00,18.50,18.55,0.08
2019-10-10 23:30:00,18.50,18.56,0.08
2019-10-11 00:00:00,18.50,18.66,0.08
2019-10-11 00:30:00,18.60,18.66,0.08
2019-10-11 01:00:00,18.55,18.65,0.08
2019-10-11 01:30:00,18.50,18.61,0.08
2019-10-11 02:00:00,18.51,18.60,0.08
2019-10-11 02:30:00,18.55,18.60,0.08
2019-10-11 03:00:00,18.49,18.55,0.08
2019-10-11 03:30:00,18.44,18.50,0.08
2019-10-11 04:00:00,18.44,18.49,0.08
2019-10-11 04:30:00,18.44,18.44,0.08
2019-10-11 05:00:00,18.39,18.40,0.08
2019-10-11 05:30:00,18.39,18.45,0.08
2019-10-11 06:00:00,18.44,18.56,0.08
2019-10-11 06:30:00,18.45,18.51,0.08
2019-10-11 07:00:00,18.40,18.56,0.08
2019-10-11 07:30:00,18.44,18.50,0.08
2019-10-11 08:00:00,18.32,18.44,0.08
2019-10-11 08:30:00,18.18,18.29,0.08
2019-10-11 09:00:00,18.11,18.18,0.08
2019-10-11 09:30:00,18.11,18.17,0.08
2019-10-11 10:00:00,18.12,18.17,0.08
2019-10-11 10:30:00,18.17,18.23,0.08
2019-10-11 11:00:00,18.12,18.22,0.08
2019-10-11 11:30:00,18.12,18.23,0.08
2019-10-11 12:00:00,18.13,18.24,0.08
2019-10-11 12:30:00,18.18,18.23,0.08
2019-10-11 13:00:00,18.13,18.19,0.08
2019-10-11 13:30:00,17.90,18.18,0.08
2019-10-11 14:00:00,17.79,17.96,0.08
2019-10-11 14:30:00,17.79,17.90,0.08
2019-10-11 15:00:00,17.77,17.83,0.08
2019-10-11 15:30:00,17.77,17.99,0.08
2019-10-11 16:00:00,17.93,18.14,0.08
2019-10-11 16:30:00,17.89,18.25,0.08
2019-10-11 17:00:00,17.78,17.96,0.08
2019-10-11 17:30:00,17.68,17.94,0.08
2019-10-11 18:00:00,17.64,17.74,0.08
2019-10-11 18:30:00,17.53,17.64,0.08
2019-10-11 19:00:00,17.48,17.58,0.08
2019-10-11 19:30:00,17.39,17.81,0.08
2019-10-11 20:00:00,17.56,17.83,0.08
2019-10-11 20:30:00,17.63,17.79,0.08
2019-10-13 22:00:00,17.80,17.95,0.08
2019-10-13 22:30:00,17.79,17.90,0.08
2019-10-13 23:00:00,17.80,17.85,0.08
2019-10-13 23:30:00,17.75,17.75,0.08
2019-10-14 00:00:00,17.70,17.85,0.08
2019-10-14 00:30:00,17.85,17.90,0.08
2019-10-14 01:00:00,17.90,18.08,0.08
2019-10-14 01:30:00,17.85,18.05,0.08
2019-10-14 02:00:00,17.80,17.90,0.08
2019-10-14 02:30:00,17.81,17.86,0.08
2019-10-14 03:00:00,17.81,17.86,0.08
2019-10-14 04:00:00,17.76,17.81,0.08
2019-10-14 04:30:00,17.76,17.82,0.08
2019-10-14 05:00:00,17.81,17.87,0.08
2019-10-14 05:30:00,17.82,17.87,0.08
2019-10-14 06:00:00,17.82,17.87,0.08
2019-10-14 06:30:00,17.77,17.87,0.08
2019-10-14 07:00:00,17.77,17.88,0.08
2019-10-14 07:30:00,17.88,18.03,0.08
2019-10-14 08:00:00,17.93,18.03,0.08
2019-10-14 08:30:00,17.88,17.93,0.08
2019-10-14 09:00:00,17.93,18.14,0.08
2019-10-14 09:30:00,18.04,18.24,0.08
2019-10-14 10:00:00,18.14,18.24,0.08
2019-10-14 10:30:00,18.04,18.19,0.08
2019-10-14 11:30:00,17.99,18.04,0.08
2019-10-14 12:00:00,17.89,18.04,0.08
2019-10-14 12:30:00,17.99,18.04,0.08
2019-10-14 13:00:00,17.94,18.05,0.08
2019-10-14 13:30:00,17.70,18.00,0.08
2019-10-14 14:00:00,17.64,17.80,0.08
2019-10-14 14:30:00,17.65,17.80,0.08
2019-10-14 15:00:00,17.60,17.65,0.08
2019-10-14 15:30:00,17.60,17.65,0.08
2019-10-14 16:00:00,17.60,17.65,0.08
2019-10-14 16:30:00,17.55,17.65,0.08
2019-10-14 17:00:00,17.55,17.65,0.08
2019-10-14 17:30:00,17.56,17.65,0.08
2019-10-14 18:00:00,17.56,17.61,0.08
2019-10-14 18:30:00,17.51,17.61,0.08
2019-10-14 19:00:00,17.51,17.56,0.08
2019-10-14 19:30:00,17.36,17.56,0.08
2019-10-14 20:00:00,17.31,17.46,0.08
2019-10-14 20:30:00,17.27,17.37,0.08
2019-10-14 22:00:00,17.32,17.37,0.08
2019-10-14 22:30:00,17.37,17.47,0.08
2019-10-14 23:00:00,17.33,17.33,0.08
2019-10-14 23:30:00,17.28,17.33,0.08
2019-10-15 00:00:00,17.28,17.33,0.08
2019-10-15 00:30:00,17.23,17.38,0.08
2019-10-15 01:00:00,17.28,17.33,0.08
2019-10-15 01:30:00,17.23,17.30,0.08
2019-10-15 02:30:00,17.23,17.25,0.08
2019-10-15 03:00:00,17.23,17.28,0.08
2019-10-15 03:30:00,17.23,17.28,0.08
2019-10-15 04:00:00,17.23,17.28,0.08
2019-10-15 04:30:00,17.23,17.28,0.08
2019-10-15 05:00:00,17.23,17.28,0.08
2019-10-15 05:30:00,17.18,17.23,0.08
2019-10-15 06:00:00,17.13,17.23,0.08
2019-10-15 06:30:00,17.08,17.18,0.08
2019-10-15 07:00:00,17.13,17.18,0.08
2019-10-15 07:30:00,17.13,17.18,0.08
2019-10-15 08:00:00,17.18,17.23,0.08
2019-10-15 08:30:00,17.13,17.23,0.08
2019-10-15 09:00:00,17.18,17.23,0.08
2019-10-15 09:30:00,17.16,17.21,0.08
2019-10-15 10:00:00,17.13,17.28,0.08
2019-10-15 10:30:00,17.18,17.23,0.08
2019-10-15 11:00:00,17.18,17.28,0.08
2019-10-15 11:30:00,17.13,17.23,0.08
2019-10-15 12:00:00,17.18,17.23,0.08
2019-10-15 12:30:00,17.14,17.14,0.08
2019-10-15 13:00:00,16.99,17.09,0.08
2019-10-15 13:30:00,16.84,17.04,0.08
2019-10-15 14:00:00,16.79,16.94,0.08
2019-10-15 14:30:00,16.74,16.84,0.08
2019-10-15 15:00:00,16.79,16.84,0.08
2019-10-15 15:30:00,16.74,16.89,0.08
2019-10-15 16:00:00,16.79,16.89,0.08
2019-10-15 16:30:00,16.89,16.94,0.08
2019-10-15 17:00:00,16.84,16.94,0.08
2019-10-15 17:30:00,16.89,16.94,0.08
2019-10-15 18:00:00,16.84,16.84,0.08
2019-10-15 18:30:00,16.84,16.89,0.08
2019-10-15 19:00:00,16.89,16.94,0.08
2019-10-15 19:30:00,16.84,17.04,0.08
2019-10-15 20:00:00,16.89,16.99,0.08
2019-10-15 20:30:00,16.94,16.99,0.08
2019-10-15 22:00:00,16.89,17.04,0.08
2019-10-15 23:00:00,16.99,17.09,0.08
2019-10-15 23:30:00,16.99,17.04,0.08
2019-10-16 00:00:00,17.04,17.14,0.08
2019-10-16 00:30:00,17.09,17.24,0.08
2019-10-16 01:00:00,17.19,17.29,0.08
2019-10-16 01:30:00,17.19,17.27,0.08
2019-10-16 02:00:00,17.24,17.29,0.08
2019-10-16 02:30:00,17.20,17.24,0.08
2019-10-16 03:00:00,17.20,17.29,0.08
2019-10-16 03:30:00,17.24,17.34,0.08
2019-10-16 04:00:00,17.29,17.34,0.08
2019-10-16 04:30:00,17.29,17.34,0.08
2019-10-16 05:00:00,17.25,17.30,0.08
2019-10-16 05:30:00,17.29,17.34,0.08
2019-10-16 06:00:00,17.10,17.25,0.08
2019-10-16 06:30:00,17.10,17.15,0.08
2019-10-16 07:00:00,17.10,17.27,0.08
2019-10-16 07:30:00,17.15,17.29,0.08
2019-10-16 08:00:00,17.10,17.25,0.08
2019-10-16 08:30:00,17.20,17.25,0.08
2019-10-16 09:00:00,17.25,17.34,0.08
2019-10-16 09:30:00,17.20,17.25,0.08
2019-10-16 10:00:00,17.05,17.20,0.08
2019-10-16 10:30:00,17.15,17.25,0.08
2019-10-16 11:00:00,17.10,17.20,0.08
2019-10-16 11:30:00,17.05,17.15,0.08
2019-10-16 12:00:00,16.95,17.10,0.08
2019-10-16 12:30:00,16.95,17.10,0.08
2019-10-16 13:00:00,16.90,17.00,0.08
2019-10-16 13:30:00,16.91,17.15,0.08
2019-10-16 14:00:00,16.86,17.20,0.08
2019-10-16 14:30:00,16.81,16.96,0.08
2019-10-16 15:00:00,16.81,16.96,0.08
2019-10-16 15:30:00,16.81,17.01,0.08
2019-10-16 16:00:00,16.81,16.86,0.08
2019-10-16 16:30:00,16.87,16.96,0.08
2019-10-16 17:00:00,16.87,16.96,0.08
2019-10-16 17:30:00,16.91,17.01,0.08
2019-10-16 18:00:00,16.87,17.01,0.08
2019-10-16 18:30:00,16.82,16.91,0.08
2019-10-16 19:00:00,16.82,16.92,0.08
2019-10-16 19:30:00,16.82,16.87,0.08
2019-10-16 20:00:00,16.72,16.82,0.08
2019-10-16 22:00:00,16.77,16.82,0.08
2019-10-16 22:30:00,16.82,16.87,0.08
2019-10-16 23:00:00,16.84,16.84,0.08
2019-10-16 23:30:00,16.82,16.92,0.08
2019-10-17 00:00:00,16.87,16.92,0.08
2019-10-17 00:30:00,16.87,16.97,0.08
2019-10-17 01:00:00,16.87,16.92,0.08
2019-10-17 01:30:00,16.87,16.87,0.08
2019-10-17 02:30:00,16.82,16.87,0.08
2019-10-17 03:00:00,16.82,16.87,0.08
2019-10-17 03:30:00,16.82,16.87,0.08
2019-10-17 04:00:00,16.82,16.82,0.08
2019-10-17 05:00:00,16.87,16.87,0.08
2019-10-17 05:30:00,16.92,16.92,0.08
2019-10-17 06:00:00,16.87,16.97,0.08
2019-10-17 06:30:00,16.87,16.97,0.08
2019-10-17 07:00:00,16.82,16.92,0.08
2019-10-17 07:30:00,16.78,16.87,0.08
2019-10-17 08:00:00,16.78,16.83,0.08
2019-10-17 08:30:00,16.73,16.82,0.08
2019-10-17 09:00:00,16.68,16.82,0.08
2019-10-17 09:30:00,16.53,16.73,0.08
2019-10-17 10:00:00,16.53,16.63,0.08
2019-10-17 10:30:00,16.63,16.63,0.08
2019-10-17 11:00:00,16.61,16.68,0.08
2019-10-17 11:30:00,16.58,16.68,0.08
2019-10-17 12:00:00,16.63,16.73,0.08
2019-10-17 12:30:00,16.58,16.63,0.08
2019-10-17 13:00:00,16.58,16.68,0.08
2019-10-17 13:30:00,16.54,16.73,0.08
2019-10-17 14:00:00,16.49,16.63,0.08
2019-10-17 14:30:00,16.58,16.69,0.08
2019-10-17 15:00:00,16.59,16.78,0.08
2019-10-17 15:30:00,16.64,16.84,0.08
2019-10-17 16:00:00,16.74,16.84,0.08
2019-10-17 16:30:00,16.64,16.74,0.08
2019-10-17 17:00:00,16.64,16.69,0.08
2019-10-17 17:30:00,16.59,16.69,0.08
2019-10-17 18:00:00,16.64,16.74,0.08
2019-10-17 18:30:00,16.54,16.69,0.08
2019-10-17 19:00:00,16.59,16.64,0.08
2019-10-17 19:30:00,16.59,16.79,0.08
2019-10-17 20:00:00,16.64,16.79,0.08
2019-10-17 20:30:00,16.64,16.69,0.08
2019-10-17 22:00:00,16.64,16.74,0.08
2019-10-17 23:00:00,16.69,16.74,0.08
2019-10-17 23:30:00,16.69,16.74,0.08
2019-10-18 00:00:00,16.70,16.70,0.08
2019-10-18 00:30:00,16.70,16.79,0.08
2019-10-18 01:00:00,16.70,16.79,0.08
2019-10-18 01:30:00,16.70,16.75,0.08
2019-10-18 02:00:00,16.65,16.77,0.08
2019-10-18 02:30:00,16.75,16.84,0.08
2019-10-18 03:00:00,16.75,16.80,0.08
2019-10-18 03:30:00,16.80,16.84,0.08
2019-10-18 04:00:00,16.80,16.84,0.08
2019-10-18 04:30:00,16.80,16.85,0.08
2019-10-18 05:00:00,16.80,16.90,0.08
2019-10-18 05:30:00,16.90,16.97,0.08
2019-10-18 06:00:00,16.85,16.95,0.08
2019-10-18 06:30:00,16.85,16.90,0.08
2019-10-18 07:00:00,16.80,16.99,0.08
2019-10-18 07:30:00,16.75,16.80,0.08
2019-10-18 08:00:00,16.75,16.80,0.08
2019-10-18 08:30:00,16.75,16.85,0.08
2019-10-18 09:00:00,16.75,16.80,0.08
2019-10-18 09:30:00,16.75,16.80,0.08
2019-10-18 10:00:00,16.75,16.80,0.08
2019-10-18 10:30:00,16.75,16.85,0.08
2019-10-18 11:00:00,16.75,16.80,0.08
2019-10-18 11:30:00,16.71,16.76,0.08
2019-10-18 12:00:00,16.71,16.75,0.08
2019-10-18 12:30:00,16.71,16.76,0.08
2019-10-18 13:00:00,16.75,16.85,0.08
2019-10-18 13:30:00,16.61,16.85,0.08
2019-10-18 14:00:00,16.62,16.81,0.08
2019-10-18 14:30:00,16.76,16.91,0.08
2019-10-18 15:00:00,16.67,16.77,0.08
2019-10-18 15:30:00,16.67,16.97,0.08
2019-10-18 16:00:00,16.82,17.16,0.08
2019-10-18 16:30:00,16.82,17.07,0.08
2019-10-18 17:00:00,16.73,16.87,0.08
2019-10-18 17:30:00,16.67,16.73,0.08
2019-10-18 18:00:00,16.67,16.73,0.08
2019-10-18 18:30:00,16.68,16.73,0.08
2019-10-18 19:00:00,16.58,16.72,0.08
2019-10-18 19:30:00,16.62,16.77,0.08
2019-10-18 20:00:00,16.73,16.82,0.08
2019-10-18 20:30:00,16.77,16.81,0.08
2019-10-20 22:00:00,16.78,16.97,0.08
2019-10-20 22:30:00,16.80,16.82,0.08
2019-10-20 23:00:00,16.80,16.82,0.08
2019-10-20 23:30:00,16.73,16.78,0.08
2019-10-21 00:00:00,16.68,16.77,0.08
2019-10-21 00:30:00,16.68,16.73,0.08
2019-10-21 01:00:00,16.64,16.72,0.08
2019-10-21 01:30:00,16.63,16.68,0.08
2019-10-21 02:00:00,16.63,16.68,0.08
2019-10-21 02:30:00,16.59,16.63,0.08
2019-10-21 04:00:00,16.64,16.64,0.08
2019-10-21 05:00:00,16.69,16.69,0.08
2019-10-21 05:30:00,16.69,16.73,0.08
2019-10-21 06:00:00,16.69,16.73,0.08
2019-10-21 06:30:00,16.69,16.73,0.08
2019-10-21 07:00:00,16.64,16.74,0.08
2019-10-21 07:30:00,16.59,16.69,0.08
2019-10-21 08:00:00,16.60,16.69,0.08
2019-10-21 08:30:00,16.64,16.69,0.08
2019-10-21 09:00:00,16.64,16.69,0.08
2019-10-21 09:30:00,16.64,16.66,0.08
2019-10-21 10:00:00,16.59,16.64,0.08
2019-10-21 10:30:00,16.60,16.69,0.08
2019-10-21 11:00:00,16.60,16.64,0.08
2019-10-21 11:30:00,16.59,16.64,0.08
2019-10-21 12:00:00,16.55,16.59,0.08
2019-10-21 12:30:00,16.50,16.59,0.08
2019-10-21 13:00:00,16.50,16.64,0.08
2019-10-21 13:30:00,16.50,16.69,0.08
2019-10-21 14:00:00,16.51,16.65,0.08
2019-10-21 14:30:00,16.46,16.55,0.08
2019-10-21 15:00:00,16.46,16.51,0.08
2019-10-21 15:30:00,16.47,16.52,0.08
2019-10-21 16:00:00,16.51,16.56,0.08
2019-10-21 16:30:00,16.43,16.52,0.08
2019-10-21 17:00:00,16.47,16.48,0.08
2019-10-21 17:30:00,16.47,16.48,0.08
2019-10-21 18:00:00,16.43,16.48,0.08
2019-10-21 18:30:00,16.43,16.47,0.08
2019-10-21 19:00:00,16.43,16.48,0.08
2019-10-21 19:30:00,16.38,16.43,0.08
2019-10-21 20:00:00,16.30,16.39,0.08
2019-10-21 20:30:00,16.34,16.38,0.08
2019-10-21 22:00:00,16.32,16.34,0.08
2019-10-21 22:30:00,16.35,16.35,0.08
2019-10-22 00:00:00,16.21,16.34,0.08
2019-10-22 00:30:00,16.21,16.25,0.08
2019-10-22 01:00:00,16.21,16.23,0.08
2019-10-22 01:30:00,16.21,16.25,0.08
2019-10-22 02:00:00,16.21,16.25,0.08
2019-10-22 02:30:00,16.21,16.25,0.08
2019-10-22 03:00:00,16.25,16.25,0.08
2019-10-22 03:30:00,16.21,16.25,0.08
2019-10-22 05:30:00,16.25,16.28,0.08
2019-10-22 06:00:00,16.25,16.31,0.08
2019-10-22 06:30:00,16.26,16.34,0.08
2019-10-22 07:00:00,16.31,16.40,0.08
2019-10-22 07:30:00,16.36,16.45,0.08
2019-10-22 08:00:00,16.41,16.50,0.08
2019-10-22 08:30:00,16.45,16.50,0.08
2019-10-22 09:00:00,16.40,16.45,0.08
2019-10-22 09:30:00,16.36,16.45,0.08
2019-10-22 10:00:00,16.40,16.45,0.08
2019-10-22 10:30:00,16.40,16.45,0.08
2019-10-22 11:00:00,16.40,16.41,0.08
2019-10-22 11:30:00,16.36,16.40,0.08
2019-10-22 12:00:00,16.31,16.40,0.08
2019-10-22 12:30:00,16.26,16.35,0.08
2019-10-22 13:00:00,16.26,16.31,0.08
2019-10-22 13:30:00,16.26,16.36,0.08
2019-10-22 14:00:00,16.28,16.38,0.08
2019-10-22 14:30:00,16.32,16.42,0.08
2019-10-22 15:00:00,16.37,16.46,0.08
2019-10-22 15:30:00,16.37,16.47,0.08
2019-10-22 16:00:00,16.23,16.42,0.08
2019-10-22 16:30:00,16.23,16.28,0.08
2019-10-22 17:00:00,16.28,16.33,0.08
2019-10-22 17:30:00,16.24,16.38,0.08
2019-10-22 18:00:00,16.28,16.38,0.08
2019-10-22 18:30:00,16.33,16.61,0.08
2019-10-22 19:00:00,16.48,16.66,0.08
2019-10-22 19:30:00,16.42,16.71,0.08
2019-10-22 20:00:00,16.62,16.75,0.08
2019-10-22 20:30:00,16.71,16.85,0.08
2019-10-22 22:00:00,16.76,16.81,0.08
2019-10-22 23:00:00,16.85,16.85,0.08
2019-10-22 23:30:00,16.82,16.90,0.08
2019-10-23 00:00:00,16.82,17.04,0.08
2019-10-23 00:30:00,16.86,16.96,0.08
2019-10-23 01:00:00,16.86,16.90,0.08
2019-10-23 01:30:00,16.82,16.96,0.08
2019-10-23 02:00:00,16.91,17.00,0.08
2019-10-23 02:30:00,16.90,17.00,0.08
2019-10-23 03:00:00,16.96,17.00,0.08
2019-10-23 03:30:00,16.95,16.96,0.08
2019-10-23 04:00:00,16.91,16.95,0.08
2019-10-23 04:30:00,16.90,16.95,0.08
2019-10-23 05:00:00,16.86,16.90,0.08
2019-10-23 06:00:00,16.82,16.86,0.08
2019-10-23 06:30:00,16.81,16.86,0.08
2019-10-23 07:00:00,16.78,16.86,0.08
2019-10-23 07:30:00,16.78,16.86,0.08
2019-10-23 08:00:00,16.68,16.80,0.08
2019-10-23 08:30:00,16.75,16.78,0.08
2019-10-23 09:00:00,16.77,16.80,0.08
2019-10-23 09:30:00,16.77,16.82,0.08
2019-10-23 10:00:00,16.68,16.78,0.08
2019-10-23 10:30:00,16.77,16.96,0.08
2019-10-23 11:00:00,16.86,16.96,0.08
2019-10-23 11:30:00,16.87,17.01,0.08
2019-10-23 12:00:00,16.78,16.92,0.08
2019-10-23 12:30:00,16.77,16.82,0.08
2019-10-23 13:00:00,16.78,16.82,0.08
2019-10-23 13:30:00,16.58,16.82,0.08
2019-10-23 14:00:00,16.55,16.68,0.08
2019-10-23 14:30:00,16.55,16.73,0.08
2019-10-23 15:00:00,16.51,16.56,0.08
2019-10-23 15:30:00,16.51,16.56,0.08
2019-10-23 16:00:00,16.55,16.61,0.08
2019-10-23 16:30:00,16.51,16.60,0.08
2019-10-23 17:00:00,16.51,16.65,0.08
2019-10-23 17:30:00,16.55,16.61,0.08
2019-10-23 18:00:00,16.56,16.75,0.08
2019-10-23 18:30:00,16.66,16.72,0.08
2019-10-23 19:00:00,16.67,16.77,0.08
2019-10-23 19:30:00,16.52,16.67,0.08
2019-10-23 20:00:00,16.47,16.52,0.08
2019-10-23 22:00:00,16.37,16.45,0.08
2019-10-23 22:30:00,16.38,16.42,0.08
2019-10-23 23:00:00,16.42,16.47,0.08
2019-10-23 23:30:00,16.42,16.47,0.08
2019-10-24 00:00:00,16.47,16.51,0.08
2019-10-24 00:30:00,16.46,16.51,0.08
2019-10-24 01:00:00,16.46,16.52,0.08
2019-10-24 01:30:00,16.46,16.51,0.08
2019-10-24 02:00:00,16.42,16.46,0.08
2019-10-24 02:30:00,16.46,16.47,0.08
2019-10-24 03:00:00,16.46,16.48,0.08
2019-10-24 03:30:00,16.46,16.46,0.08
2019-10-24 04:00:00,16.47,16.47,0.08
2019-10-24 05:00:00,16.48,16.52,0.08
2019-10-24 05:30:00,16.47,16.52,0.08
2019-10-24 06:00:00,16.43,16.48,0.08
2019-10-24 06:30:00,16.38,16.42,0.08
2019-10-24 07:00:00,16.33,16.42,0.08
2019-10-24 07:30:00,16.33,16.43,0.08
2019-10-24 08:00:00,16.38,16.52,0.08
2019-10-24 08:30:00,16.38,16.43,0.08
2019-10-24 09:00:00,16.33,16.44,0.08
2019-10-24 09:30:00,16.39,16.44,0.08
2019-10-24 10:00:00,16.39,16.40,0.08
2019-10-24 11:00:00,16.39,16.41,0.08
2019-10-24 11:30:00,16.37,16.41,0.08
2019-10-24 12:00:00,16.38,16.43,0.08
2019-10-24 12:30:00,16.39,16.46,0.08
2019-10-24 13:00:00,16.39,16.43,0.08
2019-10-24 13:30:00,16.34,16.66,0.08
2019-10-24 14:00:00,16.49,16.71,0.08
2019-10-24 14:30:00,16.46,16.59,0.08
2019-10-24 15:00:00,16.39,16.51,0.08
2019-10-24 15:30:00,16.39,16.49,0.08
2019-10-24 16:00:00,16.36,16.59,0.08
2019-10-24 16:30:00,16.37,16.46,0.08
2019-10-24 17:00:00,16.37,16.46,0.08
2019-10-24 17:30:00,16.41,16.51,0.08
2019-10-24 18:00:00,16.41,16.51,0.08
2019-10-24 18:30:00,16.40,16.40,0.08
2019-10-24 19:00:00,16.35,16.40,0.08
2019-10-24 19:30:00,16.31,16.35,0.08
2019-10-24 20:00:00,16.30,16.46,0.08
2019-10-24 20:30:00,16.41,16.45,0.08
2019-10-24 22:00:00,16.37,17.31,0.08
2019-10-24 23:30:00,16.45,16.46,0.08
2019-10-25 00:30:00,16.36,16.46,0.08
2019-10-25 01:00:00,16.32,16.36,0.08
2019-10-25 01:30:00,16.41,16.46,0.08
2019-10-25 02:00:00,16.41,16.44,0.08
2019-10-25 02:30:00,16.37,16.44,0.08
2019-10-25 03:00:00,16.37,16.41,0.08
2019-10-25 03:30:00,16.38,16.41,0.08
2019-10-25 04:00:00,16.41,16.41,0.08
2019-10-25 05:30:00,16.36,16.38,0.08
2019-10-25 06:00:00,16.33,16.38,0.08
2019-10-25 07:00:00,16.28,16.33,0.08
2019-10-25 07:30:00,16.33,16.37,0.08
2019-10-25 08:00:00,16.32,16.33,0.08
2019-10-25 08:30:00,16.33,16.37,0.08
2019-10-25 09:00:00,16.32,16.37,0.08
2019-10-25 09:30:00,16.32,16.35,0.08
2019-10-25 10:00:00,16.32,16.34,0.08
2019-10-25 10:30:00,16.32,16.33,0.08
2019-10-25 11:30:00,16.32,16.37,0.08
2019-10-25 12:00:00,16.36,16.37,0.08
2019-10-25 12:30:00,16.41,16.46,0.08
2019-10-25 13:00:00,16.37,16.42,0.08
2019-10-25 13:30:00,16.29,16.39,0.08
2019-10-25 14:00:00,16.19,16.29,0.08
2019-10-25 14:30:00,16.16,16.24,0.08
2019-10-25 15:00:00,16.04,16.17,0.08
2019-10-25 15:30:00,15.99,16.09,0.08
2019-10-25 16:00:00,15.99,16.07,0.08
2019-10-25 16:30:00,15.99,16.02,0.08
2019-10-25 17:00:00,15.99,16.02,0.08
2019-10-25 17:30:00,15.94,15.99,0.08
2019-10-25 18:00:00,15.94,15.99,0.08
2019-10-25 18:30:00,15.91,15.99,0.08
2019-10-25 19:00:00,15.86,15.89,0.08
2019-10-25 19:30:00,15.81,15.86,0.08
2019-10-25 20:00:00,15.84,15.94,0.08
2019-10-25 20:30:00,15.88,15.88,0.08
2019-10-27 22:00:00,15.83,15.93,0.08
2019-10-27 23:00:00,15.88,15.93,0.08
2019-10-27 23:30:00,15.93,15.97,0.08
2019-10-28 00:00:00,15.92,15.98,0.08
2019-10-28 01:30:00,15.92,15.97,0.08
2019-10-28 02:00:00,15.92,15.95,0.08
2019-10-28 02:30:00,15.89,15.92,0.08
2019-10-28 03:30:00,15.92,15.94,0.08
2019-10-28 04:30:00,15.89,15.92,0.08
2019-10-28 05:00:00,15.89,15.97,0.08
2019-10-28 05:30:00,15.94,15.98,0.08
2019-10-28 06:00:00,15.93,15.98,0.08
2019-10-28 06:30:00,15.93,15.95,0.08
2019-10-28 07:00:00,15.93,15.98,0.08
2019-10-28 07:30:00,15.90,15.93,0.08
2019-10-28 08:00:00,15.85,15.95,0.08
2019-10-28 09:00:00,15.95,15.98,0.08
2019-10-28 09:30:00,15.95,15.98,0.08
2019-10-28 10:00:00,15.93,15.98,0.08
2019-10-28 10:30:00,15.97,15.98,0.08
2019-10-28 11:00:00,15.90,15.95,0.08
2019-10-28 11:30:00,15.91,15.91,0.08
2019-10-28 12:00:00,15.86,15.91,0.08
2019-10-28 12:30:00,15.81,15.86,0.08
2019-10-28 13:00:00,15.86,15.86,0.08
2019-10-28 13:30:00,15.86,16.01,0.08
2019-10-28 14:00:00,15.91,16.04,0.08
2019-10-28 14:30:00,15.99,16.04,0.08
2019-10-28 15:00:00,16.01,16.14,0.08
2019-10-28 15:30:00,16.01,16.14,0.08
2019-10-28 16:00:00,16.01,16.09,0.08
2019-10-28 16:30:00,16.04,16.12,0.08
2019-10-28 17:00:00,16.01,16.06,0.08
2019-10-28 17:30:00,16.02,16.07,0.08
2019-10-28 18:00:00,16.00,16.05,0.08
2019-10-28 18:30:00,15.97,16.00,0.08
2019-10-28 19:00:00,15.97,16.03,0.08
2019-10-28 19:30:00,16.00,16.11,0.08
2019-10-28 20:00:00,16.05,16.18,0.08
2019-10-28 20:30:00,16.10,16.18,0.08
2019-10-28 22:00:00,16.10,16.13,0.08
2019-10-28 22:30:00,16.13,16.14,0.08
2019-10-28 23:00:00,16.14,16.16,0.08
2019-10-28 23:30:00,16.14,16.15,0.08
2019-10-29 00:00:00,16.09,16.11,0.08
2019-10-29 00:30:00,16.09,16.11,0.08
2019-10-29 01:00:00,16.09,16.11,0.08
2019-10-29 01:30:00,16.14,16.14,0.08
2019-10-29 02:30:00,16.14,16.17,0.08
2019-10-29 03:00:00,16.14,16.19,0.08
2019-10-29 03:30:00,16.17,16.19,0.08
2019-10-29 04:30:00,16.17,16.18,0.08
2019-10-29 05:00:00,16.20,16.20,0.08
2019-10-29 05:30:00,16.19,16.20,0.08
2019-10-29 06:00:00,16.20,16.23,0.08
2019-10-29 06:30:00,16.20,16.21,0.08
2019-10-29 07:00:00,16.18,16.20,0.08
2019-10-29 07:30:00,16.19,16.20,0.08
2019-10-29 08:00:00,16.23,16.28,0.08
2019-10-29 09:00:00,16.28,16.30,0.08
2019-10-29 09:30:00,16.28,16.41,0.08
2019-10-29 10:00:00,16.36,16.44,0.08
2019-10-29 10:30:00,16.39,16.41,0.08
2019-10-29 11:00:00,16.39,16.44,0.08
2019-10-29 11:30:00,16.36,16.37,0.08
2019-10-29 12:00:00,16.32,16.42,0.08
2019-10-29 12:30:00,16.29,16.34,0.08
2019-10-29 13:00:00,16.29,16.37,0.08
2019-10-29 13:30:00,16.08,16.32,0.08
2019-10-29 14:00:00,16.08,16.24,0.08
2019-10-29 14:30:00,16.03,16.11,0.08
2019-10-29 15:00:00,16.06,16.21,0.08
2019-10-29 15:30:00,16.13,16.34,0.08
2019-10-29 16:00:00,16.13,16.36,0.08
2019-10-29 16:30:00,16.08,16.14,0.08
2019-10-29 17:00:00,16.09,16.14,0.08
2019-10-29 17:30:00,16.09,16.11,0.08
2019-10-29 18:00:00,16.09,16.14,0.08
2019-10-29 18:30:00,16.12,16.19,0.08
2019-10-29 19:00:00,16.09,16.19,0.08
2019-10-29 19:30:00,16.14,16.22,0.08
2019-10-29 20:00:00,16.11,16.19,0.08
2019-10-29 20:30:00,16.13,16.16,0.08
2019-10-29 22:00:00,16.12,16.17,0.08
2019-10-29 22:30:00,16.14,16.17,0.08
2019-10-29 23:00:00,16.14,16.17,0.08
2019-10-30 00:00:00,16.17,16.22,0.08
2019-10-30 00:30:00,16.17,16.20,0.08
2019-10-30 01:00:00,16.17,16.20,0.08
2019-10-30 01:30:00,16.17,16.22,0.08
2019-10-30 02:30:00,16.17,16.22,0.08
2019-10-30 03:00:00,16.18,16.20,0.08
2019-10-30 03:30:00,16.18,16.20,0.08
2019-10-30 04:00:00,16.21,16.21,0.08
2019-10-30 07:30:00,16.18,16.18,0.08
2019-10-30 08:00:00,16.18,16.21,0.08
2019-10-30 08:30:00,16.22,16.26,0.08
2019-10-30 09:00:00,16.24,16.26,0.08
2019-10-30 09:30:00,16.21,16.26,0.08
2019-10-30 10:00:00,16.22,16.24,0.08
2019-10-30 10:30:00,16.22,16.27,0.08
2019-10-30 11:00:00,16.22,16.27,0.08
2019-10-30 11:30:00,16.19,16.22,0.08
2019-10-30 12:00:00,16.19,16.22,0.08
2019-10-30 12:30:00,16.17,16.19,0.08
2019-10-30 13:00:00,16.14,16.14,0.08
2019-10-30 13:30:00,16.14,16.30,0.08
2019-10-30 14:00:00,16.17,16.51,0.08
2019-10-30 14:30:00,16.10,16.27,0.08
2019-10-30 15:00:00,16.10,16.27,0.08
2019-10-30 15:30:00,16.20,16.30,0.08
2019-10-30 16:00:00,16.18,16.30,0.08
2019-10-30 16:30:00,16.20,16.23,0.08
2019-10-30 17:00:00,16.18,16.23,0.08
2019-10-30 17:30:00,16.18,16.26,0.08
2019-10-30 18:00:00,16.05,16.28,0.08
2019-10-30 18:30:00,15.88,16.18,0.08
2019-10-30 19:00:00,15.75,15.93,0.08
2019-10-30 19:30:00,15.75,15.83,0.08
2019-10-30 20:00:00,15.66,15.78,0.08
2019-10-30 20:30:00,15.63,15.73,0.08
2019-10-30 22:00:00,15.71,15.86,0.08
2019-10-31 00:00:00,15.69,15.71,0.08
2019-10-31 00:30:00,15.69,15.69,0.08
2019-10-31 01:00:00,15.69,15.74,0.08
2019-10-31 01:30:00,15.72,15.72,0.08
2019-10-31 02:00:00,15.74,15.77,0.08
2019-10-31 02:30:00,15.74,15.77,0.08
2019-10-31 03:00:00,15.69,15.69,0.08
2019-10-31 03:30:00,15.69,15.74,0.08
2019-10-31 05:00:00,15.70,15.70,0.08
2019-10-31 06:30:00,15.71,15.75,0.08
2019-10-31 07:00:00,15.70,15.75,0.08
2019-10-31 08:00:00,15.67,15.78,0.08
2019-10-31 08:30:00,15.80,15.83,0.08
2019-10-31 09:00:00,15.80,16.11,0.08
2019-10-31 09:30:00,16.09,16.36,0.08
2019-10-31 10:00:00,16.23,16.28,0.08
2019-10-31 10:30:00,16.13,16.26,0.08
2019-10-31 11:00:00,16.08,16.19,0.08
2019-10-31 11:30:00,16.14,16.21,0.08
2019-10-31 12:00:00,16.01,16.14,0.08
2019-10-31 12:30:00,15.96,16.09,0.08
2019-10-31 13:00:00,15.91,15.99,0.08
2019-10-31 13:30:00,15.86,16.09,0.08
2019-10-31 14:00:00,16.04,16.32,0.08
2019-10-31 14:30:00,16.12,16.37,0.08
2019-10-31 15:00:00,16.04,16.22,0.08
2019-10-31 15:30:00,16.09,16.29,0.08
2019-10-31 16:00:00,16.22,16.35,0.08
2019-10-31 16:30:00,16.27,16.40,0.08
2019-10-31 17:00:00,16.14,16.27,0.08
2019-10-31 17:30:00,16.15,16.25,0.08
2019-10-31 18:00:00,16.17,16.30,0.08
2019-10-31 18:30:00,16.22,16.38,0.08
2019-10-31 19:00:00,16.12,16.27,0.08
2019-10-31 19:30:00,16.07,16.28,0.08
2019-10-31 20:00:00,15.97,16.10,0.08
2019-10-31 20:30:00,15.98,15.98,0.08
2019-10-31 22:00:00,15.98,16.00,0.08
2019-10-31 22:30:00,15.98,16.03,0.08
2019-10-31 23:00:00,16.01,16.01,0.08
2019-10-31 23:30:00,16.01,16.02,0.08
2019-11-01 00:00:00,16.01,16.06,0.08
2019-11-01 00:30:00,15.98,16.02,0.08
2019-11-01 01:00:00,15.98,16.01,0.08
2019-11-01 01:30:00,15.88,15.93,0.08
2019-11-01 02:00:00,15.87,15.93,0.08
2019-11-01 03:00:00,15.91,15.94,0.08
2019-11-01 04:30:00,15.86,15.89,0.08
2019-11-01 05:30:00,15.84,15.87,0.08
2019-11-01 07:00:00,15.87,15.92,0.08
2019-11-01 07:30:00,15.89,15.94,0.08
2019-11-01 08:00:00,15.87,15.92,0.08
2019-11-01 08:30:00,15.87,15.95,0.08
2019-11-01 09:00:00,15.87,15.90,0.08
2019-11-01 09:30:00,15.87,15.90,0.08
2019-11-01 10:30:00,15.82,15.85,0.08
2019-11-01 11:00:00,15.82,15.90,0.08
2019-11-01 11:30:00,15.86,15.93,0.08
2019-11-01 12:00:00,15.88,15.93,0.08
2019-11-01 12:30:00,15.58,15.86,0.08
2019-11-01 13:30:00,15.58,15.65,0.08
2019-11-01 14:00:00,15.46,15.68,0.08
2019-11-01 14:30:00,15.51,15.58,0.08
2019-11-01 15:00:00,15.51,15.56,0.08
2019-11-01 15:30:00,15.48,15.56,0.08
2019-11-01 16:00:00,15.48,15.58,0.08
2019-11-01 16:30:00,15.49,15.54,0.08
2019-11-01 17:00:00,15.49,15.56,0.08
2019-11-01 17:30:00,15.44,15.46,0.08
2019-11-01 18:00:00,15.39,15.44,0.08
2019-11-01 18:30:00,15.39,15.44,0.08
2019-11-01 19:00:00,15.37,15.42,0.08
2019-11-01 19:30:00,15.34,15.42,0.08
2019-11-01 20:00:00,15.32,15.42,0.08
2019-11-01 20:30:00,15.37,15.42,0.08
2019-11-03 23:00:00,15.41,15.49,0.08
2019-11-03 23:30:00,15.41,15.44,0.08
2019-11-04 01:00:00,15.41,15.44,0.08
2019-11-04 01:30:00,15.39,15.42,0.08
2019-11-04 02:30:00,15.35,15.42,0.08
2019-11-04 03:30:00,15.37,15.40,0.08
2019-11-04 05:00:00,15.37,15.40,0.08
2019-11-04 05:30:00,15.39,15.40,0.08
2019-11-04 06:00:00,15.39,15.40,0.08
2019-11-04 07:00:00,15.40,15.43,0.08
2019-11-04 07:30:00,15.38,15.41,0.08
2019-11-04 08:00:00,15.31,15.43,0.08
2019-11-04 08:30:00,15.33,15.38,0.08
2019-11-04 09:00:00,15.28,15.36,0.08
2019-11-04 09:30:00,15.29,15.29,0.08
2019-11-04 10:00:00,15.24,15.31,0.08
2019-11-04 10:30:00,15.26,15.26,0.08
2019-11-04 11:00:00,15.27,15.31,0.08
2019-11-04 11:30:00,15.26,15.31,0.08
2019-11-04 12:00:00,15.28,15.31,0.08
2019-11-04 12:30:00,15.32,15.32,0.08
2019-11-04 13:30:00,15.27,15.30,0.08
2019-11-04 14:00:00,15.25,15.30,0.08
2019-11-04 14:30:00,15.25,15.49,0.08
2019-11-04 15:00:00,15.44,15.63,0.08
2019-11-04 15:30:00,15.50,15.65,0.08
2019-11-04 16:00:00,15.48,15.62,0.08
2019-11-04 16:30:00,15.53,15.58,0.08
2019-11-04 17:00:00,15.44,15.58,0.08
2019-11-04 17:30:00,15.44,15.47,0.08
2019-11-04 18:00:00,15.42,15.49,0.08
2019-11-04 19:30:00,15.40,15.58,0.08
2019-11-04 20:00:00,15.48,15.60,0.08
2019-11-04 20:30:00,15.55,15.60,0.08
2019-11-04 21:00:00,15.52,15.64,0.08
2019-11-04 21:30:00,15.65,15.65,0.08
2019-11-04 23:00:00,15.62,15.68,0.08
2019-11-04 23:30:00,15.51,15.66,0.08
2019-11-05 00:00:00,15.51,15.56,0.08
2019-11-05 00:30:00,15.51,15.61,0.08
2019-11-05 01:00:00,15.58,15.63,0.08
2019-11-05 01:30:00,15.58,15.63,0.08
2019-11-05 02:00:00,15.58,15.60,0.08
2019-11-05 02:30:00,15.58,15.58,0.08
2019-11-05 03:00:00,15.56,15.58,0.08
2019-11-05 03:30:00,15.53,15.57,0.08
2019-11-05 04:00:00,15.53,15.58,0.08
2019-11-05 04:30:00,15.55,15.60,0.08
2019-11-05 05:00:00,15.56,15.60,0.08
2019-11-05 06:00:00,15.54,15.56,0.08
2019-11-05 07:00:00,15.56,15.61,0.08
2019-11-05 07:30:00,15.54,15.56,0.08
2019-11-05 08:00:00,15.55,15.59,0.08
2019-11-05 08:30:00,15.54,15.56,0.08
2019-11-05 09:00:00,15.54,15.56,0.08
2019-11-05 09:30:00,15.56,15.59,0.08
2019-11-05 10:00:00,15.54,15.56,0.08
2019-11-05 10:30:00,15.55,15.56,0.08
2019-11-05 11:00:00,15.56,15.64,0.08
2019-11-05 11:30:00,15.67,15.69,0.08
2019-11-05 12:00:00,15.59,15.69,0.08
2019-11-05 12:30:00,15.57,15.62,0.08
2019-11-05 13:00:00,15.57,15.64,0.08
2019-11-05 13:30:00,15.56,15.57,0.08
2019-11-05 14:00:00,15.57,15.64,0.08
2019-11-05 14:30:00,15.64,15.86,0.08
2019-11-05 15:00:00,15.64,15.86,0.08
2019-11-05 15:30:00,15.72,15.84,0.08
2019-11-05 16:00:00,15.62,15.82,0.08
2019-11-05 16:30:00,15.64,15.74,0.08
2019-11-05 17:00:00,15.69,15.80,0.08
2019-11-05 17:30:00,15.70,15.80,0.08
2019-11-05 18:00:00,15.70,15.75,0.08
2019-11-05 18:30:00,15.68,15.78,0.08
2019-11-05 19:00:00,15.66,15.73,0.08
2019-11-05 19:30:00,15.68,15.78,0.08
2019-11-05 20:00:00,15.73,15.78,0.08
2019-11-05 20:30:00,15.76,15.91,0.08
2019-11-05 21:00:00,15.85,16.00,0.08
2019-11-05 21:30:00,16.02,16.02,0.08
2019-11-05 23:00:00,16.02,16.07,0.08
2019-11-05 23:30:00,16.00,16.05,0.08
2019-11-06 00:00:00,16.00,16.05,0.08
2019-11-06 00:30:00,16.00,16.05,0.08
2019-11-06 01:00:00,16.05,16.07,0.08
2019-11-06 01:30:00,16.07,16.07,0.08
2019-11-06 03:00:00,16.08,16.08,0.08
2019-11-06 03:30:00,16.04,16.08,0.08
2019-11-06 05:00:00,16.03,16.06,0.08
2019-11-06 06:00:00,16.01,16.03,0.08
2019-11-06 06:30:00,16.03,16.05,0.08
2019-11-06 07:00:00,16.03,16.10,0.08
2019-11-06 07:30:00,16.03,16.08,0.08
2019-11-06 08:00:00,15.97,16.03,0.08
2019-11-06 08:30:00,15.92,15.97,0.08
2019-11-06 09:00:00,15.94,16.04,0.08
2019-11-06 09:30:00,16.07,16.14,0.08
2019-11-06 10:00:00,16.02,16.09,0.08
2019-11-06 10:30:00,16.02,16.04,0.08
2019-11-06 11:00:00,15.97,16.02,0.08
2019-11-06 11:30:00,15.97,16.02,0.08
2019-11-06 12:00:00,15.92,16.02,0.08
2019-11-06 12:30:00,15.92,15.97,0.08
2019-11-06 13:00:00,15.93,15.98,0.08
2019-11-06 13:30:00,15.88,15.98,0.08
2019-11-06 14:00:00,15.86,15.91,0.08
2019-11-06 14:30:00,15.91,16.08,0.08
2019-11-06 15:00:00,15.83,16.05,0.08
2019-11-06 15:30:00,15.98,16.05,0.08
2019-11-06 16:00:00,15.88,16.03,0.08
2019-11-06 16:30:00,15.88,16.18,0.08
2019-11-06 17:00:00,15.98,16.12,0.08
2019-11-06 17:30:00,16.05,16.12,0.08
2019-11-06 18:00:00,16.05,16.12,0.08
2019-11-06 18:30:00,15.90,16.06,0.08
2019-11-06 19:00:00,15.90,16.00,0.08
2019-11-06 19:30:00,15.90,15.97,0.08
2019-11-06 20:00:00,15.91,16.02,0.08
2019-11-06 20:30:00,15.87,16.01,0.08
2019-11-06 21:00:00,15.79,15.92,0.08
2019-11-06 21:30:00,15.76,15.76,0.08
2019-11-06 23:00:00,15.76,15.86,0.08
2019-11-06 23:30:00,15.81,15.86,0.08
2019-11-07 01:00:00,15.81,15.83,0.08
2019-11-07 01:30:00,15.81,15.88,0.08
2019-11-07 02:00:00,15.83,15.88,0.08
2019-11-07 02:30:00,15.85,15.88,0.08
2019-11-07 03:00:00,15.88,15.88,0.08
2019-11-07 03:30:00,15.82,15.89,0.08
2019-11-07 05:00:00,15.84,15.84,0.08
2019-11-07 05:30:00,15.77,15.82,0.08
2019-11-07 07:00:00,15.56,15.77,0.08
2019-11-07 07:30:00,15.54,15.61,0.08
2019-11-07 08:00:00,15.56,15.68,0.08
2019-11-07 08:30:00,15.59,15.64,0.08
2019-11-07 09:00:00,15.60,15.61,0.08
2019-11-07 09:30:00,15.58,15.61,0.08
2019-11-07 10:00:00,15.59,15.60,0.08
2019-11-07 10:30:00,15.60,15.61,0.08
2019-11-07 11:30:00,15.60,15.65,0.08
2019-11-07 12:00:00,15.62,15.67,0.08
2019-11-07 12:30:00,15.65,15.67,0.08
2019-11-07 13:00:00,15.67,15.72,0.08
2019-11-07 13:30:00,15.65,15.72,0.08
2019-11-07 14:00:00,15.60,15.65,0.08
2019-11-07 14:30:00,15.64,15.79,0.08
2019-11-07 15:00:00,15.71,15.79,0.08
2019-11-07 15:30:00,15.62,15.77,0.08
2019-11-07 16:00:00,15.62,15.69,0.08
2019-11-07 16:30:00,15.58,15.78,0.08
2019-11-07 17:00:00,15.61,15.73,0.08
2019-11-07 17:30:00,15.58,15.65,0.08
2019-11-07 18:00:00,15.61,15.66,0.08
2019-11-07 18:30:00,15.68,15.68,0.08
2019-11-07 19:00:00,15.61,15.66,0.08
2019-11-07 19:30:00,15.63,15.80,0.08
2019-11-07 20:00:00,15.67,15.88,0.08
2019-11-07 20:30:00,15.77,15.90,0.08
2019-11-07 21:00:00,15.68,15.80,0.08
2019-11-07 21:30:00,15.68,15.74,0.08
2019-11-07 23:00:00,15.70,15.74,0.08
2019-11-08 00:00:00,15.69,15.74,0.08
2019-11-08 00:30:00,15.71,15.76,0.08
2019-11-08 01:00:00,15.77,15.81,0.08
2019-11-08 01:30:00,15.81,15.84,0.08
2019-11-08 02:00:00,15.87,15.92,0.08
2019-11-08 02:30:00,15.88,15.93,0.08
2019-11-08 04:30:00,15.88,15.91,0.08
2019-11-08 05:00:00,15.93,16.00,0.08
2019-11-08 05:30:00,15.93,16.00,0.08
2019-11-08 06:00:00,15.93,15.98,0.08
2019-11-08 06:30:00,15.93,15.97,0.08
2019-11-08 07:00:00,15.92,15.95,0.08
2019-11-08 07:30:00,15.88,15.93,0.08
2019-11-08 08:00:00,15.86,15.92,0.08
2019-11-08 09:00:00,15.87,15.92,0.08
2019-11-08 09:30:00,15.87,15.87,0.08
2019-11-08 10:00:00,15.82,15.86,0.08
2019-11-08 10:30:00,15.82,15.82,0.08
2019-11-08 11:00:00,15.83,15.83,0.08
2019-11-08 12:00:00,15.76,15.83,0.08
2019-11-08 12:30:00,15.78,15.89,0.08
2019-11-08 13:00:00,15.83,15.89,0.08
2019-11-08 13:30:00,15.83,15.94,0.08
2019-11-08 14:00:00,15.87,15.93,0.08
2019-11-08 14:30:00,15.67,15.98,0.08
2019-11-08 15:00:00,15.75,16.00,0.08
2019-11-08 15:30:00,15.70,15.80,0.08
2019-11-08 16:00:00,15.70,15.80,0.08
2019-11-08 16:30:00,15.66,15.79,0.08
2019-11-08 17:30:00,15.56,15.64,0.08
2019-11-08 18:00:00,15.56,15.61,0.08
2019-11-08 18:30:00,15.56,15.61,0.08
2019-11-08 19:00:00,15.57,15.61,0.08
2019-11-08 19:30:00,15.56,15.61,0.08
2019-11-08 20:00:00,15.50,15.55,0.08
2019-11-08 20:30:00,15.48,15.55,0.08
2019-11-08 21:00:00,15.48,15.52,0.08
2019-11-08 21:30:00,15.49,15.55,0.08
2019-11-10 23:00:00,15.62,15.69,0.08
2019-11-11 00:00:00,15.73,15.74,0.08
2019-11-11 01:00:00,15.74,15.79,0.08
2019-11-11 01:30:00,15.74,15.84,0.08
2019-11-11 02:30:00,15.79,15.84,0.08
2019-11-11 03:30:00,15.79,15.85,0.08
2019-11-11 05:00:00,15.85,15.86,0.08
2019-11-11 05:30:00,15.86,15.86,0.08
2019-11-11 06:00:00,15.90,15.95,0.08
2019-11-11 06:30:00,15.91,15.96,0.08
2019-11-11 07:00:00,15.95,15.96,0.08
2019-11-11 07:30:00,15.91,15.95,0.08
2019-11-11 08:00:00,15.85,15.90,0.08
2019-11-11 08:30:00,15.80,15.86,0.08
2019-11-11 09:00:00,15.86,15.97,0.08
2019-11-11 09:30:00,15.86,15.91,0.08
2019-11-11 10:00:00,15.91,15.91,0.08
2019-11-11 10:30:00,15.91,15.97,0.08
2019-11-11 11:00:00,15.92,15.97,0.08
2019-11-11 11:30:00,15.91,15.97,0.08
2019-11-11 12:00:00,15.91,15.92,0.08
2019-11-11 12:30:00,15.87,15.92,0.08
2019-11-11 13:00:00,15.87,15.93,0.08
2019-11-11 13:30:00,15.88,15.92,0.08
2019-11-11 14:00:00,15.87,15.98,0.08
2019-11-11 14:30:00,15.78,15.99,0.08
2019-11-11 15:00:00,15.71,15.83,0.08
2019-11-11 15:30:00,15.66,15.72,0.08
2019-11-11 16:00:00,15.67,15.72,0.08
2019-11-11 16:30:00,15.62,15.72,0.08
2019-11-11 17:00:00,15.57,15.62,0.08
2019-11-11 17:30:00,15.50,15.56,0.08
2019-11-11 18:00:00,15.46,15.51,0.08
2019-11-11 18:30:00,15.47,15.47,0.08
2019-11-11 19:00:00,15.47,15.52,0.08
2019-11-11 19:30:00,15.49,15.52,0.08
2019-11-11 20:00:00,15.47,15.57,0.08
2019-11-11 20:30:00,15.52,15.69,0.08
2019-11-11 21:00:00,15.47,15.59,0.08
2019-11-11 21:30:00,15.48,15.53,0.08
2019-11-11 23:00:00,15.51,15.54,0.08
2019-11-11 23:30:00,15.54,15.59,0.08
2019-11-12 00:00:00,15.59,15.60,0.08
2019-11-12 00:30:00,15.54,15.59,0.08
2019-11-12 01:30:00,15.60,15.64,0.08
2019-11-12 03:30:00,15.59,15.60,0.08
2019-11-12 04:30:00,15.56,15.60,0.08
2019-11-12 05:00:00,15.55,15.60,0.08
2019-11-12 05:30:00,15.45,15.53,0.08
2019-11-12 06:00:00,15.45,15.50,0.08
2019-11-12 08:00:00,15.45,15.50,0.08
2019-11-12 08:30:00,15.46,15.50,0.08
2019-11-12 09:00:00,15.51,15.51,0.08
2019-11-12 09:30:00,15.56,15.61,0.08
2019-11-12 10:00:00,15.50,15.56,0.08
2019-11-12 11:00:00,15.50,15.51,0.08
2019-11-12 12:30:00,15.55,15.60,0.08
2019-11-12 13:00:00,15.51,15.60,0.08
2019-11-12 13:30:00,15.50,15.56,0.08
2019-11-12 14:00:00,15.50,15.53,0.08
2019-11-12 14:30:00,15.34,15.49,0.08
2019-11-12 15:00:00,15.33,15.39,0.08
2019-11-12 15:30:00,15.34,15.39,0.08
2019-11-12 16:00:00,15.39,15.44,0.08
2019-11-12 16:30:00,15.40,15.49,0.08
2019-11-12 17:00:00,15.34,15.49,0.08
2019-11-12 17:30:00,15.39,15.45,0.08
2019-11-12 18:00:00,15.35,15.40,0.08
2019-11-12 18:30:00,15.34,15.40,0.08
2019-11-12 19:00:00,15.35,15.46,0.08
2019-11-12 19:30:00,15.41,15.61,0.08
2019-11-12 20:00:00,15.45,15.56,0.08
2019-11-12 20:30:00,15.40,15.49,0.08
2019-11-12 21:00:00,15.44,15.54,0.08
2019-11-12 21:30:00,15.49,15.54,0.08
2019-11-12 23:00:00,15.51,15.55,0.08
2019-11-13 00:00:00,15.60,15.61,0.08
2019-11-13 00:30:00,15.60,15.66,0.08
2019-11-13 01:00:00,15.60,15.61,0.08
2019-11-13 01:30:00,15.60,15.61,0.08
2019-11-13 02:00:00,15.61,15.66,0.08
2019-11-13 02:30:00,15.61,15.67,0.08
2019-11-13 03:00:00,15.62,15.64,0.08
2019-11-13 04:00:00,15.62,15.67,0.08
2019-11-13 04:30:00,15.62,15.67,0.08
2019-11-13 05:00:00,15.66,15.72,0.08
2019-11-13 05:30:00,15.66,15.70,0.08
2019-11-13 06:00:00,15.67,15.72,0.08
2019-11-13 07:00:00,15.62,15.67,0.08
2019-11-13 07:30:00,15.62,15.63,0.08
2019-11-13 08:00:00,15.58,15.63,0.08
2019-11-13 08:30:00,15.60,15.63,0.08
2019-11-13 09:00:00,15.63,15.76,0.08
2019-11-13 09:30:00,15.74,15.85,0.08
2019-11-13 10:00:00,15.77,15.80,0.08
2019-11-13 10:30:00,15.75,15.79,0.08
2019-11-13 11:00:00,15.75,15.79,0.08
2019-11-13 11:30:00,15.74,15.79,0.08
2019-11-13 12:00:00,15.70,15.79,0.08
2019-11-13 12:30:00,15.69,15.74,0.08
2019-11-13 13:00:00,15.65,15.70,0.08
2019-11-13 13:30:00,15.59,15.69,0.08
2019-11-13 14:00:00,15.59,15.69,0.08
2019-11-13 14:30:00,15.54,15.74,0.08
2019-11-13 15:00:00,15.53,15.59,0.08
2019-11-13 15:30:00,15.49,15.64,0.08
2019-11-13 16:00:00,15.44,15.54,0.08
2019-11-13 16:30:00,15.49,15.60,0.08
2019-11-13 17:00:00,15.54,15.64,0.08
2019-11-13 17:30:00,15.54,15.55,0.08
2019-11-13 18:00:00,15.49,15.55,0.08
2019-11-13 18:30:00,15.49,15.75,0.08
2019-11-13 19:00:00,15.60,15.76,0.08
2019-11-13 19:30:00,15.50,15.64,0.08
2019-11-13 20:00:00,15.50,15.55,0.08
2019-11-13 20:30:00,15.50,15.60,0.08
2019-11-13 21:00:00,15.51,15.56,0.08
2019-11-13 23:00:00,15.56,15.61,0.08
2019-11-13 23:30:00,15.56,15.57,0.08
2019-11-14 00:00:00,15.56,15.57,0.08
2019-11-14 00:30:00,15.57,15.62,0.08
2019-11-14 01:00:00,15.56,15.57,0.08
2019-11-14 01:30:00,15.52,15.57,0.08
2019-11-14 02:00:00,15.52,15.57,0.08
2019-11-14 02:30:00,15.55,15.67,0.08
2019-11-14 03:00:00,15.58,15.63,0.08
2019-11-14 03:30:00,15.60,15.63,0.08
2019-11-14 04:00:00,15.63,15.68,0.08
2019-11-14 04:30:00,15.63,15.68,0.08
2019-11-14 05:00:00,15.58,15.63,0.08
2019-11-14 05:30:00,15.58,15.63,0.08
2019-11-14 06:00:00,15.63,15.63,0.08
2019-11-14 07:00:00,15.63,15.71,0.08
2019-11-14 07:30:00,15.63,15.68,0.08
2019-11-14 08:00:00,15.63,15.68,0.08
2019-11-14 08:30:00,15.66,15.69,0.08
2019-11-14 09:00:00,15.63,15.74,0.08
2019-11-14 09:30:00,15.64,15.69,0.08
2019-11-14 10:00:00,15.53,15.68,0.08
2019-11-14 10:30:00,15.59,15.64,0.08
2019-11-14 11:00:00,15.59,15.64,0.08
2019-11-14 11:30:00,15.59,15.64,0.08
2019-11-14 12:00:00,15.58,15.64,0.08
2019-11-14 12:30:00,15.59,15.65,0.08
2019-11-14 13:00:00,15.59,15.63,0.08
2019-11-14 13:30:00,15.59,15.65,0.08
2019-11-14 14:00:00,15.64,15.69,0.08
2019-11-14 14:30:00,15.53,15.69,0.08
2019-11-14 15:00:00,15.48,15.53,0.08
2019-11-14 15:30:00,15.49,15.59,0.08
2019-11-14 16:00:00,15.49,15.55,0.08
2019-11-14 16:30:00,15.55,15.86,0.08
2019-11-14 17:00:00,15.60,15.76,0.08
2019-11-14 17:30:00,15.56,15.61,0.08
2019-11-14 18:00:00,15.55,15.61,0.08
2019-11-14 18:30:00,15.56,15.72,0.08
2019-11-14 19:00:00,15.55,15.71,0.08
2019-11-14 19:30:00,15.51,15.56,0.08
2019-11-14 20:00:00,15.45,15.51,0.08
2019-11-14 20:30:00,15.45,15.50,0.08
2019-11-14 21:00:00,15.40,15.40,0.08
2019-11-14 23:00:00,15.38,15.43,0.08
2019-11-14 23:30:00,15.36,15.41,0.08
2019-11-15 00:00:00,15.36,15.41,0.08
2019-11-15 00:30:00,15.26,15.36,0.08
2019-11-15 01:00:00,15.21,15.30,0.08
2019-11-15 01:30:00,15.26,15.31,0.08
2019-11-15 02:30:00,15.25,15.31,0.08
2019-11-15 03:00:00,15.30,15.31,0.08
2019-11-15 07:00:00,15.26,15.32,0.08
2019-11-15 08:00:00,15.32,15.37,0.08
2019-11-15 08:30:00,15.32,15.37,0.08
2019-11-15 10:00:00,15.32,15.33,0.08
2019-11-15 10:30:00,15.33,15.38,0.08
2019-11-15 11:30:00,15.33,15.34,0.08
2019-11-15 12:00:00,15.28,15.33,0.08
2019-11-15 12:30:00,15.28,15.33,0.08
2019-11-15 13:00:00,15.28,15.28,0.08
2019-11-15 13:30:00,15.23,15.29,0.08
2019-11-15 14:00:00,15.22,15.23,0.08
2019-11-15 14:30:00,15.22,15.28,0.08
2019-11-15 15:00:00,15.17,15.28,0.08
2019-11-15 15:30:00,15.13,15.22,0.08
2019-11-15 16:00:00,15.03,15.12,0.08
2019-11-15 16:30:00,15.03,15.08,0.08
2019-11-15 17:00:00,14.97,15.03,0.08
2019-11-15 17:30:00,14.92,15.02,0.08
2019-11-15 18:00:00,14.92,14.98,0.08
2019-11-15 18:30:00,14.93,14.98,0.08
2019-11-15 19:00:00,14.88,14.93,0.08
2019-11-15 19:30:00,14.88,14.93,0.08
2019-11-15 20:00:00,14.84,14.89,0.08
2019-11-15 20:30:00,14.83,14.94,0.08
2019-11-15 21:00:00,14.83,14.93,0.08
2019-11-15 21:30:00,14.89,14.94,0.08
2019-11-17 23:00:00,15.06,15.12,0.08
2019-11-18 00:00:00,14.97,15.12,0.08
2019-11-18 00:30:00,14.97,15.02,0.08
2019-11-18 01:00:00,14.97,15.02,0.08
2019-11-18 01:30:00,14.97,15.00,0.08
2019-11-18 02:00:00,14.87,14.95,0.08
2019-11-18 02:30:00,14.82,14.87,0.08
2019-11-18 03:00:00,14.82,14.83,0.08
2019-11-18 03:30:00,14.83,14.88,0.08
2019-11-18 04:00:00,14.83,14.85,0.08
2019-11-18 04:30:00,14.83,14.88,0.08
2019-11-18 05:00:00,14.83,14.88,0.08
2019-11-18 05:30:00,14.83,14.88,0.08
2019-11-18 07:00:00,14.68,14.83,0.08
2019-11-18 07:30:00,14.68,14.74,0.08
2019-11-18 08:00:00,14.79,14.79,0.08
2019-11-18 08:30:00,14.79,14.84,0.08
2019-11-18 09:00:00,14.74,14.84,0.08
2019-11-18 10:00:00,14.79,14.84,0.08
2019-11-18 10:30:00,14.79,14.84,0.08
2019-11-18 11:00:00,14.79,14.84,0.08
2019-11-18 12:00:00,14.79,14.80,0.08
2019-11-18 13:00:00,14.85,15.00,0.08
2019-11-18 13:30:00,14.95,15.05,0.08
2019-11-18 14:00:00,14.95,15.05,0.08
2019-11-18 14:30:00,15.00,15.10,0.08
2019-11-18 15:00:00,15.00,15.16,0.08
2019-11-18 15:30:00,14.96,15.06,0.08
2019-11-18 16:00:00,14.96,15.06,0.08
2019-11-18 16:30:00,14.91,15.01,0.08
2019-11-18 17:00:00,14.96,15.01,0.08
2019-11-18 17:30:00,14.96,15.01,0.08
2019-11-18 18:30:00,14.91,14.96,0.08
2019-11-18 19:30:00,14.91,14.96,0.08
2019-11-18 20:00:00,14.92,14.97,0.08
2019-11-18 20:30:00,14.97,15.02,0.08
2019-11-18 21:00:00,14.97,15.02,0.08
2019-11-18 23:00:00,15.02,15.05,0.08
2019-11-18 23:30:00,15.03,15.03,0.08
2019-11-19 00:00:00,15.03,15.08,0.08
2019-11-19 00:30:00,15.03,15.08,0.08
2019-11-19 01:00:00,14.98,14.98,0.08
2019-11-19 01:30:00,14.93,14.98,0.08
2019-11-19 02:00:00,14.88,14.93,0.08
2019-11-19 02:30:00,14.88,14.93,0.08
2019-11-19 03:00:00,14.88,14.88,0.08
2019-11-19 04:00:00,14.89,14.89,0.08
2019-11-19 04:30:00,14.84,14.86,0.08
2019-11-19 05:30:00,14.84,14.89,0.08
2019-11-19 06:00:00,14.84,14.89,0.08
2019-11-19 07:00:00,14.84,14.89,0.08
2019-11-19 08:00:00,14.79,14.85,0.08
2019-11-19 08:30:00,14.80,14.85,0.08
2019-11-19 09:00:00,14.80,14.85,0.08
2019-11-19 09:30:00,14.80,14.85,0.08
2019-11-19 10:30:00,14.75,14.80,0.08
2019-11-19 11:00:00,14.75,14.80,0.08
2019-11-19 12:00:00,14.83,14.85,0.08
2019-11-19 12:30:00,14.86,14.86,0.08
2019-11-19 13:00:00,14.86,14.91,0.08
2019-11-19 13:30:00,14.86,14.96,0.08
2019-11-19 14:00:00,14.91,14.96,0.08
2019-11-19 14:30:00,14.91,15.06,0.08
2019-11-19 15:00:00,14.96,15.06,0.08
2019-11-19 15:30:00,15.06,15.31,0.08
2019-11-19 16:00:00,15.06,15.21,0.08
2019-11-19 16:30:00,14.96,15.11,0.08
2019-11-19 17:00:00,15.06,15.16,0.08
2019-11-19 17:30:00,15.06,15.12,0.08
2019-11-19 18:00:00,15.07,15.17,0.08
2019-11-19 19:00:00,15.02,15.12,0.08
2019-11-19 19:30:00,15.02,15.12,0.08
2019-11-19 20:00:00,15.02,15.12,0.08
2019-11-19 20:30:00,15.12,15.27,0.08
2019-11-19 21:00:00,15.22,15.27,0.08
2019-11-19 21:30:00,15.22,15.27,0.08
2019-11-19 23:00:00,15.27,15.49,0.08
2019-11-19 23:30:00,15.27,15.37,0.08
2019-11-20 00:00:00,15.23,15.35,0.08
2019-11-20 00:30:00,15.18,15.28,0.08
2019-11-20 01:00:00,15.18,15.38,0.08
2019-11-20 01:30:00,15.33,15.38,0.08
2019-11-20 02:00:00,15.33,15.38,0.08
2019-11-20 02:30:00,15.33,15.38,0.08
2019-11-20 04:30:00,15.33,15.34,0.08
2019-11-20 07:00:00,15.29,15.34,0.08
2019-11-20 07:30:00,15.34,15.47,0.08
2019-11-20 08:00:00,15.39,15.49,0.08
2019-11-20 08:30:00,15.39,15.54,0.08
2019-11-20 09:00:00,15.54,15.59,0.08
2019-11-20 09:30:00,15.49,15.54,0.08
2019-11-20 10:00:00,15.54,15.59,0.08
2019-11-20 10:30:00,15.55,15.60,0.08
2019-11-20 11:00:00,15.55,15.60,0.08
2019-11-20 11:30:00,15.50,15.60,0.08
2019-11-20 12:00:00,15.45,15.45,0.08
2019-11-20 12:30:00,15.45,15.50,0.08
2019-11-20 13:00:00,15.40,15.50,0.08
2019-11-20 13:30:00,15.40,15.45,0.08
2019-11-20 14:00:00,15.26,15.45,0.08
2019-11-20 14:30:00,15.16,15.36,0.08
2019-11-20 15:00:00,15.11,15.31,0.08
2019-11-20 15:30:00,15.12,15.26,0.08
2019-11-20 16:00:00,15.17,15.32,0.08
2019-11-20 16:30:00,15.22,15.31,0.08
2019-11-20 17:00:00,15.22,15.36,0.08
2019-11-20 17:30:00,15.22,15.71,0.08
2019-11-20 18:00:00,15.47,15.96,0.08
2019-11-20 18:30:00,15.52,15.86,0.08
2019-11-20 19:00:00,15.47,15.72,0.08
2019-11-20 19:30:00,15.42,15.52,0.08
2019-11-20 20:00:00,15.33,15.52,0.08
2019-11-20 20:30:00,15.38,15.53,0.08
2019-11-20 21:00:00,15.29,15.53,0.08
2019-11-20 21:30:00,15.28,15.33,0.08
2019-11-20 23:00:00,15.44,15.78,0.08
2019-11-20 23:30:00,15.44,15.49,0.08
2019-11-21 00:00:00,15.44,15.49,0.08
2019-11-21 00:30:00,15.44,15.73,0.08
2019-11-21 01:00:00,15.64,15.74,0.08
2019-11-21 01:30:00,15.69,15.83,0.08
2019-11-21 02:00:00,15.49,15.73,0.08
2019-11-21 02:30:00,15.49,15.64,0.08
2019-11-21 03:00:00,15.59,15.64,0.08
2019-11-21 03:30:00,15.54,15.59,0.08
2019-11-21 04:00:00,15.59,15.60,0.08
2019-11-21 04:30:00,15.55,15.64,0.08
2019-11-21 05:00:00,15.55,15.59,0.08
2019-11-21 05:30:00,15.45,15.55,0.08
2019-11-21 06:00:00,15.45,15.50,0.08
2019-11-21 06:30:00,15.50,15.50,0.08
2019-11-21 07:00:00,15.45,15.55,0.08
2019-11-21 07:30:00,15.55,15.65,0.08
2019-11-21 08:00:00,15.60,15.70,0.08
2019-11-21 08:30:00,15.56,15.75,0.08
2019-11-21 09:00:00,15.51,15.60,0.08
2019-11-21 09:30:00,15.51,15.60,0.08
2019-11-21 10:00:00,15.36,15.51,0.08
2019-11-21 10:30:00,15.41,15.46,0.08
2019-11-21 11:00:00,15.42,15.46,0.08
2019-11-21 11:30:00,15.37,15.46,0.08
2019-11-21 12:00:00,15.41,15.46,0.08
2019-11-21 12:30:00,15.37,15.47,0.08
2019-11-21 13:00:00,15.28,15.42,0.08
2019-11-21 13:30:00,15.32,15.37,0.08
2019-11-21 14:00:00,15.28,15.42,0.08
2019-11-21 14:30:00,15.33,15.62,0.08
2019-11-21 15:00:00,15.52,15.82,0.08
2019-11-21 15:30:00,15.62,15.77,0.08
2019-11-21 16:00:00,15.48,15.62,0.08
2019-11-21 16:30:00,15.53,15.68,0.08
2019-11-21 17:00:00,15.53,15.68,0.08
2019-11-21 17:30:00,15.43,15.58,0.08
2019-11-21 18:00:00,15.48,15.53,0.08
2019-11-21 18:30:00,15.48,15.58,0.08
2019-11-21 19:00:00,15.44,15.63,0.08
2019-11-21 19:30:00,15.44,15.49,0.08
2019-11-21 20:00:00,15.44,15.54,0.08
2019-11-21 20:30:00,15.49,15.64,0.08
2019-11-21 21:00:00,15.40,15.54,0.08
2019-11-21 21:30:00,15.50,15.55,0.08
2019-11-21 23:00:00,15.50,15.55,0.08
2019-11-21 23:30:00,15.55,15.55,0.08
2019-11-22 00:00:00,15.55,15.60,0.08
2019-11-22 00:30:00,15.46,15.50,0.08
2019-11-22 01:00:00,15.37,15.46,0.08
2019-11-22 01:30:00,15.36,15.41,0.08
2019-11-22 02:00:00,15.41,15.41,0.08
2019-11-22 02:30:00,15.42,15.42,0.08
2019-11-22 03:00:00,15.42,15.47,0.08
2019-11-22 05:00:00,15.38,15.40,0.08
2019-11-22 05:30:00,15.42,15.42,0.08
2019-11-22 06:30:00,15.47,15.48,0.08
2019-11-22 07:00:00,15.43,15.48,0.08
2019-11-22 08:00:00,15.33,15.43,0.08
2019-11-22 08:30:00,15.24,15.38,0.08
2019-11-22 09:00:00,15.24,15.38,0.08
2019-11-22 09:30:00,15.34,15.38,0.08
2019-11-22 10:00:00,15.33,15.38,0.08
2019-11-22 10:30:00,15.34,15.39,0.08
2019-11-22 11:00:00,15.34,15.44,0.08
2019-11-22 12:00:00,15.30,15.39,0.08
2019-11-22 12:30:00,15.30,15.35,0.08
2019-11-22 13:00:00,15.30,15.39,0.08
2019-11-22 13:30:00,15.29,15.44,0.08
2019-11-22 14:00:00,15.34,15.39,0.08
2019-11-22 14:30:00,15.20,15.39,0.08
2019-11-22 15:00:00,15.20,15.40,0.08
2019-11-22 15:30:00,15.30,15.45,0.08
2019-11-22 16:00:00,15.40,15.50,0.08
2019-11-22 16:30:00,15.35,15.41,0.08
2019-11-22 17:00:00,15.31,15.36,0.08
2019-11-22 17:30:00,15.27,15.36,0.08
2019-11-22 18:00:00,15.27,15.31,0.08
2019-11-22 18:30:00,15.27,15.36,0.08
2019-11-22 19:00:00,15.31,15.36,0.08
2019-11-22 19:30:00,15.27,15.32,0.08
2019-11-22 20:00:00,15.22,15.32,0.08
2019-11-22 20:30:00,15.14,15.27,0.08
2019-11-22 21:00:00,15.04,15.14,0.08
2019-11-22 21:30:00,15.04,15.09,0.08
2019-11-24 23:00:00,15.13,15.13,0.08
2019-11-24 23:30:00,15.08,15.09,0.08
2019-11-25 00:30:00,15.09,15.09,0.08
2019-11-25 01:00:00,15.04,15.05,0.08
2019-11-25 01:30:00,15.04,15.07,0.08
2019-11-25 02:30:00,15.04,15.05,0.08
2019-11-25 03:00:00,15.05,15.05,0.08
2019-11-25 04:00:00,15.06,15.10,0.08
2019-11-25 04:30:00,15.06,15.10,0.08
2019-11-25 05:00:00,15.06,15.08,0.08
2019-11-25 07:00:00,15.07,15.07,0.08
2019-11-25 07:30:00,15.02,15.07,0.08
2019-11-25 08:00:00,15.02,15.06,0.08
2019-11-25 08:30:00,15.02,15.06,0.08
2019-11-25 09:00:00,14.99,15.02,0.08
2019-11-25 10:30:00,15.03,15.03,0.08
2019-11-25 11:00:00,15.05,15.07,0.08
2019-11-25 12:00:00,15.03,15.07,0.08
2019-11-25 13:00:00,15.03,15.12,0.08
2019-11-25 13:30:00,14.98,15.02,0.08
2019-11-25 14:00:00,14.99,14.99,0.08
2019-11-25 14:30:00,14.81,14.95,0.08
2019-11-25 15:00:00,14.85,14.90,0.08
2019-11-25 15:30:00,14.80,14.85,0.08
2019-11-25 16:00:00,14.81,14.90,0.08
2019-11-25 16:30:00,14.78,14.85,0.08
2019-11-25 17:00:00,14.78,14.82,0.08
2019-11-25 17:30:00,14.78,14.83,0.08
2019-11-25 18:00:00,14.73,14.78,0.08
2019-11-25 18:30:00,14.73,14.78,0.08
2019-11-25 19:00:00,14.70,14.75,0.08
2019-11-25 19:30:00,14.70,14.75,0.08
2019-11-25 20:00:00,14.65,14.74,0.08
2019-11-25 20:30:00,14.69,14.75,0.08
2019-11-25 21:00:00,14.60,14.70,0.08
2019-11-25 21:30:00,14.64,14.69,0.08
2019-11-25 23:00:00,14.65,14.70,0.08
2019-11-25 23:30:00,14.66,14.70,0.08
2019-11-26 00:00:00,14.61,14.61,0.08
2019-11-26 00:30:00,14.57,14.62,0.08
2019-11-26 01:00:00,14.53,14.58,0.08
2019-11-26 01:30:00,14.38,14.57,0.08
2019-11-26 02:00:00,14.52,14.58,0.08
2019-11-26 02:30:00,14.57,14.62,0.08
2019-11-26 03:30:00,14.62,14.66,0.08
2019-11-26 04:00:00,14.64,14.66,0.08
2019-11-26 04:30:00,14.63,14.67,0.08
2019-11-26 05:00:00,14.63,14.63,0.08
2019-11-26 05:30:00,14.67,14.72,0.08
2019-11-26 06:00:00,14.70,14.70,0.08
2019-11-26 06:30:00,14.68,14.72,0.08
2019-11-26 07:00:00,14.69,14.72,0.08
2019-11-26 08:00:00,14.64,14.73,0.08
2019-11-26 08:30:00,14.64,14.73,0.08
2019-11-26 09:00:00,14.69,14.82,0.08
2019-11-26 10:00:00,14.82,14.83,0.08
2019-11-26 10:30:00,14.78,14.80,0.08
2019-11-26 11:00:00,14.79,14.79,0.08
2019-11-26 11:30:00,14.74,14.75,0.08
2019-11-26 12:00:00,14.74,14.79,0.08
2019-11-26 12:30:00,14.74,14.75,0.08
2019-11-26 13:00:00,14.69,14.74,0.08
2019-11-26 13:30:00,14.69,14.74,0.08
2019-11-26 14:00:00,14.66,14.70,0.08
2019-11-26 14:30:00,14.56,14.76,0.08
2019-11-26 15:00:00,14.61,14.66,0.08
2019-11-26 15:30:00,14.61,14.66,0.08
2019-11-26 16:00:00,14.61,14.67,0.08
2019-11-26 16:30:00,14.58,14.72,0.08
2019-11-26 17:00:00,14.53,14.58,0.08
2019-11-26 17:30:00,14.50,14.53,0.08
2019-11-26 18:00:00,14.52,14.62,0.08
2019-11-26 18:30:00,14.57,14.67,0.08
2019-11-26 19:00:00,14.54,14.59,0.08
2019-11-26 19:30:00,14.53,14.58,0.08
2019-11-26 20:00:00,14.53,14.63,0.08
2019-11-26 20:30:00,14.57,14.63,0.08
2019-11-26 21:00:00,14.50,14.62,0.08
2019-11-26 21:30:00,14.53,14.58,0.08
2019-11-26 23:00:00,14.55,14.62,0.08
2019-11-26 23:30:00,14.54,14.58,0.08
2019-11-27 00:00:00,14.54,14.58,0.08
2019-11-27 00:30:00,14.54,14.58,0.08
2019-11-27 01:00:00,14.49,14.54,0.08
2019-11-27 01:30:00,14.53,14.55,0.08
2019-11-27 02:00:00,14.53,14.55,0.08
2019-11-27 02:30:00,14.50,14.52,0.08
2019-11-27 03:30:00,14.45,14.50,0.08
2019-11-27 04:00:00,14.45,14.50,0.08
2019-11-27 04:30:00,14.45,14.51,0.08
2019-11-27 05:00:00,14.46,14.49,0.08
2019-11-27 05:30:00,14.51,14.51,0.08
2019-11-27 07:00:00,14.50,14.51,0.08
2019-11-27 07:30:00,14.48,14.50,0.08
2019-11-27 08:00:00,14.50,14.55,0.08
2019-11-27 08:30:00,14.50,14.52,0.08
2019-11-27 09:00:00,14.47,14.50,0.08
2019-11-27 09:30:00,14.47,14.52,0.08
2019-11-27 10:00:00,14.47,14.51,0.08
2019-11-27 11:00:00,14.48,14.53,0.08
2019-11-27 11:30:00,14.53,14.58,0.08
2019-11-27 12:00:00,14.53,14.55,0.08
2019-11-27 13:00:00,14.53,14.57,0.08
2019-11-27 13:30:00,14.48,14.53,0.08
2019-11-27 14:00:00,14.49,14.54,0.08
2019-11-27 14:30:00,14.49,14.59,0.08
2019-11-27 15:00:00,14.54,14.57,0.08
2019-11-27 15:30:00,14.49,14.57,0.08
2019-11-27 16:00:00,14.54,14.59,0.08
2019-11-27 16:30:00,14.54,14.58,0.08
2019-11-27 17:00:00,14.56,14.60,0.08
2019-11-27 17:30:00,14.51,14.56,0.08
2019-11-27 18:00:00,14.51,14.56,0.08
2019-11-27 18:30:00,14.51,14.57,0.08
2019-11-27 20:00:00,14.54,14.57,0.08
2019-11-27 20:30:00,14.54,14.59,0.08
2019-11-27 21:00:00,14.54,14.59,0.08
2019-11-27 21:30:00,14.56,14.61,0.08
2019-11-27 23:00:00,14.55,14.83,0.08
2019-11-27 23:30:00,14.78,14.83,0.08
2019-11-28 00:00:00,14.75,14.83,0.08
2019-11-28 00:30:00,14.78,14.84,0.08
2019-11-28 01:00:00,14.79,14.84,0.08
2019-11-28 01:30:00,14.79,14.84,0.08
2019-11-28 03:30:00,14.80,14.80,0.08
2019-11-28 05:00:00,14.80,14.83,0.08
2019-11-28 05:30:00,14.84,14.84,0.08
2019-11-28 07:00:00,14.81,14.84,0.08
2019-11-28 07:30:00,14.81,14.81,0.08
2019-11-28 08:00:00,14.84,14.84,0.08
2019-11-28 08:30:00,14.81,14.84,0.08
2019-11-28 09:00:00,14.81,14.85,0.08
2019-11-28 09:30:00,14.82,14.82,0.08
2019-11-28 11:00:00,14.77,14.77,0.08
2019-11-28 12:30:00,14.78,14.78,0.08
2019-11-28 13:30:00,14.78,14.81,0.08
2019-11-28 14:00:00,14.78,14.83,0.08
2019-11-28 15:00:00,14.82,14.82,0.08
2019-11-28 16:00:00,14.84,14.85,0.08
2019-11-28 23:00:00,14.81,14.86,0.08
2019-11-29 01:00:00,14.82,14.85,0.08
2019-11-29 01:30:00,14.82,14.87,0.08
2019-11-29 02:00:00,14.87,14.92,0.08
2019-11-29 03:00:00,14.92,14.95,0.08
2019-11-29 03:30:00,14.92,14.96,0.08
2019-11-29 04:00:00,14.94,14.96,0.08
2019-11-29 05:00:00,14.96,14.98,0.08
2019-11-29 06:00:00,15.01,15.01,0.08
2019-11-29 06:30:00,14.96,14.98,0.08
2019-11-29 07:00:00,14.97,14.98,0.08
2019-11-29 07:30:00,14.94,14.97,0.08
2019-11-29 08:00:00,14.94,14.99,0.08
2019-11-29 08:30:00,14.89,14.92,0.08
2019-11-29 09:00:00,14.86,14.89,0.08
2019-11-29 10:00:00,14.90,14.90,0.08
2019-11-29 10:30:00,14.90,14.93,0.08
2019-11-29 11:30:00,14.87,14.90,0.08
2019-11-29 12:00:00,14.85,14.88,0.08
2019-11-29 12:30:00,14.85,14.87,0.08
2019-11-29 13:00:00,14.86,14.86,0.08
2019-11-29 14:30:00,14.83,14.96,0.08
2019-11-29 15:00:00,14.81,14.91,0.08
2019-11-29 15:30:00,14.86,14.91,0.08
2019-11-29 16:00:00,14.86,14.91,0.08
2019-11-29 16:30:00,14.87,14.92,0.08
2019-11-29 17:00:00,14.87,14.92,0.08
2019-11-29 17:30:00,14.87,15.07,0.08
2019-11-29 18:00:00,14.94,15.02,0.08
2019-12-01 23:00:00,15.07,15.13,0.08
2019-12-01 23:30:00,15.07,15.12,0.08
2019-12-02 00:00:00,14.92,15.07,0.08
2019-12-02 00:30:00,14.92,14.95,0.08
2019-12-02 03:00:00,14.96,14.96,0.08
2019-12-02 06:00:00,14.97,14.97,0.08
2019-12-02 07:00:00,14.99,15.02,0.08
2019-12-02 07:30:00,14.97,15.01,0.08
2019-12-02 08:00:00,14.92,15.02,0.08
2019-12-02 08:30:00,14.90,14.91,0.08
2019-12-02 09:00:00,14.90,14.93,0.08
2019-12-02 09:30:00,14.93,14.95,0.08
2019-12-02 10:00:00,14.90,14.93,0.08
2019-12-02 11:00:00,14.93,15.06,0.08
2019-12-02 11:30:00,15.06,15.14,0.08
2019-12-02 12:00:00,15.06,15.11,0.08
2019-12-02 12:30:00,15.06,15.09,0.08
2019-12-02 13:00:00,15.09,15.14,0.08
2019-12-02 13:30:00,15.14,15.19,0.08
2019-12-02 14:00:00,15.09,15.22,0.08
2019-12-02 14:30:00,15.22,15.65,0.08
2019-12-02 15:00:00,15.65,15.93,0.08
2019-12-02 15:30:00,15.83,16.08,0.08
2019-12-02 16:00:00,15.93,16.21,0.08
2019-12-02 16:30:00,15.86,16.16,0.08
2019-12-02 17:00:00,15.71,16.06,0.08
2019-12-02 17:30:00,15.91,16.03,0.08
2019-12-02 18:00:00,15.71,16.01,0.08
2019-12-02 18:30:00,15.74,15.89,0.08
2019-12-02 19:00:00,15.76,15.84,0.08
2019-12-02 19:30:00,15.69,15.86,0.08
2019-12-02 20:00:00,15.81,16.12,0.08
2019-12-02 20:30:00,15.87,16.14,0.08
2019-12-02 21:00:00,16.04,16.19,0.08
2019-12-02 21:30:00,16.17,16.25,0.08
2019-12-02 23:00:00,16.05,16.22,0.08
2019-12-02 23:30:00,16.17,16.23,0.08
2019-12-03 00:00:00,16.18,16.25,0.08
2019-12-03 00:30:00,16.10,16.18,0.08
2019-12-03 01:00:00,16.05,16.13,0.08
2019-12-03 01:30:00,16.13,16.23,0.08
2019-12-03 02:00:00,16.11,16.18,0.08
2019-12-03 02:30:00,16.13,16.15,0.08
2019-12-03 03:00:00,16.08,16.11,0.08
2019-12-03 03:30:00,16.06,16.09,0.08
2019-12-03 04:00:00,16.06,16.09,0.08
2019-12-03 04:30:00,16.06,16.09,0.08
2019-12-03 05:30:00,16.07,16.12,0.08
2019-12-03 06:00:00,16.07,16.14,0.08
2019-12-03 06:30:00,16.14,16.19,0.08
2019-12-03 07:00:00,16.09,16.17,0.08
2019-12-03 07:30:00,16.15,16.18,0.08
2019-12-03 08:00:00,16.07,16.17,0.08
2019-12-03 08:30:00,16.07,16.10,0.08
2019-12-03 09:00:00,16.05,16.10,0.08
2019-12-03 09:30:00,16.08,16.18,0.08
2019-12-03 10:00:00,16.05,16.50,0.08
2019-12-03 10:30:00,16.45,16.53,0.08
2019-12-03 11:00:00,16.40,16.50,0.08
2019-12-03 11:30:00,16.38,16.41,0.08
2019-12-03 12:00:00,16.41,16.46,0.08
2019-12-03 12:30:00,16.48,16.71,0.08
2019-12-03 13:00:00,16.66,17.05,0.08
2019-12-03 13:30:00,16.99,17.18,0.08
2019-12-03 14:00:00,17.15,17.38,0.08
2019-12-03 14:30:00,17.11,17.52,0.08
2019-12-03 15:00:00,17.00,17.40,0.08
2019-12-03 15:30:00,17.10,17.33,0.08
2019-12-03 16:00:00,17.08,17.35,0.08
2019-12-03 16:30:00,17.06,17.28,0.08
2019-12-03 17:00:00,17.08,17.23,0.08
2019-12-03 17:30:00,17.11,17.23,0.08
2019-12-03 18:00:00,17.01,17.21,0.08
2019-12-03 18:30:00,16.91,17.06,0.08
2019-12-03 19:00:00,17.01,17.21,0.08
2019-12-03 19:30:00,17.13,17.21,0.08
2019-12-03 20:00:00,16.92,17.29,0.08
2019-12-03 20:30:00,16.94,17.12,0.08
2019-12-03 21:00:00,16.94,17.14,0.08
2019-12-03 21:30:00,16.94,17.04,0.08
2019-12-03 23:00:00,16.85,16.97,0.08
2019-12-03 23:30:00,16.83,16.86,0.08
2019-12-04 00:00:00,16.80,16.98,0.08
2019-12-04 00:30:00,16.85,16.95,0.08
2019-12-04 01:00:00,16.93,17.00,0.08
2019-12-04 01:30:00,16.88,17.00,0.08
2019-12-04 02:00:00,16.95,17.00,0.08
2019-12-04 02:30:00,16.95,16.98,0.08
2019-12-04 03:00:00,16.94,17.01,0.08
2019-12-04 03:30:00,16.93,16.98,0.08
2019-12-04 04:00:00,16.93,16.96,0.08
2019-12-04 04:30:00,16.92,16.96,0.08
2019-12-04 05:00:00,16.94,16.96,0.08
2019-12-04 05:30:00,16.91,16.96,0.08
2019-12-04 06:00:00,16.91,16.96,0.08
2019-12-04 06:30:00,16.91,16.91,0.08
2019-12-04 07:00:00,16.94,17.09,0.08
2019-12-04 07:30:00,17.06,17.20,0.08
2019-12-04 08:00:00,17.04,17.24,0.08
2019-12-04 08:30:00,17.02,17.07,0.08
2019-12-04 09:00:00,16.45,16.99,0.08
2019-12-04 09:30:00,16.43,16.65,0.08
2019-12-04 10:00:00,16.44,16.51,0.08
2019-12-04 10:30:00,16.44,16.56,0.08
2019-12-04 11:00:00,16.51,16.56,0.08
2019-12-04 11:30:00,16.42,16.52,0.08
2019-12-04 12:00:00,16.42,16.47,0.08
2019-12-04 12:30:00,16.44,16.51,0.08
2019-12-04 13:00:00,16.49,16.66,0.08
2019-12-04 13:30:00,16.56,16.64,0.08
2019-12-04 14:00:00,16.47,16.64,0.08
2019-12-04 14:30:00,16.32,16.64,0.08
2019-12-04 15:00:00,16.12,16.39,0.08
2019-12-04 15:30:00,16.13,16.27,0.08
2019-12-04 16:00:00,16.18,16.25,0.08
2019-12-04 16:30:00,16.06,16.18,0.08
2019-12-04 17:00:00,16.11,16.28,0.08
2019-12-04 17:30:00,16.11,16.23,0.08
2019-12-04 18:00:00,16.16,16.28,0.08
2019-12-04 18:30:00,16.18,16.23,0.08
2019-12-04 19:00:00,16.11,16.21,0.08
2019-12-04 19:30:00,16.11,16.19,0.08
2019-12-04 20:00:00,16.14,16.24,0.08
2019-12-04 20:30:00,16.13,16.28,0.08
2019-12-04 21:00:00,16.23,16.36,0.08
2019-12-04 21:30:00,16.28,16.29,0.08
2019-12-04 23:00:00,16.27,16.29,0.08
2019-12-04 23:30:00,16.29,16.29,0.08
2019-12-05 00:00:00,16.29,16.31,0.08
2019-12-05 00:30:00,16.29,16.34,0.08
2019-12-05 01:00:00,16.17,16.29,0.08
2019-12-05 01:30:00,16.27,16.34,0.08
2019-12-05 02:00:00,16.24,16.30,0.08
2019-12-05 02:30:00,16.22,16.30,0.08
2019-12-05 04:30:00,16.25,16.30,0.08
2019-12-05 05:30:00,16.30,16.35,0.08
2019-12-05 06:00:00,16.30,16.34,0.08
2019-12-05 06:30:00,16.24,16.28,0.08
2019-12-05 07:00:00,16.14,16.31,0.08
2019-12-05 07:30:00,16.07,16.17,0.08
2019-12-05 08:00:00,16.07,16.21,0.08
2019-12-05 08:30:00,16.14,16.19,0.08
2019-12-05 09:00:00,16.14,16.26,0.08
2019-12-05 09:30:00,16.14,16.23,0.08
2019-12-05 10:00:00,16.14,16.18,0.08
2019-12-05 10:30:00,16.02,16.11,0.08
2019-12-05 11:00:00,16.03,16.10,0.08
2019-12-05 11:30:00,16.06,16.08,0.08
2019-12-05 12:30:00,16.08,16.13,0.08
2019-12-05 13:00:00,16.05,16.20,0.08
2019-12-05 13:30:00,16.05,16.10,0.08
2019-12-05 14:00:00,16.08,16.15,0.08
2019-12-05 14:30:00,16.10,16.35,0.08
2019-12-05 15:00:00,16.33,16.59,0.08
2019-12-05 15:30:00,16.33,16.47,0.08
2019-12-05 16:00:00,16.23,16.40,0.08
2019-12-05 16:30:00,16.26,16.40,0.08
2019-12-05 17:00:00,16.28,16.35,0.08
2019-12-05 17:30:00,16.31,16.36,0.08
2019-12-05 18:00:00,16.29,16.33,0.08
2019-12-05 18:30:00,16.21,16.33,0.08
2019-12-05 19:00:00,16.20,16.27,0.08
2019-12-05 19:30:00,16.13,16.44,0.08
2019-12-05 20:00:00,16.13,16.34,0.08
2019-12-05 20:30:00,16.08,16.20,0.08
2019-12-05 21:00:00,16.08,16.13,0.08
2019-12-05 23:00:00,16.09,16.11,0.08
2019-12-06 00:00:00,16.02,16.09,0.08
2019-12-06 00:30:00,15.97,16.04,0.08
2019-12-06 01:00:00,15.99,16.04,0.08
2019-12-06 01:30:00,15.99,16.04,0.08
2019-12-06 02:00:00,15.99,16.02,0.08
2019-12-06 02:30:00,15.99,16.07,0.08
2019-12-06 03:00:00,16.05,16.07,0.08
2019-12-06 05:30:00,16.07,16.10,0.08
2019-12-06 06:00:00,15.93,16.10,0.08
2019-12-06 06:30:00,15.95,16.01,0.08
2019-12-06 07:00:00,15.94,16.04,0.08
2019-12-06 07:30:00,15.96,15.99,0.08
2019-12-06 08:00:00,15.96,16.01,0.08
2019-12-06 08:30:00,15.96,16.06,0.08
2019-12-06 09:00:00,15.96,16.01,0.08
2019-12-06 09:30:00,15.94,16.01,0.08
2019-12-06 10:00:00,15.98,16.02,0.08
2019-12-06 10:30:00,15.97,16.02,0.08
2019-12-06 11:00:00,16.00,16.02,0.08
2019-12-06 11:30:00,15.97,16.02,0.08
2019-12-06 12:00:00,15.97,16.07,0.08
2019-12-06 13:00:00,16.06,16.07,0.08
2019-12-06 13:30:00,15.67,16.14,0.08
2019-12-06 14:00:00,15.55,15.72,0.08
2019-12-06 14:30:00,15.50,15.74,0.08
2019-12-06 15:00:00,15.60,15.79,0.08
2019-12-06 15:30:00,15.71,15.84,0.08
2019-12-06 16:00:00,15.59,15.77,0.08
2019-12-06 16:30:00,15.59,15.66,0.08
2019-12-06 17:00:00,15.56,15.63,0.08
2019-12-06 17:30:00,15.54,15.59,0.08
2019-12-06 18:00:00,15.54,15.59,0.08
2019-12-06 18:30:00,15.55,15.61,0.08
2019-12-06 19:00:00,15.56,15.60,0.08
2019-12-06 19:30:00,15.55,15.57,0.08
2019-12-06 20:00:00,15.55,15.60,0.08
2019-12-06 20:30:00,15.55,15.67,0.08
2019-12-06 21:00:00,15.64,15.69,0.08
2019-12-06 21:30:00,15.59,15.64,0.08
2019-12-08 23:00:00,15.72,15.73,0.08
2019-12-09 00:00:00,15.77,15.90,0.08
2019-12-09 00:30:00,15.83,15.90,0.08
2019-12-09 01:00:00,15.90,15.91,0.08
2019-12-09 01:30:00,15.85,15.97,0.08
2019-12-09 02:00:00,15.90,15.92,0.08
2019-12-09 02:30:00,15.85,15.90,0.08
2019-12-09 03:00:00,15.86,15.91,0.08
2019-12-09 03:30:00,15.90,15.92,0.08
2019-12-09 04:30:00,15.86,15.91,0.08
2019-12-09 05:00:00,15.91,15.93,0.08
2019-12-09 06:00:00,15.91,15.93,0.08
2019-12-09 06:30:00,15.85,15.92,0.08
2019-12-09 07:00:00,15.82,15.87,0.08
2019-12-09 07:30:00,15.80,15.85,0.08
2019-12-09 08:00:00,15.82,15.87,0.08
2019-12-09 08:30:00,15.91,15.92,0.08
2019-12-09 09:00:00,15.92,15.99,0.08
2019-12-09 10:00:00,15.88,15.93,0.08
2019-12-09 10:30:00,15.88,15.93,0.08
2019-12-09 11:00:00,15.93,15.93,0.08
2019-12-09 11:30:00,15.88,15.94,0.08
2019-12-09 12:00:00,15.88,15.93,0.08
2019-12-09 13:00:00,15.88,15.93,0.08
2019-12-09 13:30:00,15.90,15.94,0.08
2019-12-09 14:00:00,15.89,15.94,0.08
2019-12-09 14:30:00,15.84,15.95,0.08
2019-12-09 15:00:00,15.89,16.00,0.08
2019-12-09 15:30:00,16.00,16.07,0.08
2019-12-09 16:00:00,16.02,16.07,0.08
2019-12-09 16:30:00,16.06,16.18,0.08
2019-12-09 17:00:00,16.12,16.18,0.08
2019-12-09 17:30:00,16.23,16.34,0.08
2019-12-09 18:00:00,16.24,16.35,0.08
2019-12-09 18:30:00,16.25,16.35,0.08
2019-12-09 19:00:00,16.30,16.43,0.08
2019-12-09 19:30:00,16.26,16.37,0.08
2019-12-09 20:00:00,16.30,16.40,0.08
2019-12-09 20:30:00,16.42,16.59,0.08
2019-12-09 21:00:00,16.59,16.78,0.08
2019-12-09 21:30:00,16.73,16.80,0.08
2019-12-09 23:00:00,16.70,16.76,0.08
2019-12-09 23:30:00,16.69,16.74,0.08
2019-12-10 00:00:00,16.69,16.75,0.08
2019-12-10 00:30:00,16.69,16.70,0.08
2019-12-10 01:00:00,16.75,16.80,0.08
2019-12-10 01:30:00,16.74,16.77,0.08
2019-12-10 02:00:00,16.69,16.76,0.08
2019-12-10 02:30:00,16.66,16.70,0.08
2019-12-10 03:00:00,16.65,16.66,0.08
2019-12-10 03:30:00,16.60,16.61,0.08
2019-12-10 04:00:00,16.60,16.61,0.08
2019-12-10 04:30:00,16.60,16.61,0.08
2019-12-10 05:00:00,16.60,16.61,0.08
2019-12-10 05:30:00,16.60,16.61,0.08
2019-12-10 06:00:00,16.60,16.61,0.08
2019-12-10 06:30:00,16.60,16.62,0.08
2019-12-10 07:00:00,16.60,16.62,0.08
2019-12-10 07:30:00,16.56,16.61,0.08
2019-12-10 08:00:00,16.62,16.72,0.08
2019-12-10 08:30:00,16.73,16.96,0.08
2019-12-10 09:00:00,16.91,16.97,0.08
2019-12-10 09:30:00,16.91,17.02,0.08
2019-12-10 10:00:00,16.85,16.97,0.08
2019-12-10 10:30:00,16.85,16.91,0.08
2019-12-10 11:00:00,16.90,17.15,0.08
2019-12-10 11:30:00,16.96,17.13,0.08
2019-12-10 12:00:00,17.02,17.09,0.08
2019-12-10 12:30:00,17.03,17.09,0.08
2019-12-10 13:00:00,16.84,17.09,0.08
2019-12-10 13:30:00,16.36,16.90,0.08
2019-12-10 14:00:00,16.51,16.62,0.08
2019-12-10 14:30:00,16.56,16.97,0.08
2019-12-10 15:00:00,16.37,16.65,0.08
2019-12-10 15:30:00,16.36,16.52,0.08
2019-12-10 16:00:00,16.36,16.69,0.08
2019-12-10 16:30:00,16.46,16.57,0.08
2019-12-10 17:00:00,16.52,16.68,0.08
2019-12-10 17:30:00,16.58,16.73,0.08
2019-12-10 18:00:00,16.53,16.63,0.08
2019-12-10 18:30:00,16.57,16.63,0.08
2019-12-10 19:00:00,16.48,16.57,0.08
2019-12-10 19:30:00,16.47,16.53,0.08
2019-12-10 20:00:00,16.47,16.59,0.08
2019-12-10 20:30:00,16.60,16.76,0.08
2019-12-10 21:00:00,16.49,16.68,0.08
2019-12-10 21:30:00,16.53,16.54,0.08
2019-12-10 23:00:00,16.53,16.58,0.08
2019-12-10 23:30:00,16.58,16.63,0.08
2019-12-11 00:00:00,16.58,16.64,0.08
2019-12-11 00:30:00,16.59,16.71,0.08
2019-12-11 01:00:00,16.65,16.71,0.08
2019-12-11 01:30:00,16.65,16.71,0.08
2019-12-11 02:00:00,16.65,16.66,0.08
2019-12-11 02:30:00,16.69,16.71,0.08
2019-12-11 03:00:00,16.65,16.69,0.08
2019-12-11 03:30:00,16.64,16.69,0.08
2019-12-11 04:00:00,16.64,16.65,0.08
2019-12-11 04:30:00,16.64,16.65,0.08
2019-12-11 05:00:00,16.65,16.66,0.08
2019-12-11 05:30:00,16.65,16.65,0.08
2019-12-11 06:00:00,16.65,16.66,0.08
2019-12-11 06:30:00,16.60,16.61,0.08
2019-12-11 07:00:00,16.60,16.61,0.08
2019-12-11 07:30:00,16.65,16.66,0.08
2019-12-11 08:00:00,16.44,16.65,0.08
2019-12-11 08:30:00,16.49,16.72,0.08
2019-12-11 09:00:00,16.63,16.72,0.08
2019-12-11 09:30:00,16.62,16.72,0.08
2019-12-11 10:00:00,16.61,16.66,0.08
2019-12-11 10:30:00,16.61,16.67,0.08
2019-12-11 11:00:00,16.57,16.67,0.08
2019-12-11 11:30:00,16.56,16.67,0.08
2019-12-11 12:00:00,16.56,16.61,0.08
2019-12-11 12:30:00,16.51,16.61,0.08
2019-12-11 13:00:00,16.51,16.56,0.08
2019-12-11 13:30:00,16.51,16.57,0.08
2019-12-11 14:00:00,16.47,16.62,0.08
2019-12-11 14:30:00,16.47,16.67,0.08
2019-12-11 15:00:00,16.47,16.52,0.08
2019-12-11 15:30:00,16.47,16.58,0.08
2019-12-11 16:00:00,16.49,16.64,0.08
2019-12-11 16:30:00,16.48,16.59,0.08
2019-12-11 17:00:00,16.58,16.59,0.08
2019-12-11 17:30:00,16.53,16.59,0.08
2019-12-11 18:00:00,16.53,16.55,0.08
2019-12-11 18:30:00,16.50,16.60,0.08
2019-12-11 19:00:00,16.39,16.55,0.08
2019-12-11 19:30:00,16.38,16.54,0.08
2019-12-11 20:00:00,16.28,16.39,0.08
2019-12-11 20:30:00,16.28,16.41,0.08
2019-12-11 21:00:00,16.25,16.36,0.08
2019-12-11 21:30:00,16.25,16.26,0.08
2019-12-11 23:00:00,16.24,16.25,0.08
2019-12-11 23:30:00,16.19,16.24,0.08
2019-12-12 00:00:00,16.20,16.30,0.08
2019-12-12 00:30:00,16.25,16.30,0.08
2019-12-12 01:00:00,16.20,16.30,0.08
2019-12-12 01:30:00,16.20,16.25,0.08
2019-12-12 02:30:00,16.19,16.20,0.08
2019-12-12 03:30:00,16.21,16.21,0.08
2019-12-12 05:30:00,16.26,16.26,0.08
2019-12-12 06:00:00,16.21,16.25,0.08
2019-12-12 07:00:00,16.22,16.27,0.08
2019-12-12 07:30:00,16.22,16.27,0.08
2019-12-12 08:00:00,16.21,16.27,0.08
2019-12-12 08:30:00,16.21,16.27,0.08
2019-12-12 09:00:00,16.21,16.27,0.08
2019-12-12 09:30:00,16.17,16.22,0.08
2019-12-12 10:00:00,16.17,16.28,0.08
2019-12-12 10:30:00,16.27,16.33,0.08
2019-12-12 11:00:00,16.33,16.33,0.08
2019-12-12 11:30:00,16.33,16.34,0.08
2019-12-12 12:00:00,16.34,16.39,0.08
2019-12-12 12:30:00,16.38,16.39,0.08
2019-12-12 13:00:00,16.38,16.54,0.08
2019-12-12 13:30:00,16.38,16.55,0.08
2019-12-12 14:00:00,16.38,16.44,0.08
2019-12-12 14:30:00,15.80,16.49,0.08
2019-12-12 15:00:00,15.54,15.76,0.08
2019-12-12 15:30:00,15.64,15.89,0.08
2019-12-12 16:00:00,15.74,15.90,0.08
2019-12-12 16:30:00,15.85,16.13,0.08
2019-12-12 17:00:00,15.97,16.14,0.08
2019-12-12 17:30:00,15.86,16.08,0.08
2019-12-12 18:00:00,15.82,15.93,0.08
2019-12-12 18:30:00,15.87,15.93,0.08
2019-12-12 19:00:00,15.87,16.03,0.08
2019-12-12 19:30:00,15.66,16.03,0.08
2019-12-12 20:00:00,15.60,15.78,0.08
2019-12-12 20:30:00,15.54,15.70,0.08
2019-12-12 21:00:00,15.54,15.65,0.08
2019-12-12 21:30:00,15.59,15.65,0.08
2019-12-12 23:00:00,15.38,15.57,0.08
2019-12-12 23:30:00,15.38,15.43,0.08
2019-12-13 00:00:00,15.38,15.48,0.08
2019-12-13 00:30:00,15.39,15.44,0.08
2019-12-13 01:00:00,15.39,15.44,0.08
2019-12-13 01:30:00,15.43,15.44,0.08
2019-12-13 02:00:00,15.43,15.44,0.08
2019-12-13 02:30:00,15.44,15.49,0.08
2019-12-13 03:00:00,15.39,15.44,0.08
2019-12-13 03:30:00,15.45,15.50,0.08
2019-12-13 06:00:00,15.46,15.46,0.08
2019-12-13 06:30:00,15.44,15.45,0.08
2019-12-13 07:00:00,15.40,15.47,0.08
2019-12-13 07:30:00,15.45,15.47,0.08
2019-12-13 08:00:00,15.41,15.52,0.08
2019-12-13 08:30:00,15.40,15.41,0.08
2019-12-13 09:00:00,15.35,15.41,0.08
2019-12-13 09:30:00,15.36,15.41,0.08
2019-12-13 10:00:00,15.26,15.31,0.08
2019-12-13 10:30:00,15.21,15.31,0.08
2019-12-13 11:00:00,15.24,15.35,0.08
2019-12-13 11:30:00,15.30,15.36,0.08
2019-12-13 12:00:00,15.36,15.41,0.08
2019-12-13 12:30:00,15.37,15.68,0.08
2019-12-13 13:00:00,15.42,15.58,0.08
2019-12-13 13:30:00,15.36,15.47,0.08
2019-12-13 14:00:00,15.42,15.81,0.08
2019-12-13 14:30:00,15.44,15.87,0.08
2019-12-13 15:00:00,15.21,15.60,0.08
2019-12-13 15:30:00,15.34,15.66,0.08
2019-12-13 16:00:00,15.40,15.83,0.08
2019-12-13 16:30:00,15.45,15.82,0.08
2019-12-13 17:00:00,15.34,15.45,0.08
2019-12-13 17:30:00,15.30,15.40,0.08
2019-12-13 18:00:00,15.29,15.34,0.08
2019-12-13 18:30:00,15.24,15.35,0.08
2019-12-13 19:00:00,15.19,15.25,0.08
2019-12-13 19:30:00,15.14,15.25,0.08
2019-12-13 20:00:00,15.04,15.13,0.08
2019-12-13 20:30:00,14.94,15.09,0.08
2019-12-13 21:00:00,14.84,14.94,0.08
2019-12-13 21:30:00,14.89,14.94,0.08
2019-12-15 23:00:00,15.08,15.08,0.08
2019-12-15 23:30:00,15.03,15.08,0.08
2019-12-16 00:30:00,15.03,15.08,0.08
2019-12-16 01:00:00,15.04,15.09,0.08
2019-12-16 02:00:00,14.99,15.04,0.08
2019-12-16 02:30:00,14.99,15.04,0.08
2019-12-16 03:00:00,14.99,15.04,0.08
2019-12-16 03:30:00,14.99,15.04,0.08
2019-12-16 04:00:00,15.05,15.05,0.08
2019-12-16 06:00:00,15.05,15.10,0.08
2019-12-16 06:30:00,15.01,15.06,0.08
2019-12-16 07:00:00,15.01,15.06,0.08
2019-12-16 08:00:00,15.01,15.06,0.08
2019-12-16 08:30:00,15.01,15.06,0.08
2019-12-16 09:00:00,15.01,15.07,0.08
2019-12-16 09:30:00,15.02,15.07,0.08
2019-12-16 10:00:00,14.97,15.02,0.08
2019-12-16 10:30:00,14.92,14.97,0.08
2019-12-16 11:00:00,14.88,14.97,0.08
2019-12-16 11:30:00,14.83,14.93,0.08
2019-12-16 12:00:00,14.83,14.88,0.08
2019-12-16 13:00:00,14.78,14.83,0.08
2019-12-16 13:30:00,14.73,14.78,0.08
2019-12-16 14:00:00,14.74,14.79,0.08
2019-12-16 14:30:00,14.69,14.79,0.08
2019-12-16 15:00:00,14.69,14.79,0.08
2019-12-16 15:30:00,14.64,14.64,0.08
2019-12-16 16:00:00,14.64,14.69,0.08
2019-12-16 16:30:00,14.65,14.70,0.08
2019-12-16 17:00:00,14.65,14.70,0.08
2019-12-16 17:30:00,14.70,14.75,0.08
2019-12-16 18:00:00,14.65,14.70,0.08
2019-12-16 18:30:00,14.65,14.70,0.08
2019-12-16 19:00:00,14.66,14.76,0.08
2019-12-16 19:30:00,14.76,14.81,0.08
2019-12-16 20:00:00,14.76,14.86,0.08
2019-12-16 20:30:00,14.81,14.96,0.08
2019-12-16 21:00:00,14.81,14.96,0.08
2019-12-16 21:30:00,14.82,14.82,0.08
2019-12-16 23:00:00,14.85,14.87,0.08
2019-12-16 23:30:00,14.87,14.93,0.08
2019-12-17 00:00:00,14.93,14.98,0.08
2019-12-17 00:30:00,14.93,14.98,0.08
2019-12-17 02:30:00,14.88,14.88,0.08
2019-12-17 03:30:00,14.83,14.88,0.08
2019-12-17 04:30:00,14.78,14.83,0.08
2019-12-17 05:00:00,14.79,14.79,0.08
2019-12-17 05:30:00,14.79,14.84,0.08
2019-12-17 06:00:00,14.81,14.84,0.08
2019-12-17 07:00:00,14.79,14.84,0.08
2019-12-17 08:00:00,14.79,14.84,0.08
2019-12-17 08:30:00,14.84,14.89,0.08
2019-12-17 09:00:00,14.84,14.89,0.08
2019-12-17 09:30:00,14.89,14.94,0.08
2019-12-17 10:30:00,14.89,15.00,0.08
2019-12-17 11:30:00,14.90,14.90,0.08
2019-12-17 13:00:00,14.85,14.88,0.08
2019-12-17 13:30:00,14.75,14.80,0.08
2019-12-17 14:00:00,14.75,14.80,0.08
2019-12-17 14:30:00,14.75,14.90,0.08
2019-12-17 15:00:00,14.76,14.85,0.08
2019-12-17 15:30:00,14.81,14.86,0.08
2019-12-17 16:00:00,14.91,15.01,0.08
2019-12-17 16:30:00,14.91,15.06,0.08
2019-12-17 17:00:00,14.91,15.01,0.08
2019-12-17 17:30:00,14.96,15.01,0.08
2019-12-17 18:30:00,14.96,15.01,0.08
2019-12-17 19:00:00,14.96,15.01,0.08
2019-12-17 19:30:00,14.96,14.96,0.08
2019-12-17 20:00:00,14.82,14.92,0.08
2019-12-17 20:30:00,14.82,14.87,0.08
2019-12-17 21:00:00,14.87,14.92,0.08
2019-12-17 21:30:00,14.92,14.96,0.08
2019-12-17 23:00:00,14.87,14.95,0.08
2019-12-17 23:30:00,14.87,14.92,0.08
2019-12-18 00:00:00,14.87,14.92,0.08
2019-12-18 01:30:00,14.87,14.92,0.08
2019-12-18 02:30:00,14.93,14.97,0.08
2019-12-18 03:30:00,14.98,14.98,0.08
2019-12-18 04:00:00,14.93,14.98,0.08
2019-12-18 06:00:00,14.98,15.03,0.08
2019-12-18 07:00:00,14.98,15.03,0.08
2019-12-18 07:30:00,14.98,15.03,0.08
2019-12-18 08:00:00,14.93,15.01,0.08
2019-12-18 08:30:00,14.94,14.98,0.08
2019-12-18 09:00:00,14.89,14.99,0.08
2019-12-18 09:30:00,14.86,14.89,0.08
2019-12-18 10:00:00,14.84,14.89,0.08
2019-12-18 10:30:00,14.84,14.89,0.08
2019-12-18 12:00:00,14.89,14.94,0.08
2019-12-18 12:30:00,14.85,14.89,0.08
2019-12-18 13:00:00,14.79,14.84,0.08
2019-12-18 13:30:00,14.80,14.85,0.08
2019-12-18 14:00:00,14.70,14.80,0.08
2019-12-18 14:30:00,14.70,14.80,0.08
2019-12-18 15:00:00,14.70,14.85,0.08
2019-12-18 15:30:00,14.80,14.90,0.08
2019-12-18 16:00:00,14.80,14.90,0.08
2019-12-18 16:30:00,14.80,14.90,0.08
2019-12-18 17:00:00,14.90,15.00,0.08
2019-12-18 18:00:00,14.90,14.90,0.08
2019-12-18 19:00:00,14.85,14.91,0.08
2019-12-18 19:30:00,14.86,14.91,0.08
2019-12-18 20:00:00,14.91,14.96,0.08
2019-12-18 20:30:00,14.91,15.06,0.08
2019-12-18 21:00:00,14.91,15.01,0.08
2019-12-18 21:30:00,14.91,14.96,0.08
2019-12-18 23:30:00,14.96,15.01,0.08
2019-12-19 00:00:00,14.96,15.01,0.08
2019-12-19 00:30:00,14.92,14.96,0.08
2019-12-19 01:00:00,14.97,15.01,0.08
2019-12-19 01:30:00,14.99,15.06,0.08
2019-12-19 02:00:00,14.97,15.06,0.08
2019-12-19 02:30:00,15.02,15.02,0.08
2019-12-19 03:00:00,14.97,15.02,0.08
2019-12-19 03:30:00,14.97,15.02,0.08
2019-12-19 04:00:00,14.97,15.02,0.08
2019-12-19 04:30:00,14.97,15.02,0.08
2019-12-19 05:00:00,15.02,15.02,0.08
2019-12-19 07:30:00,15.03,15.03,0.08
2019-12-19 08:00:00,14.93,15.02,0.08
2019-12-19 08:30:00,15.00,15.07,0.08
2019-12-19 09:00:00,14.98,15.07,0.08
2019-12-19 09:30:00,14.98,15.03,0.08
2019-12-19 10:00:00,14.98,15.03,0.08
2019-12-19 10:30:00,14.98,15.00,0.08
2019-12-19 11:00:00,14.93,14.98,0.08
2019-12-19 12:30:00,15.03,15.08,0.08
2019-12-19 13:00:00,15.08,15.13,0.08
2019-12-19 13:30:00,15.09,15.18,0.08
2019-12-19 14:00:00,14.99,15.08,0.08
2019-12-19 14:30:00,14.99,15.09,0.08
2019-12-19 15:00:00,14.90,15.09,0.08
2019-12-19 15:30:00,14.90,14.95,0.08
2019-12-19 16:00:00,14.85,14.95,0.08
2019-12-19 16:30:00,14.85,14.90,0.08
2019-12-19 17:00:00,14.85,14.90,0.08
2019-12-19 17:30:00,14.85,14.90,0.08
2019-12-19 18:00:00,14.86,14.90,0.08
2019-12-19 19:00:00,14.81,14.81,0.08
2019-12-19 19:30:00,14.85,14.86,0.08
2019-12-19 20:00:00,14.81,14.86,0.08
2019-12-19 20:30:00,14.72,14.86,0.08
2019-12-19 21:00:00,14.72,14.77,0.08
2019-12-19 21:30:00,14.76,14.81,0.08
2019-12-19 23:00:00,14.76,14.82,0.08
2019-12-19 23:30:00,14.77,14.77,0.08
2019-12-20 00:00:00,14.77,14.82,0.08
2019-12-20 00:30:00,14.82,14.82,0.08
2019-12-20 02:00:00,14.82,14.87,0.08
2019-12-20 02:30:00,14.82,14.87,0.08
2019-12-20 03:00:00,14.82,14.87,0.08
2019-12-20 03:30:00,14.84,14.87,0.08
2019-12-20 05:30:00,14.87,14.92,0.08
2019-12-20 06:00:00,14.90,14.92,0.08
2019-12-20 07:00:00,14.90,14.92,0.08
2019-12-20 08:00:00,14.92,14.97,0.08
2019-12-20 08:30:00,14.92,14.97,0.08
2019-12-20 09:00:00,14.93,14.97,0.08
2019-12-20 09:30:00,14.93,14.97,0.08
2019-12-20 10:30:00,14.83,14.88,0.08
2019-12-20 11:00:00,14.78,14.83,0.08
2019-12-20 12:00:00,14.83,14.88,0.08
2019-12-20 12:30:00,14.79,14.84,0.08
2019-12-20 13:00:00,14.79,14.83,0.08
2019-12-20 13:30:00,14.79,14.83,0.08
2019-12-20 14:00:00,14.65,14.75,0.08
2019-12-20 14:30:00,14.70,14.80,0.08
2019-12-20 15:00:00,14.70,14.80,0.08
2019-12-20 15:30:00,14.70,14.80,0.08
2019-12-20 16:00:00,14.70,14.80,0.08
2019-12-20 16:30:00,14.70,14.75,0.08
2019-12-20 17:00:00,14.71,14.75,0.08
2019-12-20 17:30:00,14.75,14.80,0.08
2019-12-20 18:00:00,14.80,14.85,0.08
2019-12-20 19:00:00,14.80,14.85,0.08
2019-12-20 19:30:00,14.76,14.85,0.08
2019-12-20 20:00:00,14.81,14.86,0.08
2019-12-20 20:30:00,14.86,14.95,0.08
2019-12-20 21:00:00,14.90,14.96,0.08
2019-12-20 21:30:00,14.95,15.00,0.08
2019-12-22 23:00:00,15.01,15.06,0.08
2019-12-22 23:30:00,15.01,15.05,0.08
2019-12-23 00:00:00,15.01,15.05,0.08
2019-12-23 00:30:00,15.01,15.01,0.08
2019-12-23 01:00:00,14.96,15.01,0.08
2019-12-23 01:30:00,15.00,15.01,0.08
2019-12-23 03:00:00,15.02,15.02,0.08
2019-12-23 03:30:00,15.01,15.01,0.08
2019-12-23 04:00:00,15.01,15.02,0.08
2019-12-23 04:30:00,15.02,15.02,0.08
2019-12-23 06:30:00,15.06,15.06,0.08
2019-12-23 07:30:00,15.07,15.07,0.08
2019-12-23 08:00:00,15.02,15.07,0.08
2019-12-23 08:30:00,15.03,15.07,0.08
2019-12-23 09:00:00,15.02,15.02,0.08
2019-12-23 09:30:00,15.00,15.02,0.08
2019-12-23 10:30:00,15.03,15.03,0.08
2019-12-23 11:00:00,14.98,15.02,0.08
2019-12-23 12:00:00,14.93,15.02,0.08
2019-12-23 13:00:00,14.93,14.98,0.08
2019-12-23 13:30:00,14.98,15.08,0.08
2019-12-23 14:00:00,14.99,15.08,0.08
2019-12-23 14:30:00,15.03,15.09,0.08
2019-12-23 15:00:00,15.08,15.09,0.08
2019-12-23 15:30:00,15.05,15.05,0.08
2019-12-23 16:00:00,15.09,15.10,0.08
2019-12-23 16:30:00,15.10,15.14,0.08
2019-12-23 17:00:00,15.14,15.14,0.08
2019-12-23 17:30:00,15.09,15.14,0.08
2019-12-23 18:30:00,15.11,15.11,0.08
2019-12-23 19:00:00,15.07,15.12,0.08
2019-12-23 19:30:00,15.07,15.11,0.08
2019-12-23 20:00:00,15.11,15.16,0.08
2019-12-23 20:30:00,15.11,15.20,0.08
2019-12-23 21:00:00,15.07,15.17,0.08
2019-12-23 21:30:00,15.10,15.12,0.08
2019-12-23 23:00:00,15.10,15.12,0.08
2019-12-23 23:30:00,15.13,15.13,0.08
2019-12-24 00:30:00,15.13,15.14,0.08
2019-12-24 01:00:00,15.13,15.14,0.08
2019-12-24 03:00:00,15.13,15.14,0.08
2019-12-24 04:00:00,15.13,15.13,0.08
2019-12-24 04:30:00,15.14,15.14,0.08
2019-12-24 05:30:00,15.10,15.10,0.08
2019-12-24 06:00:00,15.14,15.14,0.08
2019-12-24 07:30:00,15.10,15.14,0.08
2019-12-24 09:00:00,15.11,15.11,0.08
2019-12-24 09:30:00,15.10,15.10,0.08
2019-12-24 10:00:00,15.10,15.11,0.08
2019-12-24 11:00:00,15.10,15.15,0.08
2019-12-24 11:30:00,15.10,15.11,0.08
2019-12-24 12:30:00,15.10,15.15,0.08
2019-12-24 14:00:00,15.12,15.16,0.08
2019-12-24 14:30:00,15.12,15.22,0.08
2019-12-24 15:00:00,15.12,15.17,0.08
2019-12-24 15:30:00,15.12,15.13,0.08
2019-12-24 16:00:00,15.03,15.17,0.08
2019-12-24 17:30:00,15.03,15.07,0.08
2019-12-24 18:00:00,14.95,15.04,0.08
2019-12-25 23:00:00,15.02,15.08,0.08
2019-12-26 00:00:00,15.03,15.08,0.08
2019-12-26 03:00:00,15.04,15.04,0.08
2019-12-26 07:30:00,15.05,15.05,0.08
2019-12-26 12:00:00,15.01,15.06,0.08
2019-12-26 12:30:00,15.02,15.06,0.08
2019-12-26 13:00:00,15.01,15.06,0.08
2019-12-26 13:30:00,15.01,15.05,0.08
2019-12-26 14:30:00,15.01,15.10,0.08
2019-12-26 15:00:00,15.01,15.06,0.08
2019-12-26 15:30:00,15.05,15.05,0.08
2019-12-26 16:00:00,15.01,15.12,0.08
2019-12-26 16:30:00,15.07,15.07,0.08
2019-12-26 17:00:00,15.10,15.12,0.08
2019-12-26 19:00:00,15.12,15.16,0.08
2019-12-26 20:30:00,15.12,15.18,0.08
2019-12-26 21:00:00,15.05,15.14,0.08
2019-12-26 21:30:00,15.11,15.19,0.08
2019-12-26 23:00:00,15.19,15.23,0.08
2019-12-26 23:30:00,15.16,15.20,0.08
2019-12-27 00:00:00,15.16,15.16,0.08
2019-12-27 00:30:00,15.11,15.16,0.08
2019-12-27 01:30:00,15.12,15.12,0.08
2019-12-27 04:00:00,15.07,15.07,0.08
2019-12-27 04:30:00,15.09,15.12,0.08
2019-12-27 05:30:00,15.13,15.13,0.08
2019-12-27 08:00:00,15.10,15.13,0.08
2019-12-27 08:30:00,15.08,15.13,0.08
2019-12-27 09:00:00,15.12,15.17,0.08
2019-12-27 10:00:00,15.09,15.12,0.08
2019-12-27 10:30:00,15.04,15.07,0.08
2019-12-27 11:00:00,15.04,15.07,0.08
2019-12-27 11:30:00,15.08,15.08,0.08
2019-12-27 13:00:00,15.04,15.08,0.08
2019-12-27 13:30:00,15.04,15.20,0.08
2019-12-27 14:00:00,15.14,15.20,0.08
2019-12-27 14:30:00,15.15,15.53,0.08
2019-12-27 15:00:00,15.40,15.53,0.08
2019-12-27 15:30:00,15.35,15.45,0.08
2019-12-27 16:00:00,15.37,15.40,0.08
2019-12-27 16:30:00,15.37,15.45,0.08
2019-12-27 17:00:00,15.44,15.50,0.08
2019-12-27 17:30:00,15.34,15.50,0.08
2019-12-27 18:00:00,15.34,15.43,0.08
2019-12-27 18:30:00,15.41,15.43,0.08
2019-12-27 19:00:00,15.38,15.46,0.08
2019-12-27 19:30:00,15.38,15.41,0.08
2019-12-27 20:00:00,15.45,15.50,0.08
2019-12-27 20:30:00,15.50,15.68,0.08
2019-12-27 21:00:00,15.47,15.75,0.08
2019-12-27 21:30:00,15.67,15.75,0.08
2019-12-29 23:00:00,15.68,15.76,0.08
2019-12-30 00:00:00,15.63,15.68,0.08
2019-12-30 00:30:00,15.63,15.68,0.08
2019-12-30 01:00:00,15.60,15.63,0.08
2019-12-30 01:30:00,15.62,15.64,0.08
2019-12-30 03:00:00,15.61,15.64,0.08
2019-12-30 03:30:00,15.59,15.64,0.08
2019-12-30 04:00:00,15.56,15.61,0.08
2019-12-30 04:30:00,15.56,15.56,0.08
2019-12-30 05:00:00,15.59,15.59,0.08
2019-12-30 05:30:00,15.59,15.61,0.08
2019-12-30 06:00:00,15.60,15.65,0.08
2019-12-30 06:30:00,15.62,15.65,0.08
2019-12-30 07:00:00,15.62,15.65,0.08
2019-12-30 07:30:00,15.68,15.70,0.08
2019-12-30 08:00:00,15.65,15.70,0.08
2019-12-30 08:30:00,15.65,15.68,0.08
2019-12-30 09:00:00,15.65,15.68,0.08
2019-12-30 09:30:00,15.65,15.68,0.08
2019-12-30 10:00:00,15.69,15.74,0.08
2019-12-30 10:30:00,15.74,15.77,0.08
2019-12-30 11:00:00,15.77,15.82,0.08
2019-12-30 11:30:00,15.72,15.77,0.08
2019-12-30 12:30:00,15.77,15.77,0.08
2019-12-30 13:00:00,15.74,15.77,0.08
2019-12-30 13:30:00,15.74,15.79,0.08
2019-12-30 14:00:00,15.74,15.79,0.08
2019-12-30 14:30:00,15.83,16.19,0.08
2019-12-30 15:00:00,16.09,16.40,0.08
2019-12-30 15:30:00,16.14,16.40,0.08
2019-12-30 16:00:00,16.04,16.27,0.08
2019-12-30 16:30:00,16.04,16.12,0.08
2019-12-30 17:00:00,15.96,16.06,0.08
2019-12-30 17:30:00,15.88,15.96,0.08
2019-12-30 18:00:00,15.95,16.06,0.08
2019-12-30 18:30:00,15.96,16.06,0.08
2019-12-30 19:00:00,16.00,16.18,0.08
2019-12-30 19:30:00,16.18,16.31,0.08
2019-12-30 20:00:00,16.10,16.31,0.08
2019-12-30 20:30:00,16.15,16.34,0.08
2019-12-30 21:00:00,16.20,16.35,0.08
2019-12-30 21:30:00,16.24,16.29,0.08
2019-12-30 23:00:00,16.21,16.27,0.08
2019-12-30 23:30:00,16.22,16.25,0.08
2019-12-31 00:00:00,16.20,16.25,0.08
2019-12-31 00:30:00,16.20,16.21,0.08
2019-12-31 01:00:00,16.15,16.20,0.08
2019-12-31 01:30:00,16.15,16.20,0.08
2019-12-31 02:00:00,16.17,16.20,0.08
2019-12-31 02:30:00,16.15,16.17,0.08
2019-12-31 03:00:00,16.20,16.20,0.08
2019-12-31 04:00:00,16.21,16.21,0.08
2019-12-31 04:30:00,16.16,16.21,0.08
2019-12-31 05:30:00,16.16,16.16,0.08
2019-12-31 07:00:00,16.21,16.21,0.08
2019-12-31 08:30:00,16.16,16.21,0.08
2019-12-31 09:00:00,16.21,16.22,0.08
2019-12-31 09:30:00,16.17,16.27,0.08
2019-12-31 10:00:00,16.22,16.22,0.08
2019-12-31 10:30:00,16.20,16.25,0.08
2019-12-31 11:00:00,16.17,16.25,0.08
2019-12-31 11:30:00,16.22,16.30,0.08
2019-12-31 12:00:00,16.30,16.38,0.08
2019-12-31 12:30:00,16.30,16.35,0.08
2019-12-31 13:00:00,16.25,16.40,0.08
2019-12-31 13:30:00,16.30,16.40,0.08
2019-12-31 14:00:00,16.38,16.46,0.08
2019-12-31 14:30:00,16.23,16.53,0.08
2019-12-31 15:00:00,16.23,16.41,0.08
2019-12-31 15:30:00,16.36,16.43,0.08
2019-12-31 16:00:00,16.28,16.41,0.08
2019-12-31 16:30:00,16.28,16.38,0.08
2019-12-31 17:00:00,16.28,16.36,0.08
2019-12-31 17:30:00,16.18,16.28,0.08
2019-12-31 18:00:00,15.98,16.23,0.08
2019-12-31 18:30:00,15.86,15.94,0.08
2019-12-31 19:00:00,15.81,15.89,0.08
2019-12-31 19:30:00,15.73,15.81,0.08
2019-12-31 20:00:00,15.63,15.81,0.08
2019-12-31 20:30:00,15.60,15.73,0.08
2019-12-31 21:00:00,15.48,15.68,0.08
2019-12-31 21:30:00,15.43,15.45,0.08
2020-01-01 23:00:00,15.41,15.59,0.08
2020-01-01 23:30:00,15.39,15.44,0.08
2020-01-02 00:30:00,15.36,15.41,0.08
2020-01-02 01:00:00,15.37,15.47,0.08
2020-01-02 01:30:00,15.44,15.47,0.08
2020-01-02 02:00:00,15.39,15.45,0.08
2020-01-02 02:30:00,15.40,15.45,0.08
2020-01-02 03:00:00,15.37,15.37,0.08
2020-01-02 03:30:00,15.32,15.37,0.08
2020-01-02 04:00:00,15.35,15.37,0.08
2020-01-02 04:30:00,15.32,15.35,0.08
2020-01-02 05:00:00,15.32,15.38,0.08
2020-01-02 07:00:00,15.33,15.38,0.08
2020-01-02 07:30:00,15.30,15.33,0.08
2020-01-02 08:00:00,15.26,15.33,0.08
2020-01-02 08:30:00,15.26,15.31,0.08
2020-01-02 09:00:00,15.26,15.29,0.08
2020-01-02 09:30:00,15.26,15.29,0.08
2020-01-02 10:00:00,15.26,15.26,0.08
2020-01-02 10:30:00,15.27,15.27,0.08
2020-01-02 11:00:00,15.27,15.32,0.08
2020-01-02 11:30:00,15.27,15.29,0.08
2020-01-02 12:00:00,15.24,15.29,0.08
2020-01-02 12:30:00,15.24,15.27,0.08
2020-01-02 13:00:00,15.25,15.25,0.08
2020-01-02 13:30:00,15.20,15.27,0.08
2020-01-02 14:00:00,15.20,15.32,0.08
2020-01-02 14:30:00,15.22,15.45,0.08
2020-01-02 15:00:00,15.43,15.65,0.08
2020-01-02 15:30:00,15.36,15.53,0.08
2020-01-02 16:00:00,15.33,15.41,0.08
2020-01-02 16:30:00,15.31,15.51,0.08
2020-01-02 17:00:00,15.23,15.31,0.08
2020-01-02 17:30:00,15.23,15.28,0.08
2020-01-02 18:00:00,15.23,15.28,0.08
2020-01-02 18:30:00,15.26,15.31,0.08
2020-01-02 19:00:00,15.19,15.26,0.08
2020-01-02 20:00:00,15.16,15.26,0.08
2020-01-02 20:30:00,15.11,15.24,0.08
2020-01-02 21:00:00,15.04,15.14,0.08
2020-01-02 21:30:00,15.04,15.09,0.08
2020-01-02 23:00:00,15.04,15.10,0.08
2020-01-02 23:30:00,15.10,15.12,0.08
2020-01-03 00:00:00,15.10,15.12,0.08
2020-01-03 01:00:00,15.07,15.13,0.08
2020-01-03 01:30:00,15.13,15.33,0.08
2020-01-03 02:00:00,15.28,15.88,0.08
2020-01-03 02:30:00,15.68,16.01,0.08
2020-01-03 03:00:00,15.88,16.16,0.08
2020-01-03 03:30:00,16.04,16.11,0.08
2020-01-03 04:00:00,15.96,16.14,0.08
2020-01-03 04:30:00,15.99,16.11,0.08
2020-01-03 05:00:00,16.06,16.31,0.08
2020-01-03 05:30:00,16.14,16.27,0.08
2020-01-03 06:00:00,16.24,16.27,0.08
2020-01-03 06:30:00,16.19,16.24,0.08
2020-01-03 07:00:00,16.17,16.27,0.08
2020-01-03 07:30:00,16.18,16.39,0.08
2020-01-03 08:00:00,16.24,16.52,0.08
2020-01-03 08:30:00,16.19,16.35,0.08
2020-01-03 09:00:00,16.32,16.45,0.08
2020-01-03 09:30:00,16.35,16.50,0.08
2020-01-03 10:00:00,16.35,16.42,0.08
2020-01-03 10:30:00,16.41,16.72,0.08
2020-01-03 11:00:00,16.50,16.67,0.08
2020-01-03 11:30:00,16.51,16.62,0.08
2020-01-03 12:00:00,16.28,16.55,0.08
2020-01-03 12:30:00,16.25,16.30,0.08
2020-01-03 13:00:00,16.00,16.28,0.08
2020-01-03 13:30:00,16.03,16.20,0.08
2020-01-03 14:00:00,16.13,16.38,0.08
2020-01-03 14:30:00,15.68,16.40,0.08
2020-01-03 15:00:00,15.78,16.06,0.08
2020-01-03 15:30:00,15.71,15.86,0.08
2020-01-03 16:00:00,15.73,15.93,0.08
2020-01-03 16:30:00,15.64,15.78,0.08
2020-01-03 17:00:00,15.61,15.71,0.08
2020-01-03 17:30:00,15.61,15.71,0.08
2020-01-03 18:00:00,15.66,15.74,0.08
2020-01-03 18:30:00,15.69,16.04,0.08
2020-01-03 19:00:00,15.76,15.94,0.08
2020-01-03 19:30:00,15.74,15.89,0.08
2020-01-03 20:00:00,15.74,15.92,0.08
2020-01-03 20:30:00,15.87,16.00,0.08
2020-01-03 21:00:00,15.82,15.94,0.08
2020-01-03 21:30:00,15.92,15.99,0.08
2020-01-05 23:00:00,16.37,16.49,0.08
2020-01-05 23:30:00,16.35,16.42,0.08
2020-01-06 00:00:00,16.30,16.37,0.08
2020-01-06 00:30:00,16.33,16.40,0.08
2020-01-06 01:00:00,16.37,16.49,0.08
2020-01-06 01:30:00,16.47,16.52,0.08
2020-01-06 02:00:00,16.47,16.52,0.08
2020-01-06 02:30:00,16.47,16.52,0.08
2020-01-06 03:30:00,16.37,16.42,0.08
2020-01-06 04:00:00,16.25,16.40,0.08
2020-01-06 04:30:00,16.28,16.35,0.08
2020-01-06 05:00:00,16.28,16.36,0.08
2020-01-06 05:30:00,16.31,16.36,0.08
2020-01-06 06:00:00,16.38,16.55,0.08
2020-01-06 06:30:00,16.43,16.50,0.08
2020-01-06 07:00:00,16.38,16.48,0.08
2020-01-06 07:30:00,16.29,16.43,0.08
2020-01-06 08:00:00,16.31,16.53,0.08
2020-01-06 08:30:00,16.48,16.79,0.08
2020-01-06 09:00:00,16.62,16.78,0.08
2020-01-06 09:30:00,16.55,16.75,0.08
2020-01-06 10:00:00,16.48,16.58,0.08
2020-01-06 10:30:00,16.55,16.66,0.08
2020-01-06 11:00:00,16.54,16.61,0.08
2020-01-06 11:30:00,16.54,16.61,0.08
2020-01-06 12:00:00,16.42,16.54,0.08
2020-01-06 12:30:00,16.30,16.40,0.08
2020-01-06 13:00:00,16.35,16.54,0.08
2020-01-06 13:30:00,16.44,16.51,0.08
2020-01-06 14:00:00,16.46,16.58,0.08
2020-01-06 14:30:00,16.25,16.58,0.08
2020-01-06 15:00:00,16.16,16.37,0.08
2020-01-06 15:30:00,16.11,16.25,0.08
2020-01-06 16:00:00,16.04,16.20,0.08
2020-01-06 16:30:00,16.06,16.16,0.08
2020-01-06 17:00:00,16.14,16.19,0.08
2020-01-06 17:30:00,16.07,16.16,0.08
2020-01-06 18:00:00,16.00,16.09,0.08
2020-01-06 18:30:00,15.98,16.03,0.08
2020-01-06 19:00:00,15.92,16.06,0.08
2020-01-06 19:30:00,15.92,16.02,0.08
2020-01-06 20:00:00,15.92,16.00,0.08
2020-01-06 20:30:00,15.93,16.02,0.08
2020-01-06 21:00:00,15.89,15.98,0.08
2020-01-06 21:30:00,16.00,16.07,0.08
2020-01-06 23:00:00,16.00,16.07,0.08
2020-01-06 23:30:00,16.01,16.06,0.08
2020-01-07 00:00:00,15.96,16.03,0.08
2020-01-07 00:30:00,15.87,15.94,0.08
2020-01-07 01:00:00,15.87,15.89,0.08
2020-01-07 01:30:00,15.80,15.89,0.08
2020-01-07 02:00:00,15.77,15.82,0.08
2020-01-07 02:30:00,15.80,15.87,0.08
2020-01-07 04:00:00,15.78,15.88,0.08
2020-01-07 04:30:00,15.78,15.83,0.08
2020-01-07 05:30:00,15.85,15.90,0.08
2020-01-07 06:00:00,15.85,15.97,0.08
2020-01-07 06:30:00,15.90,15.97,0.08
2020-01-07 07:00:00,15.83,16.02,0.08
2020-01-07 07:30:00,15.94,16.08,0.08
2020-01-07 08:00:00,15.85,16.02,0.08
2020-01-07 08:30:00,15.80,15.92,0.08
2020-01-07 09:00:00,15.88,15.96,0.08
2020-01-07 09:30:00,15.93,16.07,0.08
2020-01-07 10:00:00,15.93,16.05,0.08
2020-01-07 10:30:00,16.00,16.02,0.08
2020-01-07 11:00:00,15.95,16.05,0.08
2020-01-07 11:30:00,16.00,16.07,0.08
2020-01-07 12:00:00,15.95,16.02,0.08
2020-01-07 12:30:00,15.95,16.02,0.08
2020-01-07 13:00:00,15.96,16.07,0.08
2020-01-07 13:30:00,16.00,16.12,0.08
2020-01-07 14:00:00,16.02,16.12,0.08
2020-01-07 14:30:00,15.89,16.21,0.08
2020-01-07 15:00:00,15.92,16.14,0.08
2020-01-07 15:30:00,15.85,16.06,0.08
2020-01-07 16:00:00,15.78,15.90,0.08
2020-01-07 16:30:00,15.78,15.90,0.08
2020-01-07 17:00:00,15.84,15.90,0.08
2020-01-07 17:30:00,15.79,15.91,0.08
2020-01-07 18:30:00,15.74,15.79,0.08
2020-01-07 19:00:00,15.77,15.91,0.08
2020-01-07 19:30:00,15.79,15.84,0.08
2020-01-07 20:00:00,15.74,15.84,0.08
2020-01-07 20:30:00,15.79,15.93,0.08
2020-01-07 21:00:00,15.80,15.93,0.08
2020-01-07 21:30:00,15.95,16.11,0.08
2020-01-07 23:00:00,16.02,16.70,0.08
2020-01-07 23:30:00,16.60,17.03,0.08
2020-01-08 00:00:00,16.82,17.37,0.08
2020-01-08 00:30:00,17.40,17.81,0.08
2020-01-08 01:00:00,17.14,17.56,0.08
2020-01-08 01:30:00,16.94,17.59,0.08
2020-01-08 02:00:00,16.79,17.25,0.08
2020-01-08 02:30:00,16.42,17.02,0.08
2020-01-08 03:00:00,16.47,16.77,0.08
2020-01-08 03:30:00,16.52,16.66,0.08
2020-01-08 04:00:00,16.40,16.54,0.08
2020-01-08 04:30:00,16.47,16.59,0.08
2020-01-08 05:00:00,16.54,16.64,0.08
2020-01-08 05:30:00,16.61,16.71,0.08
2020-01-08 06:00:00,16.59,16.71,0.08
2020-01-08 06:30:00,16.54,16.64,0.08
2020-01-08 07:00:00,16.36,16.59,0.08
2020-01-08 07:30:00,16.36,16.43,0.08
2020-01-08 08:00:00,16.26,16.43,0.08
2020-01-08 08:30:00,16.29,16.43,0.08
2020-01-08 09:00:00,16.19,16.35,0.08
2020-01-08 09:30:00,16.16,16.28,0.08
2020-01-08 10:00:00,16.11,16.26,0.08
2020-01-08 10:30:00,16.01,16.15,0.08
2020-01-08 11:00:00,15.95,16.11,0.08
2020-01-08 11:30:00,15.90,16.01,0.08
2020-01-08 12:00:00,16.00,16.07,0.08
2020-01-08 12:30:00,15.88,16.02,0.08
2020-01-08 13:00:00,15.73,15.90,0.08
2020-01-08 13:30:00,15.71,15.83,0.08
2020-01-08 14:00:00,15.72,15.80,0.08
2020-01-08 14:30:00,15.65,15.88,0.08
2020-01-08 15:00:00,15.60,15.72,0.08
2020-01-08 15:30:00,15.70,15.91,0.08
2020-01-08 16:00:00,15.52,15.81,0.08
2020-01-08 16:30:00,15.29,15.63,0.08
2020-01-08 17:00:00,15.31,15.47,0.08
2020-01-08 17:30:00,15.36,15.46,0.08
2020-01-08 18:00:00,15.36,15.43,0.08
2020-01-08 18:30:00,15.34,15.41,0.08
2020-01-08 19:00:00,15.31,15.41,0.08
2020-01-08 19:30:00,15.36,15.41,0.08
2020-01-08 20:00:00,15.25,15.33,0.08
2020-01-08 20:30:00,15.25,15.67,0.08
2020-01-08 21:00:00,15.43,15.63,0.08
2020-01-08 21:30:00,15.50,15.57,0.08
2020-01-08 23:00:00,15.41,15.56,0.08
2020-01-08 23:30:00,15.44,15.51,0.08
2020-01-09 00:00:00,15.39,15.47,0.08
2020-01-09 00:30:00,15.39,15.39,0.08
2020-01-09 01:00:00,15.34,15.44,0.08
2020-01-09 01:30:00,15.34,15.39,0.08
2020-01-09 02:00:00,15.38,15.40,0.08
2020-01-09 02:30:00,15.41,15.41,0.08
2020-01-09 03:00:00,15.41,15.53,0.08
2020-01-09 03:30:00,15.45,15.47,0.08
2020-01-09 04:00:00,15.45,15.47,0.08
2020-01-09 04:30:00,15.40,15.42,0.08
2020-01-09 05:00:00,15.35,15.42,0.08
2020-01-09 05:30:00,15.35,15.40,0.08
2020-01-09 06:00:00,15.35,15.41,0.08
2020-01-09 06:30:00,15.36,15.41,0.08
2020-01-09 07:00:00,15.29,15.41,0.08
2020-01-09 07:30:00,15.24,15.31,0.08
2020-01-09 08:00:00,15.28,15.31,0.08
2020-01-09 08:30:00,15.24,15.29,0.08
2020-01-09 09:00:00,15.28,15.30,0.08
2020-01-09 09:30:00,15.30,15.35,0.08
2020-01-09 10:00:00,15.31,15.35,0.08
2020-01-09 10:30:00,15.32,15.37,0.08
2020-01-09 11:00:00,15.35,15.37,0.08
2020-01-09 12:00:00,15.32,15.42,0.08
2020-01-09 12:30:00,15.34,15.44,0.08
2020-01-09 13:00:00,15.31,15.42,0.08
2020-01-09 13:30:00,15.31,15.36,0.08
2020-01-09 14:00:00,15.26,15.32,0.08
2020-01-09 14:30:00,15.24,15.44,0.08
2020-01-09 15:00:00,15.38,15.46,0.08
2020-01-09 15:30:00,15.31,15.39,0.08
2020-01-09 16:00:00,15.26,15.40,0.08
2020-01-09 16:30:00,15.28,15.33,0.08
2020-01-09 17:00:00,15.28,15.40,0.08
2020-01-09 17:30:00,15.33,15.45,0.08
2020-01-09 18:00:00,15.32,15.44,0.08
2020-01-09 18:30:00,15.32,15.37,0.08
2020-01-09 19:00:00,15.27,15.37,0.08
2020-01-09 19:30:00,15.27,15.32,0.08
2020-01-09 20:00:00,15.19,15.27,0.08
2020-01-09 20:30:00,15.14,15.24,0.08
2020-01-09 21:00:00,15.06,15.14,0.08
2020-01-09 21:30:00,15.09,15.14,0.08
2020-01-09 23:00:00,15.10,15.13,0.08
2020-01-10 00:00:00,15.05,15.10,0.08
2020-01-10 00:30:00,15.00,15.05,0.08
2020-01-10 01:00:00,15.04,15.05,0.08
2020-01-10 01:30:00,15.05,15.05,0.08
2020-01-10 02:00:00,15.06,15.06,0.08
2020-01-10 03:30:00,15.01,15.03,0.08
2020-01-10 05:00:00,15.01,15.03,0.08
2020-01-10 05:30:00,15.02,15.02,0.08
2020-01-10 07:30:00,15.02,15.03,0.08
2020-01-10 08:00:00,15.03,15.09,0.08
2020-01-10 08:30:00,15.09,15.14,0.08
2020-01-10 09:00:00,15.09,15.14,0.08
2020-01-10 09:30:00,15.07,15.08,0.08
2020-01-10 11:00:00,15.03,15.08,0.08
2020-01-10 11:30:00,15.08,15.08,0.08
2020-01-10 12:00:00,15.05,15.10,0.08
2020-01-10 12:30:00,15.05,15.10,0.08
2020-01-10 13:00:00,15.05,15.15,0.08
2020-01-10 13:30:00,15.04,15.15,0.08
2020-01-10 14:00:00,15.04,15.14,0.08
2020-01-10 14:30:00,14.99,15.15,0.08
2020-01-10 15:00:00,14.94,15.05,0.08
2020-01-10 15:30:00,14.99,15.04,0.08
2020-01-10 16:00:00,14.99,15.06,0.08
2020-01-10 16:30:00,15.01,15.11,0.08
2020-01-10 17:00:00,15.02,15.17,0.08
2020-01-10 17:30:00,15.01,15.06,0.08
2020-01-10 18:00:00,14.96,15.06,0.08
2020-01-10 18:30:00,15.00,15.00,0.08
2020-01-10 19:00:00,14.95,15.01,0.08
2020-01-10 19:30:00,15.00,15.07,0.08
2020-01-10 20:00:00,15.07,15.17,0.08
2020-01-10 20:30:00,15.10,15.28,0.08
2020-01-10 21:00:00,15.10,15.17,0.08
2020-01-10 21:30:00,15.12,15.17,0.08
2020-01-12 23:00:00,15.17,15.23,0.08
2020-01-12 23:30:00,15.17,15.22,0.08
2020-01-13 00:00:00,15.18,15.22,0.08
2020-01-13 00:30:00,15.17,15.19,0.08
2020-01-13 01:00:00,15.08,15.19,0.08
2020-01-13 01:30:00,15.13,15.14,0.08
2020-01-13 02:00:00,15.13,15.14,0.08
2020-01-13 02:30:00,15.12,15.13,0.08
2020-01-13 03:00:00,15.08,15.13,0.08
2020-01-13 03:30:00,15.12,15.13,0.08
2020-01-13 04:30:00,15.14,15.14,0.08
2020-01-13 05:00:00,15.09,15.09,0.08
2020-01-13 05:30:00,15.09,15.14,0.08
2020-01-13 06:00:00,15.09,15.14,0.08
2020-01-13 07:00:00,15.09,15.15,0.08
2020-01-13 07:30:00,15.14,15.15,0.08
2020-01-13 08:00:00,15.09,15.15,0.08
2020-01-13 08:30:00,15.06,15.11,0.08
2020-01-13 09:00:00,15.06,15.11,0.08
2020-01-13 09:30:00,15.05,15.11,0.08
2020-01-13 10:30:00,15.04,15.04,0.08
2020-01-13 11:00:00,15.05,15.05,0.08
2020-01-13 11:30:00,15.04,15.11,0.08
2020-01-13 12:00:00,15.05,15.11,0.08
2020-01-13 12:30:00,15.06,15.11,0.08
2020-01-13 13:00:00,15.05,15.06,0.08
2020-01-13 13:30:00,15.06,15.12,0.08
2020-01-13 14:00:00,15.12,15.17,0.08
2020-01-13 14:30:00,15.07,15.24,0.08
2020-01-13 15:00:00,15.07,15.14,0.08
2020-01-13 15:30:00,15.06,15.13,0.08
2020-01-13 16:00:00,15.09,15.15,0.08
2020-01-13 16:30:00,15.08,15.14,0.08
2020-01-13 17:00:00,15.04,15.09,0.08
2020-01-13 17:30:00,15.03,15.04,0.08
2020-01-13 18:00:00,14.98,14.99,0.08
2020-01-13 18:30:00,14.98,15.00,0.08
2020-01-13 19:30:00,15.00,15.00,0.08
2020-01-13 20:00:00,14.95,15.00,0.08
2020-01-13 20:30:00,14.90,14.99,0.08
2020-01-13 21:00:00,14.89,14.94,0.08
2020-01-13 21:30:00,14.93,14.94,0.08
2020-01-13 23:00:00,14.93,14.97,0.08
2020-01-13 23:30:00,14.88,14.89,0.08
2020-01-14 00:00:00,14.82,14.88,0.08
2020-01-14 00:30:00,14.82,14.87,0.08
2020-01-14 01:00:00,14.83,14.88,0.08
2020-01-14 01:30:00,14.83,14.88,0.08
2020-01-14 02:00:00,14.84,14.89,0.08
2020-01-14 02:30:00,14.84,14.89,0.08
2020-01-14 03:00:00,14.90,14.90,0.08
2020-01-14 03:30:00,14.91,14.91,0.08
2020-01-14 05:00:00,14.90,14.90,0.08
2020-01-14 05:30:00,14.91,14.91,0.08
2020-01-14 06:30:00,14.90,14.91,0.08
2020-01-14 07:00:00,14.91,14.96,0.08
2020-01-14 07:30:00,14.97,14.98,0.08
2020-01-14 08:00:00,14.97,15.20,0.08
2020-01-14 08:30:00,15.08,15.19,0.08
2020-01-14 09:00:00,15.01,15.08,0.08
2020-01-14 09:30:00,14.90,14.97,0.08
2020-01-14 10:00:00,14.90,14.96,0.08
2020-01-14 10:30:00,14.91,15.02,0.08
2020-01-14 11:00:00,14.96,15.08,0.08
2020-01-14 11:30:00,14.97,15.03,0.08
2020-01-14 12:00:00,14.93,14.98,0.08
2020-01-14 12:30:00,14.98,14.99,0.08
2020-01-14 13:00:00,14.92,14.98,0.08
2020-01-14 13:30:00,14.88,14.99,0.08
2020-01-14 14:00:00,14.87,14.98,0.08
2020-01-14 14:30:00,14.87,15.04,0.08
2020-01-14 15:00:00,14.88,15.03,0.08
2020-01-14 15:30:00,14.88,14.94,0.08
2020-01-14 16:00:00,14.82,14.88,0.08
2020-01-14 16:30:00,14.78,14.83,0.08
2020-01-14 17:00:00,14.77,14.82,0.08
2020-01-14 17:30:00,14.73,14.77,0.08
2020-01-14 18:00:00,14.72,14.78,0.08
2020-01-14 18:30:00,14.77,15.06,0.08
2020-01-14 19:00:00,14.89,15.11,0.08
2020-01-14 19:30:00,14.78,14.94,0.08
2020-01-14 20:00:00,14.84,14.96,0.08
2020-01-14 20:30:00,14.84,15.01,0.08
2020-01-14 21:00:00,14.84,14.90,0.08
2020-01-14 23:00:00,14.85,14.91,0.08
2020-01-14 23:30:00,14.91,15.02,0.08
2020-01-15 00:00:00,14.97,15.03,0.08
2020-01-15 00:30:00,14.93,14.98,0.08
2020-01-15 01:00:00,14.87,14.93,0.08
2020-01-15 01:30:00,14.82,14.88,0.08
2020-01-15 02:00:00,14.88,14.98,0.08
2020-01-15 02:30:00,14.92,14.98,0.08
2020-01-15 03:00:00,14.97,14.98,0.08
2020-01-15 03:30:00,14.97,14.98,0.08
2020-01-15 04:00:00,14.99,14.99,0.08
2020-01-15 05:00:00,14.98,14.99,0.08
2020-01-15 05:30:00,14.93,14.99,0.08
2020-01-15 06:00:00,14.93,14.99,0.08
2020-01-15 06:30:00,14.92,14.98,0.08
2020-01-15 07:00:00,14.88,14.88,0.08
2020-01-15 07:30:00,14.89,14.94,0.08
2020-01-15 08:00:00,14.84,14.99,0.08
2020-01-15 08:30:00,14.82,14.89,0.08
2020-01-15 09:00:00,14.84,14.89,0.08
2020-01-15 09:30:00,14.84,14.89,0.08
2020-01-15 10:00:00,14.84,14.88,0.08
2020-01-15 10:30:00,14.83,14.88,0.08
2020-01-15 11:30:00,14.79,14.84,0.08
2020-01-15 12:00:00,14.79,14.89,0.08
2020-01-15 12:30:00,14.79,14.85,0.08
2020-01-15 13:30:00,14.84,14.96,0.08
2020-01-15 14:00:00,14.89,15.00,0.08
2020-01-15 14:30:00,14.78,14.94,0.08
2020-01-15 15:00:00,14.79,14.89,0.08
2020-01-15 15:30:00,14.77,14.83,0.08
2020-01-15 16:00:00,14.78,14.89,0.08
2020-01-15 16:30:00,14.83,14.89,0.08
2020-01-15 17:00:00,14.79,14.89,0.08
2020-01-15 17:30:00,14.79,14.90,0.08
2020-01-15 18:00:00,14.85,14.95,0.08
2020-01-15 18:30:00,14.85,14.95,0.08
2020-01-15 19:00:00,14.84,14.91,0.08
2020-01-15 19:30:00,14.84,14.85,0.08
2020-01-15 20:00:00,14.89,14.97,0.08
2020-01-15 20:30:00,14.90,14.97,0.08
2020-01-15 21:00:00,14.85,14.95,0.08
2020-01-15 23:00:00,14.80,14.85,0.08
2020-01-15 23:30:00,14.80,14.85,0.08
2020-01-16 00:00:00,14.80,14.83,0.08
2020-01-16 02:00:00,14.80,14.81,0.08
2020-01-16 02:30:00,14.85,14.86,0.08
2020-01-16 03:00:00,14.81,14.81,0.08
2020-01-16 04:00:00,14.81,14.82,0.08
2020-01-16 05:00:00,14.77,14.81,0.08
2020-01-16 05:30:00,14.76,14.77,0.08
2020-01-16 06:30:00,14.77,14.81,0.08
2020-01-16 07:00:00,14.81,14.82,0.08
2020-01-16 07:30:00,14.81,14.82,0.08
2020-01-16 08:00:00,14.76,14.81,0.08
2020-01-16 08:30:00,14.71,14.76,0.08
2020-01-16 09:00:00,14.72,14.77,0.08
2020-01-16 10:00:00,14.78,14.83,0.08
2020-01-16 10:30:00,14.78,14.83,0.08
2020-01-16 11:00:00,14.78,14.83,0.08
2020-01-16 11:30:00,14.78,14.82,0.08
2020-01-16 12:00:00,14.78,14.83,0.08
2020-01-16 12:30:00,14.78,14.83,0.08
2020-01-16 13:00:00,14.78,14.83,0.08
2020-01-16 13:30:00,14.73,14.78,0.08
2020-01-16 14:00:00,14.73,14.79,0.08
2020-01-16 14:30:00,14.65,14.74,0.08
2020-01-16 15:00:00,14.69,14.75,0.08
2020-01-16 15:30:00,14.68,14.73,0.08
2020-01-16 16:00:00,14.68,14.74,0.08
2020-01-16 16:30:00,14.69,14.74,0.08
2020-01-16 17:00:00,14.69,14.74,0.08
2020-01-16 17:30:00,14.69,14.70,0.08
2020-01-16 18:00:00,14.69,14.70,0.08
2020-01-16 18:30:00,14.64,14.65,0.08
2020-01-16 19:00:00,14.66,14.70,0.08
2020-01-16 19:30:00,14.61,14.71,0.08
2020-01-16 20:00:00,14.60,14.61,0.08
2020-01-16 20:30:00,14.56,14.62,0.08
2020-01-16 21:00:00,14.61,14.66,0.08
2020-01-16 21:30:00,14.66,14.66,0.08
2020-01-16 23:00:00,14.61,14.66,0.08
2020-01-16 23:30:00,14.64,14.66,0.08
2020-01-17 00:00:00,14.62,14.66,0.08
2020-01-17 00:30:00,14.61,14.66,0.08
2020-01-17 01:00:00,14.57,14.62,0.08
2020-01-17 01:30:00,14.57,14.62,0.08
2020-01-17 02:00:00,14.58,14.58,0.08
2020-01-17 04:00:00,14.58,14.63,0.08
2020-01-17 05:00:00,14.59,14.64,0.08
2020-01-17 08:00:00,14.55,14.59,0.08
2020-01-17 08:30:00,14.54,14.59,0.08
2020-01-17 09:00:00,14.55,14.59,0.08
2020-01-17 09:30:00,14.54,14.59,0.08
2020-01-17 10:00:00,14.54,14.60,0.08
2020-01-17 10:30:00,14.59,14.60,0.08
2020-01-17 12:00:00,14.60,14.65,0.08
2020-01-17 12:30:00,14.63,14.65,0.08
2020-01-17 13:00:00,14.60,14.65,0.08
2020-01-17 13:30:00,14.54,14.65,0.08
2020-01-17 14:00:00,14.59,14.65,0.08
2020-01-17 14:30:00,14.65,14.75,0.08
2020-01-17 15:00:00,14.61,14.76,0.08
2020-01-17 15:30:00,14.75,14.81,0.08
2020-01-17 16:00:00,14.75,14.96,0.08
2020-01-17 16:30:00,14.76,14.86,0.08
2020-01-17 17:00:00,14.75,14.81,0.08
2020-01-17 19:00:00,14.86,14.87,0.08
2020-01-17 19:30:00,14.81,14.87,0.08
2020-01-17 20:00:00,14.76,14.82,0.08
2020-01-17 20:30:00,14.67,14.72,0.08
2020-01-17 21:00:00,14.67,14.77,0.08
2020-01-17 21:30:00,14.72,14.77,0.08
2020-01-19 23:00:00,14.81,14.86,0.08
2020-01-20 00:00:00,14.76,14.81,0.08
2020-01-20 01:00:00,14.76,14.76,0.08
2020-01-20 01:30:00,14.81,14.81,0.08
2020-01-20 02:00:00,14.82,14.82,0.08
2020-01-20 06:00:00,14.83,14.83,0.08
2020-01-20 07:30:00,14.83,14.88,0.08
2020-01-20 08:00:00,14.88,14.93,0.08
2020-01-20 09:00:00,14.93,14.98,0.08
2020-01-20 09:30:00,14.89,14.91,0.08
2020-01-20 11:30:00,14.84,14.84,0.08
2020-01-20 12:00:00,14.89,14.89,0.08
2020-01-20 12:30:00,14.84,14.84,0.08
2020-01-20 13:00:00,14.85,14.90,0.08
2020-01-20 13:30:00,14.85,14.90,0.08
2020-01-20 14:00:00,14.87,14.90,0.08
2020-01-20 14:30:00,14.85,14.90,0.08
2020-01-20 16:00:00,14.85,14.85,0.08
2020-01-20 23:00:00,14.80,14.87,0.08
2020-01-20 23:30:00,14.88,14.88,0.08
2020-01-21 01:00:00,14.93,15.08,0.08
2020-01-21 01:30:00,15.03,15.13,0.08
2020-01-21 02:00:00,15.08,15.08,0.08
2020-01-21 02:30:00,15.08,15.18,0.08
2020-01-21 03:30:00,15.13,15.18,0.08
2020-01-21 04:00:00,15.13,15.18,0.08
2020-01-21 04:30:00,15.13,15.13,0.08
2020-01-21 05:30:00,15.18,15.18,0.08
2020-01-21 06:30:00,15.18,15.23,0.08
2020-01-21 07:00:00,15.23,15.28,0.08
2020-01-21 07:30:00,15.18,15.23,0.08
2020-01-21 08:00:00,15.23,15.33,0.08
2020-01-21 08:30:00,15.33,15.38,0.08
2020-01-21 09:30:00,15.33,15.38,0.08
2020-01-21 10:30:00,15.28,15.33,0.08
2020-01-21 11:00:00,15.23,15.28,0.08
2020-01-21 11:30:00,15.18,15.18,0.08
2020-01-21 12:00:00,15.13,15.18,0.08
2020-01-21 12:30:00,15.18,15.23,0.08
2020-01-21 13:30:00,15.18,15.23,0.08
2020-01-21 14:00:00,15.13,15.18,0.08
2020-01-21 14:30:00,14.89,15.09,0.08
2020-01-21 15:00:00,14.79,14.94,0.08
2020-01-21 15:30:00,14.79,14.89,0.08
2020-01-21 16:00:00,14.79,14.89,0.08
2020-01-21 16:30:00,14.79,14.84,0.08
2020-01-21 17:00:00,14.74,14.79,0.08
2020-01-21 17:30:00,14.79,14.84,0.08
2020-01-21 18:00:00,14.79,14.99,0.08
2020-01-21 18:30:00,14.94,15.09,0.08
2020-01-21 19:00:00,14.94,15.14,0.08
2020-01-21 19:30:00,14.99,15.14,0.08
2020-01-21 20:00:00,14.94,15.04,0.08
2020-01-21 20:30:00,14.99,15.09,0.08
2020-01-21 21:00:00,14.99,15.19,0.08
2020-01-21 21:30:00,15.04,15.09,0.08
2020-01-21 23:00:00,15.04,15.09,0.08
2020-01-21 23:30:00,15.04,15.09,0.08
2020-01-22 00:00:00,14.99,15.04,0.08
2020-01-22 01:30:00,14.94,14.99,0.08
2020-01-22 02:00:00,14.85,14.95,0.08
2020-01-22 02:30:00,14.75,14.85,0.08
2020-01-22 03:00:00,14.80,14.85,0.08
2020-01-22 03:30:00,14.80,14.85,0.08
2020-01-22 05:00:00,14.75,14.80,0.08
2020-01-22 06:00:00,14.75,14.80,0.08
2020-01-22 08:00:00,14.70,14.75,0.08
2020-01-22 08:30:00,14.75,14.75,0.08
2020-01-22 09:00:00,14.75,14.85,0.08
2020-01-22 09:30:00,14.81,14.85,0.08
2020-01-22 10:30:00,14.81,14.85,0.08
2020-01-22 11:30:00,14.81,14.90,0.08
2020-01-22 12:00:00,14.76,14.81,0.08
2020-01-22 12:30:00,14.76,14.81,0.08
2020-01-22 13:00:00,14.76,14.86,0.08
2020-01-22 13:30:00,14.81,14.86,0.08
2020-01-22 14:00:00,14.81,14.86,0.08
2020-01-22 14:30:00,14.81,14.96,0.08
2020-01-22 15:00:00,14.91,15.05,0.08
2020-01-22 15:30:00,14.96,15.01,0.08
2020-01-22 16:00:00,15.01,15.11,0.08
2020-01-22 16:30:00,15.01,15.11,0.08
2020-01-22 17:00:00,15.01,15.11,0.08
2020-01-22 17:30:00,14.96,15.11,0.08
2020-01-22 18:00:00,14.86,14.96,0.08
2020-01-22 18:30:00,14.91,14.96,0.08
2020-01-22 19:30:00,14.96,15.01,0.08
2020-01-22 20:00:00,15.01,15.16,0.08
2020-01-22 20:30:00,15.06,15.16,0.08
2020-01-22 21:00:00,15.11,15.21,0.08
2020-01-22 21:30:00,15.21,15.31,0.08
2020-01-22 23:00:00,15.26,15.31,0.08
2020-01-22 23:30:00,15.26,15.36,0.08
2020-01-23 00:00:00,15.21,15.36,0.08
2020-01-23 00:30:00,15.26,15.31,0.08
2020-01-23 01:00:00,15.21,15.31,0.08
2020-01-23 01:30:00,15.21,15.26,0.08
2020-01-23 02:00:00,15.17,15.22,0.08
2020-01-23 02:30:00,15.21,15.31,0.08
2020-01-23 03:00:00,15.31,15.31,0.08
2020-01-23 03:30:00,15.36,15.41,0.08
2020-01-23 04:00:00,15.31,15.36,0.08
2020-01-23 04:30:00,15.31,15.36,0.08
2020-01-23 05:00:00,15.36,15.46,0.08
2020-01-23 05:30:00,15.41,15.46,0.08
2020-01-23 06:00:00,15.41,15.46,0.08
2020-01-23 06:30:00,15.46,15.51,0.08
2020-01-23 07:00:00,15.36,15.51,0.08
2020-01-23 07:30:00,15.27,15.37,0.08
2020-01-23 08:00:00,15.27,15.42,0.08
2020-01-23 08:30:00,15.32,15.47,0.08
2020-01-23 09:00:00,15.35,15.42,0.08
2020-01-23 09:30:00,15.27,15.37,0.08
2020-01-23 10:00:00,15.22,15.37,0.08
2020-01-23 10:30:00,15.22,15.27,0.08
2020-01-23 11:00:00,15.27,15.27,0.08
2020-01-23 11:30:00,15.22,15.27,0.08
2020-01-23 12:00:00,15.27,15.28,0.08
2020-01-23 12:30:00,15.32,15.37,0.08
2020-01-23 13:00:00,15.32,15.42,0.08
2020-01-23 13:30:00,15.32,15.47,0.08
2020-01-23 14:00:00,15.37,15.47,0.08
2020-01-23 14:30:00,15.42,15.67,0.08
2020-01-23 15:00:00,15.32,15.47,0.08
2020-01-23 15:30:00,15.27,15.47,0.08
2020-01-23 16:00:00,15.42,15.66,0.08
2020-01-23 16:30:00,15.42,15.61,0.08
2020-01-23 17:00:00,15.32,15.47,0.08
2020-01-23 17:30:00,15.32,15.42,0.08
2020-01-23 18:00:00,15.27,15.37,0.08
2020-01-23 18:30:00,15.18,15.37,0.08
2020-01-23 19:00:00,15.13,15.18,0.08
2020-01-23 19:30:00,15.13,15.18,0.08
2020-01-23 20:00:00,15.13,15.23,0.08
2020-01-23 20:30:00,15.13,15.18,0.08
2020-01-23 21:00:00,15.08,15.13,0.08
2020-01-23 21:30:00,15.09,15.14,0.08
2020-01-23 23:00:00,15.04,15.13,0.08
2020-01-23 23:30:00,15.04,15.09,0.08
2020-01-24 00:00:00,15.04,15.09,0.08
2020-01-24 00:30:00,15.00,15.09,0.08
2020-01-24 01:00:00,15.05,15.09,0.08
2020-01-24 01:30:00,15.05,15.19,0.08
2020-01-24 02:30:00,15.09,15.10,0.08
2020-01-24 03:30:00,15.07,15.09,0.08
2020-01-24 04:00:00,15.05,15.05,0.08
2020-01-24 04:30:00,15.00,15.00,0.08
2020-01-24 05:00:00,15.00,15.04,0.08
2020-01-24 05:30:00,15.00,15.05,0.08
2020-01-24 06:00:00,15.00,15.05,0.08
2020-01-24 07:00:00,14.96,15.05,0.08
2020-01-24 07:30:00,14.95,14.96,0.08
2020-01-24 08:00:00,14.86,15.00,0.08
2020-01-24 08:30:00,14.77,14.86,0.08
2020-01-24 09:00:00,14.77,14.86,0.08
2020-01-24 09:30:00,14.81,14.86,0.08
2020-01-24 10:00:00,14.81,14.90,0.08
2020-01-24 10:30:00,14.81,14.86,0.08
2020-01-24 11:00:00,14.81,14.86,0.08
2020-01-24 11:30:00,14.77,14.86,0.08
2020-01-24 12:00:00,14.77,14.91,0.08
2020-01-24 12:30:00,14.86,14.91,0.08
2020-01-24 13:00:00,14.86,14.91,0.08
2020-01-24 13:30:00,14.91,14.95,0.08
2020-01-24 14:00:00,14.91,14.95,0.08
2020-01-24 14:30:00,14.90,15.10,0.08
2020-01-24 15:00:00,15.00,15.30,0.08
2020-01-24 15:30:00,15.20,15.39,0.08
2020-01-24 16:00:00,15.15,15.53,0.08
2020-01-24 16:30:00,15.38,15.58,0.08
2020-01-24 17:00:00,15.58,16.10,0.08
2020-01-24 17:30:00,15.54,15.87,0.08
2020-01-24 18:00:00,15.63,15.87,0.08
2020-01-24 18:30:00,15.87,16.15,0.08
2020-01-24 19:00:00,15.92,16.35,0.08
2020-01-24 19:30:00,15.92,16.30,0.08
2020-01-24 20:00:00,15.82,16.01,0.08
2020-01-24 20:30:00,15.96,16.34,0.08
2020-01-24 21:00:00,15.92,16.05,0.08
2020-01-24 21:30:00,16.00,16.10,0.08
2020-01-26 23:00:00,16.68,17.18,0.08
2020-01-26 23:30:00,17.07,17.30,0.08
2020-01-27 00:00:00,16.64,17.23,0.08
2020-01-27 00:30:00,16.71,16.85,0.08
2020-01-27 01:00:00,16.70,16.75,0.08
2020-01-27 01:30:00,16.70,16.88,0.08
2020-01-27 02:00:00,16.75,17.12,0.08
2020-01-27 02:30:00,16.94,17.14,0.08
2020-01-27 03:00:00,16.89,17.00,0.08
2020-01-27 03:30:00,16.88,16.98,0.08
2020-01-27 04:00:00,16.88,16.98,0.08
2020-01-27 04:30:00,16.93,17.07,0.08
2020-01-27 05:00:00,16.98,17.11,0.08
2020-01-27 05:30:00,16.98,17.16,0.08
2020-01-27 06:00:00,17.06,17.16,0.08
2020-01-27 06:30:00,17.02,17.07,0.08
2020-01-27 07:00:00,16.98,17.16,0.08
2020-01-27 07:30:00,16.98,17.07,0.08
2020-01-27 08:00:00,16.75,17.17,0.08
2020-01-27 08:30:00,16.75,16.93,0.08
2020-01-27 09:00:00,16.89,17.12,0.08
2020-01-27 09:30:00,17.07,17.30,0.08
2020-01-27 10:00:00,17.18,17.43,0.08
2020-01-27 10:30:00,17.24,17.51,0.08
2020-01-27 11:00:00,17.16,17.61,0.08
2020-01-27 11:30:00,17.09,17.32,0.08
2020-01-27 12:00:00,16.94,17.22,0.08
2020-01-27 12:30:00,17.08,17.31,0.08
2020-01-27 13:00:00,17.22,17.36,0.08
2020-01-27 13:30:00,17.23,17.41,0.08
2020-01-27 14:00:00,17.27,17.51,0.08
2020-01-27 14:30:00,16.99,17.46,0.08
2020-01-27 15:00:00,17.12,17.61,0.08
2020-01-27 15:30:00,17.22,17.58,0.08
2020-01-27 16:00:00,17.36,17.57,0.08
2020-01-27 16:30:00,17.17,17.53,0.08
2020-01-27 17:00:00,17.04,17.36,0.08
2020-01-27 17:30:00,16.99,17.27,0.08
2020-01-27 18:00:00,16.99,17.22,0.08
2020-01-27 18:30:00,16.99,17.13,0.08
2020-01-27 19:00:00,17.09,17.23,0.08
2020-01-27 19:30:00,17.04,17.35,0.08
2020-01-27 20:00:00,17.14,17.35,0.08
2020-01-27 20:30:00,17.27,17.67,0.08
2020-01-27 21:00:00,17.58,17.80,0.08
2020-01-27 21:30:00,17.64,17.69,0.08
2020-01-27 23:00:00,17.56,17.72,0.08
2020-01-27 23:30:00,17.51,17.60,0.08
2020-01-28 00:00:00,17.43,17.55,0.08
2020-01-28 00:30:00,17.42,17.55,0.08
2020-01-28 01:00:00,17.29,17.53,0.08
2020-01-28 01:30:00,17.29,17.42,0.08
2020-01-28 02:00:00,17.37,17.49,0.08
2020-01-28 02:30:00,17.34,17.42,0.08
2020-01-28 03:00:00,17.37,17.42,0.08
2020-01-28 03:30:00,17.34,17.37,0.08
2020-01-28 04:00:00,17.24,17.34,0.08
2020-01-28 04:30:00,17.20,17.24,0.08
2020-01-28 05:00:00,17.15,17.25,0.08
2020-01-28 05:30:00,17.01,17.11,0.08
2020-01-28 06:00:00,17.01,17.10,0.08
2020-01-28 06:30:00,16.94,17.06,0.08
2020-01-28 07:00:00,16.91,17.01,0.08
2020-01-28 07:30:00,16.87,16.96,0.08
2020-01-28 08:00:00,16.95,17.13,0.08
2020-01-28 08:30:00,17.10,17.32,0.08
2020-01-28 09:00:00,17.23,17.49,0.08
2020-01-28 09:30:00,17.23,17.36,0.08
2020-01-28 10:00:00,17.27,17.46,0.08
2020-01-28 10:30:00,17.28,17.42,0.08
2020-01-28 11:00:00,17.33,17.54,0.08
2020-01-28 11:30:00,17.12,17.42,0.08
2020-01-28 12:00:00,17.04,17.26,0.08
2020-01-28 12:30:00,16.99,17.14,0.08
2020-01-28 13:00:00,17.06,17.14,0.08
2020-01-28 13:30:00,17.01,17.09,0.08
2020-01-28 14:00:00,17.06,17.26,0.08
2020-01-28 14:30:00,17.11,17.34,0.08
2020-01-28 15:00:00,16.80,17.24,0.08
2020-01-28 15:30:00,16.71,16.85,0.08
2020-01-28 16:00:00,16.71,16.88,0.08
2020-01-28 16:30:00,16.68,16.76,0.08
2020-01-28 17:00:00,16.68,16.76,0.08
2020-01-28 17:30:00,16.71,16.80,0.08
2020-01-28 18:00:00,16.81,16.93,0.08
2020-01-28 18:30:00,16.80,16.93,0.08
2020-01-28 19:00:00,16.68,16.81,0.08
2020-01-28 19:30:00,16.63,16.73,0.08
2020-01-28 20:00:00,16.68,16.76,0.08
2020-01-28 20:30:00,16.58,16.76,0.08
2020-01-28 21:00:00,16.60,16.75,0.08
2020-01-28 21:30:00,16.59,16.70,0.08
2020-01-28 23:00:00,16.62,16.86,0.08
2020-01-28 23:30:00,16.78,16.86,0.08
2020-01-29 00:00:00,16.83,16.91,0.08
2020-01-29 00:30:00,16.86,16.86,0.08
2020-01-29 01:00:00,16.68,16.83,0.08
2020-01-29 01:30:00,16.50,16.69,0.08
2020-01-29 02:00:00,16.50,16.60,0.08
2020-01-29 02:30:00,16.50,16.55,0.08
2020-01-29 03:00:00,16.45,16.55,0.08
2020-01-29 03:30:00,16.45,16.50,0.08
2020-01-29 04:00:00,16.46,16.50,0.08
2020-01-29 04:30:00,16.50,16.55,0.08
2020-01-29 05:00:00,16.50,16.55,0.08
2020-01-29 05:30:00,16.55,16.60,0.08
2020-01-29 06:00:00,16.55,16.59,0.08
2020-01-29 06:30:00,16.61,16.64,0.08
2020-01-29 07:00:00,16.64,16.69,0.08
2020-01-29 07:30:00,16.64,16.69,0.08
2020-01-29 08:00:00,16.47,16.74,0.08
2020-01-29 08:30:00,16.47,16.61,0.08
2020-01-29 09:00:00,16.52,16.74,0.08
2020-01-29 09:30:00,16.64,16.74,0.08
2020-01-29 10:00:00,16.61,16.69,0.08
2020-01-29 10:30:00,16.52,16.64,0.08
2020-01-29 11:00:00,16.47,16.56,0.08
2020-01-29 11:30:00,16.42,16.54,0.08
2020-01-29 12:00:00,16.37,16.44,0.08
2020-01-29 12:30:00,16.37,16.47,0.08
2020-01-29 13:00:00,16.37,16.46,0.08
2020-01-29 13:30:00,16.42,16.51,0.08
2020-01-29 14:00:00,16.37,16.47,0.08
2020-01-29 14:30:00,16.32,16.69,0.08
2020-01-29 15:00:00,16.58,16.94,0.08
2020-01-29 15:30:00,16.54,16.68,0.08
2020-01-29 16:00:00,16.51,16.63,0.08
2020-01-29 16:30:00,16.46,16.59,0.08
2020-01-29 17:00:00,16.42,16.51,0.08
2020-01-29 17:30:00,16.42,16.51,0.08
2020-01-29 18:00:00,16.37,16.51,0.08
2020-01-29 18:30:00,16.37,16.47,0.08
2020-01-29 19:00:00,16.24,16.47,0.08
2020-01-29 19:30:00,16.30,16.39,0.08
2020-01-29 20:00:00,16.34,16.57,0.08
2020-01-29 20:30:00,16.40,16.69,0.08
2020-01-29 21:00:00,16.59,16.72,0.08
2020-01-29 21:30:00,16.71,16.84,0.08
2020-01-29 23:00:00,16.54,16.72,0.08
2020-01-29 23:30:00,16.57,16.66,0.08
2020-01-30 00:00:00,16.57,16.84,0.08
2020-01-30 00:30:00,16.71,16.84,0.08
2020-01-30 01:00:00,16.71,16.89,0.08
2020-01-30 01:30:00,16.74,16.84,0.08
2020-01-30 02:00:00,16.81,17.01,0.08
2020-01-30 02:30:00,16.93,17.19,0.08
2020-01-30 03:00:00,16.93,17.06,0.08
2020-01-30 03:30:00,16.96,17.28,0.08
2020-01-30 04:00:00,17.09,17.23,0.08
2020-01-30 04:30:00,17.10,17.19,0.08
2020-01-30 05:00:00,17.09,17.23,0.08
2020-01-30 05:30:00,17.06,17.23,0.08
2020-01-30 06:00:00,17.05,17.18,0.08
2020-01-30 06:30:00,17.09,17.18,0.08
2020-01-30 07:00:00,17.09,17.41,0.08
2020-01-30 07:30:00,17.26,17.49,0.08
2020-01-30 08:00:00,17.18,17.49,0.08
2020-01-30 08:30:00,17.14,17.41,0.08
2020-01-30 09:00:00,16.99,17.28,0.08
2020-01-30 09:30:00,17.04,17.18,0.08
2020-01-30 10:00:00,17.08,17.21,0.08
2020-01-30 10:30:00,17.12,17.21,0.08
2020-01-30 11:00:00,17.21,17.44,0.08
2020-01-30 11:30:00,17.21,17.34,0.08
2020-01-30 12:00:00,17.26,17.34,0.08
2020-01-30 12:30:00,17.31,17.41,0.08
2020-01-30 13:00:00,17.21,17.41,0.08
2020-01-30 13:30:00,17.14,17.34,0.08
2020-01-30 14:00:00,17.09,17.32,0.08
2020-01-30 14:30:00,16.91,17.36,0.08
2020-01-30 15:00:00,17.04,17.32,0.08
2020-01-30 15:30:00,17.22,17.67,0.08
2020-01-30 16:00:00,17.27,17.67,0.08
2020-01-30 16:30:00,17.06,17.37,0.08
2020-01-30 17:00:00,17.16,17.34,0.08
2020-01-30 17:30:00,17.29,17.61,0.08
2020-01-30 18:00:00,17.39,17.56,0.08
2020-01-30 18:30:00,17.34,17.44,0.08
2020-01-30 19:00:00,17.13,17.42,0.08
2020-01-30 19:30:00,16.94,17.37,0.08
2020-01-30 20:00:00,16.74,17.13,0.08
2020-01-30 20:30:00,16.45,16.88,0.08
2020-01-30 21:00:00,16.20,16.46,0.08
2020-01-30 21:30:00,16.13,16.18,0.08
2020-01-30 23:00:00,16.21,16.31,0.08
2020-01-30 23:30:00,16.23,16.31,0.08
2020-01-31 00:00:00,16.23,16.40,0.08
2020-01-31 00:30:00,16.18,16.37,0.08
2020-01-31 01:00:00,16.05,16.22,0.08
2020-01-31 01:30:00,16.08,16.32,0.08
2020-01-31 02:00:00,16.10,16.32,0.08
2020-01-31 02:30:00,16.13,16.23,0.08
2020-01-31 03:00:00,16.18,16.27,0.08
2020-01-31 03:30:00,16.22,16.27,0.08
2020-01-31 04:00:00,16.23,16.28,0.08
2020-01-31 04:30:00,16.18,16.27,0.08
2020-01-31 05:00:00,16.18,16.24,0.08
2020-01-31 05:30:00,16.24,16.32,0.08
2020-01-31 06:00:00,16.32,16.40,0.08
2020-01-31 06:30:00,16.40,16.45,0.08
2020-01-31 07:00:00,16.37,16.48,0.08
2020-01-31 07:30:00,16.45,16.58,0.08
2020-01-31 08:00:00,16.55,16.63,0.08
2020-01-31 08:30:00,16.63,16.71,0.08
2020-01-31 09:00:00,16.58,16.71,0.08
2020-01-31 09:30:00,16.65,16.72,0.08
2020-01-31 10:00:00,16.68,17.01,0.08
2020-01-31 10:30:00,16.98,17.11,0.08
2020-01-31 11:00:00,16.89,17.06,0.08
2020-01-31 11:30:00,16.93,17.06,0.08
2020-01-31 12:00:00,16.71,16.89,0.08
2020-01-31 12:30:00,16.66,16.84,0.08
2020-01-31 13:00:00,16.76,16.88,0.08
2020-01-31 13:30:00,16.73,16.88,0.08
2020-01-31 14:00:00,16.75,16.84,0.08
2020-01-31 14:30:00,16.79,17.35,0.08
2020-01-31 15:00:00,17.22,17.61,0.08
2020-01-31 15:30:00,17.48,17.69,0.08
2020-01-31 16:00:00,17.53,17.85,0.08
2020-01-31 16:30:00,17.47,17.79,0.08
2020-01-31 17:00:00,17.50,17.76,0.08
2020-01-31 17:30:00,17.71,18.13,0.08
2020-01-31 18:00:00,17.79,18.18,0.08
2020-01-31 18:30:00,18.05,18.34,0.08
2020-01-31 19:00:00,17.85,18.08,0.08
2020-01-31 19:30:00,17.74,18.15,0.08
2020-01-31 20:00:00,18.05,18.47,0.08
2020-01-31 20:30:00,18.07,18.78,0.08
2020-01-31 21:00:00,18.00,18.34,0.08
2020-01-31 21:30:00,18.05,18.13,0.08
2020-02-02 23:00:00,17.74,18.02,0.08
2020-02-02 23:30:00,17.74,17.94,0.08
2020-02-03 00:00:00,17.84,17.97,0.08
2020-02-03 00:30:00,17.64,17.87,0.08
2020-02-03 01:00:00,17.66,17.87,0.08
2020-02-03 01:30:00,17.43,17.79,0.08
2020-02-03 02:00:00,17.38,17.54,0.08
2020-02-03 02:30:00,17.46,17.60,0.08
2020-02-03 03:00:00,17.46,17.66,0.08
2020-02-03 03:30:00,17.46,17.51,0.08
2020-02-03 04:00:00,17.48,17.56,0.08
2020-02-03 04:30:00,17.46,17.53,0.08
2020-02-03 05:00:00,17.33,17.51,0.08
2020-02-03 05:30:00,17.30,17.39,0.08
2020-02-03 06:00:00,17.33,17.51,0.08
2020-02-03 06:30:00,17.46,17.58,0.08
2020-02-03 07:00:00,17.36,17.58,0.08
2020-02-03 07:30:00,17.33,17.46,0.08
2020-02-03 08:00:00,17.39,17.76,0.08
2020-02-03 08:30:00,17.51,17.76,0.08
2020-02-03 09:00:00,17.63,17.81,0.08
2020-02-03 09:30:00,17.74,17.94,0.08
2020-02-03 10:00:00,17.81,17.96,0.08
2020-02-03 10:30:00,17.81,17.91,0.08
2020-02-03 11:00:00,17.71,17.83,0.08
2020-02-03 11:30:00,17.71,17.83,0.08
2020-02-03 12:00:00,17.73,17.83,0.08
2020-02-03 12:30:00,17.71,17.78,0.08
2020-02-03 13:00:00,17.50,17.78,0.08
2020-02-03 13:30:00,17.52,17.63,0.08
2020-02-03 14:00:00,17.58,17.73,0.08
2020-02-03 14:30:00,17.25,17.81,0.08
2020-02-03 15:00:00,17.13,17.48,0.08
2020-02-03 15:30:00,17.35,17.58,0.08
2020-02-03 16:00:00,17.40,17.68,0.08
2020-02-03 16:30:00,17.61,17.96,0.08
2020-02-03 17:00:00,17.70,17.91,0.08
2020-02-03 17:30:00,17.60,17.81,0.08
2020-02-03 18:00:00,17.60,17.86,0.08
2020-02-03 18:30:00,17.70,17.85,0.08
2020-02-03 19:00:00,17.73,17.85,0.08
2020-02-03 19:30:00,17.65,17.85,0.08
2020-02-03 20:00:00,17.55,17.72,0.08
2020-02-03 20:30:00,17.45,17.73,0.08
2020-02-03 21:00:00,17.55,17.73,0.08
2020-02-03 21:30:00,17.68,17.73,0.08
2020-02-03 23:00:00,17.69,17.90,0.08
2020-02-03 23:30:00,17.70,17.78,0.08
2020-02-04 00:00:00,17.58,17.78,0.08
2020-02-04 00:30:00,17.57,17.65,0.08
2020-02-04 01:00:00,17.32,17.57,0.08
2020-02-04 01:30:00,17.22,17.37,0.08
2020-02-04 02:00:00,17.25,17.45,0.08
2020-02-04 02:30:00,17.22,17.35,0.08
2020-02-04 03:00:00,17.22,17.37,0.08
2020-02-04 03:30:00,17.07,17.25,0.08
2020-02-04 04:00:00,17.07,17.15,0.08
2020-02-04 04:30:00,17.02,17.15,0.08
2020-02-04 05:00:00,17.05,17.15,0.08
2020-02-04 05:30:00,17.02,17.15,0.08
2020-02-04 06:00:00,16.92,17.10,0.08
2020-02-04 06:30:00,16.90,17.02,0.08
2020-02-04 07:00:00,16.90,17.05,0.08
2020-02-04 07:30:00,16.97,17.10,0.08
2020-02-04 08:00:00,16.72,17.00,0.08
2020-02-04 08:30:00,16.72,16.90,0.08
2020-02-04 09:00:00,16.77,16.85,0.08
2020-02-04 09:30:00,16.70,16.82,0.08
2020-02-04 10:00:00,16.72,16.80,0.08
2020-02-04 10:30:00,16.77,16.85,0.08
2020-02-04 11:00:00,16.77,16.85,0.08
2020-02-04 11:30:00,16.76,16.85,0.08
2020-02-04 12:00:00,16.72,16.85,0.08
2020-02-04 12:30:00,16.62,16.73,0.08
2020-02-04 13:00:00,16.62,16.75,0.08
2020-02-04 13:30:00,16.65,16.72,0.08
2020-02-04 14:00:00,16.67,16.77,0.08
2020-02-04 14:30:00,16.62,16.82,0.08
2020-02-04 15:00:00,16.67,16.82,0.08
2020-02-04 15:30:00,16.67,16.80,0.08
2020-02-04 16:00:00,16.67,16.77,0.08
2020-02-04 16:30:00,16.60,16.75,0.08
2020-02-04 17:00:00,16.60,16.67,0.08
2020-02-04 17:30:00,16.50,16.62,0.08
2020-02-04 18:00:00,16.47,16.62,0.08
2020-02-04 18:30:00,16.50,16.55,0.08
2020-02-04 19:00:00,16.50,16.55,0.08
2020-02-04 19:30:00,16.43,16.55,0.08
2020-02-04 20:00:00,16.45,16.55,0.08
2020-02-04 20:30:00,16.38,16.67,0.08
2020-02-04 21:00:00,16.53,16.65,0.08
2020-02-04 21:30:00,16.55,16.65,0.08
2020-02-04 23:00:00,16.55,16.67,0.08
2020-02-04 23:30:00,16.61,16.72,0.08
2020-02-05 00:00:00,16.62,16.77,0.08
2020-02-05 00:30:00,16.73,16.78,0.08
2020-02-05 01:00:00,16.74,16.82,0.08
2020-02-05 01:30:00,16.67,16.87,0.08
2020-02-05 02:00:00,16.67,16.76,0.08
2020-02-05 02:30:00,16.69,16.77,0.08
2020-02-05 03:00:00,16.77,16.82,0.08
2020-02-05 03:30:00,16.74,16.77,0.08
2020-02-05 04:00:00,16.73,16.77,0.08
2020-02-05 04:30:00,16.69,16.74,0.08
2020-02-05 05:00:00,16.69,16.74,0.08
2020-02-05 05:30:00,16.74,16.82,0.08
2020-02-05 06:00:00,16.69,16.79,0.08
2020-02-05 06:30:00,16.74,16.77,0.08
2020-02-05 07:00:00,16.69,16.82,0.08
2020-02-05 07:30:00,16.77,16.87,0.08
2020-02-05 08:00:00,16.69,16.84,0.08
2020-02-05 08:30:00,16.25,16.70,0.08
2020-02-05 09:00:00,16.16,16.38,0.08
2020-02-05 09:30:00,16.09,16.18,0.08
2020-02-05 10:00:00,16.07,16.13,0.08
2020-02-05 10:30:00,16.05,16.18,0.08
2020-02-05 11:00:00,16.05,16.13,0.08
2020-02-05 11:30:00,16.08,16.27,0.08
2020-02-05 12:00:00,16.20,16.32,0.08
2020-02-05 12:30:00,16.20,16.25,0.08
2020-02-05 13:00:00,16.10,16.22,0.08
2020-02-05 13:30:00,16.09,16.18,0.08
2020-02-05 14:00:00,16.00,16.13,0.08
2020-02-05 14:30:00,15.95,16.28,0.08
2020-02-05 15:00:00,16.08,16.45,0.08
2020-02-05 15:30:00,16.23,16.50,0.08
2020-02-05 16:00:00,16.16,16.30,0.08
2020-02-05 16:30:00,16.14,16.33,0.08
2020-02-05 17:00:00,16.09,16.19,0.08
2020-02-05 17:30:00,16.06,16.16,0.08
2020-02-05 18:00:00,16.06,16.18,0.08
2020-02-05 18:30:00,16.01,16.08,0.08
2020-02-05 19:00:00,16.04,16.11,0.08
2020-02-05 19:30:00,15.99,16.06,0.08
2020-02-05 20:00:00,15.94,16.07,0.08
2020-02-05 20:30:00,16.00,16.11,0.08
2020-02-05 21:00:00,15.92,16.05,0.08
2020-02-05 21:30:00,15.90,15.97,0.08
2020-02-05 23:00:00,15.90,15.97,0.08
2020-02-05 23:30:00,15.95,16.00,0.08
2020-02-06 00:00:00,15.95,16.00,0.08
2020-02-06 00:30:00,15.90,16.00,0.08
2020-02-06 01:00:00,15.75,15.95,0.08
2020-02-06 01:30:00,15.85,15.93,0.08
2020-02-06 02:00:00,15.81,15.88,0.08
2020-02-06 02:30:00,15.76,15.83,0.08
2020-02-06 03:00:00,15.76,15.83,0.08
2020-02-06 03:30:00,15.81,15.83,0.08
2020-02-06 04:00:00,15.74,15.83,0.08
2020-02-06 04:30:00,15.71,15.76,0.08
2020-02-06 05:00:00,15.66,15.71,0.08
2020-02-06 05:30:00,15.66,15.71,0.08
2020-02-06 06:00:00,15.64,15.71,0.08
2020-02-06 06:30:00,15.64,15.76,0.08
2020-02-06 07:00:00,15.76,15.83,0.08
2020-02-06 07:30:00,15.76,15.83,0.08
2020-02-06 08:00:00,15.71,15.83,0.08
2020-02-06 08:30:00,15.77,15.83,0.08
2020-02-06 09:00:00,15.78,15.93,0.08
2020-02-06 09:30:00,15.88,15.95,0.08
2020-02-06 10:00:00,15.85,15.95,0.08
2020-02-06 10:30:00,15.90,15.97,0.08
2020-02-06 11:00:00,15.90,15.96,0.08
2020-02-06 11:30:00,15.76,15.90,0.08
2020-02-06 12:00:00,15.76,15.83,0.08
2020-02-06 12:30:00,15.80,15.85,0.08
2020-02-06 13:00:00,15.78,15.85,0.08
2020-02-06 13:30:00,15.71,15.83,0.08
2020-02-06 14:00:00,15.78,15.84,0.08
2020-02-06 14:30:00,15.78,16.14,0.08
2020-02-06 15:00:00,15.95,16.12,0.08
2020-02-06 15:30:00,15.85,16.02,0.08
2020-02-06 16:00:00,15.83,15.92,0.08
2020-02-06 16:30:00,15.78,15.91,0.08
2020-02-06 17:00:00,15.76,15.93,0.08
2020-02-06 17:30:00,15.74,15.84,0.08
2020-02-06 18:00:00,15.76,15.87,0.08
2020-02-06 18:30:00,15.82,15.99,0.08
2020-02-06 19:00:00,15.80,15.89,0.08
2020-02-06 19:30:00,15.82,15.87,0.08
2020-02-06 20:00:00,15.82,15.92,0.08
2020-02-06 20:30:00,15.77,15.87,0.08
2020-02-06 21:00:00,15.82,15.90,0.08
2020-02-06 21:30:00,15.77,15.81,0.08
2020-02-06 23:00:00,15.75,15.82,0.08
2020-02-06 23:30:00,15.75,15.77,0.08
2020-02-07 00:00:00,15.75,15.82,0.08
2020-02-07 00:30:00,15.82,16.01,0.08
2020-02-07 01:00:00,15.89,16.01,0.08
2020-02-07 01:30:00,15.92,15.99,0.08
2020-02-07 02:00:00,15.90,15.99,0.08
2020-02-07 02:30:00,15.87,15.97,0.08
2020-02-07 03:00:00,15.92,15.98,0.08
2020-02-07 03:30:00,15.92,15.97,0.08
2020-02-07 04:00:00,15.92,15.97,0.08
2020-02-07 04:30:00,15.97,15.99,0.08
2020-02-07 05:00:00,15.97,16.04,0.08
2020-02-07 05:30:00,15.97,16.04,0.08
2020-02-07 06:00:00,15.83,16.01,0.08
2020-02-07 06:30:00,15.83,15.90,0.08
2020-02-07 07:00:00,15.82,16.02,0.08
2020-02-07 07:30:00,15.97,16.02,0.08
2020-02-07 08:00:00,15.92,16.02,0.08
2020-02-07 08:30:00,15.92,15.97,0.08
2020-02-07 09:00:00,15.92,15.99,0.08
2020-02-07 09:30:00,15.97,16.11,0.08
2020-02-07 10:00:00,16.06,16.18,0.08
2020-02-07 10:30:00,16.11,16.26,0.08
2020-02-07 11:00:00,16.16,16.31,0.08
2020-02-07 11:30:00,16.16,16.26,0.08
2020-02-07 12:00:00,16.06,16.15,0.08
2020-02-07 12:30:00,16.09,16.14,0.08
2020-02-07 13:00:00,16.01,16.16,0.08
2020-02-07 13:30:00,15.91,16.25,0.08
2020-02-07 14:00:00,16.06,16.25,0.08
2020-02-07 14:30:00,16.18,16.42,0.08
2020-02-07 15:00:00,16.13,16.44,0.08
2020-02-07 15:30:00,16.10,16.22,0.08
2020-02-07 16:00:00,15.96,16.22,0.08
2020-02-07 16:30:00,15.97,16.12,0.08
2020-02-07 17:00:00,15.90,16.02,0.08
2020-02-07 17:30:00,15.95,16.05,0.08
2020-02-07 18:00:00,16.00,16.05,0.08
2020-02-07 18:30:00,16.00,16.18,0.08
2020-02-07 19:00:00,16.23,16.49,0.08
2020-02-07 19:30:00,16.13,16.32,0.08
2020-02-07 20:00:00,16.08,16.27,0.08
2020-02-07 20:30:00,16.04,16.22,0.08
2020-02-07 21:00:00,16.09,16.15,0.08
2020-02-07 21:30:00,16.15,16.26,0.08
2020-02-09 23:00:00,16.10,16.30,0.08
2020-02-09 23:30:00,16.23,16.65,0.08
2020-02-10 00:00:00,16.43,16.53,0.08
2020-02-10 00:30:00,16.36,16.48,0.08
2020-02-10 01:00:00,16.31,16.48,0.08
2020-02-10 01:30:00,16.07,16.41,0.08
2020-02-10 02:00:00,16.02,16.18,0.08
2020-02-10 02:30:00,16.01,16.12,0.08
2020-02-10 03:00:00,16.01,16.12,0.08
2020-02-10 03:30:00,16.12,16.17,0.08
2020-02-10 04:00:00,16.13,16.18,0.08
2020-02-10 04:30:00,16.10,16.23,0.08
2020-02-10 05:00:00,16.13,16.23,0.08
2020-02-10 05:30:00,16.10,16.18,0.08
2020-02-10 06:00:00,16.12,16.18,0.08
2020-02-10 06:30:00,16.02,16.13,0.08
2020-02-10 07:00:00,16.02,16.18,0.08
2020-02-10 07:30:00,16.02,16.15,0.08
2020-02-10 08:00:00,16.06,16.23,0.08
2020-02-10 08:30:00,16.18,16.35,0.08
2020-02-10 09:00:00,16.07,16.23,0.08
2020-02-10 09:30:00,16.12,16.23,0.08
2020-02-10 10:00:00,16.22,16.28,0.08
2020-02-10 10:30:00,16.01,16.20,0.08
2020-02-10 11:00:00,16.01,16.09,0.08
2020-02-10 11:30:00,16.01,16.07,0.08
2020-02-10 12:00:00,16.02,16.12,0.08
2020-02-10 12:30:00,16.07,16.14,0.08
2020-02-10 13:00:00,16.06,16.24,0.08
2020-02-10 13:30:00,16.06,16.14,0.08
2020-02-10 14:00:00,16.14,16.31,0.08
2020-02-10 14:30:00,16.04,16.31,0.08
2020-02-10 15:00:00,15.91,16.07,0.08
2020-02-10 15:30:00,15.81,15.92,0.08
2020-02-10 16:00:00,15.91,15.96,0.08
2020-02-10 16:30:00,15.91,16.01,0.08
2020-02-10 17:00:00,15.91,16.01,0.08
2020-02-10 17:30:00,15.96,16.02,0.08
2020-02-10 18:00:00,15.96,16.06,0.08
2020-02-10 18:30:00,15.96,16.01,0.08
2020-02-10 19:00:00,16.01,16.07,0.08
2020-02-10 19:30:00,15.95,16.02,0.08
2020-02-10 20:00:00,15.95,16.01,0.08
2020-02-10 20:30:00,15.90,16.01,0.08
2020-02-10 21:00:00,15.89,15.95,0.08
2020-02-10 21:30:00,15.89,15.95,0.08
2020-02-10 23:00:00,15.89,15.94,0.08
2020-02-10 23:30:00,15.93,15.99,0.08
2020-02-11 00:00:00,15.88,15.99,0.08
2020-02-11 00:30:00,15.81,15.89,0.08
2020-02-11 01:00:00,15.73,15.83,0.08
2020-02-11 01:30:00,15.71,15.78,0.08
2020-02-11 02:00:00,15.66,15.71,0.08
2020-02-11 02:30:00,15.71,15.73,0.08
2020-02-11 03:00:00,15.72,15.78,0.08
2020-02-11 03:30:00,15.73,15.74,0.08
2020-02-11 04:00:00,15.78,15.78,0.08
2020-02-11 04:30:00,15.73,15.78,0.08
2020-02-11 05:00:00,15.73,15.78,0.08
2020-02-11 06:00:00,15.73,15.78,0.08
2020-02-11 06:30:00,15.73,15.74,0.08
2020-02-11 07:00:00,15.73,15.79,0.08
2020-02-11 07:30:00,15.73,15.79,0.08
2020-02-11 08:00:00,15.73,15.78,0.08
2020-02-11 08:30:00,15.68,15.78,0.08
2020-02-11 09:00:00,15.73,15.84,0.08
2020-02-11 09:30:00,15.73,15.83,0.08
2020-02-11 10:00:00,15.72,15.73,0.08
2020-02-11 11:00:00,15.67,15.73,0.08
2020-02-11 11:30:00,15.72,15.73,0.08
2020-02-11 12:00:00,15.71,15.77,0.08
2020-02-11 12:30:00,15.67,15.72,0.08
2020-02-11 13:00:00,15.72,15.72,0.08
2020-02-11 13:30:00,15.67,15.72,0.08
2020-02-11 14:00:00,15.61,15.72,0.08
2020-02-11 14:30:00,15.61,15.73,0.08
2020-02-11 15:00:00,15.56,15.62,0.08
2020-02-11 15:30:00,15.56,15.62,0.08
2020-02-11 16:00:00,15.57,15.67,0.08
2020-02-11 16:30:00,15.62,15.74,0.08
2020-02-11 17:00:00,15.61,15.67,0.08
2020-02-11 17:30:00,15.56,15.66,0.08
2020-02-11 18:00:00,15.56,15.61,0.08
2020-02-11 18:30:00,15.60,15.73,0.08
2020-02-11 19:00:00,15.66,15.79,0.08
2020-02-11 19:30:00,15.68,15.80,0.08
2020-02-11 20:00:00,15.74,15.93,0.08
2020-02-11 20:30:00,15.80,15.96,0.08
2020-02-11 21:00:00,15.86,15.91,0.08
2020-02-11 21:30:00,15.85,15.91,0.08
2020-02-11 23:00:00,15.80,15.86,0.08
2020-02-11 23:30:00,15.79,15.80,0.08
2020-02-12 00:00:00,15.79,15.86,0.08
2020-02-12 00:30:00,15.86,15.91,0.08
2020-02-12 01:00:00,15.80,15.86,0.08
2020-02-12 01:30:00,15.80,15.86,0.08
2020-02-12 02:00:00,15.80,15.81,0.08
2020-02-12 02:30:00,15.79,15.85,0.08
2020-02-12 03:30:00,15.75,15.79,0.08
2020-02-12 04:00:00,15.75,15.79,0.08
2020-02-12 04:30:00,15.74,15.75,0.08
2020-02-12 06:00:00,15.68,15.73,0.08
2020-02-12 07:00:00,15.68,15.74,0.08
2020-02-12 07:30:00,15.69,15.74,0.08
2020-02-12 08:00:00,15.68,15.74,0.08
2020-02-12 08:30:00,15.58,15.68,0.08
2020-02-12 09:00:00,15.64,15.70,0.08
2020-02-12 09:30:00,15.69,15.70,0.08
2020-02-12 10:00:00,15.69,15.70,0.08
2020-02-12 10:30:00,15.64,15.70,0.08
2020-02-12 11:00:00,15.63,15.67,0.08
2020-02-12 12:00:00,15.64,15.69,0.08
2020-02-12 12:30:00,15.64,15.70,0.08
2020-02-12 13:00:00,15.63,15.64,0.08
2020-02-12 13:30:00,15.63,15.64,0.08
2020-02-12 14:00:00,15.59,15.64,0.08
2020-02-12 14:30:00,15.58,15.73,0.08
2020-02-12 15:00:00,15.63,15.69,0.08
2020-02-12 15:30:00,15.58,15.68,0.08
2020-02-12 16:00:00,15.46,15.62,0.08
2020-02-12 16:30:00,15.46,15.51,0.08
2020-02-12 17:00:00,15.45,15.50,0.08
2020-02-12 17:30:00,15.44,15.51,0.08
2020-02-12 18:00:00,15.46,15.52,0.08
2020-02-12 18:30:00,15.35,15.47,0.08
2020-02-12 19:00:00,15.25,15.35,0.08
2020-02-12 19:30:00,15.19,15.30,0.08
2020-02-12 20:00:00,15.15,15.30,0.08
2020-02-12 20:30:00,15.10,15.20,0.08
2020-02-12 21:00:00,15.12,15.17,0.08
2020-02-12 21:30:00,15.12,15.13,0.08
2020-02-12 23:00:00,15.13,15.17,0.08
2020-02-12 23:30:00,15.16,15.48,0.08
2020-02-13 00:00:00,15.29,15.45,0.08
2020-02-13 00:30:00,15.39,15.52,0.08
2020-02-13 01:00:00,15.29,15.43,0.08
2020-02-13 01:30:00,15.28,15.35,0.08
2020-02-13 02:00:00,15.34,15.39,0.08
2020-02-13 02:30:00,15.29,15.35,0.08
2020-02-13 03:00:00,15.34,15.40,0.08
2020-02-13 04:00:00,15.40,15.46,0.08
2020-02-13 04:30:00,15.45,15.46,0.08
2020-02-13 06:00:00,15.46,15.52,0.08
2020-02-13 06:30:00,15.46,15.56,0.08
2020-02-13 07:00:00,15.52,15.57,0.08
2020-02-13 07:30:00,15.52,15.63,0.08
2020-02-13 08:00:00,15.51,15.62,0.08
2020-02-13 08:30:00,15.51,15.63,0.08
2020-02-13 09:00:00,15.63,15.74,0.08
2020-02-13 09:30:00,15.74,15.91,0.08
2020-02-13 10:00:00,15.83,16.12,0.08
2020-02-13 10:30:00,15.86,16.02,0.08
2020-02-13 11:00:00,15.97,16.08,0.08
2020-02-13 11:30:00,15.87,16.12,0.08
2020-02-13 12:00:00,15.85,15.91,0.08
2020-02-13 12:30:00,15.75,15.92,0.08
2020-02-13 13:00:00,15.68,15.75,0.08
2020-02-13 13:30:00,15.64,15.75,0.08
2020-02-13 14:00:00,15.63,15.70,0.08
2020-02-13 14:30:00,15.37,15.80,0.08
2020-02-13 15:00:00,15.48,15.71,0.08
2020-02-13 15:30:00,15.42,15.64,0.08
2020-02-13 16:00:00,15.39,15.47,0.08
2020-02-13 16:30:00,15.35,15.42,0.08
2020-02-13 17:00:00,15.35,15.41,0.08
2020-02-13 17:30:00,15.36,15.46,0.08
2020-02-13 18:00:00,15.40,15.52,0.08
2020-02-13 18:30:00,15.30,15.41,0.08
2020-02-13 19:00:00,15.31,15.37,0.08
2020-02-13 19:30:00,15.32,15.38,0.08
2020-02-13 20:00:00,15.32,15.49,0.08
2020-02-13 20:30:00,15.43,15.54,0.08
2020-02-13 21:00:00,15.42,15.52,0.08
2020-02-13 21:30:00,15.42,15.47,0.08
2020-02-13 23:00:00,15.45,15.57,0.08
2020-02-13 23:30:00,15.53,15.63,0.08
2020-02-14 00:00:00,15.53,15.63,0.08
2020-02-14 00:30:00,15.48,15.58,0.08
2020-02-14 01:00:00,15.43,15.53,0.08
2020-02-14 01:30:00,15.42,15.47,0.08
2020-02-14 02:00:00,15.37,15.47,0.08
2020-02-14 02:30:00,15.36,15.37,0.08
2020-02-14 03:00:00,15.26,15.32,0.08
2020-02-14 03:30:00,15.31,15.32,0.08
2020-02-14 04:00:00,15.37,15.37,0.08
2020-02-14 04:30:00,15.32,15.37,0.08
2020-02-14 05:00:00,15.32,15.37,0.08
2020-02-14 06:00:00,15.37,15.43,0.08
2020-02-14 06:30:00,15.37,15.38,0.08
2020-02-14 07:00:00,15.32,15.38,0.08
2020-02-14 07:30:00,15.32,15.37,0.08
2020-02-14 08:00:00,15.32,15.37,0.08
2020-02-14 08:30:00,15.32,15.37,0.08
2020-02-14 09:00:00,15.37,15.43,0.08
2020-02-14 09:30:00,15.33,15.37,0.08
2020-02-14 10:00:00,15.32,15.37,0.08
2020-02-14 11:00:00,15.32,15.37,0.08
2020-02-14 11:30:00,15.33,15.37,0.08
2020-02-14 12:00:00,15.32,15.33,0.08
2020-02-14 12:30:00,15.27,15.32,0.08
2020-02-14 13:00:00,15.27,15.32,0.08
2020-02-14 13:30:00,15.27,15.43,0.08
2020-02-14 14:30:00,15.33,15.50,0.08
2020-02-14 15:00:00,15.34,15.50,0.08
2020-02-14 15:30:00,15.34,15.44,0.08
2020-02-14 16:00:00,15.28,15.34,0.08
2020-02-14 16:30:00,15.28,15.38,0.08
2020-02-14 17:00:00,15.33,15.49,0.08
2020-02-14 17:30:00,15.44,15.59,0.08
2020-02-14 18:00:00,15.43,15.59,0.08
2020-02-14 18:30:00,15.48,15.60,0.08
2020-02-14 19:00:00,15.38,15.65,0.08
2020-02-14 19:30:00,15.37,15.44,0.08
2020-02-14 20:00:00,15.43,15.49,0.08
2020-02-14 20:30:00,15.32,15.49,0.08
2020-02-14 21:00:00,15.27,15.33,0.08
2020-02-14 21:30:00,15.27,15.31,0.08
2020-02-16 23:00:00,15.24,15.34,0.08
2020-02-17 00:00:00,15.24,15.34,0.08
2020-02-17 00:30:00,15.24,15.34,0.08
2020-02-17 01:00:00,15.24,15.29,0.08
2020-02-17 01:30:00,15.20,15.25,0.08
2020-02-17 02:00:00,15.15,15.20,0.08
2020-02-17 02:30:00,15.15,15.20,0.08
2020-02-17 03:00:00,15.20,15.20,0.08
2020-02-17 06:00:00,15.15,15.20,0.08
2020-02-17 06:30:00,15.18,15.20,0.08
2020-02-17 07:30:00,15.15,15.20,0.08
2020-02-17 08:00:00,15.15,15.20,0.08
2020-02-17 08:30:00,15.15,15.21,0.08
2020-02-17 12:30:00,15.21,15.21,0.08
2020-02-17 13:30:00,15.21,15.26,0.08
2020-02-17 14:30:00,15.16,15.19,0.08
2020-02-17 15:00:00,15.11,15.16,0.08
2020-02-17 15:30:00,15.07,15.12,0.08
2020-02-17 16:00:00,15.02,15.12,0.08
2020-02-17 23:00:00,15.12,15.37,0.08
2020-02-17 23:30:00,15.32,15.33,0.08
2020-02-18 00:00:00,15.33,15.43,0.08
2020-02-18 00:30:00,15.38,15.43,0.08
2020-02-18 01:00:00,15.38,15.43,0.08
2020-02-18 01:30:00,15.38,15.48,0.08
2020-02-18 02:00:00,15.43,15.48,0.08
2020-02-18 02:30:00,15.43,15.48,0.08
2020-02-18 03:00:00,15.43,15.48,0.08
2020-02-18 05:00:00,15.48,15.53,0.08
2020-02-18 05:30:00,15.48,15.53,0.08
2020-02-18 06:00:00,15.48,15.53,0.08
2020-02-18 06:30:00,15.53,15.56,0.08
2020-02-18 07:00:00,15.53,15.58,0.08
2020-02-18 07:30:00,15.58,15.73,0.08
2020-02-18 08:00:00,15.53,15.68,0.08
2020-02-18 08:30:00,15.58,15.68,0.08
2020-02-18 09:00:00,15.66,15.73,0.08
2020-02-18 09:30:00,15.73,15.78,0.08
2020-02-18 10:00:00,15.68,15.78,0.08
2020-02-18 10:30:00,15.64,15.74,0.08
2020-02-18 11:00:00,15.64,15.69,0.08
2020-02-18 11:30:00,15.64,15.74,0.08
2020-02-18 12:00:00,15.69,15.74,0.08
2020-02-18 12:30:00,15.71,15.74,0.08
2020-02-18 13:00:00,15.59,15.74,0.08
2020-02-18 13:30:00,15.59,15.74,0.08
2020-02-18 14:00:00,15.64,15.74,0.08
2020-02-18 14:30:00,15.49,15.69,0.08
2020-02-18 15:00:00,15.59,15.74,0.08
2020-02-18 15:30:00,15.69,15.79,0.08
2020-02-18 16:00:00,15.74,15.94,0.08
2020-02-18 16:30:00,15.84,15.99,0.08
2020-02-18 17:00:00,15.79,15.99,0.08
2020-02-18 17:30:00,15.69,15.75,0.08
2020-02-18 18:00:00,15.65,15.75,0.08
2020-02-18 18:30:00,15.65,15.85,0.08
2020-02-18 19:00:00,15.65,15.85,0.08
2020-02-18 19:30:00,15.67,15.80,0.08
2020-02-18 20:00:00,15.65,15.75,0.08
2020-02-18 20:30:00,15.70,15.75,0.08
2020-02-18 21:00:00,15.75,15.85,0.08
2020-02-18 21:30:00,15.75,15.85,0.08
2020-02-18 23:00:00,15.66,15.87,0.22
2020-02-18 23:30:00,15.56,15.74,0.17
2020-02-19 00:00:00,15.54,15.70,0.17
2020-02-19 00:30:00,15.56,15.70,0.16
2020-02-19 01:00:00,15.61,15.76,0.08
2020-02-19 01:30:00,15.66,15.75,0.08
2020-02-19 02:00:00,15.52,15.62,0.11
2020-02-19 02:30:00,15.56,15.66,0.08
2020-02-19 03:00:00,15.53,15.61,0.08
2020-02-19 03:30:00,15.49,15.60,0.17
2020-02-19 04:30:00,15.56,15.56,0.08
2020-02-19 05:00:00,15.52,15.60,0.17
2020-02-19 05:30:00,15.56,15.56,0.08
2020-02-19 06:00:00,15.61,15.61,0.08
2020-02-19 06:30:00,15.56,15.61,0.08
2020-02-19 07:00:00,15.57,15.61,0.08
2020-02-19 07:30:00,15.52,15.57,0.08
2020-02-19 08:00:00,15.56,15.66,0.08
2020-02-19 08:30:00,15.55,15.70,0.17
2020-02-19 09:00:00,15.52,15.66,0.16
2020-02-19 09:30:00,15.57,15.62,0.08
2020-02-19 10:00:00,15.57,15.62,0.08
2020-02-19 10:30:00,15.57,15.62,0.08
2020-02-19 11:30:00,15.52,15.62,0.08
2020-02-19 12:00:00,15.52,15.57,0.08
2020-02-19 12:30:00,15.47,15.57,0.08
2020-02-19 13:00:00,15.52,15.57,0.08
2020-02-19 13:30:00,15.42,15.57,0.08
2020-02-19 14:00:00,15.42,15.47,0.08
2020-02-19 14:30:00,15.38,15.57,0.08
2020-02-19 15:00:00,15.52,15.63,0.08
2020-02-19 15:30:00,15.48,15.58,0.08
2020-02-19 16:00:00,15.48,15.63,0.08
2020-02-19 16:30:00,15.53,15.63,0.08
2020-02-19 17:00:00,15.48,15.58,0.08
2020-02-19 17:30:00,15.48,15.53,0.08
2020-02-19 18:00:00,15.48,15.53,0.08
2020-02-19 18:30:00,15.48,15.53,0.08
2020-02-19 19:00:00,15.48,15.63,0.08
2020-02-19 19:30:00,15.48,15.53,0.08
2020-02-19 20:00:00,15.53,15.58,0.08
2020-02-19 20:30:00,15.49,15.58,0.08
2020-02-19 21:00:00,15.44,15.54,0.08
2020-02-19 21:30:00,15.44,15.48,0.08
2020-02-19 23:00:00,15.41,15.49,0.08
2020-02-19 23:30:00,15.44,15.49,0.08
2020-02-20 00:00:00,15.29,15.41,0.08
2020-02-20 01:30:00,15.34,15.49,0.08
2020-02-20 02:00:00,15.44,15.54,0.08
2020-02-20 02:30:00,15.54,15.64,0.08
2020-02-20 03:00:00,15.59,15.71,0.08
2020-02-20 03:30:00,15.68,15.73,0.08
2020-02-20 04:00:00,15.64,15.73,0.08
2020-02-20 04:30:00,15.64,15.68,0.08
2020-02-20 05:00:00,15.64,15.69,0.08
2020-02-20 05:30:00,15.64,15.69,0.08
2020-02-20 06:00:00,15.59,15.69,0.08
2020-02-20 07:00:00,15.45,15.64,0.08
2020-02-20 07:30:00,15.45,15.50,0.08
2020-02-20 08:00:00,15.49,15.69,0.08
2020-02-20 08:30:00,15.59,15.69,0.08
2020-02-20 09:00:00,15.54,15.64,0.08
2020-02-20 09:30:00,15.54,15.60,0.08
2020-02-20 10:00:00,15.54,15.65,0.08
2020-02-20 10:30:00,15.60,15.65,0.08
2020-02-20 11:00:00,15.65,15.70,0.08
2020-02-20 11:30:00,15.70,15.74,0.08
2020-02-20 12:00:00,15.65,15.74,0.08
2020-02-20 12:30:00,15.60,15.70,0.08
2020-02-20 13:00:00,15.60,15.65,0.08
2020-02-20 13:30:00,15.60,15.74,0.08
2020-02-20 14:00:00,15.60,15.70,0.08
2020-02-20 14:30:00,15.55,15.70,0.08
2020-02-20 15:00:00,15.51,15.61,0.08
2020-02-20 15:30:00,15.51,15.56,0.08
2020-02-20 16:00:00,15.55,16.04,0.08
2020-02-20 16:30:00,15.99,16.58,0.08
2020-02-20 17:00:00,16.33,16.62,0.08
2020-02-20 17:30:00,16.28,16.62,0.08
2020-02-20 18:00:00,16.00,16.43,0.08
2020-02-20 18:30:00,16.09,16.39,0.08
2020-02-20 19:00:00,16.10,16.29,0.08
2020-02-20 19:30:00,16.05,16.29,0.08
2020-02-20 20:00:00,16.14,16.43,0.08
2020-02-20 20:30:00,16.05,16.24,0.08
2020-02-20 21:00:00,16.05,16.24,0.08
2020-02-20 21:30:00,16.15,16.25,0.08
2020-02-20 23:00:00,16.20,16.39,0.08
2020-02-20 23:30:00,16.29,16.54,0.08
2020-02-21 00:00:00,16.25,16.45,0.08
2020-02-21 00:30:00,16.25,16.39,0.08
2020-02-21 01:00:00,16.25,16.40,0.08
2020-02-21 01:30:00,16.25,16.35,0.08
2020-02-21 02:00:00,16.35,16.49,0.08
2020-02-21 02:30:00,16.40,16.49,0.08
2020-02-21 03:00:00,16.39,16.49,0.08
2020-02-21 03:30:00,16.39,16.44,0.08
2020-02-21 04:00:00,16.39,16.49,0.08
2020-02-21 04:30:00,16.44,16.49,0.08
2020-02-21 05:00:00,16.44,16.54,0.08
2020-02-21 05:30:00,16.54,16.64,0.08
2020-02-21 06:00:00,16.59,16.68,0.08
2020-02-21 06:30:00,16.64,16.69,0.08
2020-02-21 07:00:00,16.64,16.78,0.08
2020-02-21 07:30:00,16.73,16.79,0.08
2020-02-21 08:00:00,16.78,16.97,0.08
2020-02-21 08:30:00,16.59,16.79,0.08
2020-02-21 09:00:00,16.59,16.74,0.08
2020-02-21 09:30:00,16.59,16.79,0.08
2020-02-21 10:00:00,16.59,16.74,0.08
2020-02-21 10:30:00,16.59,16.74,0.08
2020-02-21 11:00:00,16.64,16.79,0.08
2020-02-21 11:30:00,16.54,16.69,0.08
2020-02-21 12:00:00,16.59,16.69,0.08
2020-02-21 12:30:00,16.45,16.60,0.08
2020-02-21 13:00:00,16.46,16.60,0.08
2020-02-21 13:30:00,16.55,16.70,0.08
2020-02-21 14:00:00,16.55,16.70,0.08
2020-02-21 14:30:00,16.50,17.26,0.08
2020-02-21 15:00:00,16.88,17.21,0.08
2020-02-21 15:30:00,16.97,17.26,0.08
2020-02-21 16:00:00,16.88,17.17,0.08
2020-02-21 16:30:00,16.79,16.94,0.08
2020-02-21 17:00:00,16.76,17.03,0.08
2020-02-21 17:30:00,16.89,17.13,0.08
2020-02-21 18:00:00,16.89,17.17,0.08
2020-02-21 18:30:00,17.17,17.45,0.08
2020-02-21 19:00:00,17.17,17.45,0.08
2020-02-21 19:30:00,17.22,17.41,0.08
2020-02-21 20:00:00,17.31,17.50,0.08
2020-02-21 20:30:00,17.03,17.55,0.08
2020-02-21 21:00:00,16.94,17.22,0.08
2020-02-21 21:30:00,16.98,17.12,0.08
2020-02-23 23:00:00,18.00,18.51,0.08
2020-02-23 23:30:00,18.10,18.38,0.08
2020-02-24 00:00:00,18.16,18.38,0.08
2020-02-24 00:30:00,18.11,18.39,0.08
2020-02-24 01:00:00,18.24,18.34,0.08
2020-02-24 01:30:00,18.28,18.33,0.08
2020-02-24 02:00:00,18.28,18.42,0.08
2020-02-24 02:30:00,18.38,18.65,0.08
2020-02-24 03:00:00,18.38,18.70,0.08
2020-02-24 03:30:00,18.38,18.51,0.08
2020-02-24 04:00:00,18.37,18.42,0.08
2020-02-24 04:30:00,18.28,18.42,0.08
2020-02-24 05:00:00,18.33,18.47,0.08
2020-02-24 05:30:00,18.42,18.51,0.08
2020-02-24 06:00:00,18.38,18.52,0.08
2020-02-24 06:30:00,18.38,18.51,0.08
2020-02-24 07:00:00,18.38,18.75,0.08
2020-02-24 07:30:00,18.48,18.79,0.08
2020-02-24 08:00:00,18.75,19.06,0.08
2020-02-24 08:30:00,18.87,19.15,0.08
2020-02-24 09:00:00,18.92,19.38,0.08
2020-02-24 09:30:00,18.86,19.47,0.08
2020-02-24 10:00:00,18.85,19.02,0.08
2020-02-24 10:30:00,18.93,19.25,0.08
2020-02-24 11:00:00,19.07,19.30,0.08
2020-02-24 11:30:00,18.97,19.21,0.08
2020-02-24 12:00:00,18.89,19.11,0.08
2020-02-24 12:30:00,19.02,19.34,0.08
2020-02-24 13:00:00,19.16,19.38,0.08
2020-02-24 13:30:00,19.25,19.52,0.08
2020-02-24 14:00:00,19.47,19.79,0.08
2020-02-24 14:30:00,18.83,19.70,0.08
2020-02-24 15:00:00,18.79,19.27,0.08
2020-02-24 15:30:00,19.08,19.41,0.08
2020-02-24 16:00:00,19.03,19.39,0.08
2020-02-24 16:30:00,19.31,19.71,0.08
2020-02-24 17:00:00,19.56,19.87,0.08
2020-02-24 17:30:00,19.63,20.03,0.08
2020-02-24 18:00:00,20.03,20.32,0.08
2020-02-24 18:30:00,19.91,20.17,0.08
2020-02-24 19:00:00,19.81,20.22,0.08
2020-02-24 19:30:00,19.47,19.86,0.08
2020-02-24 20:00:00,19.34,19.78,0.08
2020-02-24 20:30:00,19.70,20.25,0.08
2020-02-24 21:00:00,19.92,20.44,0.08
2020-02-24 21:30:00,19.89,20.16,0.08
2020-02-24 23:00:00,19.66,20.31,0.08
2020-02-24 23:30:00,19.60,19.93,0.08
2020-02-25 00:00:00,19.43,19.70,0.08
2020-02-25 00:30:00,19.26,19.53,0.08
2020-02-25 01:00:00,18.92,19.34,0.08
2020-02-25 01:30:00,18.92,19.11,0.08
2020-02-25 02:00:00,18.97,19.16,0.08
2020-02-25 02:30:00,18.97,19.20,0.08
2020-02-25 03:00:00,19.10,19.24,0.08
2020-02-25 03:30:00,19.01,19.15,0.08
2020-02-25 04:00:00,18.97,19.15,0.08
2020-02-25 04:30:00,18.97,19.02,0.08
2020-02-25 05:00:00,18.96,19.01,0.08
2020-02-25 05:30:00,18.92,19.06,0.08
2020-02-25 06:00:00,18.83,19.01,0.08
2020-02-25 06:30:00,18.78,18.92,0.08
2020-02-25 07:00:00,18.78,19.06,0.08
2020-02-25 07:30:00,18.83,19.09,0.08
2020-02-25 08:00:00,18.83,19.19,0.08
2020-02-25 08:30:00,18.97,19.38,0.08
2020-02-25 09:00:00,19.19,19.55,0.08
2020-02-25 09:30:00,19.38,19.57,0.08
2020-02-25 10:00:00,19.47,19.69,0.08
2020-02-25 10:30:00,19.57,19.88,0.08
2020-02-25 11:00:00,19.70,19.88,0.08
2020-02-25 11:30:00,19.48,19.75,0.08
2020-02-25 12:00:00,19.48,19.79,0.08
2020-02-25 12:30:00,19.34,19.65,0.08
2020-02-25 13:00:00,19.34,19.56,0.08
2020-02-25 13:30:00,19.39,19.61,0.08
2020-02-25 14:00:00,19.40,19.64,0.08
2020-02-25 14:30:00,19.40,20.09,0.08
2020-02-25 15:00:00,19.83,20.54,0.08
2020-02-25 15:30:00,20.22,20.80,0.08
2020-02-25 16:00:00,20.44,20.90,0.08
2020-02-25 16:30:00,20.41,20.73,0.08
2020-02-25 17:00:00,20.36,20.91,0.08
2020-02-25 17:30:00,20.64,21.15,0.08
2020-02-25 18:00:00,20.88,21.20,0.08
2020-02-25 18:30:00,21.10,21.60,0.08
2020-02-25 19:00:00,21.56,22.30,0.08
2020-02-25 19:30:00,21.87,22.66,0.08
2020-02-25 20:00:00,21.56,22.36,0.08
2020-02-25 20:30:00,21.77,22.61,0.08
2020-02-25 21:00:00,21.80,22.20,0.08
2020-02-25 21:30:00,21.44,21.79,0.08
2020-02-25 23:00:00,21.35,21.71,0.08
2020-02-25 23:30:00,21.20,21.43,0.08
2020-02-26 00:00:00,21.16,21.47,0.08
2020-02-26 00:30:00,21.21,21.65,0.08
2020-02-26 01:00:00,21.38,21.79,0.08
2020-02-26 01:30:00,21.24,21.55,0.08
2020-02-26 02:00:00,21.11,21.60,0.08
2020-02-26 02:30:00,20.96,21.18,0.08
2020-02-26 03:00:00,20.97,21.14,0.08
2020-02-26 03:30:00,21.05,21.28,0.08
2020-02-26 04:00:00,21.10,21.41,0.08
2020-02-26 04:30:00,21.05,21.27,0.08
2020-02-26 05:00:00,21.14,21.29,0.08
2020-02-26 05:30:00,21.14,21.32,0.08
2020-02-26 06:00:00,21.20,21.54,0.08
2020-02-26 06:30:00,21.37,21.76,0.08
2020-02-26 07:00:00,21.40,21.71,0.08
2020-02-26 07:30:00,21.27,21.67,0.08
2020-02-26 08:00:00,21.13,21.45,0.08
2020-02-26 08:30:00,21.32,22.08,0.08
2020-02-26 09:00:00,22.02,22.70,0.08
2020-02-26 09:30:00,21.81,22.30,0.08
2020-02-26 10:00:00,21.51,22.11,0.08
2020-02-26 10:30:00,21.55,22.05,0.08
2020-02-26 11:00:00,21.43,22.00,0.08
2020-02-26 11:30:00,21.29,21.61,0.08
2020-02-26 12:00:00,21.41,21.78,0.08
2020-02-26 12:30:00,21.49,21.95,0.08
2020-02-26 13:00:00,21.31,21.76,0.08
2020-02-26 13:30:00,21.27,21.58,0.08
2020-02-26 14:00:00,21.26,21.54,0.08
2020-02-26 14:30:00,20.61,21.41,0.08
2020-02-26 15:00:00,20.80,21.29,0.08
2020-02-26 15:30:00,20.60,21.00,0.08
2020-02-26 16:00:00,20.68,21.13,0.08
2020-02-26 16:30:00,20.68,21.15,0.08
2020-02-26 17:00:00,21.02,21.81,0.08
2020-02-26 17:30:00,21.25,21.65,0.08
2020-02-26 18:00:00,21.33,21.62,0.08
2020-02-26 18:30:00,21.42,22.36,0.08
2020-02-26 19:00:00,21.70,22.19,0.08
2020-02-26 19:30:00,21.70,22.21,0.08
2020-02-26 20:00:00,21.68,22.25,0.08
2020-02-26 20:30:00,21.51,21.99,0.08
2020-02-26 21:00:00,21.55,21.90,0.08
2020-02-26 21:30:00,21.66,22.11,0.08
2020-02-26 23:00:00,21.71,22.15,0.08
2020-02-26 23:30:00,21.62,22.24,0.08
2020-02-27 00:00:00,21.79,22.49,0.08
2020-02-27 00:30:00,21.71,22.14,0.08
2020-02-27 01:00:00,21.87,22.27,0.08
2020-02-27 01:30:00,22.01,22.27,0.08
2020-02-27 02:00:00,22.14,22.46,0.08
2020-02-27 02:30:00,22.19,22.49,0.08
2020-02-27 03:00:00,22.27,22.54,0.08
2020-02-27 03:30:00,22.40,22.62,0.08
2020-02-27 04:00:00,22.58,22.80,0.08
2020-02-27 04:30:00,22.67,22.85,0.08
2020-02-27 05:00:00,22.58,22.82,0.08
2020-02-27 05:30:00,22.53,22.80,0.08
2020-02-27 06:00:00,22.58,22.85,0.08
2020-02-27 06:30:00,22.14,22.71,0.08
2020-02-27 07:00:00,21.93,22.44,0.08
2020-02-27 07:30:00,21.78,22.09,0.08
2020-02-27 08:00:00,21.82,22.28,0.08
2020-02-27 08:30:00,21.91,22.39,0.08
2020-02-27 09:00:00,21.72,22.04,0.08
2020-02-27 09:30:00,21.69,22.10,0.08
2020-02-27 10:00:00,21.92,22.22,0.08
2020-02-27 10:30:00,21.95,22.49,0.08
2020-02-27 11:00:00,22.22,22.52,0.08
2020-02-27 11:30:00,22.13,22.45,0.08
2020-02-27 12:00:00,22.30,22.78,0.08
2020-02-27 12:30:00,22.56,22.88,0.08
2020-02-27 13:00:00,22.70,23.11,0.08
2020-02-27 13:30:00,22.79,23.14,0.08
2020-02-27 14:00:00,23.09,23.49,0.08
2020-02-27 14:30:00,23.21,24.05,0.08
2020-02-27 15:00:00,23.47,24.22,0.08
2020-02-27 15:30:00,23.70,24.52,0.08
2020-02-27 16:00:00,23.37,24.01,0.08
2020-02-27 16:30:00,23.65,24.24,0.08
2020-02-27 17:00:00,23.36,23.91,0.08
2020-02-27 17:30:00,22.83,23.51,0.08
2020-02-27 18:00:00,23.06,23.64,0.08
2020-02-27 18:30:00,23.46,24.27,0.08
2020-02-27 19:00:00,23.84,24.35,0.08
2020-02-27 19:30:00,23.62,24.14,0.08
2020-02-27 20:00:00,23.74,24.35,0.08
2020-02-27 20:30:00,24.06,24.92,0.08
2020-02-27 21:00:00,24.71,25.48,0.08
2020-02-27 21:30:00,24.91,25.66,0.08
2020-02-27 23:00:00,25.08,26.02,0.08
2020-02-27 23:30:00,24.99,25.52,0.08
2020-02-28 00:00:00,24.99,25.52,0.08
2020-02-28 00:30:00,25.06,25.44,0.08
2020-02-28 01:00:00,25.01,25.60,0.08
2020-02-28 01:30:00,25.00,25.52,0.08
2020-02-28 02:00:00,24.76,25.18,0.08
2020-02-28 02:30:00,25.13,25.69,0.08
2020-02-28 03:00:00,25.56,26.28,0.08
2020-02-28 03:30:00,25.72,26.58,0.08
2020-02-28 04:00:00,25.65,26.24,0.08
2020-02-28 04:30:00,25.93,26.37,0.08
2020-02-28 05:00:00,26.29,26.97,0.08
2020-02-28 05:30:00,26.65,27.20,0.08
2020-02-28 06:00:00,26.86,27.36,0.08
2020-02-28 06:30:00,26.85,27.41,0.08
2020-02-28 07:00:00,26.39,26.97,0.08
2020-02-28 07:30:00,26.22,26.97,0.08
2020-02-28 08:00:00,26.19,27.01,0.08
2020-02-28 08:30:00,26.37,27.55,0.08
2020-02-28 09:00:00,27.04,28.07,0.08
2020-02-28 09:30:00,27.35,28.27,0.08
2020-02-28 10:00:00,26.78,27.91,0.08
2020-02-28 10:30:00,26.75,27.20,0.08
2020-02-28 11:00:00,26.41,26.97,0.08
2020-02-28 11:30:00,26.23,26.84,0.08
2020-02-28 12:00:00,26.29,27.11,0.08
2020-02-28 12:30:00,26.24,26.79,0.08
2020-02-28 13:00:00,26.18,26.72,0.08
2020-02-28 13:30:00,26.46,27.35,0.08
2020-02-28 14:00:00,27.01,28.14,0.08
2020-02-28 14:30:00,26.57,27.88,0.08
2020-02-28 15:00:00,27.50,28.24,0.08
2020-02-28 15:30:00,27.07,28.23,0.08
2020-02-28 16:00:00,27.11,27.94,0.08
2020-02-28 16:30:00,25.65,27.19,0.08
2020-02-28 17:00:00,26.76,27.34,0.08
2020-02-28 17:30:00,26.41,26.97,0.08
2020-02-28 18:00:00,26.35,26.97,0.08
2020-02-28 18:30:00,26.94,27.50,0.08
2020-02-28 19:00:00,27.36,27.85,0.08
2020-02-28 19:30:00,26.92,27.73,0.08
2020-02-28 20:00:00,27.28,28.08,0.08
2020-02-28 20:30:00,25.86,28.15,0.08
2020-02-28 21:00:00,25.04,25.95,0.08
2020-02-28 21:30:00,24.71,25.16,0.08
2020-03-01 23:00:00,26.57,27.88,0.08
2020-03-01 23:30:00,26.60,27.14,0.08
2020-03-02 00:00:00,26.27,26.73,0.08
2020-03-02 00:30:00,26.43,26.71,0.08
2020-03-02 01:00:00,25.58,26.51,0.08
2020-03-02 01:30:00,24.84,25.61,0.08
2020-03-02 02:00:00,24.83,25.55,0.08
2020-03-02 02:30:00,24.48,25.11,0.08
2020-03-02 03:00:00,24.52,24.96,0.08
2020-03-02 03:30:00,24.55,24.95,0.08
2020-03-02 04:00:00,24.72,25.00,0.08
2020-03-02 04:30:00,24.87,25.18,0.08
2020-03-02 05:00:00,24.77,25.07,0.08
2020-03-02 05:30:00,24.78,24.99,0.08
2020-03-02 06:00:00,24.87,25.14,0.08
2020-03-02 06:30:00,24.81,25.01,0.08
2020-03-02 07:00:00,24.56,25.06,0.08
2020-03-02 07:30:00,23.57,24.86,0.08
2020-03-02 08:00:00,23.54,24.10,0.08
2020-03-02 08:30:00,23.49,24.17,0.08
2020-03-02 09:00:00,23.91,24.37,0.08
2020-03-02 09:30:00,24.04,24.98,0.08
2020-03-02 10:00:00,24.68,25.10,0.08
2020-03-02 10:30:00,24.54,25.22,0.08
2020-03-02 11:00:00,25.14,25.67,0.08
2020-03-02 11:30:00,25.55,26.65,0.08
2020-03-02 12:00:00,25.97,26.62,0.08
2020-03-02 12:30:00,25.64,26.19,0.08
2020-03-02 13:00:00,25.63,26.29,0.08
2020-03-02 13:30:00,25.15,26.27,0.08
2020-03-02 14:00:00,24.85,25.40,0.08
2020-03-02 14:30:00,24.50,25.73,0.08
2020-03-02 15:00:00,25.26,26.23,0.08
2020-03-02 15:30:00,25.14,26.13,0.08
2020-03-02 16:00:00,24.79,25.72,0.08
2020-03-02 16:30:00,24.44,25.16,0.08
2020-03-02 17:00:00,24.43,25.10,0.08
2020-03-02 17:30:00,24.55,25.01,0.08
2020-03-02 18:00:00,24.58,25.58,0.08
2020-03-02 18:30:00,25.09,25.50,0.08
2020-03-02 19:00:00,24.85,25.42,0.08
2020-03-02 19:30:00,25.30,26.07,0.08
2020-03-02 20:00:00,25.24,25.95,0.08
2020-03-02 20:30:00,24.44,25.49,0.08
2020-03-02 21:00:00,24.36,24.89,0.08
2020-03-02 21:30:00,24.49,24.76,0.08
2020-03-02 23:00:00,24.40,24.70,0.08
2020-03-02 23:30:00,24.38,24.75,0.08
2020-03-03 00:00:00,24.19,24.57,0.08
2020-03-03 00:30:00,24.22,24.47,0.08
2020-03-03 01:00:00,24.17,24.45,0.08
2020-03-03 01:30:00,24.23,24.55,0.08
2020-03-03 02:00:00,24.39,24.76,0.08
2020-03-03 02:30:00,24.46,24.69,0.08
2020-03-03 03:00:00,24.39,24.65,0.08
2020-03-03 03:30:00,24.34,24.58,0.08
2020-03-03 04:00:00,24.56,25.07,0.08
2020-03-03 04:30:00,24.78,25.15,0.08
2020-03-03 05:00:00,24.84,25.16,0.08
2020-03-03 05:30:00,24.93,25.31,0.08
2020-03-03 06:00:00,25.31,25.61,0.08
2020-03-03 06:30:00,25.03,25.52,0.08
2020-03-03 07:00:00,24.87,25.17,0.08
2020-03-03 07:30:00,24.87,25.29,0.08
2020-03-03 08:00:00,24.39,25.33,0.08
2020-03-03 08:30:00,24.13,24.66,0.08
2020-03-03 09:00:00,24.24,24.74,0.08
2020-03-03 09:30:00,24.17,24.59,0.08
2020-03-03 10:00:00,24.06,24.31,0.08
2020-03-03 10:30:00,24.03,24.43,0.08
2020-03-03 11:00:00,24.36,24.93,0.08
2020-03-03 11:30:00,24.73,24.93,0.08
2020-03-03 12:00:00,24.54,24.90,0.08
2020-03-03 12:30:00,24.38,25.32,0.08
2020-03-03 13:00:00,24.72,25.24,0.08
2020-03-03 13:30:00,24.69,25.16,0.08
2020-03-03 14:00:00,24.43,24.99,0.08
2020-03-03 14:30:00,24.44,25.38,0.08
2020-03-03 15:00:00,23.48,25.21,0.08
2020-03-03 15:30:00,24.27,24.93,0.08
2020-03-03 16:00:00,24.49,25.92,0.08
2020-03-03 16:30:00,25.07,25.94,0.08
2020-03-03 17:00:00,24.98,25.67,0.08
2020-03-03 17:30:00,25.26,25.89,0.08
2020-03-03 18:00:00,25.74,26.58,0.08
2020-03-03 18:30:00,26.06,27.12,0.08
2020-03-03 19:00:00,26.90,27.76,0.08
2020-03-03 19:30:00,26.84,27.61,0.08
2020-03-03 20:00:00,26.49,27.30,0.08
2020-03-03 20:30:00,26.59,27.65,0.08
2020-03-03 21:00:00,26.60,27.24,0.08
2020-03-03 21:30:00,27.06,27.31,0.08
2020-03-03 23:00:00,27.10,27.64,0.08
2020-03-03 23:30:00,27.26,27.52,0.08
2020-03-04 00:00:00,26.70,27.34,0.08
2020-03-04 00:30:00,26.57,26.86,0.08
2020-03-04 01:00:00,26.53,26.77,0.08
2020-03-04 01:30:00,26.54,26.96,0.08
2020-03-04 02:00:00,26.64,26.95,0.08
2020-03-04 02:30:00,26.39,26.71,0.08
2020-03-04 03:00:00,26.20,26.52,0.08
2020-03-04 03:30:00,26.14,26.34,0.08
2020-03-04 04:00:00,26.24,26.53,0.08
2020-03-04 04:30:00,26.28,26.53,0.08
2020-03-04 05:00:00,26.14,26.41,0.08
2020-03-04 05:30:00,25.99,26.33,0.08
2020-03-04 06:00:00,25.89,26.31,0.08
2020-03-04 06:30:00,26.03,26.23,0.08
2020-03-04 07:00:00,25.74,26.18,0.08
2020-03-04 07:30:00,25.81,26.08,0.08
2020-03-04 08:00:00,25.93,26.34,0.08
2020-03-04 08:30:00,25.71,26.08,0.08
2020-03-04 09:00:00,25.60,25.95,0.08
2020-03-04 09:30:00,25.46,25.72,0.08
2020-03-04 10:00:00,25.50,25.77,0.08
2020-03-04 10:30:00,25.48,25.70,0.08
2020-03-04 11:00:00,25.60,25.79,0.08
2020-03-04 11:30:00,25.50,25.74,0.08
2020-03-04 12:00:00,25.42,25.81,0.08
2020-03-04 12:30:00,25.34,25.66,0.08
2020-03-04 13:00:00,25.59,25.95,0.08
2020-03-04 13:30:00,25.56,25.85,0.08
2020-03-04 14:00:00,25.73,26.00,0.08
2020-03-04 14:30:00,25.56,26.79,0.08
2020-03-04 15:00:00,25.92,26.74,0.08
2020-03-04 15:30:00,25.99,26.45,0.08
2020-03-04 16:00:00,25.73,26.31,0.08
2020-03-04 16:30:00,25.69,26.08,0.08
2020-03-04 17:00:00,25.40,25.91,0.08
2020-03-04 17:30:00,25.40,25.79,0.08
2020-03-04 18:00:00,25.13,25.43,0.08
2020-03-04 18:30:00,25.26,25.62,0.08
2020-03-04 19:00:00,25.42,25.79,0.08
2020-03-04 19:30:00,25.47,26.03,0.08
2020-03-04 20:00:00,25.53,25.93,0.08
2020-03-04 20:30:00,25.38,25.71,0.08
2020-03-04 21:00:00,25.52,25.84,0.08
2020-03-04 21:30:00,25.81,25.93,0.08
2020-03-04 23:00:00,25.74,26.08,0.08
2020-03-04 23:30:00,25.98,26.19,0.08
2020-03-05 00:00:00,26.07,26.28,0.08
2020-03-05 00:30:00,25.97,26.23,0.08
2020-03-05 01:00:00,26.06,26.35,0.08
2020-03-05 01:30:00,26.23,26.49,0.08
2020-03-05 02:00:00,26.44,26.66,0.08
2020-03-05 02:30:00,26.32,26.59,0.08
2020-03-05 03:00:00,26.33,26.63,0.08
2020-03-05 03:30:00,26.58,26.79,0.08
2020-03-05 04:00:00,26.63,26.77,0.08
2020-03-05 04:30:00,26.62,26.76,0.08
2020-03-05 05:00:00,26.46,26.64,0.08
2020-03-05 05:30:00,26.28,26.55,0.08
2020-03-05 06:00:00,26.38,26.57,0.08
2020-03-05 06:30:00,26.39,26.59,0.08
2020-03-05 07:00:00,26.57,26.85,0.08
2020-03-05 07:30:00,26.46,26.80,0.08
2020-03-05 08:00:00,26.44,26.72,0.08
2020-03-05 08:30:00,26.60,26.82,0.08
2020-03-05 09:00:00,26.75,26.98,0.08
2020-03-05 09:30:00,26.79,27.00,0.08
2020-03-05 10:00:00,26.84,27.43,0.08
2020-03-05 10:30:00,27.22,27.55,0.08
2020-03-05 11:00:00,27.17,27.68,0.08
2020-03-05 11:30:00,27.47,27.83,0.08
2020-03-05 12:00:00,27.29,27.60,0.08
2020-03-05 12:30:00,27.24,27.52,0.08
2020-03-05 13:00:00,27.36,27.81,0.08
2020-03-05 13:30:00,27.54,27.84,0.08
2020-03-05 14:00:00,27.66,28.06,0.08
2020-03-05 14:30:00,27.50,28.08,0.08
2020-03-05 15:00:00,27.39,28.10,0.08
2020-03-05 15:30:00,27.48,27.84,0.08
2020-03-05 16:00:00,27.11,27.67,0.08
2020-03-05 16:30:00,27.23,28.00,0.08
2020-03-05 17:00:00,27.87,28.45,0.08
2020-03-05 17:30:00,28.21,28.96,0.08
2020-03-05 18:00:00,28.77,29.27,0.08
2020-03-05 18:30:00,28.77,29.26,0.08
2020-03-05 19:00:00,29.03,29.80,0.08
2020-03-05 19:30:00,29.29,29.76,0.08
2020-03-05 20:00:00,29.60,30.39,0.08
2020-03-05 20:30:00,29.27,30.28,0.08
2020-03-05 21:00:00,29.18,29.58,0.08
2020-03-05 21:30:00,29.11,29.35,0.08
2020-03-05 23:00:00,29.01,29.34,0.09
2020-03-05 23:30:00,28.89,29.09,0.08
2020-03-06 00:00:00,28.75,28.94,0.08
2020-03-06 00:30:00,28.84,29.38,0.08
2020-03-06 01:00:00,29.04,29.53,0.08
2020-03-06 01:30:00,29.42,29.94,0.08
2020-03-06 02:00:00,29.92,30.52,0.08
2020-03-06 02:30:00,30.12,30.60,0.08
2020-03-06 03:00:00,30.51,30.70,0.08
2020-03-06 03:30:00,30.25,30.75,0.08
2020-03-06 04:00:00,30.51,30.70,0.08
2020-03-06 04:30:00,30.61,30.76,0.08
2020-03-06 05:00:00,30.62,31.17,0.08
2020-03-06 05:30:00,30.92,31.12,0.08
2020-03-06 06:00:00,30.49,31.06,0.08
2020-03-06 06:30:00,30.49,31.00,0.08
2020-03-06 07:00:00,30.42,30.91,0.08
2020-03-06 07:30:00,30.45,30.72,0.08
2020-03-06 08:00:00,30.15,30.69,0.08
2020-03-06 08:30:00,30.51,31.05,0.08
2020-03-06 09:00:00,30.38,31.18,0.08
2020-03-06 09:30:00,31.01,31.73,0.08
2020-03-06 10:00:00,31.61,32.43,0.08
2020-03-06 10:30:00,32.23,32.84,0.08
2020-03-06 11:00:00,32.05,32.84,0.08
2020-03-06 11:30:00,32.29,32.69,0.08
2020-03-06 12:00:00,32.36,33.33,0.08
2020-03-06 12:30:00,33.15,35.30,0.15
2020-03-06 13:00:00,34.05,35.03,0.12
2020-03-06 13:30:00,33.71,34.84,0.13
2020-03-06 14:00:00,34.30,35.30,0.08
2020-03-06 14:30:00,33.90,34.86,0.08
2020-03-06 15:00:00,32.86,34.25,0.08
2020-03-06 15:30:00,32.74,33.78,0.08
2020-03-06 16:00:00,33.21,34.13,0.08
2020-03-06 16:30:00,33.63,34.38,0.08
2020-03-06 17:00:00,34.08,34.96,0.08
2020-03-06 17:30:00,34.29,34.95,0.08
2020-03-06 18:00:00,33.83,34.82,0.08
2020-03-06 18:30:00,33.90,34.89,0.08
2020-03-06 19:00:00,34.65,35.10,0.08
2020-03-06 19:30:00,34.67,35.28,0.08
2020-03-06 20:00:00,34.13,35.60,0.08
2020-03-06 20:30:00,31.88,34.55,0.08
2020-03-06 21:00:00,31.98,32.80,0.08
2020-03-06 21:30:00,32.30,32.68,0.16
2020-03-08 22:00:00,34.56,36.58,0.17
2020-03-08 22:30:00,36.32,37.78,0.17
2020-03-08 23:00:00,37.26,38.05,0.08
2020-03-08 23:30:00,37.66,38.93,0.10
2020-03-09 00:00:00,38.08,38.88,0.11
2020-03-09 00:30:00,37.79,38.36,0.14
2020-03-09 01:00:00,37.48,37.88,0.08
2020-03-09 01:30:00,37.66,38.84,0.08
2020-03-09 02:00:00,38.79,39.92,0.08
2020-03-09 02:30:00,39.34,41.09,0.16
2020-03-09 03:00:00,38.00,39.72,0.08
2020-03-09 03:30:00,38.15,38.45,0.16
2020-03-09 04:00:00,37.87,38.38,0.16
2020-03-09 04:30:00,37.91,38.78,0.08
2020-03-09 05:00:00,38.68,39.46,0.11
2020-03-09 05:30:00,38.72,39.45,0.08
2020-03-09 06:00:00,38.48,38.92,0.15
2020-03-09 06:30:00,38.84,39.80,0.08
2020-03-09 07:00:00,39.68,42.55,0.20
2020-03-09 07:30:00,41.73,42.78,0.27
2020-03-09 08:00:00,41.82,43.24,0.19
2020-03-09 08:30:00,40.03,42.66,0.21
2020-03-09 09:00:00,39.16,40.93,0.18
2020-03-09 09:30:00,39.66,40.52,0.15
2020-03-09 10:00:00,40.36,41.84,0.16
2020-03-09 10:30:00,41.04,41.39,0.16
2020-03-09 11:00:00,41.08,42.84,0.17
2020-03-09 11:30:00,42.73,43.76,0.12
2020-03-09 12:00:00,43.08,44.96,0.15
2020-03-09 12:30:00,43.19,44.63,0.16
2020-03-09 13:00:00,42.74,44.32,0.08
2020-03-09 13:30:00,38.76,43.76,0.16
2020-03-09 14:00:00,38.42,41.30,0.09
2020-03-09 14:30:00,38.38,39.83,0.08
2020-03-09 15:00:00,38.63,39.94,0.08
2020-03-09 15:30:00,37.61,39.28,0.08
2020-03-09 16:00:00,37.59,38.72,0.08
2020-03-09 16:30:00,38.36,39.37,0.08
2020-03-09 17:00:00,37.93,39.04,0.08
2020-03-09 17:30:00,38.95,40.00,0.08
2020-03-09 18:00:00,39.29,40.56,0.08
2020-03-09 18:30:00,39.27,40.45,0.08
2020-03-09 19:00:00,38.56,39.83,0.08
2020-03-09 19:30:00,38.14,39.59,0.08
2020-03-09 20:00:00,38.28,39.83,0.08
2020-03-09 20:30:00,38.42,39.38,0.13
2020-03-09 22:00:00,39.31,40.56,0.09
2020-03-09 22:30:00,37.84,39.90,0.17
2020-03-09 23:00:00,36.90,38.14,0.08
2020-03-09 23:30:00,36.32,37.22,0.09
2020-03-10 00:00:00,36.19,37.36,0.10
2020-03-10 00:30:00,35.46,36.82,0.17
2020-03-10 01:00:00,34.48,35.60,0.09
2020-03-10 01:30:00,34.43,35.18,0.08
2020-03-10 02:00:00,34.88,35.22,0.14
2020-03-10 02:30:00,34.97,35.67,0.08
2020-03-10 03:00:00,35.09,35.48,0.10
2020-03-10 03:30:00,34.70,35.28,0.09
2020-03-10 04:00:00,34.50,34.94,0.08
2020-03-10 04:30:00,34.19,34.61,0.08
2020-03-10 05:00:00,33.31,34.57,0.10
2020-03-10 05:30:00,33.25,33.94,0.13
2020-03-10 06:00:00,33.53,34.15,0.08
2020-03-10 06:30:00,33.65,34.31,0.14
2020-03-10 07:00:00,33.90,34.90,0.08
2020-03-10 07:30:00,34.38,34.96,0.14
2020-03-10 08:00:00,34.50,35.41,0.16
2020-03-10 08:30:00,33.53,34.53,0.08
2020-03-10 09:00:00,33.25,33.77,0.08
2020-03-10 09:30:00,32.60,33.37,0.08
2020-03-10 10:00:00,32.36,33.07,0.08
2020-03-10 10:30:00,32.36,32.96,0.08
2020-03-10 11:00:00,32.74,33.41,0.08
2020-03-10 11:30:00,33.22,33.66,0.08
2020-03-10 12:00:00,33.48,34.47,0.08
2020-03-10 12:30:00,34.20,35.21,0.08
2020-03-10 13:00:00,34.38,35.07,0.08
2020-03-10 13:30:00,34.76,36.36,0.08
2020-03-10 14:00:00,35.33,36.03,0.08
2020-03-10 14:30:00,35.68,37.33,0.08
2020-03-10 15:00:00,36.94,39.36,0.08
2020-03-10 15:30:00,37.68,39.25,0.08
2020-03-10 16:00:00,37.06,38.24,0.08
2020-03-10 16:30:00,37.28,38.45,0.08
2020-03-10 17:00:00,37.15,38.17,0.08
2020-03-10 17:30:00,37.58,38.82,0.08
2020-03-10 18:00:00,37.92,38.87,0.08
2020-03-10 18:30:00,37.09,38.27,0.08
2020-03-10 19:00:00,36.37,37.53,0.08
2020-03-10 19:30:00,35.95,37.47,0.08
2020-03-10 20:00:00,35.84,36.42,0.08
2020-03-10 20:30:00,36.01,36.35,0.08
2020-03-10 22:00:00,36.22,37.30,0.08
2020-03-10 22:30:00,36.91,37.86,0.12
2020-03-10 23:00:00,37.24,37.67,0.08
2020-03-10 23:30:00,37.55,38.47,0.08
2020-03-11 00:00:00,37.31,38.12,0.08
2020-03-11 00:30:00,37.85,38.51,0.08
2020-03-11 01:00:00,37.36,38.23,0.08
2020-03-11 01:30:00,37.75,38.44,0.08
2020-03-11 02:00:00,37.90,38.56,0.08
2020-03-11 02:30:00,37.92,38.42,0.08
2020-03-11 03:00:00,37.88,38.49,0.08
2020-03-11 03:30:00,38.09,38.58,0.08
2020-03-11 04:00:00,38.17,38.44,0.08
2020-03-11 04:30:00,38.23,38.45,0.08
2020-03-11 05:00:00,38.36,39.25,0.08
2020-03-11 05:30:00,38.90,39.58,0.08
2020-03-11 06:00:00,38.33,39.37,0.08
2020-03-11 06:30:00,38.59,39.48,0.13
2020-03-11 07:00:00,38.29,39.30,0.08
2020-03-11 07:30:00,38.19,38.96,0.13
2020-03-11 08:00:00,37.97,38.98,0.11
2020-03-11 08:30:00,37.48,39.15,0.08
2020-03-11 09:00:00,37.91,38.53,0.08
2020-03-11 09:30:00,38.05,38.86,0.08
2020-03-11 10:00:00,38.42,39.27,0.12
2020-03-11 10:30:00,38.46,39.17,0.12
2020-03-11 11:00:00,38.75,39.35,0.14
2020-03-11 11:30:00,39.02,39.50,0.16
2020-03-11 12:00:00,38.98,39.43,0.12
2020-03-11 12:30:00,39.08,39.92,0.08
2020-03-11 13:00:00,38.76,39.90,0.08
2020-03-11 13:30:00,38.39,39.22,0.08
2020-03-11 14:00:00,38.38,39.00,0.08
2020-03-11 14:30:00,38.51,39.09,0.08
2020-03-11 15:00:00,38.72,39.60,0.08
2020-03-11 15:30:00,38.72,39.63,0.08
2020-03-11 16:00:00,38.32,39.02,0.08
2020-03-11 16:30:00,38.82,39.43,0.08
2020-03-11 17:00:00,39.29,40.16,0.08
2020-03-11 17:30:00,39.49,40.23,0.08
2020-03-11 18:00:00,39.83,40.85,0.08
2020-03-11 18:30:00,40.13,40.80,0.08
2020-03-11 19:00:00,40.45,41.52,0.08
2020-03-11 19:30:00,39.87,40.90,0.08
2020-03-11 20:00:00,39.93,40.77,0.08
2020-03-11 20:30:00,40.19,40.55,0.16
2020-03-11 22:00:00,39.44,40.68,0.17
2020-03-11 22:30:00,39.22,39.78,0.13
2020-03-11 23:00:00,39.39,40.03,0.08
2020-03-11 23:30:00,39.82,40.55,0.08
2020-03-12 00:00:00,40.09,41.30,0.08
2020-03-12 00:30:00,40.22,41.35,0.08
2020-03-12 01:00:00,40.33,43.50,0.10
2020-03-12 01:30:00,43.18,45.36,0.15
2020-03-12 02:00:00,45.22,46.42,0.15
2020-03-12 02:30:00,44.54,45.74,0.19
2020-03-12 03:00:00,44.27,45.30,0.16
2020-03-12 03:30:00,44.97,45.50,0.09
2020-03-12 04:00:00,43.66,45.28,0.17
2020-03-12 04:30:00,43.12,44.28,0.17
2020-03-12 05:00:00,43.51,44.68,0.19
2020-03-12 05:30:00,43.77,44.64,0.21
2020-03-12 06:00:00,44.07,44.82,0.17
2020-03-12 06:30:00,44.27,44.70,0.12
2020-03-12 07:00:00,43.84,44.78,0.25
2020-03-12 07:30:00,44.47,45.20,0.11
2020-03-12 08:00:00,43.98,44.98,0.18
2020-03-12 08:30:00,44.58,45.71,0.12
2020-03-12 09:00:00,45.39,45.98,0.19
2020-03-12 09:30:00,45.06,46.16,0.17
2020-03-12 10:00:00,45.34,46.03,0.16
2020-03-12 10:30:00,45.12,45.80,0.13
2020-03-12 11:00:00,45.13,45.74,0.09
2020-03-12 11:30:00,45.56,45.90,0.08
2020-03-12 12:00:00,45.76,46.27,0.08
2020-03-12 12:30:00,45.84,47.23,0.16
2020-03-12 13:00:00,46.30,47.62,0.15
2020-03-12 13:30:00,46.44,51.13,0.18
2020-03-12 14:00:00,46.40,48.36,0.08
2020-03-12 14:30:00,45.57,47.15,0.08
2020-03-12 15:00:00,45.88,47.44,0.08
2020-03-12 15:30:00,47.14,48.69,0.08
2020-03-12 16:00:00,47.89,49.59,0.08
2020-03-12 16:30:00,46.15,49.35,0.08
2020-03-12 17:00:00,43.62,47.43,0.08
2020-03-12 17:30:00,46.75,48.57,0.08
2020-03-12 18:00:00,47.00,48.65,0.08
2020-03-12 18:30:00,47.20,48.57,0.08
2020-03-12 19:00:00,47.55,48.89,0.08
2020-03-12 19:30:00,48.19,49.56,0.08
2020-03-12 20:00:00,47.46,50.12,0.08
2020-03-12 20:30:00,48.42,49.37,0.12
2020-03-12 22:00:00,50.04,51.37,0.08
2020-03-12 22:30:00,49.08,50.50,0.09
2020-03-12 23:00:00,49.32,50.55,0.16
2020-03-12 23:30:00,50.26,51.44,0.15
2020-03-13 00:00:00,50.14,51.04,0.15
2020-03-13 00:30:00,50.07,50.56,0.19
2020-03-13 01:00:00,50.50,52.26,0.14
2020-03-13 01:30:00,51.55,52.52,0.17
2020-03-13 02:00:00,52.16,52.76,0.13
2020-03-13 02:30:00,51.96,52.65,0.18
2020-03-13 03:00:00,52.35,52.90,0.16
2020-03-13 03:30:00,52.58,52.90,0.15
2020-03-13 04:00:00,51.53,52.83,0.14
2020-03-13 04:30:00,49.44,52.12,0.17
2020-03-13 05:00:00,46.60,49.60,0.20
2020-03-13 05:30:00,46.83,49.54,0.25
2020-03-13 06:00:00,49.36,51.07,0.30
2020-03-13 06:30:00,49.69,50.44,0.18
2020-03-13 07:00:00,47.66,50.24,0.27
2020-03-13 07:30:00,47.07,48.32,0.30
2020-03-13 08:00:00,46.74,48.14,0.18
2020-03-13 08:30:00,47.37,48.83,0.12
2020-03-13 09:00:00,47.75,49.07,0.18
2020-03-13 09:30:00,47.07,48.10,0.19
2020-03-13 10:00:00,46.84,47.61,0.22
2020-03-13 10:30:00,46.96,47.66,0.16
2020-03-13 11:00:00,45.12,47.16,0.15
2020-03-13 11:30:00,45.00,45.48,0.14
2020-03-13 12:00:00,43.32,45.18,0.15
2020-03-13 12:30:00,42.34,43.72,0.16
2020-03-13 13:00:00,43.12,44.07,0.16
2020-03-13 13:30:00,43.54,48.17,0.08
2020-03-13 14:00:00,45.70,47.97,0.16
2020-03-13 14:30:00,46.38,48.37,0.14
2020-03-13 15:00:00,47.52,49.23,0.08
2020-03-13 15:30:00,48.71,51.09,0.14
2020-03-13 16:00:00,48.74,50.20,0.13
2020-03-13 16:30:00,47.63,49.93,0.08
2020-03-13 17:00:00,46.98,49.11,0.08
2020-03-13 17:30:00,46.50,47.91,0.14
2020-03-13 18:00:00,46.00,47.40,0.14
2020-03-13 18:30:00,44.92,47.10,0.08
2020-03-13 19:00:00,44.45,46.32,0.17
2020-03-13 19:30:00,43.91,48.58,0.16
2020-03-13 20:00:00,43.49,45.48,0.08
2020-03-13 20:30:00,45.05,46.06,0.15
2020-03-15 22:00:00,45.64,50.30,0.17
2020-03-15 22:30:00,49.06,50.54,0.16
2020-03-15 23:00:00,48.98,49.42,0.15
2020-03-15 23:30:00,49.13,49.59,0.08
2020-03-16 00:00:00,48.90,51.52,0.15
2020-03-16 00:30:00,49.65,51.00,0.27
2020-03-16 01:00:00,49.85,51.20,0.22
2020-03-16 01:30:00,50.19,50.68,0.16
2020-03-16 02:00:00,50.16,50.64,0.15
2020-03-16 02:30:00,50.34,50.65,0.26
2020-03-16 03:00:00,50.29,50.70,0.29
2020-03-16 03:30:00,50.47,51.02,0.13
2020-03-16 04:00:00,50.81,51.31,0.14
2020-03-16 04:30:00,51.10,51.78,0.08
2020-03-16 05:00:00,51.26,52.23,0.16
2020-03-16 05:30:00,51.82,52.77,0.08
2020-03-16 06:00:00,52.53,53.08,0.19
2020-03-16 06:30:00,52.90,53.51,0.16
2020-03-16 07:00:00,53.43,54.18,0.17
2020-03-16 07:30:00,53.53,54.16,0.29
2020-03-16 08:00:00,52.46,56.73,0.08
2020-03-16 08:30:00,56.11,57.92,0.29
2020-03-16 09:00:00,56.04,57.56,0.17
2020-03-16 09:30:00,55.58,57.02,0.25
2020-03-16 10:00:00,56.39,57.12,0.19
2020-03-16 10:30:00,57.01,57.72,0.17
2020-03-16 11:00:00,54.98,57.38,0.30
2020-03-16 11:30:00,55.94,56.68,0.15
2020-03-16 12:00:00,56.07,56.84,0.17
2020-03-16 12:30:00,56.72,57.85,0.16
2020-03-16 13:00:00,55.12,57.14,0.17
2020-03-16 13:30:00,52.20,57.69,0.30
2020-03-16 14:00:00,53.18,55.16,0.20
2020-03-16 14:30:00,52.96,55.05,0.08
2020-03-16 15:00:00,52.90,54.24,0.14
2020-03-16 15:30:00,53.04,54.74,0.16
2020-03-16 16:00:00,53.42,54.38,0.16
2020-03-16 16:30:00,53.38,54.68,0.08
2020-03-16 17:00:00,53.80,54.92,0.17
2020-03-16 17:30:00,54.40,56.46,0.17
2020-03-16 18:00:00,56.28,58.32,0.14
2020-03-16 18:30:00,55.84,58.21,0.16
2020-03-16 19:00:00,56.86,59.18,0.14
2020-03-16 19:30:00,58.98,63.08,0.16
2020-03-16 20:00:00,58.66,62.04,0.17
2020-03-16 20:30:00,58.12,59.75,0.14
2020-03-16 22:00:00,57.82,60.21,0.30
2020-03-16 22:30:00,58.02,58.83,0.24
2020-03-16 23:00:00,57.79,58.71,0.22
2020-03-16 23:30:00,57.60,58.36,0.29
2020-03-17 00:00:00,56.62,58.92,0.30
2020-03-17 00:30:00,55.06,57.36,0.30
2020-03-17 01:00:00,50.00,55.82,0.19
2020-03-17 01:30:00,51.16,54.32,0.14
2020-03-17 02:00:00,52.59,55.38,0.30
2020-03-17 02:30:00,53.61,54.82,0.25
2020-03-17 03:00:00,54.12,54.99,0.30
2020-03-17 03:30:00,53.91,54.61,0.30
2020-03-17 04:00:00,53.56,54.22,0.30
2020-03-17 04:30:00,53.19,54.24,0.30
2020-03-17 05:00:00,52.60,53.94,0.28
2020-03-17 05:30:00,53.30,54.21,0.28
2020-03-17 06:00:00,53.66,54.38,0.22
2020-03-17 06:30:00,53.33,54.10,0.27
2020-03-17 07:00:00,53.04,53.68,0.25
2020-03-17 07:30:00,52.68,53.38,0.17
2020-03-17 08:00:00,52.76,55.09,0.30
2020-03-17 08:30:00,54.39,57.70,0.30
2020-03-17 09:00:00,56.45,58.20,0.25
2020-03-17 09:30:00,57.78,59.22,0.19
2020-03-17 10:00:00,56.58,59.10,0.27
2020-03-17 10:30:00,55.54,57.66,0.15
2020-03-17 11:00:00,55.65,57.70,0.12
2020-03-17 11:30:00,57.56,58.66,0.19
2020-03-17 12:00:00,57.34,58.44,0.16
2020-03-17 12:30:00,57.16,58.39,0.16
2020-03-17 13:00:00,57.06,58.37,0.14
2020-03-17 13:30:00,57.29,62.26,0.19
2020-03-17 14:00:00,59.40,62.80,0.19
2020-03-17 14:30:00,59.54,61.18,0.19
2020-03-17 15:00:00,57.06,60.47,0.28
2020-03-17 15:30:00,57.12,58.90,0.24
2020-03-17 16:00:00,54.46,58.44,0.22
2020-03-17 16:30:00,57.14,59.05,0.08
2020-03-17 17:00:00,58.36,60.42,0.09
2020-03-17 17:30:00,57.89,59.86,0.08
2020-03-17 18:00:00,57.00,58.78,0.14
2020-03-17 18:30:00,56.20,59.15,0.08
2020-03-17 19:00:00,57.94,60.74,0.16
2020-03-17 19:30:00,58.66,60.64,0.16
2020-03-17 20:00:00,58.20,60.99,0.30
2020-03-17 20:30:00,59.93,60.64,0.19
2020-03-17 22:00:00,60.05,60.69,0.30
2020-03-17 22:30:00,60.09,62.04,0.19
2020-03-17 23:00:00,61.44,62.30,0.27
2020-03-17 23:30:00,61.78,63.11,0.30
2020-03-18 00:00:00,60.97,63.11,0.30
2020-03-18 00:30:00,61.54,62.69,0.30
2020-03-18 01:00:00,60.56,62.51,0.30
2020-03-18 01:30:00,60.24,61.00,0.30
2020-03-18 02:00:00,60.26,61.07,0.30
2020-03-18 02:30:00,59.64,60.65,0.28
2020-03-18 03:00:00,59.86,60.38,0.30
2020-03-18 03:30:00,60.16,61.45,0.30
2020-03-18 04:00:00,60.96,61.86,0.29
2020-03-18 04:30:00,61.44,62.39,0.30
2020-03-18 05:00:00,61.92,64.47,0.30
2020-03-18 05:30:00,64.40,66.14,0.30
2020-03-18 06:00:00,65.10,66.67,0.30
2020-03-18 06:30:00,66.09,68.08,0.30
2020-03-18 07:00:00,65.80,67.24,0.30
2020-03-18 07:30:00,64.55,66.04,0.30
2020-03-18 08:00:00,64.45,65.65,0.30
2020-03-18 08:30:00,63.15,64.69,0.30
2020-03-18 09:00:00,64.12,65.75,0.30
2020-03-18 09:30:00,65.49,66.33,0.30
2020-03-18 10:00:00,65.35,66.38,0.30
2020-03-18 10:30:00,66.08,67.13,0.30
2020-03-18 11:00:00,65.93,67.12,0.30
2020-03-18 11:30:00,65.90,66.79,0.30
2020-03-18 12:00:00,65.66,66.22,0.25
2020-03-18 12:30:00,65.80,66.42,0.21
2020-03-18 13:00:00,65.70,66.36,0.25
2020-03-18 13:30:00,63.83,66.20,0.25
2020-03-18 14:00:00,62.19,64.75,0.08
2020-03-18 14:30:00,63.27,65.37,0.08
2020-03-18 15:00:00,65.12,66.05,0.08
2020-03-18 15:30:00,65.33,66.99,0.08
2020-03-18 16:00:00,65.92,68.08,0.08
2020-03-18 16:30:00,67.49,73.81,0.08
2020-03-18 17:00:00,72.31,79.72,0.30
2020-03-18 17:30:00,72.93,78.17,0.16
2020-03-18 18:00:00,75.04,78.79,0.16
2020-03-18 18:30:00,75.51,78.26,0.18
2020-03-18 19:00:00,72.14,76.76,0.16
2020-03-18 19:30:00,67.96,77.37,0.16
2020-03-18 20:00:00,67.70,71.56,0.16
2020-03-18 20:30:00,69.57,70.77,0.16
2020-03-18 22:00:00,68.46,72.09,0.26
2020-03-18 22:30:00,68.16,71.22,0.23
2020-03-18 23:00:00,67.82,69.20,0.27
2020-03-18 23:30:00,66.72,68.03,0.20
2020-03-19 00:00:00,66.67,68.44,0.19
2020-03-19 00:30:00,67.66,70.25,0.16
2020-03-19 01:00:00,69.88,72.34,0.19
2020-03-19 01:30:00,70.19,72.38,0.30
2020-03-19 02:00:00,72.21,75.90,0.25
2020-03-19 02:30:00,75.69,77.70,0.25
2020-03-19 03:00:00,76.06,78.88,0.19
2020-03-19 03:30:00,75.56,78.28,0.25
2020-03-19 04:00:00,76.76,78.63,0.30
2020-03-19 04:30:00,76.78,78.08,0.23
2020-03-19 05:00:00,77.12,78.64,0.16
2020-03-19 05:30:00,76.62,78.70,0.31
2020-03-19 06:00:00,75.04,77.24,0.30
2020-03-19 06:30:00,73.22,76.52,0.25
2020-03-19 07:00:00,72.92,75.61,0.26
2020-03-19 07:30:00,72.74,75.54,0.16
2020-03-19 08:00:00,70.83,74.53,0.30
2020-03-19 08:30:00,69.60,71.23,0.30
2020-03-19 09:00:00,69.81,71.28,0.30
2020-03-19 09:30:00,70.50,71.76,0.30
2020-03-19 10:00:00,70.88,72.51,0.16
2020-03-19 10:30:00,71.12,72.02,0.25
2020-03-19 11:00:00,71.58,72.54,0.16
2020-03-19 11:30:00,72.40,73.46,0.27
2020-03-19 12:00:00,73.04,76.16,0.25
2020-03-19 12:30:00,72.53,75.96,0.21
2020-03-19 13:00:00,72.51,73.84,0.16
2020-03-19 13:30:00,72.74,76.74,0.16
2020-03-19 14:00:00,71.08,74.79,0.16
2020-03-19 14:30:00,71.59,74.75,0.16
2020-03-19 15:00:00,71.93,75.76,0.16
2020-03-19 15:30:00,67.63,72.82,0.16
2020-03-19 16:00:00,69.20,71.27,0.16
2020-03-19 16:30:00,67.55,70.95,0.16
2020-03-19 17:00:00,67.26,69.08,0.16
2020-03-19 17:30:00,65.60,68.55,0.16
2020-03-19 18:00:00,64.08,67.28,0.18
2020-03-19 18:30:00,58.64,64.62,0.16
2020-03-19 19:00:00,56.80,61.45,0.16
2020-03-19 19:30:00,56.14,62.14,0.19
2020-03-19 20:00:00,60.81,65.58,0.16
2020-03-19 20:30:00,65.77,67.86,0.21
2020-03-19 22:00:00,65.19,67.88,0.25
2020-03-19 22:30:00,67.12,68.05,0.16
2020-03-19 23:00:00,66.76,67.99,0.18
2020-03-19 23:30:00,66.57,67.48,0.23
2020-03-20 00:00:00,65.60,67.36,0.25
2020-03-20 00:30:00,65.65,67.04,0.25
2020-03-20 01:00:00,64.59,66.96,0.20
2020-03-20 01:30:00,64.92,66.82,0.25
2020-03-20 02:00:00,64.96,66.20,0.16
2020-03-20 02:30:00,65.16,65.95,0.16
2020-03-20 03:00:00,65.32,66.23,0.16
2020-03-20 03:30:00,64.89,65.72,0.21
2020-03-20 04:00:00,62.81,65.07,0.16
2020-03-20 04:30:00,62.34,63.22,0.23
2020-03-20 05:00:00,62.06,63.04,0.23
2020-03-20 05:30:00,62.00,62.62,0.25
2020-03-20 06:00:00,60.23,62.30,0.25
2020-03-20 06:30:00,59.16,60.80,0.21
2020-03-20 07:00:00,58.58,60.76,0.19
2020-03-20 07:30:00,58.08,59.06,0.25
2020-03-20 08:00:00,55.83,58.17,0.18
2020-03-20 08:30:00,56.78,58.20,0.25
2020-03-20 09:00:00,56.42,57.45,0.20
2020-03-20 09:30:00,56.23,57.31,0.22
2020-03-20 10:00:00,56.16,57.61,0.16
2020-03-20 10:30:00,57.55,58.30,0.19
2020-03-20 11:00:00,57.96,60.74,0.19
2020-03-20 11:30:00,58.93,60.12,0.19
2020-03-20 12:00:00,58.78,60.91,0.16
2020-03-20 12:30:00,60.44,61.89,0.16
2020-03-20 13:00:00,59.06,61.93,0.16
2020-03-20 13:30:00,58.66,62.89,0.16
2020-03-20 14:00:00,54.80,60.02,0.16
2020-03-20 14:30:00,52.69,55.66,0.16
2020-03-20 15:00:00,52.43,59.83,0.16
2020-03-20 15:30:00,56.34,58.26,0.16
2020-03-20 16:00:00,57.43,61.02,0.16
2020-03-20 16:30:00,56.17,60.85,0.18
2020-03-20 17:00:00,56.31,57.99,0.16
2020-03-20 17:30:00,56.59,57.69,0.16
2020-03-20 18:00:00,56.35,59.05,0.16
2020-03-20 18:30:00,57.96,60.49,0.16
2020-03-20 19:00:00,57.62,60.23,0.16
2020-03-20 19:30:00,57.49,61.92,0.16
2020-03-20 20:00:00,60.27,61.89,0.16
2020-03-20 20:30:00,60.94,61.48,0.16
2020-03-22 22:00:00,64.38,70.50,0.30
2020-03-22 22:30:00,67.70,69.22,0.19
2020-03-22 23:00:00,68.14,68.82,0.16
2020-03-22 23:30:00,64.68,69.00,0.29
2020-03-23 00:00:00,66.52,69.14,0.23
2020-03-23 00:30:00,66.77,68.84,0.25
2020-03-23 01:00:00,68.62,70.16,0.25
2020-03-23 01:30:00,66.43,68.84,0.19
2020-03-23 02:00:00,67.04,68.40,0.19
2020-03-23 02:30:00,66.46,68.14,0.23
2020-03-23 03:00:00,64.98,66.81,0.16
2020-03-23 03:30:00,64.76,65.96,0.19
2020-03-23 04:00:00,62.52,65.34,0.23
2020-03-23 04:30:00,63.14,64.60,0.18
2020-03-23 05:00:00,63.10,66.24,0.16
2020-03-23 05:30:00,63.74,65.74,0.25
2020-03-23 06:00:00,63.46,64.71,0.20
2020-03-23 06:30:00,63.98,64.62,0.21
2020-03-23 07:00:00,63.54,64.81,0.26
2020-03-23 07:30:00,64.58,66.32,0.25
2020-03-23 08:00:00,64.54,65.90,0.18
2020-03-23 08:30:00,63.89,65.24,0.25
2020-03-23 09:00:00,63.00,64.68,0.25
2020-03-23 09:30:00,62.10,63.54,0.25
2020-03-23 10:00:00,61.93,63.18,0.21
2020-03-23 10:30:00,61.86,62.80,0.21
2020-03-23 11:00:00,62.29,63.05,0.26
2020-03-23 11:30:00,62.41,63.30,0.19
2020-03-23 12:00:00,53.32,62.52,0.20
2020-03-23 12:30:00,53.08,57.22,0.23
2020-03-23 13:00:00,53.22,56.57,0.16
2020-03-23 13:30:00,53.84,58.61,0.16
2020-03-23 14:00:00,52.73,55.89,0.18
2020-03-23 14:30:00,51.28,54.22,0.16
2020-03-23 15:00:00,52.78,55.09,0.16
2020-03-23 15:30:00,53.63,55.79,0.16
2020-03-23 16:00:00,53.31,55.30,0.16
2020-03-23 16:30:00,52.49,55.14,0.16
2020-03-23 17:00:00,52.17,54.07,0.16
2020-03-23 17:30:00,52.25,54.84,0.19
2020-03-23 18:00:00,53.09,55.02,0.16
2020-03-23 18:30:00,52.78,54.23,0.16
2020-03-23 19:00:00,51.79,53.87,0.16
2020-03-23 19:30:00,48.76,53.49,0.16
2020-03-23 20:00:00,48.30,51.28,0.16
2020-03-23 20:30:00,47.57,48.63,0.16
2020-03-23 22:00:00,45.44,47.54,0.25
2020-03-23 22:30:00,45.20,46.22,0.25
2020-03-23 23:00:00,44.66,45.73,0.22
2020-03-23 23:30:00,45.36,46.36,0.30
2020-03-24 00:00:00,45.84,46.92,0.16
2020-03-24 00:30:00,45.68,46.60,0.24
2020-03-24 01:00:00,43.74,45.78,0.18
2020-03-24 01:30:00,43.43,45.10,0.21
2020-03-24 02:00:00,43.44,44.26,0.19
2020-03-24 02:30:00,43.26,44.06,0.23
2020-03-24 03:00:00,43.50,44.22,0.27
2020-03-24 03:30:00,43.57,45.35,0.22
2020-03-24 04:00:00,44.39,45.46,0.17
2020-03-24 04:30:00,44.16,44.90,0.18
2020-03-24 05:00:00,43.41,44.47,0.22
2020-03-24 05:30:00,43.54,44.62,0.25
2020-03-24 06:00:00,43.09,43.92,0.21
2020-03-24 06:30:00,43.48,44.22,0.19
2020-03-24 07:00:00,43.88,45.26,0.23
2020-03-24 07:30:00,44.72,45.43,0.18
2020-03-24 08:00:00,44.20,45.28,0.25
2020-03-24 08:30:00,44.67,45.68,0.17
2020-03-24 09:00:00,44.27,45.21,0.16
2020-03-24 09:30:00,44.32,45.64,0.18
2020-03-24 10:00:00,42.09,44.37,0.18
2020-03-24 10:30:00,41.68,42.30,0.23
2020-03-24 11:00:00,42.02,43.57,0.20
2020-03-24 11:30:00,42.32,43.34,0.17
2020-03-24 12:00:00,41.86,43.67,0.16
2020-03-24 12:30:00,41.68,42.90,0.18
2020-03-24 13:00:00,41.10,42.61,0.16
2020-03-24 13:30:00,38.98,41.29,0.16
2020-03-24 14:00:00,39.86,41.06,0.16
2020-03-24 14:30:00,40.92,43.18,0.16
2020-03-24 15:00:00,42.29,43.67,0.16
2020-03-24 15:30:00,42.82,45.21,0.16
2020-03-24 16:00:00,44.33,45.81,0.16
2020-03-24 16:30:00,44.21,45.58,0.16
2020-03-24 17:00:00,44.73,45.55,0.16
2020-03-24 17:30:00,43.44,45.25,0.16
2020-03-24 18:00:00,41.63,44.75,0.16
2020-03-24 18:30:00,41.72,44.44,0.16
2020-03-24 19:00:00,43.59,45.22,0.16
2020-03-24 19:30:00,44.50,46.88,0.16
2020-03-24 20:00:00,45.59,46.83,0.16
2020-03-24 20:30:00,44.36,45.96,0.16
2020-03-24 22:00:00,43.34,45.34,0.25
2020-03-24 22:30:00,43.07,43.71,0.24
2020-03-24 23:00:00,43.62,45.08,0.20
2020-03-24 23:30:00,44.70,45.77,0.16
2020-03-25 00:00:00,43.67,45.30,0.21
2020-03-25 00:30:00,44.15,45.28,0.23
2020-03-25 01:00:00,43.54,44.60,0.20
2020-03-25 01:30:00,43.32,44.26,0.23
2020-03-25 02:00:00,43.80,44.44,0.19
2020-03-25 02:30:00,44.18,44.95,0.20
2020-03-25 03:00:00,44.04,44.93,0.22
2020-03-25 03:30:00,44.06,44.64,0.20
2020-03-25 04:00:00,44.16,44.88,0.17
2020-03-25 04:30:00,43.63,46.09,0.16
2020-03-25 05:00:00,43.60,45.83,0.20
2020-03-25 05:30:00,42.78,44.94,0.29
2020-03-25 06:00:00,42.78,44.52,0.21
2020-03-25 06:30:00,43.14,44.08,0.25
2020-03-25 07:00:00,42.96,43.62,0.23
2020-03-25 07:30:00,42.62,43.49,0.22
2020-03-25 08:00:00,42.48,43.52,0.18
2020-03-25 08:30:00,42.34,43.08,0.20
2020-03-25 09:00:00,42.61,43.29,0.20
2020-03-25 09:30:00,43.08,45.07,0.22
2020-03-25 10:00:00,44.09,45.83,0.16
2020-03-25 10:30:00,45.48,49.90,0.25
2020-03-25 11:00:00,47.70,49.98,0.23
2020-03-25 11:30:00,48.29,50.34,0.27
2020-03-25 12:00:00,47.56,48.92,0.19
2020-03-25 12:30:00,47.89,48.58,0.23
2020-03-25 13:00:00,46.84,48.80,0.17
2020-03-25 13:30:00,46.78,49.51,0.16
2020-03-25 14:00:00,49.41,51.34,0.16
2020-03-25 14:30:00,48.24,50.84,0.16
2020-03-25 15:00:00,48.04,49.58,0.16
2020-03-25 15:30:00,48.36,49.63,0.16
2020-03-25 16:00:00,48.11,48.97,0.16
2020-03-25 16:30:00,47.56,48.82,0.16
2020-03-25 17:00:00,48.25,49.21,0.16
2020-03-25 17:30:00,48.22,49.48,0.16
2020-03-25 18:00:00,48.54,49.45,0.16
2020-03-25 18:30:00,47.34,49.07,0.16
2020-03-25 19:00:00,46.58,48.08,0.16
2020-03-25 19:30:00,47.48,50.03,0.16
2020-03-25 20:00:00,48.30,49.48,0.17
2020-03-25 20:30:00,49.01,49.51,0.16
2020-03-25 22:00:00,48.54,49.59,0.30
2020-03-25 22:30:00,48.66,49.10,0.23
2020-03-25 23:00:00,48.97,49.50,0.16
2020-03-25 23:30:00,49.10,49.48,0.18
2020-03-26 00:00:00,48.46,49.46,0.17
2020-03-26 00:30:00,48.58,49.59,0.20
2020-03-26 01:00:00,48.89,51.08,0.19
2020-03-26 01:30:00,49.84,50.93,0.22
2020-03-26 02:00:00,50.01,50.90,0.21
2020-03-26 02:30:00,49.82,50.54,0.25
2020-03-26 03:00:00,49.53,50.06,0.25
2020-03-26 03:30:00,49.51,50.76,0.19
2020-03-26 04:00:00,49.72,50.42,0.19
2020-03-26 04:30:00,49.72,50.28,0.17
2020-03-26 05:00:00,49.79,50.52,0.19
2020-03-26 05:30:00,49.85,52.09,0.22
2020-03-26 06:00:00,51.36,51.96,0.21
2020-03-26 06:30:00,51.29,51.96,0.19
2020-03-26 07:00:00,51.44,52.22,0.29
2020-03-26 07:30:00,51.80,52.78,0.23
2020-03-26 08:00:00,51.34,52.50,0.25
2020-03-26 08:30:00,51.80,52.50,0.17
2020-03-26 09:00:00,52.18,52.72,0.18
2020-03-26 09:30:00,51.50,52.78,0.17
2020-03-26 10:00:00,51.24,51.91,0.18
2020-03-26 10:30:00,50.06,51.51,0.24
2020-03-26 11:00:00,50.55,51.20,0.19
2020-03-26 11:30:00,50.90,52.04,0.19
2020-03-26 12:00:00,51.69,53.12,0.17
2020-03-26 12:30:00,49.47,52.96,0.25
2020-03-26 13:00:00,47.70,50.06,0.19
2020-03-26 13:30:00,46.81,48.27,0.16
2020-03-26 14:00:00,45.54,47.32,0.16
2020-03-26 14:30:00,44.74,46.53,0.16
2020-03-26 15:00:00,45.00,45.71,0.16
2020-03-26 15:30:00,45.45,46.11,0.16
2020-03-26 16:00:00,45.19,46.09,0.16
2020-03-26 16:30:00,44.99,45.57,0.16
2020-03-26 17:00:00,45.40,46.28,0.16
2020-03-26 17:30:00,45.59,46.33,0.16
2020-03-26 18:00:00,45.26,46.04,0.16
2020-03-26 18:30:00,45.13,45.84,0.16
2020-03-26 19:00:00,45.21,45.96,0.16
2020-03-26 19:30:00,44.27,45.71,0.16
2020-03-26 20:00:00,43.56,44.96,0.16
2020-03-26 20:30:00,43.73,44.22,0.21
2020-03-26 22:00:00,43.67,44.73,0.22
2020-03-26 22:30:00,44.56,45.14,0.16
2020-03-26 23:00:00,44.06,45.16,0.17
2020-03-26 23:30:00,44.07,44.61,0.18
2020-03-27 00:00:00,43.88,44.52,0.20
2020-03-27 00:30:00,43.38,45.03,0.16
2020-03-27 01:00:00,44.97,46.98,0.17
2020-03-27 01:30:00,45.87,47.08,0.18
2020-03-27 02:00:00,46.30,47.40,0.21
2020-03-27 02:30:00,46.85,47.30,0.18
2020-03-27 03:00:00,46.53,47.30,0.23
2020-03-27 03:30:00,46.49,47.20,0.23
2020-03-27 04:00:00,46.54,47.28,0.16
2020-03-27 04:30:00,47.14,47.86,0.16
2020-03-27 05:00:00,47.62,48.58,0.19
2020-03-27 05:30:00,47.20,48.30,0.18
2020-03-27 06:00:00,46.58,47.54,0.25
2020-03-27 06:30:00,46.66,47.41,0.22
2020-03-27 07:00:00,46.75,47.54,0.24
2020-03-27 07:30:00,46.90,47.62,0.21
2020-03-27 08:00:00,46.92,47.67,0.22
2020-03-27 08:30:00,47.39,48.18,0.19
2020-03-27 09:00:00,47.46,48.18,0.23
2020-03-27 09:30:00,47.53,48.00,0.23
2020-03-27 10:00:00,47.96,48.46,0.21
2020-03-27 10:30:00,47.56,48.51,0.20
2020-03-27 11:00:00,47.12,48.34,0.23
2020-03-27 11:30:00,47.33,48.01,0.16
2020-03-27 12:00:00,47.82,48.50,0.19
2020-03-27 12:30:00,47.48,48.55,0.16
2020-03-27 13:00:00,48.20,49.36,0.18
2020-03-27 13:30:00,46.83,48.94,0.16
2020-03-27 14:00:00,47.48,48.64,0.16
2020-03-27 14:30:00,48.21,48.73,0.16
2020-03-27 15:00:00,47.67,48.54,0.16
2020-03-27 15:30:00,47.71,48.48,0.16
2020-03-27 16:00:00,48.18,48.98,0.16
2020-03-27 16:30:00,48.08,49.04,0.16
2020-03-27 17:00:00,48.04,48.77,0.16
2020-03-27 17:30:00,47.44,48.39,0.16
2020-03-27 18:00:00,47.58,48.29,0.16
2020-03-27 18:30:00,47.39,48.01,0.16
2020-03-27 19:00:00,47.03,47.67,0.16
2020-03-27 19:30:00,47.01,48.88,0.16
2020-03-27 20:00:00,48.42,50.11,0.20
2020-03-27 20:30:00,49.92,50.24,0.17
2020-03-29 22:00:00,49.70,51.34,0.25
2020-03-29 22:30:00,50.10,51.45,0.20
2020-03-29 23:00:00,50.47,51.30,0.22
2020-03-29 23:30:00,50.14,50.72,0.25
2020-03-30 00:00:00,48.49,50.56,0.22
2020-03-30 00:30:00,49.06,50.21,0.16
2020-03-30 01:00:00,49.96,51.26,0.16
2020-03-30 01:30:00,50.37,50.90,0.21
2020-03-30 02:00:00,49.82,50.86,0.18
2020-03-30 02:30:00,49.98,50.42,0.20
2020-03-30 03:00:00,49.90,50.72,0.25
2020-03-30 03:30:00,49.48,49.98,0.17
2020-03-30 04:00:00,47.22,49.61,0.18
2020-03-30 04:30:00,47.30,48.68,0.19
2020-03-30 05:00:00,46.65,47.90,0.21
2020-03-30 05:30:00,46.29,47.29,0.20
2020-03-30 06:00:00,46.80,47.80,0.22
2020-03-30 06:30:00,47.58,48.34,0.24
2020-03-30 07:00:00,47.41,49.00,0.24
2020-03-30 07:30:00,48.84,49.86,0.19
2020-03-30 08:00:00,48.55,49.58,0.22
2020-03-30 08:30:00,47.76,49.37,0.24
2020-03-30 09:00:00,47.62,49.00,0.19
2020-03-30 09:30:00,47.57,48.52,0.21
2020-03-30 10:00:00,47.56,48.48,0.19
2020-03-30 10:30:00,47.10,48.08,0.22
2020-03-30 11:00:00,47.72,48.53,0.16
2020-03-30 11:30:00,47.80,48.44,0.19
2020-03-30 12:00:00,47.56,48.32,0.18
2020-03-30 12:30:00,47.43,47.90,0.16
2020-03-30 13:00:00,47.44,47.89,0.16
2020-03-30 13:30:00,47.06,49.24,0.16
2020-03-30 14:00:00,47.47,48.27,0.16
2020-03-30 14:30:00,47.61,48.15,0.16
2020-03-30 15:00:00,47.45,48.01,0.16
2020-03-30 15:30:00,47.67,48.13,0.16
2020-03-30 16:00:00,47.46,48.09,0.16
2020-03-30 16:30:00,47.43,47.83,0.16
2020-03-30 17:00:00,47.17,47.85,0.16
2020-03-30 17:30:00,47.15,47.62,0.16
2020-03-30 18:00:00,47.16,47.83,0.16
2020-03-30 18:30:00,46.98,47.36,0.16
2020-03-30 19:00:00,46.55,47.30,0.16
2020-03-30 19:30:00,46.13,47.17,0.16
2020-03-30 20:00:00,46.15,46.56,0.16
2020-03-30 20:30:00,46.05,46.43,0.16
2020-03-30 23:00:00,46.24,46.69,0.16
2020-03-30 23:30:00,46.15,46.50,0.19
2020-03-31 00:00:00,45.37,46.20,0.16
2020-03-31 00:30:00,45.21,45.72,0.16
2020-03-31 01:00:00,45.05,45.76,0.16
2020-03-31 01:30:00,45.57,45.89,0.16
2020-03-31 02:00:00,45.42,45.85,0.16
2020-03-31 02:30:00,45.42,45.70,0.19
2020-03-31 03:00:00,45.58,46.09,0.18
2020-03-31 03:30:00,45.70,46.15,0.16
2020-03-31 04:00:00,46.08,46.40,0.16
2020-03-31 04:30:00,46.34,47.20,0.16
2020-03-31 05:00:00,46.21,47.19,0.16
2020-03-31 05:30:00,46.06,46.94,0.16
2020-03-31 06:00:00,45.90,46.96,0.16
2020-03-31 06:30:00,45.73,46.11,0.16
2020-03-31 07:00:00,45.23,45.94,0.16
2020-03-31 07:30:00,45.41,46.23,0.18
2020-03-31 08:00:00,45.15,45.80,0.19
2020-03-31 08:30:00,44.94,45.36,0.25
2020-03-31 09:00:00,45.03,45.21,0.16
2020-03-31 09:30:00,45.06,45.58,0.16
2020-03-31 10:00:00,45.26,46.29,0.16
2020-03-31 10:30:00,45.69,46.25,0.16
2020-03-31 11:00:00,46.04,46.51,0.18
2020-03-31 11:30:00,45.91,46.37,0.16
2020-03-31 12:00:00,46.05,47.56,0.16
2020-03-31 12:30:00,46.55,47.04,0.16
2020-03-31 13:00:00,46.11,46.79,0.16
2020-03-31 13:30:00,45.34,46.56,0.16
2020-03-31 14:00:00,43.55,45.52,0.16
2020-03-31 14:30:00,43.25,43.75,0.16
2020-03-31 15:00:00,43.31,43.86,0.16
2020-03-31 15:30:00,43.01,43.66,0.16
2020-03-31 16:00:00,43.16,44.38,0.16
2020-03-31 16:30:00,43.89,45.14,0.16
2020-03-31 17:00:00,44.27,44.95,0.16
2020-03-31 17:30:00,43.97,44.95,0.16
2020-03-31 18:00:00,43.29,44.17,0.16
2020-03-31 18:30:00,43.04,43.85,0.16
2020-03-31 19:00:00,43.03,44.61,0.16
2020-03-31 19:30:00,43.30,44.28,0.16
2020-03-31 20:00:00,42.93,43.84,0.16
2020-03-31 20:30:00,43.72,44.14,0.16
2020-03-31 22:00:00,44.18,44.94,0.20
2020-03-31 22:30:00,44.62,45.30,0.17
2020-03-31 23:00:00,44.59,45.45,0.16
2020-03-31 23:30:00,44.73,45.36,0.16
2020-04-01 00:00:00,44.88,45.49,0.16
2020-04-01 00:30:00,44.27,45.26,0.16
2020-04-01 01:00:00,44.57,45.41,0.16
2020-04-01 01:30:00,44.82,45.33,0.16
2020-04-01 02:00:00,44.80,45.36,0.16
2020-04-01 02:30:00,44.86,45.28,0.16
2020-04-01 03:00:00,45.07,45.39,0.16
2020-04-01 03:30:00,45.00,45.36,0.16
2020-04-01 04:00:00,45.18,45.52,0.16
2020-04-01 04:30:00,45.07,45.55,0.16
2020-04-01 05:00:00,45.02,45.41,0.16
2020-04-01 05:30:00,45.23,46.31,0.16
2020-04-01 06:00:00,45.99,46.74,0.16
2020-04-01 06:30:00,46.14,46.72,0.16
2020-04-01 07:00:00,45.93,46.70,0.20
2020-04-01 07:30:00,46.44,47.27,0.16
2020-04-01 08:00:00,46.43,47.18,0.18
2020-04-01 08:30:00,46.48,46.95,0.16
2020-04-01 09:00:00,46.14,46.86,0.16
2020-04-01 09:30:00,46.08,46.64,0.16
2020-04-01 10:00:00,46.08,46.87,0.16
2020-04-01 10:30:00,46.28,46.82,0.17
2020-04-01 11:00:00,46.48,46.97,0.16
2020-04-01 11:30:00,46.30,46.65,0.16
2020-04-01 12:00:00,46.13,47.01,0.16
2020-04-01 12:30:00,46.13,46.69,0.16
2020-04-01 13:00:00,46.11,46.73,0.16
2020-04-01 13:30:00,45.06,46.71,0.16
2020-04-01 14:00:00,44.55,45.54,0.16
2020-04-01 14:30:00,44.31,45.07,0.16
2020-04-01 15:00:00,44.51,45.68,0.16
2020-04-01 15:30:00,45.20,45.82,0.16
2020-04-01 16:00:00,45.60,46.40,0.16
2020-04-01 16:30:00,46.17,47.19,0.16
2020-04-01 17:00:00,46.63,47.29,0.16
2020-04-01 17:30:00,46.54,47.06,0.16
2020-04-01 18:00:00,46.21,46.88,0.16
2020-04-01 18:30:00,46.66,47.35,0.16
2020-04-01 19:00:00,47.05,47.51,0.16
2020-04-01 19:30:00,46.82,47.87,0.16
2020-04-01 20:00:00,47.10,47.64,0.16
2020-04-01 20:30:00,46.74,47.22,0.16
2020-04-01 22:00:00,46.32,47.00,0.30
2020-04-01 22:30:00,46.69,46.92,0.16
2020-04-01 23:00:00,46.79,47.07,0.16
2020-04-01 23:30:00,46.50,46.87,0.18
2020-04-02 00:00:00,45.80,46.56,0.22
2020-04-02 00:30:00,45.76,46.07,0.16
2020-04-02 01:00:00,45.91,46.53,0.16
2020-04-02 01:30:00,45.76,46.24,0.22
2020-04-02 02:00:00,45.23,45.94,0.16
2020-04-02 02:30:00,44.98,45.64,0.20
2020-04-02 03:00:00,45.01,45.21,0.22
2020-04-02 03:30:00,44.64,45.22,0.16
2020-04-02 04:00:00,45.00,45.65,0.16
2020-04-02 04:30:00,44.90,45.57,0.16
2020-04-02 05:00:00,45.11,45.68,0.17
2020-04-02 05:30:00,44.94,45.51,0.16
2020-04-02 06:00:00,44.74,45.04,0.19
2020-04-02 06:30:00,44.80,45.00,0.16
2020-04-02 07:00:00,44.77,45.23,0.16
2020-04-02 07:30:00,44.86,45.25,0.20
2020-04-02 08:00:00,44.61,45.14,0.19
2020-04-02 08:30:00,44.59,44.93,0.16
2020-04-02 09:00:00,44.76,45.06,0.16
2020-04-02 09:30:00,44.84,45.18,0.16
2020-04-02 10:00:00,44.93,45.20,0.19
2020-04-02 10:30:00,44.82,45.17,0.18
2020-04-02 11:00:00,44.95,45.47,0.16
2020-04-02 11:30:00,45.09,45.54,0.17
2020-04-02 12:00:00,45.09,45.59,0.16
2020-04-02 12:30:00,44.98,46.52,0.16
2020-04-02 13:00:00,46.05,47.09,0.16
2020-04-02 13:30:00,45.70,47.19,0.16
2020-04-02 14:00:00,45.04,46.08,0.16
2020-04-02 14:30:00,44.45,45.43,0.16
2020-04-02 15:00:00,44.85,45.64,0.16
2020-04-02 15:30:00,44.53,45.57,0.16
2020-04-02 16:00:00,44.47,44.98,0.16
2020-04-02 16:30:00,44.66,45.15,0.16
2020-04-02 17:00:00,44.70,45.69,0.16
2020-04-02 17:30:00,45.15,45.80,0.16
2020-04-02 18:00:00,45.28,45.87,0.16
2020-04-02 18:30:00,44.65,45.60,0.16
2020-04-02 19:00:00,44.57,45.14,0.16
2020-04-02 19:30:00,44.20,45.07,0.16
2020-04-02 20:00:00,44.00,44.51,0.16
2020-04-02 20:30:00,44.10,44.66,0.16
2020-04-02 22:00:00,44.08,44.72,0.19
2020-04-02 22:30:00,44.14,44.60,0.21
2020-04-02 23:00:00,44.12,44.51,0.22
2020-04-02 23:30:00,44.38,44.86,0.16
2020-04-03 00:00:00,44.19,44.86,0.16
2020-04-03 00:30:00,44.35,45.04,0.16
2020-04-03 01:00:00,44.49,45.07,0.16
2020-04-03 01:30:00,44.33,44.81,0.16
2020-04-03 02:00:00,44.39,44.94,0.16
2020-04-03 02:30:00,44.50,44.80,0.16
2020-04-03 03:00:00,44.55,44.77,0.16
2020-04-03 03:30:00,44.68,45.04,0.16
2020-04-03 04:00:00,44.94,45.23,0.16
2020-04-03 04:30:00,45.03,45.33,0.16
2020-04-03 05:00:00,45.04,45.42,0.16
2020-04-03 05:30:00,44.67,45.45,0.16
2020-04-03 06:00:00,44.64,44.96,0.16
2020-04-03 06:30:00,44.39,44.91,0.16
2020-04-03 07:00:00,44.34,45.15,0.16
2020-04-03 07:30:00,44.30,45.00,0.16
2020-04-03 08:00:00,44.35,44.91,0.16
2020-04-03 08:30:00,44.67,45.27,0.16
2020-04-03 09:00:00,44.52,44.98,0.17
2020-04-03 09:30:00,44.41,44.83,0.16
2020-04-03 10:00:00,44.39,45.08,0.16
2020-04-03 10:30:00,44.45,45.08,0.16
2020-04-03 11:00:00,44.16,44.84,0.16
2020-04-03 11:30:00,43.65,44.69,0.16
2020-04-03 12:00:00,43.62,44.33,0.16
2020-04-03 12:30:00,43.67,44.59,0.20
2020-04-03 13:00:00,43.24,44.02,0.16
2020-04-03 13:30:00,43.04,44.05,0.16
2020-04-03 14:00:00,42.88,43.87,0.16
2020-04-03 14:30:00,43.67,44.29,0.16
2020-04-03 15:00:00,43.54,44.40,0.16
2020-04-03 15:30:00,43.91,44.35,0.16
2020-04-03 16:00:00,43.93,44.61,0.16
2020-04-03 16:30:00,43.55,44.28,0.16
2020-04-03 17:00:00,43.28,43.93,0.16
2020-04-03 17:30:00,43.69,44.15,0.16
2020-04-03 18:00:00,43.57,44.16,0.16
2020-04-03 18:30:00,42.93,43.82,0.16
2020-04-03 19:00:00,42.56,43.42,0.16
2020-04-03 19:30:00,41.97,42.86,0.16
2020-04-03 20:00:00,41.90,42.44,0.16
2020-04-03 20:30:00,42.26,42.54,0.16
2020-04-05 22:00:00,40.19,41.24,0.21
2020-04-05 22:30:00,40.32,40.58,0.21
2020-04-05 23:00:00,40.10,40.44,0.19
2020-04-05 23:30:00,40.28,40.88,0.16
2020-04-06 00:00:00,39.45,40.63,0.20
2020-04-06 00:30:00,39.39,39.96,0.20
2020-04-06 01:00:00,39.86,40.28,0.16
2020-04-06 01:30:00,40.09,40.65,0.16
2020-04-06 02:00:00,39.81,40.22,0.16
2020-04-06 02:30:00,40.00,40.24,0.16
2020-04-06 03:00:00,39.70,40.12,0.16
2020-04-06 03:30:00,39.43,39.73,0.16
2020-04-06 04:00:00,39.10,39.49,0.16
2020-04-06 04:30:00,38.75,39.18,0.16
2020-04-06 05:00:00,38.46,38.79,0.16
2020-04-06 05:30:00,37.85,38.51,0.16
2020-04-06 06:00:00,37.87,38.32,0.16
2020-04-06 06:30:00,38.25,38.74,0.16
2020-04-06 07:00:00,38.48,38.85,0.16
2020-04-06 07:30:00,38.41,38.88,0.16
2020-04-06 08:00:00,38.54,39.00,0.16
2020-04-06 08:30:00,38.68,39.15,0.16
2020-04-06 09:00:00,38.68,39.06,0.16
2020-04-06 09:30:00,38.52,38.89,0.16
2020-04-06 10:00:00,38.73,39.16,0.16
2020-04-06 10:30:00,38.90,39.15,0.16
2020-04-06 11:00:00,39.02,39.26,0.16
2020-04-06 11:30:00,39.20,39.56,0.16
2020-04-06 12:00:00,39.45,39.72,0.16
2020-04-06 12:30:00,39.14,39.53,0.16
2020-04-06 13:00:00,39.04,39.36,0.16
2020-04-06 13:30:00,38.71,39.61,0.16
2020-04-06 14:00:00,38.77,39.20,0.16
2020-04-06 14:30:00,39.08,39.79,0.16
2020-04-06 15:00:00,39.33,39.69,0.16
2020-04-06 15:30:00,39.21,39.44,0.16
2020-04-06 16:00:00,38.82,39.33,0.16
2020-04-06 16:30:00,38.63,38.96,0.16
2020-04-06 17:00:00,38.74,39.00,0.16
2020-04-06 17:30:00,38.85,39.13,0.16
2020-04-06 18:00:00,38.75,39.08,0.16
2020-04-06 18:30:00,38.81,39.15,0.16
2020-04-06 19:00:00,38.99,39.31,0.16
2020-04-06 19:30:00,38.31,39.26,0.16
2020-04-06 20:00:00,38.77,39.31,0.16
2020-04-06 20:30:00,38.95,39.31,0.16
2020-04-06 22:00:00,38.98,39.37,0.16
2020-04-06 22:30:00,39.16,39.49,0.16
2020-04-06 23:00:00,38.85,39.47,0.16
2020-04-06 23:30:00,38.60,38.96,0.16
2020-04-07 00:00:00,38.32,38.69,0.16
2020-04-07 00:30:00,38.56,39.00,0.16
2020-04-07 01:00:00,38.31,38.74,0.16
2020-04-07 01:30:00,38.50,38.93,0.16
2020-04-07 02:00:00,38.87,39.14,0.16
2020-04-07 02:30:00,38.69,39.07,0.16
2020-04-07 03:00:00,38.59,38.88,0.16
2020-04-07 03:30:00,38.83,39.31,0.16
2020-04-07 04:00:00,38.88,39.25,0.16
2020-04-07 04:30:00,38.64,39.09,0.16
2020-04-07 05:00:00,38.57,38.84,0.16
2020-04-07 05:30:00,38.21,38.92,0.16
2020-04-07 06:00:00,38.02,38.59,0.16
2020-04-07 06:30:00,37.72,38.34,0.17
2020-04-07 07:00:00,37.61,38.35,0.16
2020-04-07 07:30:00,37.68,38.46,0.16
2020-04-07 08:00:00,37.75,38.03,0.16
2020-04-07 08:30:00,37.49,37.99,0.16
2020-04-07 09:00:00,37.37,37.68,0.16
2020-04-07 09:30:00,37.53,37.89,0.16
2020-04-07 10:00:00,37.30,37.84,0.16
2020-04-07 10:30:00,37.48,37.67,0.16
2020-04-07 11:00:00,37.51,37.83,0.16
2020-04-07 11:30:00,37.79,38.13,0.16
2020-04-07 12:00:00,37.86,38.17,0.16
2020-04-07 12:30:00,37.76,38.07,0.16
2020-04-07 13:00:00,37.63,37.92,0.16
2020-04-07 13:30:00,37.53,38.30,0.16
2020-04-07 14:00:00,37.88,39.06,0.16
2020-04-07 14:30:00,38.72,39.90,0.16
2020-04-07 15:00:00,39.39,39.91,0.16
2020-04-07 15:30:00,38.65,39.46,0.16
2020-04-07 16:00:00,38.15,38.75,0.16
2020-04-07 16:30:00,38.24,38.54,0.16
2020-04-07 17:00:00,38.33,39.05,0.16
2020-04-07 17:30:00,38.61,38.93,0.16
2020-04-07 18:00:00,38.80,39.32,0.16
2020-04-07 18:30:00,38.99,40.11,0.16
2020-04-07 19:00:00,39.05,39.97,0.16
2020-04-07 19:30:00,39.00,40.08,0.16
2020-04-07 20:00:00,39.80,40.83,0.16
2020-04-07 20:30:00,40.47,40.68,0.16
2020-04-07 22:00:00,40.25,40.70,0.26
2020-04-07 22:30:00,40.17,40.56,0.16
2020-04-07 23:00:00,40.08,40.35,0.16
2020-04-07 23:30:00,39.66,40.13,0.16
2020-04-08 00:00:00,39.83,40.61,0.16
2020-04-08 00:30:00,40.46,40.96,0.17
2020-04-08 01:00:00,40.19,41.16,0.16
2020-04-08 01:30:00,40.24,40.76,0.16
2020-04-08 02:00:00,40.25,40.76,0.16
2020-04-08 02:30:00,40.29,40.54,0.16
2020-04-08 03:00:00,40.34,40.66,0.16
2020-04-08 03:30:00,40.18,40.55,0.20
2020-04-08 04:00:00,39.82,40.36,0.23
2020-04-08 04:30:00,39.52,40.01,0.16
2020-04-08 05:00:00,39.14,39.62,0.16
2020-04-08 05:30:00,39.02,39.62,0.16
2020-04-08 06:00:00,39.30,40.59,0.16
2020-04-08 06:30:00,40.12,40.58,0.16
2020-04-08 07:00:00,39.72,40.22,0.21
2020-04-08 07:30:00,39.80,40.38,0.21
2020-04-08 08:00:00,39.81,40.55,0.16
2020-04-08 08:30:00,40.42,40.84,0.16
2020-04-08 09:00:00,40.45,40.77,0.16
2020-04-08 09:30:00,40.34,40.78,0.16
2020-04-08 10:00:00,40.19,40.60,0.16
2020-04-08 10:30:00,39.93,40.27,0.16
2020-04-08 11:00:00,39.73,40.15,0.16
2020-04-08 11:30:00,39.64,39.99,0.16
2020-04-08 12:00:00,39.49,39.87,0.16
2020-04-08 12:30:00,39.42,39.95,0.16
2020-04-08 13:00:00,39.08,39.63,0.16
2020-04-08 13:30:00,39.03,39.94,0.16
2020-04-08 14:00:00,39.52,40.07,0.16
2020-04-08 14:30:00,39.04,39.56,0.16
2020-04-08 15:00:00,38.81,39.26,0.16
2020-04-08 15:30:00,38.63,38.93,0.16
2020-04-08 16:00:00,38.57,38.94,0.16
2020-04-08 16:30:00,38.43,38.80,0.16
2020-04-08 17:00:00,38.58,38.95,0.16
2020-04-08 17:30:00,38.79,39.26,0.16
2020-04-08 18:00:00,38.69,39.24,0.16
2020-04-08 18:30:00,38.68,39.00,0.16
2020-04-08 19:00:00,38.73,39.01,0.16
2020-04-08 19:30:00,38.48,39.18,0.16
2020-04-08 20:00:00,38.82,39.11,0.16
2020-04-08 20:30:00,38.95,39.11,0.16
2020-04-08 22:00:00,38.94,39.26,0.17
2020-04-08 22:30:00,39.10,39.44,0.20
2020-04-08 23:00:00,38.86,39.42,0.21
2020-04-08 23:30:00,38.78,39.06,0.16
2020-04-09 00:00:00,38.74,39.02,0.16
2020-04-09 00:30:00,38.77,38.98,0.17
2020-04-09 01:00:00,38.81,39.13,0.16
2020-04-09 01:30:00,39.13,39.51,0.16
2020-04-09 02:00:00,39.39,39.58,0.16
2020-04-09 02:30:00,39.43,39.60,0.17
2020-04-09 03:00:00,39.39,39.50,0.16
2020-04-09 03:30:00,39.25,39.50,0.16
2020-04-09 04:00:00,39.29,39.53,0.16
2020-04-09 04:30:00,39.14,39.47,0.16
2020-04-09 05:00:00,39.24,39.40,0.17
2020-04-09 05:30:00,39.20,39.42,0.16
2020-04-09 06:00:00,38.92,39.34,0.16
2020-04-09 06:30:00,38.61,39.06,0.17
2020-04-09 07:00:00,38.36,38.77,0.16
2020-04-09 07:30:00,38.27,38.57,0.16
2020-04-09 08:00:00,38.39,39.07,0.16
2020-04-09 08:30:00,38.86,39.27,0.16
2020-04-09 09:00:00,39.06,39.62,0.16
2020-04-09 09:30:00,39.27,39.60,0.16
2020-04-09 10:00:00,39.42,39.83,0.16
2020-04-09 10:30:00,39.47,39.81,0.16
2020-04-09 11:00:00,39.35,39.84,0.16
2020-04-09 11:30:00,39.64,40.07,0.16
2020-04-09 12:00:00,39.72,40.04,0.16
2020-04-09 12:30:00,38.45,39.84,0.16
2020-04-09 13:00:00,38.05,38.62,0.16
2020-04-09 13:30:00,38.12,39.08,0.16
2020-04-09 14:00:00,38.07,38.64,0.16
2020-04-09 14:30:00,37.94,38.44,0.16
2020-04-09 15:00:00,38.29,39.16,0.16
2020-04-09 15:30:00,38.46,39.00,0.16
2020-04-09 16:00:00,38.35,38.64,0.16
2020-04-09 16:30:00,38.35,38.75,0.16
2020-04-09 17:00:00,38.35,38.56,0.16
2020-04-09 17:30:00,38.34,38.62,0.16
2020-04-09 18:00:00,38.21,38.70,0.16
2020-04-09 18:30:00,38.09,38.73,0.16
2020-04-09 19:00:00,38.11,38.66,0.16
2020-04-09 19:30:00,37.76,38.29,0.16
2020-04-09 20:00:00,37.55,37.93,0.16
2020-04-09 20:30:00,37.45,37.64,0.16
2020-04-12 22:00:00,36.89,38.65,0.24
2020-04-12 22:30:00,37.74,38.53,0.30
2020-04-12 23:00:00,37.44,37.88,0.27
2020-04-12 23:30:00,37.68,37.92,0.26
2020-04-13 00:00:00,37.59,38.05,0.18
2020-04-13 00:30:00,37.74,38.21,0.20
2020-04-13 01:00:00,38.01,38.28,0.20
2020-04-13 01:30:00,37.68,38.13,0.20
2020-04-13 02:00:00,37.56,37.90,0.25
2020-04-13 02:30:00,37.64,37.86,0.23
2020-04-13 03:00:00,37.62,37.74,0.20
2020-04-13 03:30:00,37.72,38.09,0.16
2020-04-13 04:00:00,37.92,38.16,0.16
2020-04-13 04:30:00,37.94,38.18,0.16
2020-04-13 05:00:00,37.77,38.08,0.25
2020-04-13 05:30:00,37.80,38.12,0.21
2020-04-13 06:00:00,37.72,38.08,0.16
2020-04-13 06:30:00,37.71,37.95,0.16
2020-04-13 07:00:00,37.76,37.94,0.16
2020-04-13 07:30:00,37.84,37.98,0.21
2020-04-13 08:00:00,37.90,38.15,0.18
2020-04-13 08:30:00,38.06,38.18,0.21
2020-04-13 09:00:00,38.00,38.10,0.20
2020-04-13 09:30:00,38.02,38.20,0.21
2020-04-13 10:00:00,38.02,38.20,0.23
2020-04-13 10:30:00,37.94,38.10,0.18
2020-04-13 11:00:00,37.47,38.00,0.18
2020-04-13 11:30:00,37.26,37.57,0.18
2020-04-13 12:00:00,37.13,37.50,0.16
2020-04-13 12:30:00,36.94,37.40,0.16
2020-04-13 13:00:00,37.04,37.22,0.16
2020-04-13 13:30:00,36.69,37.45,0.16
2020-04-13 14:00:00,36.97,37.60,0.16
2020-04-13 14:30:00,37.29,37.64,0.16
2020-04-13 15:00:00,37.43,37.99,0.16
2020-04-13 15:30:00,37.33,37.63,0.16
2020-04-13 16:00:00,37.07,37.48,0.16
2020-04-13 16:30:00,37.22,37.62,0.16
2020-04-13 17:00:00,37.42,37.67,0.16
2020-04-13 17:30:00,37.31,37.62,0.16
2020-04-13 18:00:00,37.21,37.46,0.16
2020-04-13 18:30:00,37.25,37.41,0.16
2020-04-13 19:00:00,37.00,37.45,0.16
2020-04-13 19:30:00,36.47,37.05,0.16
2020-04-13 20:00:00,36.24,36.49,0.16
2020-04-13 20:30:00,36.09,36.29,0.16
2020-04-13 22:00:00,36.10,36.33,0.20
2020-04-13 22:30:00,36.00,36.22,0.21
2020-04-13 23:00:00,36.04,36.16,0.23
2020-04-13 23:30:00,36.02,36.14,0.21
2020-04-14 00:00:00,36.02,36.48,0.23
2020-04-14 00:30:00,36.15,36.42,0.16
2020-04-14 01:00:00,35.96,36.39,0.20
2020-04-14 01:30:00,35.52,36.09,0.20
2020-04-14 02:00:00,35.53,35.78,0.18
2020-04-14 02:30:00,35.37,35.69,0.16
2020-04-14 03:00:00,35.36,35.51,0.16
2020-04-14 03:30:00,35.34,35.48,0.21
2020-04-14 04:00:00,34.79,35.34,0.16
2020-04-14 04:30:00,34.61,34.86,0.16
2020-04-14 05:00:00,34.54,34.81,0.16
2020-04-14 05:30:00,34.55,35.08,0.20
2020-04-14 06:00:00,34.82,35.16,0.16
2020-04-14 06:30:00,34.77,35.11,0.16
2020-04-14 07:00:00,34.76,35.18,0.16
2020-04-14 07:30:00,34.98,35.25,0.16
2020-04-14 08:00:00,35.05,35.20,0.16
2020-04-14 08:30:00,34.98,35.15,0.16
2020-04-14 09:00:00,34.80,35.12,0.21
2020-04-14 09:30:00,34.75,35.05,0.16
2020-04-14 10:00:00,34.84,35.00,0.16
2020-04-14 10:30:00,34.82,35.35,0.16
2020-04-14 11:00:00,35.10,35.27,0.20
2020-04-14 11:30:00,35.00,35.30,0.16
2020-04-14 12:00:00,34.74,35.14,0.16
2020-04-14 12:30:00,34.74,34.89,0.16
2020-04-14 13:00:00,34.25,34.79,0.16
2020-04-14 13:30:00,33.33,34.59,0.16
2020-04-14 14:00:00,33.20,33.60,0.16
2020-04-14 14:30:00,33.40,34.00,0.16
2020-04-14 15:00:00,33.85,34.25,0.16
2020-04-14 15:30:00,33.85,34.07,0.16
2020-04-14 16:00:00,33.45,33.99,0.16
2020-04-14 16:30:00,33.35,33.60,0.16
2020-04-14 17:00:00,33.52,33.74,0.16
2020-04-14 17:30:00,33.35,33.59,0.16
2020-04-14 18:00:00,33.34,33.64,0.16
2020-04-14 18:30:00,33.25,33.49,0.16
2020-04-14 19:00:00,33.30,33.67,0.16
2020-04-14 19:30:00,33.39,33.54,0.16
2020-04-14 20:00:00,32.97,33.49,0.16
2020-04-14 20:30:00,33.08,33.24,0.21
2020-04-14 22:00:00,33.10,33.32,0.30
2020-04-14 22:30:00,33.17,33.30,0.23
2020-04-14 23:00:00,33.18,33.33,0.28
2020-04-14 23:30:00,33.17,33.34,0.30
2020-04-15 00:00:00,33.26,33.50,0.25
2020-04-15 00:30:00,33.34,33.55,0.18
2020-04-15 01:00:00,33.32,33.64,0.19
2020-04-15 01:30:00,33.31,33.52,0.25
2020-04-15 02:00:00,33.29,33.46,0.20
2020-04-15 02:30:00,33.36,33.68,0.25
2020-04-15 03:00:00,33.39,33.56,0.26
2020-04-15 03:30:00,33.29,33.48,0.25
2020-04-15 04:00:00,33.24,33.49,0.18
2020-04-15 04:30:00,33.22,33.39,0.18
2020-04-15 05:00:00,33.20,33.46,0.21
2020-04-15 05:30:00,33.28,33.66,0.23
2020-04-15 06:00:00,33.41,33.70,0.30
2020-04-15 06:30:00,33.37,33.72,0.25
2020-04-15 07:00:00,33.34,33.97,0.30
2020-04-15 07:30:00,33.86,34.36,0.16
2020-04-15 08:00:00,34.26,34.48,0.25
2020-04-15 08:30:00,34.29,34.70,0.23
2020-04-15 09:00:00,34.60,34.87,0.28
2020-04-15 09:30:00,34.71,34.86,0.30
2020-04-15 10:00:00,34.68,35.00,0.23
2020-04-15 10:30:00,34.90,35.21,0.28
2020-04-15 11:00:00,34.67,35.03,0.30
2020-04-15 11:30:00,34.61,34.90,0.25
2020-04-15 12:00:00,34.75,35.36,0.18
2020-04-15 12:30:00,35.32,36.27,0.20
2020-04-15 13:00:00,35.65,36.20,0.30
2020-04-15 13:30:00,35.15,35.99,0.16
2020-04-15 14:00:00,35.79,36.68,0.16
2020-04-15 14:30:00,36.19,36.98,0.16
2020-04-15 15:00:00,36.24,36.63,0.16
2020-04-15 15:30:00,36.23,36.73,0.16
2020-04-15 16:00:00,36.48,36.78,0.16
2020-04-15 16:30:00,36.03,36.58,0.16
2020-04-15 17:00:00,35.88,36.33,0.16
2020-04-15 17:30:00,36.23,36.52,0.16
2020-04-15 18:00:00,35.97,36.52,0.16
2020-04-15 18:30:00,35.78,36.22,0.16
2020-04-15 19:00:00,35.75,36.32,0.16
2020-04-15 19:30:00,35.98,36.37,0.16
2020-04-15 20:00:00,36.08,36.52,0.16
2020-04-15 20:30:00,36.42,36.61,0.16
2020-04-15 22:00:00,36.39,36.81,0.16
2020-04-15 22:30:00,36.76,37.11,0.16
2020-04-15 23:00:00,37.06,37.21,0.16
2020-04-15 23:30:00,37.11,37.30,0.16
2020-04-16 00:00:00,36.86,37.40,0.16
2020-04-16 00:30:00,37.10,37.84,0.16
2020-04-16 01:00:00,36.70,37.14,0.16
2020-04-16 01:30:00,36.50,36.87,0.16
2020-04-16 02:00:00,36.50,36.90,0.16
2020-04-16 02:30:00,36.60,36.84,0.16
2020-04-16 03:00:00,36.70,36.94,0.16
2020-04-16 03:30:00,36.60,36.84,0.16
2020-04-16 04:00:00,36.62,36.79,0.16
2020-04-16 04:30:00,36.54,36.74,0.16
2020-04-16 05:00:00,36.49,36.79,0.16
2020-04-16 05:30:00,36.05,36.54,0.16
2020-04-16 06:00:00,35.90,36.29,0.16
2020-04-16 06:30:00,35.65,36.00,0.16
2020-04-16 07:00:00,35.63,36.14,0.16
2020-04-16 07:30:00,35.64,35.89,0.16
2020-04-16 08:00:00,35.59,35.84,0.16
2020-04-16 08:30:00,35.69,36.03,0.16
2020-04-16 09:00:00,36.03,36.38,0.16
2020-04-16 09:30:00,36.08,36.38,0.16
2020-04-16 10:00:00,35.93,36.42,0.16
2020-04-16 10:30:00,35.93,36.12,0.16
2020-04-16 11:00:00,36.03,36.22,0.16
2020-04-16 11:30:00,36.14,36.53,0.16
2020-04-16 12:00:00,36.46,37.04,0.16
2020-04-16 12:30:00,36.13,36.67,0.16
2020-04-16 13:00:00,35.86,36.35,0.16
2020-04-16 13:30:00,36.01,36.89,0.16
2020-04-16 14:00:00,36.49,37.38,0.16
2020-04-16 14:30:00,36.50,36.99,0.16
2020-04-16 15:00:00,36.31,36.65,0.16
2020-04-16 15:30:00,36.17,36.66,0.16
2020-04-16 16:00:00,36.31,37.14,0.16
2020-04-16 16:30:00,36.89,37.38,0.16
2020-04-16 17:00:00,36.75,37.04,0.16
2020-04-16 17:30:00,36.63,36.89,0.16
2020-04-16 18:00:00,36.60,37.04,0.16
2020-04-16 18:30:00,36.45,36.84,0.16
2020-04-16 19:00:00,36.50,36.84,0.16
2020-04-16 19:30:00,36.27,36.60,0.16
2020-04-16 20:00:00,36.26,36.42,0.16
2020-04-16 20:30:00,35.44,36.30,0.16
2020-04-16 22:00:00,33.99,35.17,0.16
2020-04-16 22:30:00,34.23,34.81,0.16
2020-04-16 23:00:00,34.02,34.37,0.16
2020-04-16 23:30:00,34.17,34.69,0.16
2020-04-17 00:00:00,34.42,34.71,0.16
2020-04-17 00:30:00,34.32,34.64,0.16
2020-04-17 01:00:00,34.27,34.46,0.16
2020-04-17 01:30:00,34.31,34.46,0.16
2020-04-17 02:00:00,34.36,34.67,0.16
2020-04-17 02:30:00,34.44,34.57,0.16
2020-04-17 03:00:00,34.50,34.66,0.16
2020-04-17 03:30:00,34.66,35.05,0.16
2020-04-17 04:00:00,34.80,34.95,0.16
2020-04-17 04:30:00,34.79,34.90,0.16
2020-04-17 05:00:00,34.45,34.80,0.16
2020-04-17 05:30:00,34.40,34.69,0.16
2020-04-17 06:00:00,34.42,34.85,0.16
2020-04-17 06:30:00,34.45,34.90,0.16
2020-04-17 07:00:00,34.35,34.69,0.16
2020-04-17 07:30:00,34.38,35.04,0.16
2020-04-17 08:00:00,34.50,34.87,0.16
2020-04-17 08:30:00,34.52,34.79,0.16
2020-04-17 09:00:00,34.57,34.79,0.16
2020-04-17 09:30:00,34.46,34.86,0.16
2020-04-17 10:00:00,34.40,34.70,0.16
2020-04-17 10:30:00,34.29,34.47,0.16
2020-04-17 11:00:00,34.11,34.37,0.16
2020-04-17 11:30:00,34.29,34.49,0.16
2020-04-17 12:00:00,34.29,34.66,0.16
2020-04-17 12:30:00,34.59,34.89,0.16
2020-04-17 13:00:00,34.79,35.03,0.16
2020-04-17 13:30:00,34.74,35.71,0.16
2020-04-17 14:00:00,35.03,35.62,0.16
2020-04-17 14:30:00,35.47,35.91,0.16
2020-04-17 15:00:00,35.57,36.00,0.16
2020-04-17 15:30:00,35.54,35.93,0.16
2020-04-17 16:00:00,35.63,35.92,0.16
2020-04-17 16:30:00,35.40,35.82,0.16
2020-04-17 17:00:00,35.25,35.54,0.16
2020-04-17 17:30:00,35.24,35.44,0.16
2020-04-17 18:00:00,35.24,35.39,0.16
2020-04-17 18:30:00,35.21,35.49,0.16
2020-04-17 19:00:00,34.89,35.26,0.16
2020-04-17 19:30:00,34.58,34.97,0.16
2020-04-17 20:00:00,34.32,34.76,0.16
2020-04-17 20:30:00,34.44,34.66,0.16
2020-04-19 22:00:00,34.59,35.22,0.20
2020-04-19 22:30:00,34.93,35.17,0.16
2020-04-19 23:00:00,34.85,35.05,0.16
2020-04-19 23:30:00,34.83,35.05,0.16
2020-04-20 00:00:00,34.81,35.04,0.16
2020-04-20 00:30:00,34.57,34.83,0.16
2020-04-20 01:00:00,34.69,35.38,0.16
2020-04-20 01:30:00,35.09,35.43,0.16
2020-04-20 02:00:00,34.94,35.28,0.16
2020-04-20 02:30:00,34.99,35.28,0.16
2020-04-20 03:00:00,34.80,35.14,0.16
2020-04-20 03:30:00,34.66,34.90,0.16
2020-04-20 04:00:00,34.66,34.84,0.16
2020-04-20 04:30:00,34.70,34.89,0.16
2020-04-20 05:00:00,34.79,34.99,0.16
2020-04-20 05:30:00,34.85,35.37,0.16
2020-04-20 06:00:00,35.23,35.43,0.16
2020-04-20 06:30:00,35.29,35.39,0.16
2020-04-20 07:00:00,35.29,35.87,0.16
2020-04-20 07:30:00,35.49,35.78,0.16
2020-04-20 08:00:00,35.39,35.92,0.16
2020-04-20 08:30:00,35.77,35.91,0.16
2020-04-20 09:00:00,35.67,35.81,0.16
2020-04-20 09:30:00,35.67,36.01,0.16
2020-04-20 10:00:00,35.91,36.52,0.16
2020-04-20 10:30:00,36.29,36.52,0.16
2020-04-20 11:00:00,36.37,37.06,0.16
2020-04-20 11:30:00,36.83,37.35,0.16
2020-04-20 12:00:00,36.62,37.05,0.16
2020-04-20 12:30:00,36.59,36.89,0.16
2020-04-20 13:00:00,36.36,36.98,0.16
2020-04-20 13:30:00,35.94,36.65,0.16
2020-04-20 14:00:00,36.05,36.29,0.16
2020-04-20 14:30:00,35.70,36.22,0.16
2020-04-20 15:00:00,35.72,35.94,0.16
2020-04-20 15:30:00,35.61,35.85,0.16
2020-04-20 16:00:00,35.61,35.77,0.16
2020-04-20 16:30:00,35.62,35.90,0.16
2020-04-20 17:00:00,35.85,36.28,0.16
2020-04-20 17:30:00,36.12,36.32,0.16
2020-04-20 18:00:00,36.01,37.01,0.16
2020-04-20 18:30:00,36.68,37.69,0.16
2020-04-20 19:00:00,37.33,37.94,0.16
2020-04-20 19:30:00,37.36,38.05,0.16
2020-04-20 20:00:00,37.95,38.61,0.16
2020-04-20 20:30:00,38.27,38.46,0.16
2020-04-20 22:00:00,38.10,38.46,0.16
2020-04-20 22:30:00,37.78,38.31,0.16
2020-04-20 23:00:00,37.63,37.81,0.16
2020-04-20 23:30:00,37.65,38.03,0.16
2020-04-21 00:00:00,37.59,38.09,0.16
2020-04-21 00:30:00,37.39,37.88,0.16
2020-04-21 01:00:00,36.90,37.52,0.16
2020-04-21 01:30:00,36.97,37.40,0.16
2020-04-21 02:00:00,37.17,38.44,0.16
2020-04-21 02:30:00,38.20,39.25,0.16
2020-04-21 03:00:00,38.38,38.94,0.16
2020-04-21 03:30:00,38.53,39.12,0.16
2020-04-21 04:00:00,38.65,39.12,0.16
2020-04-21 04:30:00,38.47,38.84,0.16
2020-04-21 05:00:00,38.62,39.05,0.16
2020-04-21 05:30:00,38.65,39.07,0.16
2020-04-21 06:00:00,38.26,38.84,0.16
2020-04-21 06:30:00,38.28,38.56,0.16
2020-04-21 07:00:00,37.99,38.63,0.16
2020-04-21 07:30:00,38.48,38.99,0.16
2020-04-21 08:00:00,38.36,38.87,0.16
2020-04-21 08:30:00,38.21,38.59,0.16
2020-04-21 09:00:00,38.32,39.01,0.16
2020-04-21 09:30:00,38.87,39.34,0.16
2020-04-21 10:00:00,38.93,39.74,0.16
2020-04-21 10:30:00,39.19,39.79,0.16
2020-04-21 11:00:00,39.41,40.13,0.16
2020-04-21 11:30:00,40.09,40.78,0.16
2020-04-21 12:00:00,40.57,41.23,0.16
2020-04-21 12:30:00,40.64,41.31,0.16
2020-04-21 13:00:00,40.60,41.48,0.16
2020-04-21 13:30:00,40.42,41.60,0.16
2020-04-21 14:00:00,40.52,41.37,0.16
2020-04-21 14:30:00,40.94,41.79,0.16
2020-04-21 15:00:00,41.51,42.03,0.16
2020-04-21 15:30:00,41.65,42.15,0.16
2020-04-21 16:00:00,41.64,42.11,0.16
2020-04-21 16:30:00,41.84,42.52,0.16
2020-04-21 17:00:00,41.36,41.89,0.16
2020-04-21 17:30:00,41.27,41.88,0.16
2020-04-21 18:00:00,40.86,41.98,0.16
2020-04-21 18:30:00,40.99,41.85,0.16
2020-04-21 19:00:00,40.87,41.80,0.16
2020-04-21 19:30:00,40.48,41.16,0.16
2020-04-21 20:00:00,40.91,41.09,0.16
2020-04-21 20:30:00,40.89,41.06,0.16
2020-04-21 22:00:00,40.56,41.00,0.25
2020-04-21 22:30:00,40.52,40.81,0.16
2020-04-21 23:00:00,40.67,40.95,0.16
2020-04-21 23:30:00,40.70,40.90,0.16
2020-04-22 00:00:00,40.46,41.46,0.16
2020-04-22 00:30:00,40.89,41.43,0.16
2020-04-22 01:00:00,40.98,41.61,0.16
2020-04-22 01:30:00,40.98,41.49,0.16
2020-04-22 02:00:00,40.93,41.40,0.16
2020-04-22 02:30:00,40.88,41.21,0.16
2020-04-22 03:00:00,40.79,41.18,0.16
2020-04-22 03:30:00,40.89,41.16,0.16
2020-04-22 04:00:00,40.92,41.16,0.16
2020-04-22 04:30:00,41.02,41.35,0.16
2020-04-22 05:00:00,40.69,41.23,0.16
2020-04-22 05:30:00,40.21,40.87,0.16
2020-04-22 06:00:00,39.89,40.52,0.16
2020-04-22 06:30:00,39.79,40.12,0.16
2020-04-22 07:00:00,40.02,40.64,0.16
2020-04-22 07:30:00,40.03,40.43,0.16
2020-04-22 08:00:00,39.94,40.41,0.16
2020-04-22 08:30:00,39.76,40.16,0.16
2020-04-22 09:00:00,39.58,39.94,0.16
2020-04-22 09:30:00,39.72,40.11,0.16
2020-04-22 10:00:00,39.97,40.34,0.16
2020-04-22 10:30:00,40.13,40.39,0.16
2020-04-22 11:00:00,39.86,40.20,0.16
2020-04-22 11:30:00,39.89,40.13,0.16
2020-04-22 12:00:00,39.90,40.24,0.16
2020-04-22 12:30:00,39.49,39.99,0.16
2020-04-22 13:00:00,39.39,39.79,0.16
2020-04-22 13:30:00,39.46,40.21,0.16
2020-04-22 14:00:00,39.27,40.01,0.16
2020-04-22 14:30:00,39.17,39.69,0.16
2020-04-22 15:00:00,38.95,39.73,0.16
2020-04-22 15:30:00,38.70,39.07,0.16
2020-04-22 16:00:00,38.61,38.81,0.16
2020-04-22 16:30:00,38.59,38.99,0.16
2020-04-22 17:00:00,38.67,38.90,0.16
2020-04-22 17:30:00,38.66,38.85,0.16
2020-04-22 18:00:00,38.70,38.88,0.16
2020-04-22 18:30:00,38.66,38.85,0.16
2020-04-22 19:00:00,38.67,38.89,0.16
2020-04-22 19:30:00,38.72,39.08,0.16
2020-04-22 20:00:00,38.85,39.10,0.16
2020-04-22 20:30:00,38.94,39.15,0.16
2020-04-22 22:00:00,38.90,39.10,0.21
2020-04-22 22:30:00,38.95,39.27,0.16
2020-04-22 23:00:00,39.18,39.33,0.16
2020-04-22 23:30:00,39.25,39.38,0.16
2020-04-23 00:00:00,38.98,39.28,0.16
2020-04-23 00:30:00,38.70,39.23,0.16
2020-04-23 01:00:00,38.49,38.87,0.16
2020-04-23 01:30:00,38.73,39.08,0.16
2020-04-23 02:00:00,38.98,39.43,0.16
2020-04-23 02:30:00,39.24,39.52,0.16
2020-04-23 03:00:00,39.17,39.50,0.16
2020-04-23 03:30:00,39.09,39.50,0.16
2020-04-23 04:00:00,39.02,39.45,0.16
2020-04-23 04:30:00,38.83,39.12,0.16
2020-04-23 05:00:00,38.68,39.00,0.16
2020-04-23 05:30:00,38.74,39.21,0.16
2020-04-23 06:00:00,38.69,39.13,0.16
2020-04-23 06:30:00,38.56,38.89,0.16
2020-04-23 07:00:00,38.74,39.21,0.16
2020-04-23 07:30:00,38.91,39.53,0.16
2020-04-23 08:00:00,39.39,39.67,0.16
2020-04-23 08:30:00,39.29,39.48,0.16
2020-04-23 09:00:00,39.00,39.42,0.16
2020-04-23 09:30:00,38.87,39.08,0.16
2020-04-23 10:00:00,38.78,38.97,0.16
2020-04-23 10:30:00,38.92,39.16,0.16
2020-04-23 11:00:00,38.92,39.11,0.16
2020-04-23 11:30:00,38.84,39.12,0.16
2020-04-23 12:00:00,38.87,39.25,0.16
2020-04-23 12:30:00,37.93,38.90,0.16
2020-04-23 13:00:00,38.08,38.47,0.16
2020-04-23 13:30:00,37.87,38.55,0.16
2020-04-23 14:00:00,37.76,38.16,0.16
2020-04-23 14:30:00,37.76,38.02,0.16
2020-04-23 15:00:00,37.67,38.01,0.16
2020-04-23 15:30:00,37.67,38.23,0.16
2020-04-23 16:00:00,37.77,38.15,0.16
2020-04-23 16:30:00,37.82,39.55,0.16
2020-04-23 17:00:00,38.31,39.25,0.16
2020-04-23 17:30:00,38.69,39.55,0.16
2020-04-23 18:00:00,38.59,39.47,0.16
2020-04-23 18:30:00,38.36,38.93,0.16
2020-04-23 19:00:00,38.43,39.19,0.16
2020-04-23 19:30:00,38.50,39.13,0.16
2020-04-23 20:00:00,38.87,39.26,0.16
2020-04-23 20:30:00,38.89,39.22,0.16
2020-04-23 22:00:00,39.03,39.30,0.16
2020-04-23 22:30:00,39.11,39.65,0.16
2020-04-23 23:00:00,39.52,39.75,0.16
2020-04-23 23:30:00,39.45,39.62,0.16
2020-04-24 00:00:00,38.99,39.77,0.16
2020-04-24 00:30:00,39.55,39.84,0.16
2020-04-24 01:00:00,39.45,39.88,0.16
2020-04-24 01:30:00,39.65,39.94,0.16
2020-04-24 02:00:00,39.57,39.93,0.16
2020-04-24 02:30:00,39.47,39.71,0.16
2020-04-24 03:00:00,39.52,39.66,0.16
2020-04-24 03:30:00,39.43,39.64,0.16
2020-04-24 04:00:00,39.36,39.56,0.16
2020-04-24 04:30:00,39.32,39.59,0.16
2020-04-24 05:00:00,39.52,39.89,0.16
2020-04-24 05:30:00,39.55,39.81,0.16
2020-04-24 06:00:00,39.50,39.87,0.16
2020-04-24 06:30:00,39.31,39.77,0.16
2020-04-24 07:00:00,39.28,39.68,0.16
2020-04-24 07:30:00,39.12,39.60,0.16
2020-04-24 08:00:00,39.14,39.45,0.16
2020-04-24 08:30:00,39.26,39.60,0.16
2020-04-24 09:00:00,38.21,39.26,0.16
2020-04-24 09:30:00,38.26,38.55,0.16
2020-04-24 10:00:00,38.34,38.63,0.16
2020-04-24 10:30:00,37.74,38.43,0.16
2020-04-24 11:00:00,37.77,38.25,0.16
2020-04-24 11:30:00,38.07,38.42,0.16
2020-04-24 12:00:00,38.22,38.51,0.16
2020-04-24 12:30:00,37.84,38.29,0.16
2020-04-24 13:00:00,37.89,38.17,0.16
2020-04-24 13:30:00,37.90,38.49,0.16
2020-04-24 14:00:00,37.98,38.37,0.16
2020-04-24 14:30:00,37.95,38.40,0.16
2020-04-24 15:00:00,38.13,38.55,0.16
2020-04-24 15:30:00,37.98,38.25,0.16
2020-04-24 16:00:00,37.76,38.07,0.16
2020-04-24 16:30:00,37.76,37.88,0.16
2020-04-24 17:00:00,37.78,37.93,0.16
2020-04-24 17:30:00,37.51,37.86,0.16
2020-04-24 18:00:00,37.34,37.64,0.16
2020-04-24 18:30:00,36.84,37.39,0.16
2020-04-24 19:00:00,36.67,37.16,0.16
2020-04-24 19:30:00,36.51,36.91,0.16
2020-04-24 20:00:00,36.30,36.85,0.16
2020-04-24 20:30:00,36.44,36.60,0.16
2020-04-26 22:00:00,35.82,36.51,0.22
2020-04-26 22:30:00,36.27,36.52,0.16
2020-04-26 23:00:00,36.26,36.51,0.16
2020-04-26 23:30:00,36.28,36.52,0.16
2020-04-27 00:00:00,36.24,36.59,0.16
2020-04-27 00:30:00,36.09,36.47,0.16
2020-04-27 01:00:00,36.16,36.65,0.16
2020-04-27 01:30:00,36.24,36.52,0.16
2020-04-27 02:00:00,36.14,36.37,0.16
2020-04-27 02:30:00,36.09,36.29,0.16
2020-04-27 03:00:00,36.00,36.27,0.16
2020-04-27 03:30:00,36.00,36.19,0.16
2020-04-27 04:00:00,35.92,36.00,0.16
2020-04-27 04:30:00,35.61,35.97,0.16
2020-04-27 05:00:00,35.41,35.69,0.16
2020-04-27 05:30:00,35.37,35.57,0.16
2020-04-27 06:00:00,35.48,35.89,0.16
2020-04-27 06:30:00,35.75,36.13,0.16
2020-04-27 07:00:00,35.92,36.16,0.16
2020-04-27 07:30:00,35.61,36.00,0.16
2020-04-27 08:00:00,35.67,36.03,0.16
2020-04-27 08:30:00,35.65,35.87,0.16
2020-04-27 09:00:00,35.51,35.79,0.16
2020-04-27 09:30:00,35.43,35.55,0.16
2020-04-27 10:00:00,35.47,35.65,0.16
2020-04-27 10:30:00,35.52,35.66,0.16
2020-04-27 11:00:00,35.54,35.72,0.16
2020-04-27 11:30:00,35.45,35.60,0.16
2020-04-27 12:00:00,35.24,35.55,0.16
2020-04-27 12:30:00,35.20,35.53,0.16
2020-04-27 13:00:00,35.26,35.56,0.16
2020-04-27 13:30:00,34.71,35.51,0.16
2020-04-27 14:00:00,33.94,34.73,0.16
2020-04-27 14:30:00,33.59,34.06,0.16
2020-04-27 15:00:00,33.39,33.95,0.16
2020-04-27 15:30:00,33.36,33.56,0.16
2020-04-27 16:00:00,33.44,33.74,0.16
2020-04-27 16:30:00,33.51,33.91,0.16
2020-04-27 17:00:00,33.60,33.88,0.16
2020-04-27 17:30:00,33.75,34.04,0.16
2020-04-27 18:00:00,33.47,33.88,0.16
2020-04-27 18:30:00,33.42,33.63,0.16
2020-04-27 19:00:00,33.50,33.78,0.16
2020-04-27 19:30:00,33.68,33.93,0.16
2020-04-27 20:00:00,33.65,33.86,0.16
2020-04-27 20:30:00,33.72,33.80,0.16
2020-04-27 22:00:00,33.78,33.90,0.18
2020-04-27 22:30:00,33.80,33.86,0.16
2020-04-27 23:00:00,33.70,33.85,0.16
2020-04-27 23:30:00,33.69,33.80,0.16
2020-04-28 00:00:00,33.59,33.92,0.16
2020-04-28 00:30:00,33.66,33.91,0.16
2020-04-28 01:00:00,33.79,34.25,0.16
2020-04-28 01:30:00,34.10,34.43,0.16
2020-04-28 02:00:00,34.33,34.43,0.16
2020-04-28 02:30:00,34.33,34.43,0.16
2020-04-28 03:00:00,34.25,34.43,0.16
2020-04-28 03:30:00,34.30,34.38,0.16
2020-04-28 04:00:00,34.37,34.53,0.16
2020-04-28 04:30:00,34.28,34.39,0.16
2020-04-28 05:00:00,33.95,34.41,0.16
2020-04-28 05:30:00,33.72,34.05,0.16
2020-04-28 06:00:00,33.71,34.03,0.16
2020-04-28 06:30:00,33.66,33.89,0.16
2020-04-28 07:00:00,33.40,33.83,0.16
2020-04-28 07:30:00,33.24,33.65,0.16
2020-04-28 08:00:00,33.29,33.49,0.16
2020-04-28 08:30:00,33.26,33.44,0.16
2020-04-28 09:00:00,32.98,33.42,0.16
2020-04-28 09:30:00,32.66,33.13,0.16
2020-04-28 10:00:00,32.64,32.87,0.16
2020-04-28 10:30:00,32.71,32.97,0.16
2020-04-28 11:00:00,32.76,33.07,0.16
2020-04-28 11:30:00,32.72,32.84,0.16
2020-04-28 12:00:00,32.62,32.82,0.16
2020-04-28 12:30:00,32.62,32.75,0.16
2020-04-28 13:00:00,32.63,32.75,0.16
2020-04-28 13:30:00,32.49,33.09,0.16
2020-04-28 14:00:00,32.71,33.39,0.16
2020-04-28 14:30:00,33.30,34.67,0.16
2020-04-28 15:00:00,33.69,34.72,0.16
2020-04-28 15:30:00,33.52,34.12,0.16
2020-04-28 16:00:00,33.82,34.57,0.16
2020-04-28 16:30:00,33.97,34.46,0.16
2020-04-28 17:00:00,33.84,34.07,0.16
2020-04-28 17:30:00,33.51,33.99,0.16
2020-04-28 18:00:00,33.48,33.76,0.16
2020-04-28 18:30:00,33.41,34.07,0.16
2020-04-28 19:00:00,33.73,34.14,0.16
2020-04-28 19:30:00,33.91,34.49,0.16
2020-04-28 20:00:00,33.97,34.42,0.16
2020-04-28 20:30:00,33.98,34.21,0.16
2020-04-28 22:00:00,33.84,34.10,0.16
2020-04-28 22:30:00,33.88,34.04,0.16
2020-04-28 23:00:00,33.68,33.95,0.16
2020-04-28 23:30:00,33.56,33.78,0.16
2020-04-29 00:00:00,33.51,33.76,0.16
2020-04-29 00:30:00,33.47,33.60,0.16
2020-04-29 01:00:00,33.16,33.75,0.16
2020-04-29 01:30:00,33.09,33.42,0.16
2020-04-29 02:00:00,33.29,33.52,0.16
2020-04-29 02:30:00,33.24,33.42,0.16
2020-04-29 03:00:00,33.27,33.47,0.16
2020-04-29 03:30:00,33.28,33.41,0.16
2020-04-29 04:00:00,33.14,33.34,0.16
2020-04-29 04:30:00,33.16,33.47,0.16
2020-04-29 05:00:00,33.19,33.39,0.16
2020-04-29 05:30:00,33.19,33.39,0.16
2020-04-29 06:00:00,33.14,33.67,0.16
2020-04-29 06:30:00,33.47,33.66,0.16
2020-04-29 07:00:00,33.27,33.77,0.16
2020-04-29 07:30:00,33.09,33.44,0.16
2020-04-29 08:00:00,33.12,33.38,0.16
2020-04-29 08:30:00,33.09,33.33,0.16
2020-04-29 09:00:00,33.09,33.24,0.16
2020-04-29 09:30:00,33.07,33.33,0.16
2020-04-29 10:00:00,33.32,33.59,0.16
2020-04-29 10:30:00,33.34,33.60,0.16
2020-04-29 11:00:00,33.16,33.45,0.16
2020-04-29 11:30:00,33.31,33.54,0.16
2020-04-29 12:00:00,33.05,33.50,0.16
2020-04-29 12:30:00,32.18,33.11,0.16
2020-04-29 13:00:00,32.02,32.43,0.16
2020-04-29 13:30:00,31.81,32.53,0.16
2020-04-29 14:00:00,31.52,32.06,0.16
2020-04-29 14:30:00,31.54,31.87,0.16
2020-04-29 15:00:00,31.67,31.88,0.16
2020-04-29 15:30:00,31.77,31.98,0.16
2020-04-29 16:00:00,31.80,31.93,0.16
2020-04-29 16:30:00,31.73,31.85,0.16
2020-04-29 17:00:00,31.60,31.83,0.16
2020-04-29 17:30:00,31.78,31.95,0.16
2020-04-29 18:00:00,31.73,32.08,0.16
2020-04-29 18:30:00,31.86,32.14,0.16
2020-04-29 19:00:00,31.86,32.08,0.16
2020-04-29 19:30:00,31.98,32.31,0.16
2020-04-29 20:00:00,31.86,32.22,0.16
2020-04-29 20:30:00,31.68,31.91,0.16
2020-04-29 22:00:00,31.50,31.85,0.16
2020-04-29 22:30:00,31.72,31.77,0.16
2020-04-29 23:00:00,31.76,31.86,0.16
2020-04-29 23:30:00,31.66,31.79,0.16
2020-04-30 00:00:00,31.71,31.89,0.16
2020-04-30 00:30:00,31.82,32.14,0.16
2020-04-30 01:00:00,31.99,32.21,0.16
2020-04-30 01:30:00,31.99,32.19,0.16
2020-04-30 02:00:00,31.94,32.13,0.16
2020-04-30 02:30:00,31.89,32.02,0.16
2020-04-30 03:00:00,31.81,31.99,0.16
2020-04-30 03:30:00,31.63,31.86,0.16
2020-04-30 04:00:00,31.43,31.68,0.16
2020-04-30 04:30:00,31.43,31.66,0.16
2020-04-30 05:00:00,31.52,31.68,0.16
2020-04-30 05:30:00,31.56,31.73,0.16
2020-04-30 06:00:00,31.72,32.05,0.16
2020-04-30 06:30:00,31.77,32.01,0.16
2020-04-30 07:00:00,31.76,32.14,0.16
2020-04-30 07:30:00,31.95,32.19,0.16
2020-04-30 08:00:00,32.00,32.18,0.16
2020-04-30 08:30:00,31.91,32.21,0.16
2020-04-30 09:00:00,32.08,32.29,0.16
2020-04-30 09:30:00,31.98,32.21,0.16
2020-04-30 10:00:00,31.83,32.06,0.16
2020-04-30 10:30:00,32.00,32.37,0.16
2020-04-30 11:00:00,32.21,32.41,0.16
2020-04-30 11:30:00,32.19,32.64,0.16
2020-04-30 12:00:00,32.49,32.77,0.16
2020-04-30 12:30:00,32.40,33.09,0.16
2020-04-30 13:00:00,32.87,33.48,0.16
2020-04-30 13:30:00,32.87,34.02,0.16
2020-04-30 14:00:00,33.29,33.74,0.16
2020-04-30 14:30:00,33.21,33.71,0.16
2020-04-30 15:00:00,33.32,33.74,0.16
2020-04-30 15:30:00,33.57,34.02,0.16
2020-04-30 16:00:00,34.02,34.35,0.16
2020-04-30 16:30:00,33.90,34.45,0.16
2020-04-30 17:00:00,33.76,34.09,0.16
2020-04-30 17:30:00,33.94,34.20,0.16
2020-04-30 18:00:00,33.94,34.24,0.16
2020-04-30 18:30:00,33.66,34.16,0.16
2020-04-30 19:00:00,33.46,34.06,0.16
2020-04-30 19:30:00,33.06,33.72,0.16
2020-04-30 20:00:00,33.24,33.76,0.16
2020-04-30 20:30:00,33.63,34.20,0.16
2020-04-30 22:00:00,34.34,35.16,0.22
2020-04-30 22:30:00,34.71,35.01,0.16
2020-04-30 23:00:00,34.55,34.77,0.16
2020-04-30 23:30:00,34.53,34.77,0.16
2020-05-01 00:00:00,34.39,34.62,0.16
2020-05-01 00:30:00,34.31,34.66,0.16
2020-05-01 01:00:00,34.26,34.69,0.16
2020-05-01 01:30:00,34.66,34.99,0.16
2020-05-01 02:00:00,34.70,35.16,0.16
2020-05-01 02:30:00,35.04,35.36,0.16
2020-05-01 03:00:00,35.24,35.51,0.16
2020-05-01 03:30:00,35.09,35.36,0.16
2020-05-01 04:00:00,35.01,35.32,0.16
2020-05-01 04:30:00,35.02,35.21,0.16
2020-05-01 05:00:00,35.11,35.29,0.16
2020-05-01 05:30:00,35.11,35.48,0.16
2020-05-01 06:00:00,35.21,35.62,0.16
2020-05-01 06:30:00,35.52,36.01,0.16
2020-05-01 07:00:00,35.81,36.23,0.16
2020-05-01 07:30:00,36.08,36.65,0.16
2020-05-01 08:00:00,36.16,36.66,0.16
2020-05-01 08:30:00,35.88,36.27,0.16
2020-05-01 09:00:00,35.92,36.24,0.16
2020-05-01 09:30:00,36.08,36.25,0.16
2020-05-01 10:00:00,35.85,36.18,0.16
2020-05-01 10:30:00,35.80,36.03,0.16
2020-05-01 11:00:00,35.93,36.56,0.16
2020-05-01 11:30:00,35.92,36.55,0.16
2020-05-01 12:00:00,35.87,36.30,0.16
2020-05-01 12:30:00,36.05,36.35,0.16
2020-05-01 13:00:00,35.75,36.30,0.16
2020-05-01 13:30:00,35.37,36.21,0.16
2020-05-01 14:00:00,35.55,36.09,0.16
2020-05-01 14:30:00,35.47,35.87,0.16
2020-05-01 15:00:00,35.64,36.14,0.16
2020-05-01 15:30:00,35.97,36.72,0.16
2020-05-01 16:00:00,36.27,36.89,0.16
2020-05-01 16:30:00,36.31,36.74,0.16
2020-05-01 17:00:00,36.26,36.64,0.16
2020-05-01 17:30:00,36.36,36.79,0.16
2020-05-01 18:00:00,36.29,36.74,0.16
2020-05-01 18:30:00,36.34,36.69,0.16
2020-05-01 19:00:00,36.04,36.61,0.16
2020-05-01 19:30:00,35.96,36.34,0.16
2020-05-01 20:00:00,36.04,36.65,0.16
2020-05-01 20:30:00,36.50,36.87,0.18
2020-05-03 22:00:00,37.30,37.88,0.16
2020-05-03 22:30:00,37.72,38.32,0.16
2020-05-03 23:00:00,37.82,38.33,0.16
2020-05-03 23:30:00,38.02,38.53,0.16
2020-05-04 00:00:00,37.87,38.13,0.16
2020-05-04 00:30:00,37.93,38.42,0.16
2020-05-04 01:00:00,37.03,38.04,0.16
2020-05-04 01:30:00,36.95,37.20,0.16
2020-05-04 02:00:00,36.98,37.26,0.16
2020-05-04 02:30:00,36.95,37.12,0.16
2020-05-04 03:00:00,36.82,37.07,0.16
2020-05-04 03:30:00,36.70,36.99,0.16
2020-05-04 04:00:00,36.65,37.09,0.16
2020-05-04 04:30:00,36.95,37.18,0.16
2020-05-04 05:00:00,36.85,37.08,0.16
2020-05-04 05:30:00,36.94,37.33,0.16
2020-05-04 06:00:00,36.85,37.33,0.16
2020-05-04 06:30:00,36.56,36.99,0.16
2020-05-04 07:00:00,36.63,37.48,0.16
2020-05-04 07:30:00,36.82,37.31,0.16
2020-05-04 08:00:00,36.92,37.38,0.16
2020-05-04 08:30:00,37.13,37.37,0.16
2020-05-04 09:00:00,37.31,37.75,0.16
2020-05-04 09:30:00,37.29,37.68,0.16
2020-05-04 10:00:00,36.87,37.37,0.16
2020-05-04 10:30:00,36.96,37.31,0.16
2020-05-04 11:00:00,37.18,37.56,0.16
2020-05-04 11:30:00,36.97,37.21,0.16
2020-05-04 12:00:00,37.03,37.44,0.16
2020-05-04 12:30:00,36.98,37.32,0.16
2020-05-04 13:00:00,36.93,37.34,0.16
2020-05-04 13:30:00,37.10,37.59,0.16
2020-05-04 14:00:00,36.35,37.21,0.16
2020-05-04 14:30:00,36.57,36.91,0.16
2020-05-04 15:00:00,36.39,36.89,0.16
2020-05-04 15:30:00,35.82,36.59,0.16
2020-05-04 16:00:00,35.82,36.01,0.16
2020-05-04 16:30:00,35.80,36.20,0.16
2020-05-04 17:00:00,36.00,36.42,0.16
2020-05-04 17:30:00,35.99,36.27,0.16
2020-05-04 18:00:00,35.95,36.14,0.16
2020-05-04 18:30:00,35.67,36.26,0.16
2020-05-04 19:00:00,35.35,35.81,0.16
2020-05-04 19:30:00,35.20,35.47,0.16
2020-05-04 20:00:00,35.25,35.49,0.16
2020-05-04 20:30:00,35.22,35.36,0.16
2020-05-04 22:00:00,35.22,35.40,0.16
2020-05-04 22:30:00,35.17,35.32,0.16
2020-05-04 23:00:00,35.15,35.24,0.16
2020-05-04 23:30:00,35.11,35.34,0.16
2020-05-05 00:00:00,34.99,35.26,0.16
2020-05-05 00:30:00,34.92,35.16,0.16
2020-05-05 01:00:00,34.80,34.93,0.16
2020-05-05 01:30:00,34.67,34.87,0.16
2020-05-05 02:00:00,34.67,34.77,0.16
2020-05-05 02:30:00,34.70,34.99,0.16
2020-05-05 03:00:00,34.82,34.95,0.16
2020-05-05 03:30:00,34.83,35.04,0.16
2020-05-05 04:00:00,34.77,34.98,0.16
2020-05-05 04:30:00,34.66,34.90,0.16
2020-05-05 05:00:00,34.70,34.87,0.16
2020-05-05 05:30:00,34.77,34.89,0.16
2020-05-05 06:00:00,34.59,34.89,0.16
2020-05-05 06:30:00,34.60,34.82,0.16
2020-05-05 07:00:00,34.55,34.82,0.16
2020-05-05 07:30:00,34.29,34.62,0.16
2020-05-05 08:00:00,34.23,34.75,0.16
2020-05-05 08:30:00,34.41,35.51,0.16
2020-05-05 09:00:00,35.05,35.56,0.16
2020-05-05 09:30:00,34.77,35.25,0.16
2020-05-05 10:00:00,34.66,35.06,0.16
2020-05-05 10:30:00,34.74,35.04,0.16
2020-05-05 11:00:00,34.46,34.75,0.16
2020-05-05 11:30:00,34.45,34.67,0.16
2020-05-05 12:00:00,34.14,34.55,0.16
2020-05-05 12:30:00,34.04,34.26,0.16
2020-05-05 13:00:00,33.99,34.21,0.16
2020-05-05 13:30:00,33.59,34.06,0.16
2020-05-05 14:00:00,33.53,33.85,0.16
2020-05-05 14:30:00,33.66,33.93,0.16
2020-05-05 15:00:00,33.49,33.78,0.16
2020-05-05 15:30:00,33.49,33.61,0.16
2020-05-05 16:00:00,33.44,33.61,0.16
2020-05-05 16:30:00,33.51,33.71,0.16
2020-05-05 17:00:00,33.54,33.86,0.16
2020-05-05 17:30:00,33.64,33.79,0.16
2020-05-05 18:00:00,33.58,33.79,0.16
2020-05-05 18:30:00,33.14,33.63,0.16
2020-05-05 19:00:00,32.91,33.68,0.16
2020-05-05 19:30:00,33.52,34.08,0.16
2020-05-05 20:00:00,33.85,34.12,0.16
2020-05-05 20:30:00,33.89,34.11,0.16
2020-05-05 22:00:00,33.71,34.06,0.21
2020-05-05 22:30:00,33.61,33.85,0.16
2020-05-05 23:00:00,33.68,33.81,0.16
2020-05-05 23:30:00,33.70,33.82,0.16
2020-05-06 00:00:00,33.71,34.10,0.16
2020-05-06 00:30:00,34.00,34.54,0.16
2020-05-06 01:00:00,34.48,34.78,0.16
2020-05-06 01:30:00,34.34,34.66,0.16
2020-05-06 02:00:00,34.39,34.66,0.16
2020-05-06 02:30:00,34.35,34.51,0.16
2020-05-06 03:00:00,34.19,34.37,0.16
2020-05-06 03:30:00,34.12,34.31,0.16
2020-05-06 04:00:00,34.20,34.45,0.16
2020-05-06 04:30:00,34.25,34.39,0.16
2020-05-06 05:00:00,33.88,34.33,0.16
2020-05-06 05:30:00,33.82,34.00,0.16
2020-05-06 06:00:00,33.59,34.05,0.16
2020-05-06 06:30:00,33.50,33.69,0.16
2020-05-06 07:00:00,33.53,33.85,0.16
2020-05-06 07:30:00,33.58,33.78,0.16
2020-05-06 08:00:00,33.38,33.66,0.16
2020-05-06 08:30:00,33.38,33.64,0.16
2020-05-06 09:00:00,33.33,33.53,0.16
2020-05-06 09:30:00,33.26,33.38,0.16
2020-05-06 10:00:00,33.23,33.37,0.16
2020-05-06 10:30:00,33.16,33.36,0.16
2020-05-06 11:00:00,33.18,33.33,0.16
2020-05-06 11:30:00,33.17,33.36,0.16
2020-05-06 12:00:00,33.34,33.66,0.16
2020-05-06 12:30:00,33.31,33.73,0.16
2020-05-06 13:00:00,33.09,33.38,0.16
2020-05-06 13:30:00,33.01,33.89,0.16
2020-05-06 14:00:00,33.59,34.36,0.16
2020-05-06 14:30:00,33.19,33.81,0.16
2020-05-06 15:00:00,33.38,34.03,0.16
2020-05-06 15:30:00,33.53,34.16,0.16
2020-05-06 16:00:00,33.49,33.89,0.16
2020-05-06 16:30:00,33.27,33.54,0.16
2020-05-06 17:00:00,33.34,33.73,0.16
2020-05-06 17:30:00,33.24,33.52,0.16
2020-05-06 18:00:00,33.44,33.76,0.16
2020-05-06 18:30:00,33.38,33.74,0.16
2020-05-06 19:00:00,33.38,33.64,0.16
2020-05-06 19:30:00,33.49,34.36,0.16
2020-05-06 20:00:00,34.29,34.64,0.16
2020-05-06 20:30:00,34.53,34.69,0.16
2020-05-06 22:00:00,34.46,34.80,0.16
2020-05-06 22:30:00,34.56,34.83,0.16
2020-05-06 23:00:00,34.61,34.79,0.16
2020-05-06 23:30:00,34.54,34.73,0.16
2020-05-07 00:00:00,34.31,34.54,0.16
2020-05-07 00:30:00,34.22,34.43,0.16
2020-05-07 01:00:00,34.09,34.29,0.16
2020-05-07 01:30:00,34.13,34.31,0.16
2020-05-07 02:00:00,34.17,34.33,0.16
2020-05-07 02:30:00,34.06,34.19,0.16
2020-05-07 03:00:00,33.83,34.09,0.16
2020-05-07 03:30:00,33.84,33.94,0.16
2020-05-07 04:00:00,33.78,33.94,0.16
2020-05-07 04:30:00,33.73,33.88,0.16
2020-05-07 05:00:00,33.79,33.98,0.16
2020-05-07 05:30:00,33.93,34.03,0.16
2020-05-07 06:00:00,33.63,33.98,0.16
2020-05-07 06:30:00,33.59,33.71,0.16
2020-05-07 07:00:00,33.09,33.74,0.16
2020-05-07 07:30:00,33.33,33.46,0.16
2020-05-07 08:00:00,33.41,33.52,0.16
2020-05-07 08:30:00,33.34,33.49,0.16
2020-05-07 09:00:00,33.19,33.39,0.16
2020-05-07 09:30:00,32.88,33.23,0.16
2020-05-07 10:00:00,32.94,33.09,0.16
2020-05-07 10:30:00,32.99,33.33,0.16
2020-05-07 11:00:00,33.21,33.31,0.16
2020-05-07 11:30:00,32.86,33.21,0.16
2020-05-07 12:00:00,32.96,33.16,0.16
2020-05-07 12:30:00,32.96,33.19,0.16
2020-05-07 13:00:00,33.00,33.18,0.16
2020-05-07 13:30:00,32.70,33.35,0.16
2020-05-07 14:00:00,32.75,33.20,0.16
2020-05-07 14:30:00,32.85,33.18,0.16
2020-05-07 15:00:00,32.78,33.16,0.16
2020-05-07 15:30:00,32.65,32.95,0.16
2020-05-07 16:00:00,32.58,32.78,0.16
2020-05-07 16:30:00,32.57,32.73,0.16
2020-05-07 17:00:00,32.62,32.87,0.16
2020-05-07 17:30:00,32.72,32.98,0.16
2020-05-07 18:00:00,32.82,33.10,0.16
2020-05-07 18:30:00,32.93,33.16,0.16
2020-05-07 19:00:00,32.93,33.21,0.16
2020-05-07 19:30:00,32.93,33.18,0.16
2020-05-07 20:00:00,32.43,32.91,0.16
2020-05-07 20:30:00,32.45,32.55,0.16
2020-05-07 22:00:00,32.42,32.64,0.16
2020-05-07 22:30:00,32.44,32.50,0.16
2020-05-07 23:00:00,32.40,32.47,0.16
2020-05-07 23:30:00,32.29,32.47,0.16
2020-05-08 00:00:00,32.06,32.25,0.16
2020-05-08 00:30:00,31.82,32.21,0.16
2020-05-08 01:00:00,31.87,32.07,0.16
2020-05-08 01:30:00,31.96,32.09,0.16
2020-05-08 02:00:00,31.89,32.11,0.16
2020-05-08 02:30:00,31.81,31.91,0.16
2020-05-08 03:00:00,31.81,31.92,0.16
2020-05-08 03:30:00,31.86,31.97,0.16
2020-05-08 04:00:00,31.81,31.96,0.16
2020-05-08 04:30:00,31.88,32.00,0.16
2020-05-08 05:00:00,31.83,32.01,0.16
2020-05-08 05:30:00,31.95,32.07,0.16
2020-05-08 06:00:00,31.86,32.09,0.16
2020-05-08 06:30:00,32.09,32.24,0.16
2020-05-08 07:00:00,31.99,32.24,0.16
2020-05-08 07:30:00,32.03,32.23,0.16
2020-05-08 08:00:00,32.11,32.28,0.16
2020-05-08 08:30:00,32.18,32.27,0.16
2020-05-08 09:00:00,32.04,32.21,0.16
2020-05-08 09:30:00,31.89,32.16,0.16
2020-05-08 10:00:00,31.85,31.96,0.16
2020-05-08 10:30:00,31.83,31.96,0.16
2020-05-08 11:00:00,31.93,32.05,0.16
2020-05-08 11:30:00,31.98,32.13,0.16
2020-05-08 12:00:00,32.03,32.18,0.16
2020-05-08 12:30:00,31.70,32.12,0.16
2020-05-08 13:00:00,31.65,31.95,0.16
2020-05-08 13:30:00,31.70,32.18,0.16
2020-05-08 14:00:00,31.64,31.80,0.16
2020-05-08 14:30:00,31.66,31.89,0.16
2020-05-08 15:00:00,31.45,31.83,0.16
2020-05-08 15:30:00,31.19,31.50,0.16
2020-05-08 16:00:00,31.19,31.34,0.16
2020-05-08 16:30:00,30.99,31.21,0.16
2020-05-08 17:00:00,30.99,31.17,0.16
2020-05-08 17:30:00,31.12,31.45,0.16
2020-05-08 18:00:00,31.18,31.45,0.16
2020-05-08 18:30:00,31.13,31.24,0.16
2020-05-08 19:00:00,30.98,31.19,0.16
2020-05-08 19:30:00,30.65,31.09,0.16
2020-05-08 20:00:00,30.26,30.65,0.16
2020-05-08 20:30:00,30.22,30.38,0.20
2020-05-10 22:00:00,30.40,30.82,0.17
2020-05-10 22:30:00,30.39,30.56,0.16
2020-05-10 23:00:00,30.29,30.47,0.16
2020-05-10 23:30:00,30.09,30.29,0.16
2020-05-11 00:00:00,29.97,30.18,0.16
2020-05-11 00:30:00,29.97,30.13,0.16
2020-05-11 01:00:00,29.97,30.09,0.16
2020-05-11 01:30:00,29.82,30.05,0.16
2020-05-11 02:00:00,29.87,29.98,0.16
2020-05-11 02:30:00,29.92,30.03,0.16
2020-05-11 03:00:00,29.92,30.05,0.16
2020-05-11 03:30:00,29.99,30.02,0.16
2020-05-11 04:00:00,29.89,30.10,0.16
2020-05-11 04:30:00,29.99,30.10,0.16
2020-05-11 05:00:00,30.04,30.28,0.16
2020-05-11 05:30:00,30.20,30.41,0.16
2020-05-11 06:00:00,30.21,30.52,0.16
2020-05-11 06:30:00,30.16,30.30,0.16
2020-05-11 07:00:00,30.06,30.40,0.16
2020-05-11 07:30:00,29.94,30.16,0.16
2020-05-11 08:00:00,29.99,30.34,0.16
2020-05-11 08:30:00,30.35,30.62,0.16
2020-05-11 09:00:00,30.55,30.95,0.16
2020-05-11 09:30:00,30.84,31.00,0.16
2020-05-11 10:00:00,30.90,31.37,0.16
2020-05-11 10:30:00,31.12,31.40,0.16
2020-05-11 11:00:00,31.09,31.25,0.16
2020-05-11 11:30:00,31.10,31.81,0.16
2020-05-11 12:00:00,31.65,31.87,0.16
2020-05-11 12:30:00,31.65,31.98,0.16
2020-05-11 13:00:00,31.46,31.75,0.16
2020-05-11 13:30:00,30.84,31.63,0.16
2020-05-11 14:00:00,30.64,31.09,0.16
2020-05-11 14:30:00,30.39,30.73,0.16
2020-05-11 15:00:00,29.98,30.56,0.16
2020-05-11 15:30:00,29.84,30.03,0.16
2020-05-11 16:00:00,29.52,29.95,0.16
2020-05-11 16:30:00,29.11,29.48,0.16
2020-05-11 17:00:00,29.02,29.33,0.16
2020-05-11 17:30:00,28.91,29.03,0.16
2020-05-11 18:00:00,28.97,29.22,0.16
2020-05-11 18:30:00,28.70,29.11,0.16
2020-05-11 19:00:00,28.64,28.79,0.16
2020-05-11 19:30:00,28.64,28.89,0.16
2020-05-11 20:00:00,28.54,28.99,0.16
2020-05-11 20:30:00,28.82,29.04,0.16
2020-05-11 22:00:00,28.82,29.04,0.25
2020-05-11 22:30:00,28.82,29.09,0.16
2020-05-11 23:00:00,28.95,29.10,0.16
2020-05-11 23:30:00,29.07,29.20,0.16
2020-05-12 00:00:00,28.90,29.42,0.16
2020-05-12 00:30:00,29.31,29.52,0.16
2020-05-12 01:00:00,29.47,29.66,0.16
2020-05-12 01:30:00,29.51,29.85,0.16
2020-05-12 02:00:00,29.61,29.84,0.16
2020-05-12 02:30:00,29.77,29.93,0.16
2020-05-12 03:00:00,29.77,30.17,0.16
2020-05-12 03:30:00,29.76,30.20,0.16
2020-05-12 04:00:00,29.58,29.87,0.16
2020-05-12 04:30:00,29.67,29.83,0.16
2020-05-12 05:00:00,29.55,29.72,0.16
2020-05-12 05:30:00,29.50,29.71,0.16
2020-05-12 06:00:00,29.71,30.15,0.16
2020-05-12 06:30:00,29.73,30.09,0.16
2020-05-12 07:00:00,29.21,29.79,0.16
2020-05-12 07:30:00,29.21,29.46,0.16
2020-05-12 08:00:00,29.15,29.41,0.16
2020-05-12 08:30:00,29.21,29.41,0.16
2020-05-12 09:00:00,29.21,29.56,0.16
2020-05-12 09:30:00,29.15,29.47,0.16
2020-05-12 10:00:00,28.83,29.14,0.16
2020-05-12 10:30:00,28.83,28.94,0.16
2020-05-12 11:00:00,28.53,28.88,0.16
2020-05-12 11:30:00,28.19,28.59,0.16
2020-05-12 12:00:00,28.18,28.34,0.16
2020-05-12 12:30:00,27.93,28.34,0.16
2020-05-12 13:00:00,27.82,27.98,0.16
2020-05-12 13:30:00,27.71,28.85,0.16
2020-05-12 14:00:00,28.26,28.86,0.16
2020-05-12 14:30:00,28.44,28.93,0.16
2020-05-12 15:00:00,28.19,28.55,0.16
2020-05-12 15:30:00,28.34,28.79,0.16
2020-05-12 16:00:00,28.58,29.00,0.16
2020-05-12 16:30:00,28.54,28.85,0.16
2020-05-12 17:00:00,28.69,29.64,0.16
2020-05-12 17:30:00,29.21,29.63,0.16
2020-05-12 18:00:00,29.17,29.78,0.16
2020-05-12 18:30:00,29.49,29.86,0.16
2020-05-12 19:00:00,29.64,30.37,0.16
2020-05-12 19:30:00,30.32,31.63,0.16
2020-05-12 20:00:00,31.58,32.95,0.16
2020-05-12 20:30:00,32.70,33.17,0.16
2020-05-12 22:00:00,32.79,33.22,0.16
2020-05-12 22:30:00,32.87,33.09,0.16
2020-05-12 23:00:00,32.84,33.09,0.16
2020-05-12 23:30:00,32.87,33.55,0.16
2020-05-13 00:00:00,33.15,33.63,0.16
2020-05-13 00:30:00,32.89,33.31,0.16
2020-05-13 01:00:00,32.46,32.87,0.16
2020-05-13 01:30:00,32.62,33.25,0.16
2020-05-13 02:00:00,32.38,32.92,0.16
2020-05-13 02:30:00,32.22,32.49,0.16
2020-05-13 03:00:00,32.18,32.44,0.16
2020-05-13 03:30:00,32.01,32.28,0.16
2020-05-13 04:00:00,32.07,32.23,0.16
2020-05-13 04:30:00,31.84,32.07,0.16
2020-05-13 05:00:00,31.81,32.02,0.16
2020-05-13 05:30:00,31.81,32.45,0.16
2020-05-13 06:00:00,31.58,32.27,0.16
2020-05-13 06:30:00,31.53,31.79,0.16
2020-05-13 07:00:00,31.58,32.17,0.16
2020-05-13 07:30:00,31.79,32.45,0.16
2020-05-13 08:00:00,31.60,32.13,0.16
2020-05-13 08:30:00,31.49,31.87,0.16
2020-05-13 09:00:00,31.45,31.93,0.16
2020-05-13 09:30:00,31.09,31.69,0.16
2020-05-13 10:00:00,30.78,31.19,0.16
2020-05-13 10:30:00,30.86,31.17,0.16
2020-05-13 11:00:00,31.10,31.42,0.16
2020-05-13 11:30:00,30.99,31.37,0.16
2020-05-13 12:00:00,31.02,31.44,0.16
2020-05-13 12:30:00,31.19,31.66,0.16
2020-05-13 13:00:00,31.54,32.50,0.16
2020-05-13 13:30:00,31.93,33.43,0.16
2020-05-13 14:00:00,31.77,32.58,0.16
2020-05-13 14:30:00,31.33,32.61,0.16
2020-05-13 15:00:00,32.26,33.22,0.16
2020-05-13 15:30:00,32.70,34.17,0.16
2020-05-13 16:00:00,33.59,34.91,0.16
2020-05-13 16:30:00,33.84,34.44,0.16
2020-05-13 17:00:00,33.92,34.66,0.16
2020-05-13 17:30:00,33.99,34.45,0.16
2020-05-13 18:00:00,33.91,34.75,0.16
2020-05-13 18:30:00,34.48,35.24,0.16
2020-05-13 19:00:00,34.36,36.16,0.16
2020-05-13 19:30:00,34.52,35.95,0.16
2020-05-13 20:00:00,34.21,35.33,0.16
2020-05-13 20:30:00,34.34,34.63,0.16
2020-05-13 22:00:00,34.08,34.48,0.16
2020-05-13 22:30:00,34.20,34.48,0.16
2020-05-13 23:00:00,33.86,34.26,0.16
2020-05-13 23:30:00,33.70,34.32,0.16
2020-05-14 00:00:00,34.24,34.70,0.16
2020-05-14 00:30:00,34.30,34.88,0.16
2020-05-14 01:00:00,34.00,34.30,0.16
2020-05-14 01:30:00,34.10,34.68,0.16
2020-05-14 02:00:00,34.52,34.95,0.16
2020-05-14 02:30:00,34.40,34.84,0.16
2020-05-14 03:00:00,34.26,34.52,0.16
2020-05-14 03:30:00,34.31,34.62,0.16
2020-05-14 04:00:00,34.20,34.41,0.16
2020-05-14 04:30:00,34.42,34.84,0.16
2020-05-14 05:00:00,34.73,34.94,0.16
2020-05-14 05:30:00,34.88,35.24,0.16
2020-05-14 06:00:00,34.99,35.39,0.16
2020-05-14 06:30:00,34.96,35.41,0.16
2020-05-14 07:00:00,34.30,35.25,0.16
2020-05-14 07:30:00,34.32,34.98,0.16
2020-05-14 08:00:00,34.83,35.30,0.16
2020-05-14 08:30:00,34.83,35.19,0.16
2020-05-14 09:00:00,34.72,35.09,0.16
2020-05-14 09:30:00,34.61,34.92,0.16
2020-05-14 10:00:00,34.64,35.18,0.16
2020-05-14 10:30:00,34.90,35.24,0.16
2020-05-14 11:00:00,34.93,35.50,0.16
2020-05-14 11:30:00,35.39,35.71,0.16
2020-05-14 12:00:00,35.56,36.28,0.16
2020-05-14 12:30:00,35.96,36.93,0.16
2020-05-14 13:00:00,36.26,36.83,0.16
2020-05-14 13:30:00,36.04,37.63,0.16
2020-05-14 14:00:00,36.69,37.67,0.16
2020-05-14 14:30:00,35.67,37.16,0.16
2020-05-14 15:00:00,35.04,36.12,0.16
2020-05-14 15:30:00,35.50,36.27,0.16
2020-05-14 16:00:00,35.31,36.29,0.16
2020-05-14 16:30:00,34.75,35.72,0.16
2020-05-14 17:00:00,34.39,35.24,0.16
2020-05-14 17:30:00,34.23,35.21,0.16
2020-05-14 18:00:00,34.84,35.52,0.16
2020-05-14 18:30:00,34.78,35.52,0.16
2020-05-14 19:00:00,33.77,34.99,0.16
2020-05-14 19:30:00,33.05,34.18,0.16
2020-05-14 20:00:00,32.74,33.10,0.16
2020-05-14 20:30:00,32.89,33.13,0.16
2020-05-14 22:00:00,32.92,33.24,0.18
2020-05-14 22:30:00,33.07,33.24,0.16
2020-05-14 23:00:00,33.08,33.26,0.16
2020-05-14 23:30:00,32.82,33.08,0.16
2020-05-15 00:00:00,32.66,33.07,0.16
2020-05-15 00:30:00,32.79,33.13,0.16
2020-05-15 01:00:00,32.95,33.54,0.16
2020-05-15 01:30:00,33.18,33.54,0.16
2020-05-15 02:00:00,33.18,33.74,0.16
2020-05-15 02:30:00,33.32,33.68,0.16
2020-05-15 03:00:00,33.42,33.67,0.16
2020-05-15 03:30:00,33.21,33.52,0.16
2020-05-15 04:00:00,33.11,33.42,0.16
2020-05-15 04:30:00,33.06,33.42,0.16
2020-05-15 05:00:00,32.95,33.26,0.16
2020-05-15 05:30:00,33.06,33.37,0.16
2020-05-15 06:00:00,33.12,33.54,0.16
2020-05-15 06:30:00,33.23,33.47,0.16
2020-05-15 07:00:00,32.81,33.28,0.16
2020-05-15 07:30:00,32.54,33.06,0.16
2020-05-15 08:00:00,32.59,33.00,0.16
2020-05-15 08:30:00,32.85,33.06,0.16
2020-05-15 09:00:00,32.69,32.95,0.16
2020-05-15 09:30:00,32.85,33.21,0.16
2020-05-15 10:00:00,32.80,33.21,0.16
2020-05-15 10:30:00,33.02,34.16,0.16
2020-05-15 11:00:00,34.06,34.90,0.16
2020-05-15 11:30:00,34.32,34.93,0.16
2020-05-15 12:00:00,34.36,34.99,0.16
2020-05-15 12:30:00,34.47,34.93,0.16
2020-05-15 13:00:00,34.45,34.81,0.16
2020-05-15 13:30:00,33.38,35.16,0.16
2020-05-15 14:00:00,32.90,33.79,0.16
2020-05-15 14:30:00,33.37,34.29,0.16
2020-05-15 15:00:00,33.83,34.53,0.16
2020-05-15 15:30:00,33.78,34.29,0.16
2020-05-15 16:00:00,33.12,33.94,0.16
2020-05-15 16:30:00,33.09,33.67,0.16
2020-05-15 17:00:00,32.96,33.42,0.16
2020-05-15 17:30:00,32.91,33.37,0.16
2020-05-15 18:00:00,32.62,33.12,0.16
2020-05-15 18:30:00,32.62,33.08,0.16
2020-05-15 19:00:00,32.28,33.14,0.16
2020-05-15 19:30:00,32.22,32.69,0.16
2020-05-15 20:00:00,32.25,32.75,0.16
2020-05-15 20:30:00,32.53,32.68,0.16
2020-05-17 22:00:00,32.44,32.72,0.18
2020-05-17 22:30:00,31.81,32.59,0.16
2020-05-17 23:00:00,31.76,32.11,0.16
2020-05-17 23:30:00,31.81,32.01,0.16
2020-05-18 00:00:00,31.76,32.06,0.16
2020-05-18 00:30:00,31.81,32.16,0.16
2020-05-18 01:00:00,31.95,32.26,0.16
2020-05-18 01:30:00,31.96,32.21,0.16
2020-05-18 02:00:00,31.71,32.01,0.16
2020-05-18 02:30:00,31.66,31.81,0.16
2020-05-18 03:00:00,31.61,31.76,0.16
2020-05-18 03:30:00,31.61,31.71,0.16
2020-05-18 04:00:00,31.66,31.81,0.16
2020-05-18 04:30:00,31.66,31.81,0.16
2020-05-18 05:00:00,31.63,31.84,0.16
2020-05-18 05:30:00,31.76,31.91,0.16
2020-05-18 06:00:00,31.56,31.91,0.16
2020-05-18 06:30:00,31.41,31.66,0.16
2020-05-18 07:00:00,31.21,31.54,0.16
2020-05-18 07:30:00,31.21,31.41,0.16
2020-05-18 08:00:00,31.11,31.31,0.16
2020-05-18 08:30:00,31.11,31.31,0.16
2020-05-18 09:00:00,31.21,31.42,0.16
2020-05-18 09:30:00,31.16,31.52,0.16
2020-05-18 10:00:00,31.11,31.26,0.16
2020-05-18 10:30:00,30.97,31.27,0.16
2020-05-18 11:00:00,30.87,31.12,0.16
2020-05-18 11:30:00,30.02,31.02,0.16
2020-05-18 12:00:00,29.76,30.11,0.16
2020-05-18 12:30:00,29.81,30.01,0.16
2020-05-18 13:00:00,29.81,30.26,0.16
2020-05-18 13:30:00,29.86,30.51,0.16
2020-05-18 14:00:00,30.31,30.81,0.16
2020-05-18 14:30:00,30.46,30.71,0.16
2020-05-18 15:00:00,30.26,30.71,0.16
2020-05-18 15:30:00,30.34,30.61,0.16
2020-05-18 16:00:00,30.47,30.71,0.16
2020-05-18 16:30:00,30.37,30.62,0.16
2020-05-18 17:00:00,30.21,30.46,0.16
2020-05-18 17:30:00,30.22,30.42,0.16
2020-05-18 18:00:00,30.12,30.32,0.16
2020-05-18 18:30:00,30.07,30.32,0.16
2020-05-18 19:00:00,30.12,30.37,0.16
2020-05-18 19:30:00,30.12,30.37,0.16
2020-05-18 20:00:00,30.07,30.42,0.16
2020-05-18 20:30:00,30.07,30.32,0.16
2020-05-18 22:00:00,30.12,30.43,0.18
2020-05-18 22:30:00,30.12,30.35,0.16
2020-05-18 23:00:00,30.23,30.38,0.16
2020-05-18 23:30:00,30.13,30.43,0.16
2020-05-19 00:00:00,30.08,30.33,0.16
2020-05-19 00:30:00,30.23,30.53,0.16
2020-05-19 01:00:00,30.38,30.63,0.16
2020-05-19 01:30:00,30.48,30.78,0.16
2020-05-19 02:00:00,30.53,30.83,0.16
2020-05-19 02:30:00,30.55,30.68,0.16
2020-05-19 03:00:00,30.60,30.78,0.16
2020-05-19 03:30:00,30.58,30.78,0.16
2020-05-19 04:00:00,30.35,30.60,0.16
2020-05-19 04:30:00,30.28,30.53,0.16
2020-05-19 05:00:00,30.38,30.48,0.16
2020-05-19 05:30:00,30.45,30.63,0.16
2020-05-19 06:00:00,30.03,30.63,0.16
2020-05-19 06:30:00,29.53,30.08,0.16
2020-05-19 07:00:00,29.63,30.03,0.16
2020-05-19 07:30:00,29.88,30.23,0.16
2020-05-19 08:00:00,30.08,30.75,0.16
2020-05-19 08:30:00,30.33,30.78,0.16
2020-05-19 09:00:00,30.33,30.65,0.16
2020-05-19 09:30:00,30.33,30.68,0.16
2020-05-19 10:00:00,30.53,30.93,0.16
2020-05-19 10:30:00,30.58,30.93,0.16
2020-05-19 11:00:00,30.18,30.73,0.16
2020-05-19 11:30:00,30.13,30.45,0.16
2020-05-19 12:00:00,30.33,30.53,0.16
2020-05-19 12:30:00,30.13,30.38,0.16
2020-05-19 13:00:00,30.13,30.38,0.16
2020-05-19 13:30:00,30.23,30.68,0.16
2020-05-19 14:00:00,29.98,30.38,0.16
2020-05-19 14:30:00,30.08,30.43,0.16
2020-05-19 15:00:00,29.93,30.18,0.16
2020-05-19 15:30:00,29.88,30.03,0.16
2020-05-19 16:00:00,29.88,30.18,0.16
2020-05-19 16:30:00,30.08,30.28,0.16
2020-05-19 17:00:00,29.93,30.13,0.16
2020-05-19 17:30:00,29.83,30.03,0.16
2020-05-19 18:00:00,29.83,30.13,0.16
2020-05-19 18:30:00,29.73,30.57,0.16
2020-05-19 19:00:00,29.98,30.87,0.16
2020-05-19 19:30:00,30.67,31.86,0.16
2020-05-19 20:00:00,31.62,32.11,0.16
2020-05-19 20:30:00,31.92,32.12,0.16
2020-05-19 22:00:00,31.94,32.36,0.16
2020-05-19 22:30:00,31.94,32.36,0.16
2020-05-19 23:00:00,31.52,31.94,0.16
2020-05-19 23:30:00,31.57,31.82,0.16
2020-05-20 00:00:00,31.47,31.72,0.16
2020-05-20 00:30:00,31.32,31.57,0.16
2020-05-20 01:00:00,31.22,31.42,0.16
2020-05-20 01:30:00,31.12,31.32,0.16
2020-05-20 02:00:00,31.22,31.37,0.16
2020-05-20 02:30:00,31.27,31.42,0.16
2020-05-20 03:00:00,31.32,31.52,0.16
2020-05-20 03:30:00,31.22,31.32,0.16
2020-05-20 04:00:00,31.07,31.42,0.16
2020-05-20 04:30:00,31.12,31.32,0.16
2020-05-20 05:00:00,31.17,31.32,0.16
2020-05-20 05:30:00,31.29,31.52,0.16
2020-05-20 06:00:00,31.42,31.76,0.16
2020-05-20 06:30:00,31.37,31.66,0.16
2020-05-20 07:00:00,31.07,31.52,0.16
2020-05-20 07:30:00,30.97,31.32,0.16
2020-05-20 08:00:00,30.53,31.17,0.16
2020-05-20 08:30:00,30.53,30.68,0.16
2020-05-20 09:00:00,30.48,30.73,0.16
2020-05-20 09:30:00,30.28,30.75,0.16
2020-05-20 10:00:00,30.25,30.43,0.16
2020-05-20 10:30:00,30.28,30.53,0.16
2020-05-20 11:00:00,30.38,30.68,0.16
2020-05-20 11:30:00,30.43,30.68,0.16
2020-05-20 12:00:00,30.33,30.58,0.16
2020-05-20 12:30:00,30.38,30.62,0.16
2020-05-20 13:00:00,30.33,30.43,0.16
2020-05-20 13:30:00,30.13,30.48,0.16
2020-05-20 14:00:00,30.03,30.33,0.16
2020-05-20 14:30:00,30.13,30.33,0.16
2020-05-20 15:00:00,29.99,30.23,0.16
2020-05-20 15:30:00,29.99,30.24,0.16
2020-05-20 16:00:00,30.09,30.78,0.16
2020-05-20 16:30:00,30.38,30.88,0.16
2020-05-20 17:00:00,30.43,30.98,0.16
2020-05-20 17:30:00,30.54,30.98,0.16
2020-05-20 18:00:00,30.58,30.93,0.16
2020-05-20 18:30:00,30.19,30.83,0.16
2020-05-20 19:00:00,29.95,30.49,0.16
2020-05-20 19:30:00,29.81,30.15,0.16
2020-05-20 20:00:00,29.67,29.98,0.16
2020-05-20 20:30:00,29.58,29.83,0.16
2020-05-20 22:00:00,29.48,29.74,0.17
2020-05-20 22:30:00,29.58,29.73,0.16
2020-05-20 23:00:00,29.68,29.78,0.16
2020-05-20 23:30:00,29.68,29.78,0.16
2020-05-21 00:00:00,29.80,30.08,0.16
2020-05-21 00:30:00,29.93,30.17,0.16
2020-05-21 01:00:00,29.98,30.27,0.16
2020-05-21 01:30:00,29.98,30.37,0.16
2020-05-21 02:00:00,30.27,30.52,0.16
2020-05-21 02:30:00,30.27,30.52,0.16
2020-05-21 03:00:00,30.27,30.42,0.16
2020-05-21 03:30:00,30.35,30.57,0.16
2020-05-21 04:00:00,30.37,30.57,0.16
2020-05-21 04:30:00,30.32,30.49,0.16
2020-05-21 05:00:00,30.32,30.47,0.16
2020-05-21 05:30:00,30.37,30.62,0.16
2020-05-21 06:00:00,30.47,30.67,0.16
2020-05-21 06:30:00,30.48,30.64,0.16
2020-05-21 07:00:00,30.52,30.82,0.16
2020-05-21 07:30:00,30.28,30.62,0.16
2020-05-21 08:00:00,30.37,30.77,0.16
2020-05-21 08:30:00,30.33,30.72,0.16
2020-05-21 09:00:00,30.23,30.53,0.16
2020-05-21 09:30:00,30.33,30.52,0.16
2020-05-21 10:00:00,30.33,30.58,0.16
2020-05-21 10:30:00,30.35,30.47,0.16
2020-05-21 11:00:00,29.99,30.42,0.16
2020-05-21 11:30:00,29.99,30.23,0.16
2020-05-21 12:00:00,29.99,30.28,0.16
2020-05-21 12:30:00,29.70,30.14,0.16
2020-05-21 13:00:00,29.85,30.09,0.16
2020-05-21 13:30:00,29.55,30.24,0.16
2020-05-21 14:00:00,29.75,30.24,0.16
2020-05-21 14:30:00,30.10,30.74,0.16
2020-05-21 15:00:00,30.54,31.31,0.16
2020-05-21 15:30:00,30.39,31.02,0.16
2020-05-21 16:00:00,30.29,30.78,0.16
2020-05-21 16:30:00,30.49,30.85,0.16
2020-05-21 17:00:00,30.39,30.87,0.16
2020-05-21 17:30:00,30.48,30.78,0.16
2020-05-21 18:00:00,30.25,30.63,0.16
2020-05-21 18:30:00,30.29,30.97,0.16
2020-05-21 19:00:00,30.49,30.82,0.16
2020-05-21 19:30:00,30.49,30.92,0.16
2020-05-21 20:00:00,30.54,31.18,0.16
2020-05-21 20:30:00,30.88,31.03,0.16
2020-05-21 22:00:00,30.65,31.03,0.16
2020-05-21 22:30:00,30.62,30.70,0.16
2020-05-21 23:00:00,30.50,30.65,0.16
2020-05-21 23:30:00,30.26,30.55,0.16
2020-05-22 00:00:00,30.36,30.60,0.16
2020-05-22 00:30:00,30.36,30.60,0.16
2020-05-22 01:00:00,30.55,30.97,0.16
2020-05-22 01:30:00,30.77,31.13,0.16
2020-05-22 02:00:00,30.97,31.50,0.16
2020-05-22 02:30:00,31.33,31.60,0.16
2020-05-22 03:00:00,31.43,31.72,0.16
2020-05-22 03:30:00,31.67,31.92,0.16
2020-05-22 04:00:00,31.67,31.96,0.16
2020-05-22 04:30:00,31.72,31.96,0.16
2020-05-22 05:00:00,31.91,32.30,0.16
2020-05-22 05:30:00,32.01,32.30,0.16
2020-05-22 06:00:00,31.77,32.13,0.16
2020-05-22 06:30:00,31.82,32.06,0.16
2020-05-22 07:00:00,31.91,32.54,0.16
2020-05-22 07:30:00,32.06,32.35,0.16
2020-05-22 08:00:00,31.97,32.35,0.16
2020-05-22 08:30:00,31.67,32.07,0.16
2020-05-22 09:00:00,31.52,31.76,0.16
2020-05-22 09:30:00,31.57,31.88,0.16
2020-05-22 10:00:00,31.51,31.81,0.16
2020-05-22 10:30:00,31.51,31.61,0.16
2020-05-22 11:00:00,31.13,31.56,0.16
2020-05-22 11:30:00,30.78,31.25,0.16
2020-05-22 12:00:00,30.58,30.96,0.16
2020-05-22 12:30:00,30.73,30.97,0.16
2020-05-22 13:00:00,30.63,30.97,0.16
2020-05-22 13:30:00,30.72,31.26,0.16
2020-05-22 14:00:00,30.82,31.40,0.16
2020-05-22 14:30:00,30.74,31.21,0.16
2020-05-22 15:00:00,30.96,31.25,0.16
2020-05-22 15:30:00,30.86,31.15,0.16
2020-05-22 16:00:00,30.87,31.11,0.16
2020-05-22 16:30:00,30.62,30.89,0.16
2020-05-22 17:00:00,30.50,30.78,0.16
2020-05-22 17:30:00,30.49,30.69,0.16
2020-05-22 18:00:00,30.40,30.55,0.16
2020-05-22 18:30:00,30.35,30.64,0.16
2020-05-22 19:00:00,30.44,30.92,0.16
2020-05-22 19:30:00,30.31,30.92,0.16
2020-05-22 20:00:00,30.22,30.52,0.16
2020-05-22 20:30:00,30.27,30.42,0.16
2020-05-24 22:00:00,30.20,30.56,0.16
2020-05-24 22:30:00,30.05,30.29,0.16
2020-05-24 23:00:00,30.05,30.14,0.16
2020-05-24 23:30:00,30.04,30.14,0.16
2020-05-25 00:00:00,30.04,30.28,0.16
2020-05-25 00:30:00,30.19,30.38,0.16
2020-05-25 01:00:00,30.33,30.68,0.16
2020-05-25 01:30:00,30.48,30.76,0.16
2020-05-25 02:00:00,30.48,30.67,0.16
2020-05-25 02:30:00,30.48,30.65,0.16
2020-05-25 03:00:00,30.39,30.57,0.16
2020-05-25 03:30:00,30.43,30.57,0.16
2020-05-25 04:00:00,30.34,30.50,0.16
2020-05-25 04:30:00,30.36,30.48,0.16
2020-05-25 05:00:00,30.28,30.45,0.16
2020-05-25 05:30:00,30.24,30.38,0.16
2020-05-25 06:00:00,30.13,30.29,0.16
2020-05-25 06:30:00,30.09,30.23,0.16
2020-05-25 07:00:00,30.20,30.57,0.16
2020-05-25 07:30:00,30.33,30.62,0.16
2020-05-25 08:00:00,30.34,30.61,0.16
2020-05-25 08:30:00,29.82,30.37,0.16
2020-05-25 09:00:00,29.91,30.05,0.16
2020-05-25 09:30:00,29.88,30.00,0.16
2020-05-25 10:00:00,29.93,30.07,0.16
2020-05-25 10:30:00,29.80,30.12,0.16
2020-05-25 11:00:00,29.85,29.94,0.16
2020-05-25 11:30:00,29.90,29.99,0.16
2020-05-25 12:00:00,29.85,29.95,0.16
2020-05-25 12:30:00,29.80,29.94,0.16
2020-05-25 13:00:00,29.75,29.89,0.16
2020-05-25 13:30:00,29.75,29.89,0.16
2020-05-25 14:00:00,29.75,29.84,0.16
2020-05-25 14:30:00,29.67,29.75,0.16
2020-05-25 15:00:00,29.66,29.76,0.17
2020-05-25 22:00:00,29.67,29.96,0.16
2020-05-25 22:30:00,29.81,29.86,0.16
2020-05-25 23:00:00,29.83,29.96,0.16
2020-05-25 23:30:00,29.73,29.92,0.16
2020-05-26 00:00:00,29.78,29.96,0.16
2020-05-26 00:30:00,29.70,29.88,0.16
2020-05-26 01:00:00,29.63,29.83,0.16
2020-05-26 01:30:00,29.68,29.77,0.16
2020-05-26 02:00:00,29.63,29.82,0.16
2020-05-26 02:30:00,29.68,29.78,0.16
2020-05-26 03:00:00,29.59,29.73,0.16
2020-05-26 03:30:00,29.40,29.64,0.16
2020-05-26 04:00:00,29.23,29.44,0.16
2020-05-26 04:30:00,29.04,29.23,0.16
2020-05-26 05:00:00,29.12,29.31,0.16
2020-05-26 05:30:00,29.04,29.26,0.16
2020-05-26 06:00:00,28.96,29.20,0.16
2020-05-26 06:30:00,28.95,29.10,0.16
2020-05-26 07:00:00,29.05,29.25,0.16
2020-05-26 07:30:00,29.11,29.30,0.16
2020-05-26 08:00:00,29.11,29.29,0.16
2020-05-26 08:30:00,29.06,29.26,0.16
2020-05-26 09:00:00,29.01,29.11,0.16
2020-05-26 09:30:00,29.01,29.22,0.16
2020-05-26 10:00:00,29.17,29.27,0.16
2020-05-26 10:30:00,29.12,29.27,0.16
2020-05-26 11:00:00,29.22,29.32,0.16
2020-05-26 11:30:00,29.06,29.35,0.16
2020-05-26 12:00:00,29.08,29.18,0.16
2020-05-26 12:30:00,29.03,29.21,0.16
2020-05-26 13:00:00,28.98,29.12,0.16
2020-05-26 13:30:00,29.03,29.46,0.16
2020-05-26 14:00:00,29.21,29.54,0.16
2020-05-26 14:30:00,29.07,29.31,0.16
2020-05-26 15:00:00,29.11,29.53,0.16
2020-05-26 15:30:00,29.30,29.57,0.16
2020-05-26 16:00:00,29.30,29.45,0.16
2020-05-26 16:30:00,29.19,29.40,0.16
2020-05-26 17:00:00,29.22,29.36,0.16
2020-05-26 17:30:00,29.23,29.34,0.16
2020-05-26 18:00:00,29.19,29.36,0.16
2020-05-26 18:30:00,29.33,29.55,0.16
2020-05-26 19:00:00,29.41,29.69,0.16
2020-05-26 19:30:00,29.60,30.31,0.16
2020-05-26 20:00:00,29.81,30.10,0.16
2020-05-26 20:30:00,29.87,30.00,0.16
2020-05-26 22:00:00,29.85,30.04,0.16
2020-05-26 22:30:00,29.90,30.02,0.16
2020-05-26 23:00:00,29.89,30.04,0.16
2020-05-26 23:30:00,29.96,30.09,0.16
2020-05-27 00:00:00,29.91,30.33,0.16
2020-05-27 00:30:00,29.86,30.19,0.16
2020-05-27 01:00:00,29.49,29.89,0.16
2020-05-27 01:30:00,29.54,29.79,0.16
2020-05-27 02:00:00,29.69,29.96,0.16
2020-05-27 02:30:00,29.54,29.84,0.16
2020-05-27 03:00:00,29.49,29.62,0.16
2020-05-27 03:30:00,29.30,29.54,0.16
2020-05-27 04:00:00,29.30,29.44,0.16
2020-05-27 04:30:00,29.30,29.44,0.16
2020-05-27 05:00:00,29.40,29.54,0.16
2020-05-27 05:30:00,29.39,29.54,0.16
2020-05-27 06:00:00,29.41,29.63,0.16
2020-05-27 06:30:00,29.54,29.64,0.16
2020-05-27 07:00:00,29.44,29.77,0.16
2020-05-27 07:30:00,29.31,29.59,0.16
2020-05-27 08:00:00,29.31,29.48,0.16
2020-05-27 08:30:00,29.17,29.41,0.16
2020-05-27 09:00:00,28.94,29.36,0.16
2020-05-27 09:30:00,28.92,29.11,0.16
2020-05-27 10:00:00,28.92,29.16,0.16
2020-05-27 10:30:00,29.06,29.21,0.16
2020-05-27 11:00:00,28.98,29.13,0.16
2020-05-27 11:30:00,29.05,29.25,0.16
2020-05-27 12:00:00,29.07,29.30,0.16
2020-05-27 12:30:00,29.07,29.40,0.16
2020-05-27 13:00:00,29.22,29.45,0.16
2020-05-27 13:30:00,29.30,30.29,0.16
2020-05-27 14:00:00,29.99,30.49,0.16
2020-05-27 14:30:00,30.18,31.42,0.16
2020-05-27 15:00:00,30.43,31.10,0.16
2020-05-27 15:30:00,30.21,30.88,0.16
2020-05-27 16:00:00,30.06,30.34,0.16
2020-05-27 16:30:00,29.99,30.31,0.16
2020-05-27 17:00:00,30.03,30.31,0.16
2020-05-27 17:30:00,30.03,30.34,0.16
2020-05-27 18:00:00,29.71,30.09,0.16
2020-05-27 18:30:00,29.69,29.98,0.16
2020-05-27 19:00:00,29.73,29.88,0.16
2020-05-27 19:30:00,29.49,30.03,0.16
2020-05-27 20:00:00,29.37,29.58,0.16
2020-05-27 20:30:00,29.34,29.44,0.16
2020-05-27 22:00:00,29.41,29.60,0.16
2020-05-27 22:30:00,29.45,29.63,0.16
2020-05-27 23:00:00,29.44,29.53,0.16
2020-05-27 23:30:00,29.34,29.58,0.16
2020-05-28 00:00:00,29.16,29.42,0.16
2020-05-28 00:30:00,29.07,29.30,0.16
2020-05-28 01:00:00,29.13,29.48,0.16
2020-05-28 01:30:00,29.12,29.42,0.16
2020-05-28 02:00:00,29.22,29.39,0.16
2020-05-28 02:30:00,29.35,29.45,0.16
2020-05-28 03:00:00,29.36,29.49,0.16
2020-05-28 03:30:00,29.45,29.76,0.16
2020-05-28 04:00:00,29.57,29.87,0.16
2020-05-28 04:30:00,29.57,29.84,0.16
2020-05-28 05:00:00,29.49,29.79,0.16
2020-05-28 05:30:00,29.49,29.71,0.16
2020-05-28 06:00:00,29.44,29.71,0.16
2020-05-28 06:30:00,29.57,29.88,0.16
2020-05-28 07:00:00,29.71,30.16,0.16
2020-05-28 07:30:00,29.48,29.94,0.16
2020-05-28 08:00:00,29.48,29.88,0.16
2020-05-28 08:30:00,29.76,29.94,0.16
2020-05-28 09:00:00,29.63,29.94,0.16
2020-05-28 09:30:00,29.71,30.21,0.16
2020-05-28 10:00:00,29.90,30.13,0.16
2020-05-28 10:30:00,29.80,30.08,0.16
2020-05-28 11:00:00,29.71,29.98,0.16
2020-05-28 11:30:00,29.70,29.88,0.16
2020-05-28 12:00:00,29.80,30.00,0.16
2020-05-28 12:30:00,29.62,29.98,0.16
2020-05-28 13:00:00,29.53,29.88,0.16
2020-05-28 13:30:00,29.72,30.20,0.16
2020-05-28 14:00:00,29.82,30.10,0.16
2020-05-28 14:30:00,29.78,30.03,0.16
2020-05-28 15:00:00,29.82,30.05,0.16
2020-05-28 15:30:00,29.87,30.22,0.16
2020-05-28 16:00:00,29.82,29.97,0.16
2020-05-28 16:30:00,29.76,30.00,0.16
2020-05-28 17:00:00,29.56,29.84,0.16
2020-05-28 17:30:00,29.59,29.81,0.16
2020-05-28 18:00:00,29.69,29.91,0.16
2020-05-28 18:30:00,29.81,30.07,0.16
2020-05-28 19:00:00,29.69,30.42,0.16
2020-05-28 19:30:00,30.29,31.02,0.16
2020-05-28 20:00:00,30.43,30.68,0.16
2020-05-28 20:30:00,30.50,30.66,0.16
2020-05-28 22:00:00,30.51,30.83,0.16
2020-05-28 22:30:00,30.61,30.79,0.16
2020-05-28 23:00:00,30.61,30.83,0.16
2020-05-28 23:30:00,30.73,30.84,0.16
2020-05-29 00:00:00,30.56,30.92,0.16
2020-05-29 00:30:00,30.65,31.16,0.16
2020-05-29 01:00:00,30.86,31.14,0.16
2020-05-29 01:30:00,30.68,30.91,0.16
2020-05-29 02:00:00,30.65,30.85,0.16
2020-05-29 02:30:00,30.55,30.67,0.16
2020-05-29 03:00:00,30.55,30.76,0.16
2020-05-29 03:30:00,30.66,30.88,0.16
2020-05-29 04:00:00,30.70,30.89,0.16
2020-05-29 04:30:00,30.63,30.93,0.16
2020-05-29 05:00:00,30.57,30.70,0.16
2020-05-29 05:30:00,30.49,30.70,0.16
2020-05-29 06:00:00,30.51,30.83,0.16
2020-05-29 06:30:00,30.78,31.00,0.16
2020-05-29 07:00:00,30.60,30.97,0.16
2020-05-29 07:30:00,30.67,31.12,0.16
2020-05-29 08:00:00,30.94,31.22,0.16
2020-05-29 08:30:00,30.90,31.12,0.16
2020-05-29 09:00:00,30.85,31.12,0.16
2020-05-29 09:30:00,30.74,31.02,0.16
2020-05-29 10:00:00,30.61,30.79,0.16
2020-05-29 10:30:00,30.61,30.74,0.16
2020-05-29 11:00:00,30.51,30.74,0.16
2020-05-29 11:30:00,30.46,30.66,0.16
2020-05-29 12:00:00,30.46,30.66,0.16
2020-05-29 12:30:00,30.61,30.92,0.16
2020-05-29 13:00:00,30.77,31.04,0.16
2020-05-29 13:30:00,30.43,31.07,0.16
2020-05-29 14:00:00,30.74,31.23,0.16
2020-05-29 14:30:00,30.89,31.28,0.16
2020-05-29 15:00:00,30.70,31.30,0.16
2020-05-29 15:30:00,30.62,30.93,0.16
2020-05-29 16:00:00,30.60,31.13,0.16
2020-05-29 16:30:00,30.62,31.41,0.16
2020-05-29 17:00:00,30.75,31.06,0.16
2020-05-29 17:30:00,30.78,31.06,0.16
2020-05-29 18:00:00,30.37,31.01,0.16
2020-05-29 18:30:00,30.13,31.28,0.16
2020-05-29 19:00:00,29.91,30.25,0.16
2020-05-29 19:30:00,29.66,30.18,0.16
2020-05-29 20:00:00,29.35,29.76,0.16
2020-05-29 20:30:00,29.33,29.41,0.16
2020-05-31 22:00:00,29.94,30.48,0.16
2020-05-31 22:30:00,30.09,30.34,0.16
2020-05-31 23:00:00,30.15,30.31,0.16
2020-05-31 23:30:00,30.08,30.32,0.16
2020-06-01 00:00:00,29.80,30.27,0.16
2020-06-01 00:30:00,29.70,30.19,0.16
2020-06-01 01:00:00,29.84,30.19,0.16
2020-06-01 01:30:00,29.74,29.89,0.16
2020-06-01 02:00:00,29.74,29.84,0.16
2020-06-01 02:30:00,29.74,29.88,0.16
2020-06-01 03:00:00,29.74,29.94,0.16
2020-06-01 03:30:00,29.82,29.94,0.16
2020-06-01 04:00:00,29.82,29.94,0.16
2020-06-01 04:30:00,29.85,29.97,0.16
2020-06-01 05:00:00,29.85,29.97,0.16
2020-06-01 05:30:00,29.80,29.92,0.16
2020-06-01 06:00:00,29.65,29.94,0.16
2020-06-01 06:30:00,29.52,29.72,0.16
2020-06-01 07:00:00,29.55,29.73,0.16
2020-06-01 07:30:00,29.53,29.78,0.16
2020-06-01 08:00:00,29.75,30.83,0.16
2020-06-01 08:30:00,30.34,30.71,0.16
2020-06-01 09:00:00,30.19,30.46,0.16
2020-06-01 09:30:00,30.21,30.52,0.16
2020-06-01 10:00:00,30.23,30.58,0.16
2020-06-01 10:30:00,30.15,30.36,0.16
2020-06-01 11:00:00,29.84,30.11,0.16
2020-06-01 11:30:00,29.87,30.06,0.16
2020-06-01 12:00:00,30.01,30.28,0.16
2020-06-01 12:30:00,30.13,30.43,0.16
2020-06-01 13:00:00,30.36,30.56,0.16
2020-06-01 13:30:00,30.16,30.63,0.16
2020-06-01 14:00:00,30.11,30.34,0.16
2020-06-01 14:30:00,30.04,30.24,0.16
2020-06-01 15:00:00,30.01,30.32,0.16
2020-06-01 15:30:00,30.01,30.29,0.16
2020-06-01 16:00:00,29.89,30.11,0.16
2020-06-01 16:30:00,29.84,29.94,0.16
2020-06-01 17:00:00,29.81,29.94,0.16
2020-06-01 17:30:00,29.86,30.02,0.16
2020-06-01 18:00:00,29.99,30.07,0.16
2020-06-01 18:30:00,29.87,30.07,0.16
2020-06-01 19:00:00,29.92,30.12,0.16
2020-06-01 19:30:00,29.89,30.12,0.16
2020-06-01 20:00:00,29.90,30.17,0.16
2020-06-01 20:30:00,30.12,30.25,0.16
2020-06-01 22:00:00,30.11,30.20,0.16
2020-06-01 22:30:00,30.12,30.33,0.16
2020-06-01 23:00:00,30.25,30.53,0.16
2020-06-01 23:30:00,30.33,30.50,0.16
2020-06-02 00:00:00,30.20,30.51,0.16
2020-06-02 00:30:00,30.20,30.39,0.16
2020-06-02 01:00:00,30.15,30.30,0.16
2020-06-02 01:30:00,30.20,30.43,0.16
2020-06-02 02:00:00,30.31,30.48,0.16
2020-06-02 02:30:00,30.33,30.44,0.16
2020-06-02 03:00:00,30.36,30.43,0.16
2020-06-02 03:30:00,30.26,30.41,0.16
2020-06-02 04:00:00,30.26,30.36,0.16
2020-06-02 04:30:00,30.28,30.34,0.16
2020-06-02 05:00:00,30.19,30.34,0.16
2020-06-02 05:30:00,30.14,30.31,0.16
2020-06-02 06:00:00,30.14,30.26,0.16
2020-06-02 06:30:00,30.14,30.24,0.16
2020-06-02 07:00:00,29.99,30.22,0.16
2020-06-02 07:30:00,29.89,30.02,0.16
2020-06-02 08:00:00,29.77,29.99,0.16
2020-06-02 08:30:00,29.65,29.81,0.16
2020-06-02 09:00:00,29.67,29.80,0.16
2020-06-02 09:30:00,29.50,29.72,0.16
2020-06-02 10:00:00,29.45,29.60,0.16
2020-06-02 10:30:00,29.50,29.60,0.16
2020-06-02 11:00:00,29.55,29.77,0.16
2020-06-02 11:30:00,29.67,29.77,0.16
2020-06-02 12:00:00,29.70,29.77,0.16
2020-06-02 12:30:00,29.65,29.88,0.16
2020-06-02 13:00:00,29.78,29.88,0.16
2020-06-02 13:30:00,29.68,29.98,0.16
2020-06-02 14:00:00,29.59,29.81,0.16
2020-06-02 14:30:00,29.59,29.96,0.16
2020-06-02 15:00:00,29.80,30.23,0.16
2020-06-02 15:30:00,29.74,29.98,0.16
2020-06-02 16:00:00,29.74,29.91,0.16
2020-06-02 16:30:00,29.67,29.79,0.16
2020-06-02 17:00:00,29.54,29.68,0.16
2020-06-02 17:30:00,29.47,29.59,0.16
2020-06-02 18:00:00,29.37,29.54,0.16
2020-06-02 18:30:00,29.40,29.65,0.16
2020-06-02 19:00:00,29.42,29.67,0.16
2020-06-02 19:30:00,29.23,29.65,0.16
2020-06-02 20:00:00,29.17,29.35,0.16
2020-06-02 20:30:00,29.03,29.23,0.16
2020-06-02 22:00:00,29.04,29.21,0.16
2020-06-02 22:30:00,29.16,29.21,0.16
2020-06-02 23:00:00,29.09,29.21,0.16
2020-06-02 23:30:00,29.08,29.17,0.16
2020-06-03 00:00:00,28.99,29.09,0.16
2020-06-03 00:30:00,28.99,29.20,0.16
2020-06-03 01:00:00,29.02,29.10,0.16
2020-06-03 01:30:00,29.02,29.12,0.16
2020-06-03 02:00:00,29.02,29.22,0.16
2020-06-03 02:30:00,29.10,29.22,0.16
2020-06-03 03:00:00,29.06,29.17,0.16
2020-06-03 03:30:00,29.10,29.18,0.16
2020-06-03 04:00:00,29.10,29.18,0.16
2020-06-03 04:30:00,29.06,29.15,0.16
2020-06-03 05:00:00,29.01,29.18,0.16
2020-06-03 05:30:00,29.02,29.18,0.16
2020-06-03 06:00:00,28.91,29.08,0.16
2020-06-03 06:30:00,29.00,29.11,0.16
2020-06-03 07:00:00,29.03,29.16,0.16
2020-06-03 07:30:00,28.99,29.14,0.16
2020-06-03 08:00:00,29.04,29.19,0.16
2020-06-03 08:30:00,28.92,29.14,0.16
2020-06-03 09:00:00,28.85,29.02,0.16
2020-06-03 09:30:00,28.80,28.95,0.16
2020-06-03 10:00:00,28.90,29.07,0.16
2020-06-03 10:30:00,28.92,29.12,0.16
2020-06-03 11:00:00,28.99,29.12,0.16
2020-06-03 11:30:00,28.92,29.12,0.16
2020-06-03 12:00:00,28.85,29.06,0.16
2020-06-03 12:30:00,28.81,28.94,0.16
2020-06-03 13:00:00,28.70,28.88,0.16
2020-06-03 13:30:00,28.61,28.91,0.16
2020-06-03 14:00:00,28.53,28.75,0.16
2020-06-03 14:30:00,28.44,28.58,0.16
2020-06-03 15:00:00,28.39,28.54,0.16
2020-06-03 15:30:00,28.46,28.66,0.16
2020-06-03 16:00:00,28.44,28.61,0.16
2020-06-03 16:30:00,28.42,28.54,0.16
2020-06-03 17:00:00,28.42,28.52,0.16
2020-06-03 17:30:00,28.40,28.50,0.16
2020-06-03 18:00:00,28.19,28.44,0.16
2020-06-03 18:30:00,27.99,28.26,0.16
2020-06-03 19:00:00,27.97,28.14,0.16
2020-06-03 19:30:00,28.00,28.17,0.16
2020-06-03 20:00:00,28.07,28.30,0.16
2020-06-03 20:30:00,28.19,28.29,0.16
2020-06-03 22:00:00,28.22,28.38,0.16
2020-06-03 22:30:00,28.25,28.35,0.16
2020-06-03 23:00:00,28.20,28.26,0.16
2020-06-03 23:30:00,28.14,28.23,0.16
2020-06-04 00:00:00,28.20,28.37,0.16
2020-06-04 00:30:00,28.30,28.52,0.16
2020-06-04 01:00:00,28.33,28.43,0.16
2020-06-04 01:30:00,28.38,28.51,0.16
2020-06-04 02:00:00,28.47,28.57,0.16
2020-06-04 02:30:00,28.52,28.69,0.16
2020-06-04 03:00:00,28.62,28.69,0.16
2020-06-04 03:30:00,28.57,28.67,0.16
2020-06-04 04:00:00,28.55,28.63,0.16
2020-06-04 04:30:00,28.58,28.63,0.16
2020-06-04 05:00:00,28.48,28.58,0.16
2020-06-04 05:30:00,28.51,28.60,0.16
2020-06-04 06:00:00,28.51,28.63,0.16
2020-06-04 06:30:00,28.58,28.73,0.16
2020-06-04 07:00:00,28.39,28.73,0.16
2020-06-04 07:30:00,28.37,28.53,0.16
2020-06-04 08:00:00,28.35,28.47,0.16
2020-06-04 08:30:00,28.42,28.53,0.16
2020-06-04 09:00:00,28.47,28.61,0.16
2020-06-04 09:30:00,28.59,28.73,0.16
2020-06-04 10:00:00,28.55,28.66,0.16
2020-06-04 10:30:00,28.49,28.68,0.16
2020-06-04 11:00:00,28.44,28.56,0.16
2020-06-04 11:30:00,28.11,28.47,0.16
2020-06-04 12:00:00,28.13,28.30,0.16
2020-06-04 12:30:00,28.25,28.70,0.16
2020-06-04 13:00:00,28.22,28.51,0.16
2020-06-04 13:30:00,27.42,28.29,0.16
2020-06-04 14:00:00,27.15,27.49,0.16
2020-06-04 14:30:00,27.13,27.32,0.16
2020-06-04 15:00:00,27.19,27.88,0.16
2020-06-04 15:30:00,27.56,27.80,0.16
2020-06-04 16:00:00,27.63,27.83,0.16
2020-06-04 16:30:00,27.75,28.14,0.16
2020-06-04 17:00:00,27.80,28.09,0.16
2020-06-04 17:30:00,27.66,27.99,0.16
2020-06-04 18:00:00,27.69,27.86,0.16
2020-06-04 18:30:00,27.72,28.20,0.16
2020-06-04 19:00:00,28.08,28.60,0.16
2020-06-04 19:30:00,27.90,28.31,0.16
2020-06-04 20:00:00,27.83,28.17,0.16
2020-06-04 20:30:00,27.78,27.96,0.16
2020-06-04 22:00:00,27.83,27.92,0.16
2020-06-04 22:30:00,27.84,27.92,0.16
2020-06-04 23:00:00,27.84,27.96,0.16
2020-06-04 23:30:00,27.84,28.00,0.16
2020-06-05 00:00:00,27.96,28.11,0.16
2020-06-05 00:30:00,27.86,28.01,0.16
2020-06-05 01:00:00,27.85,28.07,0.16
2020-06-05 01:30:00,27.85,28.02,0.16
2020-06-05 02:00:00,27.82,27.97,0.16
2020-06-05 02:30:00,27.73,27.85,0.16
2020-06-05 03:00:00,27.73,27.80,0.16
2020-06-05 03:30:00,27.64,27.80,0.16
2020-06-05 04:00:00,27.59,27.70,0.16
2020-06-05 04:30:00,27.54,27.59,0.16
2020-06-05 05:00:00,27.49,27.59,0.16
2020-06-05 05:30:00,27.31,27.55,0.16
2020-06-05 06:00:00,27.32,27.44,0.16
2020-06-05 06:30:00,27.32,27.39,0.16
2020-06-05 07:00:00,27.18,27.44,0.16
2020-06-05 07:30:00,27.18,27.33,0.16
2020-06-05 08:00:00,27.18,27.30,0.16
2020-06-05 08:30:00,27.13,27.34,0.16
2020-06-05 09:00:00,27.26,27.40,0.16
2020-06-05 09:30:00,27.28,27.45,0.16
2020-06-05 10:00:00,27.28,27.51,0.16
2020-06-05 10:30:00,27.39,27.51,0.16
2020-06-05 11:00:00,27.34,27.41,0.16
2020-06-05 11:30:00,27.34,27.39,0.16
2020-06-05 12:00:00,27.24,27.47,0.16
2020-06-05 12:30:00,26.26,27.35,0.16
2020-06-05 13:00:00,26.26,26.66,0.16
2020-06-05 13:30:00,26.18,26.56,0.16
2020-06-05 14:00:00,26.38,26.60,0.16
2020-06-05 14:30:00,26.41,26.63,0.16
2020-06-05 15:00:00,26.41,26.58,0.16
2020-06-05 15:30:00,26.43,26.70,0.16
2020-06-05 16:00:00,26.44,26.54,0.16
2020-06-05 16:30:00,26.37,26.54,0.16
2020-06-05 17:00:00,26.31,26.43,0.16
2020-06-05 17:30:00,26.36,26.48,0.16
2020-06-05 18:00:00,26.37,26.50,0.16
2020-06-05 18:30:00,26.43,26.79,0.16
2020-06-05 19:00:00,26.52,26.87,0.16
2020-06-05 19:30:00,26.42,26.76,0.16
2020-06-05 20:00:00,26.47,26.81,0.16
2020-06-05 20:30:00,26.53,26.61,0.16
2020-06-07 22:00:00,26.24,26.53,0.16
2020-06-07 22:30:00,26.36,26.42,0.16
2020-06-07 23:00:00,26.25,26.38,0.16
2020-06-07 23:30:00,26.28,26.40,0.16
2020-06-08 00:00:00,26.33,26.58,0.16
2020-06-08 00:30:00,26.45,26.62,0.16
2020-06-08 01:00:00,26.57,26.67,0.16
2020-06-08 01:30:00,26.54,26.69,0.16
2020-06-08 02:00:00,26.57,26.75,0.16
2020-06-08 02:30:00,26.52,26.62,0.16
2020-06-08 03:00:00,26.56,26.64,0.16
2020-06-08 03:30:00,26.56,26.64,0.16
2020-06-08 04:00:00,26.58,26.63,0.16
2020-06-08 04:30:00,26.58,26.63,0.16
2020-06-08 05:00:00,26.58,26.64,0.16
2020-06-08 05:30:00,26.48,26.63,0.16
2020-06-08 06:00:00,26.48,26.64,0.16
2020-06-08 06:30:00,26.58,26.66,0.16
2020-06-08 07:00:00,26.65,26.82,0.16
2020-06-08 07:30:00,26.58,26.81,0.16
2020-06-08 08:00:00,26.64,26.81,0.16
2020-06-08 08:30:00,26.41,26.67,0.16
2020-06-08 09:00:00,26.37,26.43,0.16
2020-06-08 09:30:00,26.33,26.59,0.16
2020-06-08 10:00:00,26.54,26.61,0.16
2020-06-08 10:30:00,26.44,26.59,0.16
2020-06-08 11:00:00,26.39,26.56,0.16
2020-06-08 11:30:00,26.34,26.45,0.16
2020-06-08 12:00:00,26.35,26.46,0.16
2020-06-08 12:30:00,26.35,26.51,0.16
2020-06-08 13:00:00,26.39,26.65,0.16
2020-06-08 13:30:00,26.49,26.90,0.16
2020-06-08 14:00:00,26.84,27.24,0.16
2020-06-08 14:30:00,26.80,27.21,0.16
2020-06-08 15:00:00,26.75,26.91,0.16
2020-06-08 15:30:00,26.81,26.99,0.16
2020-06-08 16:00:00,26.88,27.05,0.16
2020-06-08 16:30:00,26.96,27.11,0.16
2020-06-08 17:00:00,26.90,27.05,0.16
2020-06-08 17:30:00,26.84,27.00,0.16
2020-06-08 18:00:00,26.84,27.00,0.16
2020-06-08 18:30:00,26.90,27.01,0.16
2020-06-08 19:00:00,26.90,27.30,0.16
2020-06-08 19:30:00,27.24,27.52,0.16
2020-06-08 20:00:00,27.27,27.47,0.16
2020-06-08 20:30:00,27.41,27.47,0.16
2020-06-08 22:00:00,27.33,27.47,0.16
2020-06-08 22:30:00,27.42,27.55,0.16
2020-06-08 23:00:00,27.43,27.57,0.16
2020-06-08 23:30:00,27.48,27.51,0.16
2020-06-09 00:00:00,27.37,27.54,0.16
2020-06-09 00:30:00,27.45,27.59,0.16
2020-06-09 01:00:00,27.59,27.69,0.16
2020-06-09 01:30:00,27.53,27.69,0.16
2020-06-09 02:00:00,27.53,27.65,0.16
2020-06-09 02:30:00,27.55,27.65,0.16
2020-06-09 03:00:00,27.54,27.64,0.16
2020-06-09 03:30:00,27.55,27.60,0.16
2020-06-09 04:00:00,27.59,27.65,0.16
2020-06-09 04:30:00,27.54,27.60,0.16
2020-06-09 05:00:00,27.49,27.59,0.16
2020-06-09 05:30:00,27.38,27.53,0.16
2020-06-09 06:00:00,27.38,27.50,0.16
2020-06-09 06:30:00,27.48,27.55,0.16
2020-06-09 07:00:00,27.40,27.65,0.16
2020-06-09 07:30:00,27.56,27.83,0.16
2020-06-09 08:00:00,27.65,28.26,0.16
2020-06-09 08:30:00,28.07,28.42,0.16
2020-06-09 09:00:00,28.07,28.28,0.16
2020-06-09 09:30:00,28.03,28.24,0.16
2020-06-09 10:00:00,28.17,28.38,0.16
2020-06-09 10:30:00,28.11,28.42,0.16
2020-06-09 11:00:00,28.11,28.22,0.16
2020-06-09 11:30:00,27.90,28.21,0.16
2020-06-09 12:00:00,27.76,28.01,0.16
2020-06-09 12:30:00,27.81,28.12,0.16
2020-06-09 13:00:00,28.04,28.24,0.16
2020-06-09 13:30:00,27.93,28.35,0.16
2020-06-09 14:00:00,28.24,28.77,0.16
2020-06-09 14:30:00,28.06,28.55,0.16
2020-06-09 15:00:00,28.21,28.38,0.16
2020-06-09 15:30:00,28.32,28.60,0.16
2020-06-09 16:00:00,28.48,28.75,0.16
2020-06-09 16:30:00,28.28,28.54,0.16
2020-06-09 17:00:00,28.17,28.33,0.16
2020-06-09 17:30:00,28.10,28.32,0.16
2020-06-09 18:00:00,28.25,28.45,0.16
2020-06-09 18:30:00,28.37,28.54,0.16
2020-06-09 19:00:00,28.31,28.53,0.16
2020-06-09 19:30:00,28.40,28.90,0.16
2020-06-09 20:00:00,28.63,29.18,0.16
2020-06-09 20:30:00,28.98,29.13,0.16
2020-06-09 22:00:00,28.90,29.05,0.20
2020-06-09 22:30:00,28.83,28.98,0.16
2020-06-09 23:00:00,28.88,28.98,0.16
2020-06-09 23:30:00,28.72,28.93,0.16
2020-06-10 00:00:00,28.68,28.82,0.16
2020-06-10 00:30:00,28.52,28.71,0.16
2020-06-10 01:00:00,28.43,28.58,0.16
2020-06-10 01:30:00,28.41,28.53,0.16
2020-06-10 02:00:00,28.38,28.49,0.16
2020-06-10 02:30:00,28.48,28.54,0.16
2020-06-10 03:00:00,28.43,28.59,0.16
2020-06-10 03:30:00,28.49,28.58,0.16
2020-06-10 04:00:00,28.53,28.59,0.16
2020-06-10 04:30:00,28.48,28.54,0.16
2020-06-10 05:00:00,28.44,28.50,0.16
2020-06-10 05:30:00,28.39,28.49,0.16
2020-06-10 06:00:00,28.39,28.65,0.16
2020-06-10 06:30:00,28.55,28.70,0.16
2020-06-10 07:00:00,28.39,28.65,0.16
2020-06-10 07:30:00,28.44,28.56,0.16
2020-06-10 08:00:00,28.48,28.64,0.16
2020-06-10 08:30:00,28.49,28.69,0.16
2020-06-10 09:00:00,28.65,29.07,0.16
2020-06-10 09:30:00,28.85,28.96,0.16
2020-06-10 10:00:00,28.91,29.27,0.16
2020-06-10 10:30:00,28.80,29.17,0.16
2020-06-10 11:00:00,28.73,28.89,0.16
2020-06-10 11:30:00,28.69,28.85,0.16
2020-06-10 12:00:00,28.69,28.80,0.16
2020-06-10 12:30:00,28.69,28.85,0.16
2020-06-10 13:00:00,28.69,28.96,0.16
2020-06-10 13:30:00,28.85,29.27,0.16
2020-06-10 14:00:00,29.03,29.48,0.16
2020-06-10 14:30:00,28.96,29.39,0.16
2020-06-10 15:00:00,28.43,29.18,0.16
2020-06-10 15:30:00,28.38,28.89,0.16
2020-06-10 16:00:00,28.21,28.59,0.16
2020-06-10 16:30:00,28.22,28.38,0.16
2020-06-10 17:00:00,28.27,28.46,0.16
2020-06-10 17:30:00,28.35,28.56,0.16
2020-06-10 18:00:00,27.51,28.66,0.16
2020-06-10 18:30:00,27.68,28.61,0.16
2020-06-10 19:00:00,27.94,28.63,0.16
2020-06-10 19:30:00,27.90,28.63,0.16
2020-06-10 20:00:00,28.56,28.88,0.16
2020-06-10 20:30:00,28.65,28.80,0.16
2020-06-10 22:00:00,28.61,28.89,0.16
2020-06-10 22:30:00,28.79,28.94,0.16
2020-06-10 23:00:00,28.84,29.16,0.16
2020-06-10 23:30:00,29.11,29.36,0.16
2020-06-11 00:00:00,29.09,29.36,0.16
2020-06-11 00:30:00,29.08,29.21,0.16
2020-06-11 01:00:00,28.97,29.19,0.16
2020-06-11 01:30:00,29.10,29.27,0.16
2020-06-11 02:00:00,29.21,29.28,0.16
2020-06-11 02:30:00,29.21,29.39,0.16
2020-06-11 03:00:00,29.38,29.49,0.16
2020-06-11 03:30:00,29.44,29.85,0.16
2020-06-11 04:00:00,29.80,30.11,0.16
2020-06-11 04:30:00,29.90,30.13,0.16
2020-06-11 05:00:00,30.01,30.54,0.16
2020-06-11 05:30:00,30.39,30.70,0.16
2020-06-11 06:00:00,30.37,30.70,0.16
2020-06-11 06:30:00,30.39,30.59,0.16
2020-06-11 07:00:00,30.44,30.87,0.16
2020-06-11 07:30:00,30.43,30.84,0.16
2020-06-11 08:00:00,30.44,30.87,0.16
2020-06-11 08:30:00,30.39,30.98,0.16
2020-06-11 09:00:00,30.57,30.88,0.16
2020-06-11 09:30:00,30.37,30.63,0.16
2020-06-11 10:00:00,30.33,30.56,0.16
2020-06-11 10:30:00,30.45,30.77,0.16
2020-06-11 11:00:00,30.55,31.15,0.16
2020-06-11 11:30:00,30.91,31.46,0.16
2020-06-11 12:00:00,31.16,31.75,0.16
2020-06-11 12:30:00,31.50,32.11,0.16
2020-06-11 13:00:00,31.50,31.97,0.16
2020-06-11 13:30:00,30.56,31.89,0.16
2020-06-11 14:00:00,30.46,31.21,0.16
2020-06-11 14:30:00,30.79,31.64,0.16
2020-06-11 15:00:00,31.30,31.89,0.16
2020-06-11 15:30:00,31.58,32.58,0.16
2020-06-11 16:00:00,32.17,33.67,0.16
2020-06-11 16:30:00,32.91,34.59,0.16
2020-06-11 17:00:00,33.01,34.40,0.16
2020-06-11 17:30:00,33.42,34.17,0.16
2020-06-11 18:00:00,33.69,34.62,0.16
2020-06-11 18:30:00,34.13,36.85,0.16
2020-06-11 19:00:00,35.72,38.64,0.16
2020-06-11 19:30:00,36.99,38.70,0.16
2020-06-11 20:00:00,38.07,39.94,0.16
2020-06-11 20:30:00,38.67,39.94,0.16
2020-06-11 22:00:00,37.98,39.36,0.16
2020-06-11 22:30:00,38.42,39.16,0.16
2020-06-11 23:00:00,38.36,38.86,0.16
2020-06-11 23:30:00,37.86,38.44,0.16
2020-06-12 00:00:00,37.29,38.72,0.16
2020-06-12 00:30:00,37.32,37.98,0.16
2020-06-12 01:00:00,36.03,37.79,0.16
2020-06-12 01:30:00,36.09,36.61,0.16
2020-06-12 02:00:00,35.67,36.31,0.16
2020-06-12 02:30:00,35.77,36.14,0.16
2020-06-12 03:00:00,35.95,36.40,0.16
2020-06-12 03:30:00,35.48,36.10,0.16
2020-06-12 04:00:00,35.37,35.68,0.16
2020-06-12 04:30:00,35.29,35.73,0.16
2020-06-12 05:00:00,35.29,35.67,0.16
2020-06-12 05:30:00,35.19,35.63,0.16
2020-06-12 06:00:00,35.07,36.26,0.16
2020-06-12 06:30:00,35.78,36.74,0.16
2020-06-12 07:00:00,35.19,36.74,0.16
2020-06-12 07:30:00,34.96,35.78,0.16
2020-06-12 08:00:00,35.00,35.43,0.16
2020-06-12 08:30:00,34.55,35.12,0.16
2020-06-12 09:00:00,34.58,34.87,0.16
2020-06-12 09:30:00,34.77,35.17,0.16
2020-06-12 10:00:00,34.71,35.10,0.16
2020-06-12 10:30:00,35.07,35.76,0.16
2020-06-12 11:00:00,34.99,35.63,0.16
2020-06-12 11:30:00,35.38,36.12,0.16
2020-06-12 12:00:00,35.83,36.84,0.16
2020-06-12 12:30:00,35.75,36.45,0.16
2020-06-12 13:00:00,35.16,36.00,0.16
2020-06-12 13:30:00,34.29,35.70,0.16
2020-06-12 14:00:00,35.08,36.97,0.16
2020-06-12 14:30:00,36.60,39.70,0.16
2020-06-12 15:00:00,38.57,41.25,0.16
2020-06-12 15:30:00,37.82,39.98,0.16
2020-06-12 16:00:00,37.26,38.75,0.16
2020-06-12 16:30:00,38.18,39.24,0.16
2020-06-12 17:00:00,38.32,39.28,0.16
2020-06-12 17:30:00,38.81,40.86,0.16
2020-06-12 18:00:00,38.15,40.58,0.16
2020-06-12 18:30:00,37.18,38.51,0.16
2020-06-12 19:00:00,35.81,37.79,0.16
2020-06-12 19:30:00,34.92,37.68,0.16
2020-06-12 20:00:00,34.85,35.56,0.16
2020-06-12 20:30:00,34.86,35.05,0.16
2020-06-14 22:00:00,35.96,37.19,0.18
2020-06-14 22:30:00,35.90,36.61,0.16
2020-06-14 23:00:00,36.00,36.86,0.16
2020-06-14 23:30:00,36.32,37.08,0.16
2020-06-15 00:00:00,36.43,36.93,0.16
2020-06-15 00:30:00,36.25,36.98,0.16
2020-06-15 01:00:00,36.73,37.15,0.16
2020-06-15 01:30:00,36.55,36.92,0.16
2020-06-15 02:00:00,36.49,36.85,0.16
2020-06-15 02:30:00,36.67,37.10,0.16
2020-06-15 03:00:00,36.70,37.05,0.16
2020-06-15 03:30:00,36.72,37.05,0.16
2020-06-15 04:00:00,36.94,37.19,0.16
2020-06-15 04:30:00,37.07,37.99,0.16
2020-06-15 05:00:00,37.89,38.85,0.16
2020-06-15 05:30:00,38.50,40.05,0.16
2020-06-15 06:00:00,39.26,40.46,0.16
2020-06-15 06:30:00,39.46,40.36,0.16
2020-06-15 07:00:00,39.21,40.24,0.16
2020-06-15 07:30:00,39.36,39.96,0.16
2020-06-15 08:00:00,38.95,40.01,0.16
2020-06-15 08:30:00,38.45,39.11,0.16
2020-06-15 09:00:00,38.45,39.10,0.16
2020-06-15 09:30:00,38.25,38.95,0.16
2020-06-15 10:00:00,38.19,38.82,0.16
2020-06-15 10:30:00,38.30,39.15,0.16
2020-06-15 11:00:00,38.80,39.50,0.16
2020-06-15 11:30:00,38.35,39.50,0.16
2020-06-15 12:00:00,38.55,39.22,0.16
2020-06-15 12:30:00,38.34,38.97,0.16
2020-06-15 13:00:00,38.14,38.74,0.16
2020-06-15 13:30:00,37.49,39.84,0.16
2020-06-15 14:00:00,36.93,37.94,0.16
2020-06-15 14:30:00,36.48,37.84,0.16
2020-06-15 15:00:00,36.18,36.93,0.16
2020-06-15 15:30:00,36.43,36.98,0.16
2020-06-15 16:00:00,35.63,36.68,0.16
2020-06-15 16:30:00,35.43,35.95,0.16
2020-06-15 17:00:00,34.95,35.58,0.16
2020-06-15 17:30:00,35.23,36.08,0.16
2020-06-15 18:00:00,34.23,35.78,0.16
2020-06-15 18:30:00,34.27,34.93,0.16
2020-06-15 19:00:00,34.28,35.15,0.16
2020-06-15 19:30:00,34.58,35.98,0.16
2020-06-15 20:00:00,34.03,34.70,0.16
2020-06-15 20:30:00,33.98,34.18,0.16
2020-06-15 22:00:00,33.60,34.08,0.23
2020-06-15 22:30:00,33.90,34.13,0.16
2020-06-15 23:00:00,33.80,34.15,0.20
2020-06-15 23:30:00,33.25,33.87,0.20
2020-06-16 00:00:00,33.15,33.70,0.21
2020-06-16 00:30:00,32.87,33.67,0.16
2020-06-16 01:00:00,33.07,33.57,0.16
2020-06-16 01:30:00,33.22,33.55,0.16
2020-06-16 02:00:00,32.92,33.37,0.16
2020-06-16 02:30:00,32.42,33.20,0.16
2020-06-16 03:00:00,32.60,32.82,0.16
2020-06-16 03:30:00,32.42,32.72,0.16
2020-06-16 04:00:00,32.67,32.92,0.16
2020-06-16 04:30:00,32.67,32.92,0.16
2020-06-16 05:00:00,32.50,32.77,0.16
2020-06-16 05:30:00,32.52,32.87,0.16
2020-06-16 06:00:00,32.85,33.37,0.16
2020-06-16 06:30:00,32.92,33.64,0.16
2020-06-16 07:00:00,33.29,33.92,0.16
2020-06-16 07:30:00,33.27,34.02,0.16
2020-06-16 08:00:00,33.79,34.11,0.16
2020-06-16 08:30:00,33.57,33.89,0.16
2020-06-16 09:00:00,33.42,33.76,0.16
2020-06-16 09:30:00,33.57,33.86,0.16
2020-06-16 10:00:00,33.27,33.81,0.16
2020-06-16 10:30:00,33.22,33.51,0.16
2020-06-16 11:00:00,33.17,33.41,0.16
2020-06-16 11:30:00,32.86,33.41,0.16
2020-06-16 12:00:00,32.47,32.91,0.16
2020-06-16 12:30:00,31.92,32.52,0.16
2020-06-16 13:00:00,32.07,32.56,0.16
2020-06-16 13:30:00,32.17,33.01,0.16
2020-06-16 14:00:00,32.07,32.57,0.16
2020-06-16 14:30:00,32.37,34.55,0.16
2020-06-16 15:00:00,33.51,35.70,0.16
2020-06-16 15:30:00,33.51,34.31,0.16
2020-06-16 16:00:00,33.88,34.71,0.16
2020-06-16 16:30:00,33.16,33.96,0.16
2020-06-16 17:00:00,33.21,33.71,0.16
2020-06-16 17:30:00,33.61,34.41,0.16
2020-06-16 18:00:00,33.51,34.35,0.16
2020-06-16 18:30:00,33.81,34.51,0.16
2020-06-16 19:00:00,34.26,35.15,0.16
2020-06-16 19:30:00,33.81,34.46,0.16
2020-06-16 20:00:00,33.41,33.91,0.16
2020-06-16 20:30:00,33.44,33.64,0.20
2020-06-16 22:00:00,33.56,34.41,0.30
2020-06-16 22:30:00,33.84,34.16,0.30
2020-06-16 23:00:00,33.58,33.92,0.30
2020-06-16 23:30:00,33.34,33.66,0.25
2020-06-17 00:00:00,33.29,34.36,0.30
2020-06-17 00:30:00,33.66,34.31,0.30
2020-06-17 01:00:00,33.36,34.16,0.30
2020-06-17 01:30:00,33.86,34.46,0.30
2020-06-17 02:00:00,34.01,34.41,0.30
2020-06-17 02:30:00,34.31,34.76,0.30
2020-06-17 03:00:00,34.21,34.46,0.30
2020-06-17 03:30:00,34.11,34.38,0.30
2020-06-17 04:00:00,33.71,34.31,0.30
2020-06-17 04:30:00,33.74,33.96,0.30
2020-06-17 05:00:00,33.71,34.26,0.30
2020-06-17 05:30:00,33.96,34.27,0.28
2020-06-17 06:00:00,33.54,34.30,0.25
2020-06-17 06:30:00,33.65,33.93,0.30
2020-06-17 07:00:00,33.36,33.98,0.30
2020-06-17 07:30:00,33.26,33.60,0.25
2020-06-17 08:00:00,33.02,33.51,0.30
2020-06-17 08:30:00,33.15,33.64,0.28
2020-06-17 09:00:00,33.30,33.91,0.30
2020-06-17 09:30:00,33.61,34.12,0.27
2020-06-17 10:00:00,33.50,34.03,0.30
2020-06-17 10:30:00,33.34,33.71,0.30
2020-06-17 11:00:00,33.38,33.66,0.30
2020-06-17 11:30:00,33.50,33.82,0.25
2020-06-17 12:00:00,33.36,33.78,0.30
2020-06-17 12:30:00,33.21,33.77,0.18
2020-06-17 13:00:00,33.31,33.61,0.30
2020-06-17 13:30:00,33.48,34.50,0.16
2020-06-17 14:00:00,33.73,34.74,0.16
2020-06-17 14:30:00,33.75,34.84,0.16
2020-06-17 15:00:00,33.75,34.34,0.16
2020-06-17 15:30:00,33.85,34.19,0.16
2020-06-17 16:00:00,33.82,34.15,0.16
2020-06-17 16:30:00,33.71,34.05,0.16
2020-06-17 17:00:00,33.60,33.90,0.16
2020-06-17 17:30:00,33.41,33.70,0.16
2020-06-17 18:00:00,33.55,33.85,0.16
2020-06-17 18:30:00,33.36,33.90,0.16
2020-06-17 19:00:00,33.75,34.44,0.16
2020-06-17 19:30:00,33.75,34.49,0.16
2020-06-17 20:00:00,33.55,33.95,0.16
2020-06-17 20:30:00,33.46,33.65,0.16
2020-06-17 22:00:00,33.55,33.90,0.16
2020-06-17 22:30:00,33.60,33.78,0.16
2020-06-17 23:00:00,33.65,33.95,0.16
2020-06-17 23:30:00,33.80,33.99,0.16
2020-06-18 00:00:00,33.65,34.24,0.16
2020-06-18 00:30:00,34.19,34.46,0.16
2020-06-18 01:00:00,34.23,34.73,0.16
2020-06-18 01:30:00,34.63,35.22,0.16
2020-06-18 02:00:00,34.75,35.17,0.16
2020-06-18 02:30:00,34.85,35.30,0.16
2020-06-18 03:00:00,34.58,34.97,0.16
2020-06-18 03:30:00,34.58,34.82,0.16
2020-06-18 04:00:00,34.68,34.92,0.16
2020-06-18 04:30:00,34.38,34.97,0.16
2020-06-18 05:00:00,34.48,34.97,0.16
2020-06-18 05:30:00,34.77,35.04,0.16
2020-06-18 06:00:00,34.33,35.02,0.16
2020-06-18 06:30:00,34.03,34.33,0.16
2020-06-18 07:00:00,33.89,34.38,0.16
2020-06-18 07:30:00,33.89,34.38,0.16
2020-06-18 08:00:00,33.79,34.28,0.16
2020-06-18 08:30:00,33.54,34.18,0.16
2020-06-18 09:00:00,33.62,34.04,0.16
2020-06-18 09:30:00,33.54,34.18,0.16
2020-06-18 10:00:00,33.62,34.05,0.16
2020-06-18 10:30:00,33.79,33.99,0.16
2020-06-18 11:00:00,33.88,34.28,0.16
2020-06-18 11:30:00,34.04,34.58,0.16
2020-06-18 12:00:00,34.18,34.77,0.16
2020-06-18 12:30:00,34.13,34.67,0.16
2020-06-18 13:00:00,34.28,34.62,0.16
2020-06-18 13:30:00,33.94,34.77,0.16
2020-06-18 14:00:00,33.89,34.28,0.16
2020-06-18 14:30:00,33.70,34.47,0.16
2020-06-18 15:00:00,33.65,33.99,0.16
2020-06-18 15:30:00,33.80,34.19,0.16
2020-06-18 16:00:00,33.81,34.34,0.16
2020-06-18 16:30:00,33.81,34.05,0.16
2020-06-18 17:00:00,33.75,33.95,0.16
2020-06-18 17:30:00,33.61,33.85,0.16
2020-06-18 18:00:00,33.61,33.93,0.16
2020-06-18 18:30:00,33.41,33.80,0.16
2020-06-18 19:00:00,33.66,33.95,0.16
2020-06-18 19:30:00,33.26,33.76,0.16
2020-06-18 20:00:00,33.21,33.56,0.16
2020-06-18 20:30:00,33.35,33.70,0.16
2020-06-18 22:00:00,33.37,33.63,0.16
2020-06-18 22:30:00,33.36,33.45,0.16
2020-06-18 23:00:00,33.21,33.36,0.16
2020-06-18 23:30:00,33.11,33.25,0.16
2020-06-19 00:00:00,33.11,33.84,0.16
2020-06-19 00:30:00,33.69,34.04,0.16
2020-06-19 01:00:00,33.84,34.28,0.16
2020-06-19 01:30:00,33.74,34.13,0.16
2020-06-19 02:00:00,33.79,34.11,0.16
2020-06-19 02:30:00,33.67,33.94,0.16
2020-06-19 03:00:00,33.69,33.94,0.16
2020-06-19 03:30:00,33.65,33.89,0.16
2020-06-19 04:00:00,33.65,33.79,0.16
2020-06-19 04:30:00,33.64,33.84,0.16
2020-06-19 05:00:00,33.74,33.84,0.16
2020-06-19 05:30:00,33.45,33.74,0.16
2020-06-19 06:00:00,33.15,33.45,0.16
2020-06-19 06:30:00,32.91,33.42,0.16
2020-06-19 07:00:00,32.92,33.39,0.16
2020-06-19 07:30:00,32.68,33.16,0.16
2020-06-19 08:00:00,32.80,33.16,0.16
2020-06-19 08:30:00,32.82,33.21,0.16
2020-06-19 09:00:00,32.48,32.86,0.16
2020-06-19 09:30:00,32.28,32.62,0.16
2020-06-19 10:00:00,32.28,32.60,0.16
2020-06-19 10:30:00,32.57,32.86,0.16
2020-06-19 11:00:00,32.62,32.74,0.16
2020-06-19 11:30:00,32.52,32.72,0.16
2020-06-19 12:00:00,32.18,32.57,0.16
2020-06-19 12:30:00,32.13,32.43,0.16
2020-06-19 13:00:00,32.23,32.47,0.16
2020-06-19 13:30:00,32.23,32.62,0.16
2020-06-19 14:00:00,32.33,32.67,0.16
2020-06-19 14:30:00,32.38,32.91,0.16
2020-06-19 15:00:00,32.43,32.86,0.16
2020-06-19 15:30:00,32.63,33.06,0.16
2020-06-19 16:00:00,32.87,34.58,0.16
2020-06-19 16:30:00,33.56,34.36,0.16
2020-06-19 17:00:00,33.61,34.39,0.16
2020-06-19 17:30:00,33.85,34.65,0.16
2020-06-19 18:00:00,34.32,34.93,0.16
2020-06-19 18:30:00,33.94,34.88,0.16
2020-06-19 19:00:00,33.56,34.39,0.16
2020-06-19 19:30:00,33.51,33.91,0.16
2020-06-19 20:00:00,33.76,35.26,0.16
2020-06-19 20:30:00,34.78,35.13,0.16
2020-06-21 22:00:00,35.28,36.44,0.16
2020-06-21 22:30:00,35.37,35.83,0.16
2020-06-21 23:00:00,35.32,35.71,0.16
2020-06-21 23:30:00,35.18,35.61,0.16
2020-06-22 00:00:00,34.70,35.42,0.16
2020-06-22 00:30:00,34.66,35.09,0.16
2020-06-22 01:00:00,34.26,34.66,0.16
2020-06-22 01:30:00,34.27,34.66,0.16
2020-06-22 02:00:00,34.32,34.66,0.16
2020-06-22 02:30:00,34.27,34.46,0.16
2020-06-22 03:00:00,34.27,34.56,0.16
2020-06-22 03:30:00,34.13,34.29,0.16
2020-06-22 04:00:00,34.17,34.36,0.16
2020-06-22 04:30:00,34.17,34.48,0.16
2020-06-22 05:00:00,34.17,34.60,0.16
2020-06-22 05:30:00,34.17,34.65,0.16
2020-06-22 06:00:00,34.56,34.87,0.16
2020-06-22 06:30:00,34.13,34.77,0.16
2020-06-22 07:00:00,33.85,34.60,0.16
2020-06-22 07:30:00,33.69,33.93,0.16
2020-06-22 08:00:00,33.83,34.10,0.16
2020-06-22 08:30:00,33.40,34.03,0.16
2020-06-22 09:00:00,33.37,33.61,0.16
2020-06-22 09:30:00,33.45,33.70,0.16
2020-06-22 10:00:00,33.69,33.98,0.16
2020-06-22 10:30:00,33.80,34.09,0.16
2020-06-22 11:00:00,34.04,34.47,0.16
2020-06-22 11:30:00,33.98,34.46,0.16
2020-06-22 12:00:00,33.88,34.07,0.16
2020-06-22 12:30:00,33.98,34.22,0.16
2020-06-22 13:00:00,33.89,34.17,0.16
2020-06-22 13:30:00,33.74,34.45,0.16
2020-06-22 14:00:00,33.46,33.88,0.16
2020-06-22 14:30:00,33.57,33.97,0.16
2020-06-22 15:00:00,33.30,34.11,0.16
2020-06-22 15:30:00,32.69,33.45,0.16
2020-06-22 16:00:00,32.33,32.74,0.16
2020-06-22 16:30:00,32.14,32.59,0.16
2020-06-22 17:00:00,32.21,32.57,0.16
2020-06-22 17:30:00,32.24,32.52,0.16
2020-06-22 18:00:00,32.24,32.53,0.16
2020-06-22 18:30:00,32.08,32.33,0.16
2020-06-22 19:00:00,32.04,32.88,0.16
2020-06-22 19:30:00,32.12,32.62,0.16
2020-06-22 20:00:00,31.63,32.16,0.16
2020-06-22 20:30:00,31.72,31.83,0.16
2020-06-22 22:00:00,31.63,31.84,0.21
2020-06-22 22:30:00,31.30,31.80,0.16
2020-06-22 23:00:00,31.24,31.48,0.16
2020-06-22 23:30:00,31.24,31.46,0.16
2020-06-23 00:00:00,31.46,31.68,0.16
2020-06-23 00:30:00,31.64,31.82,0.16
2020-06-23 01:00:00,31.73,34.10,0.16
2020-06-23 01:30:00,32.43,34.23,0.16
2020-06-23 02:00:00,32.03,32.71,0.16
2020-06-23 02:30:00,32.02,32.56,0.16
2020-06-23 03:00:00,32.13,32.46,0.16
2020-06-23 03:30:00,32.31,32.58,0.16
2020-06-23 04:00:00,32.17,32.46,0.16
2020-06-23 04:30:00,32.13,32.39,0.16
2020-06-23 05:00:00,32.18,32.37,0.16
2020-06-23 05:30:00,32.17,32.60,0.16
2020-06-23 06:00:00,31.97,32.65,0.16
2020-06-23 06:30:00,31.85,32.19,0.16
2020-06-23 07:00:00,31.30,32.10,0.16
2020-06-23 07:30:00,31.16,31.49,0.16
2020-06-23 08:00:00,31.03,31.35,0.16
2020-06-23 08:30:00,31.11,31.40,0.16
2020-06-23 09:00:00,31.32,31.45,0.16
2020-06-23 09:30:00,31.11,31.36,0.16
2020-06-23 10:00:00,30.83,31.26,0.16
2020-06-23 10:30:00,30.93,31.11,0.16
2020-06-23 11:00:00,30.82,31.13,0.16
2020-06-23 11:30:00,30.62,30.91,0.16
2020-06-23 12:00:00,30.42,30.66,0.16
2020-06-23 12:30:00,30.46,30.61,0.16
2020-06-23 13:00:00,30.50,30.79,0.16
2020-06-23 13:30:00,30.64,31.39,0.16
2020-06-23 14:00:00,30.96,31.43,0.16
2020-06-23 14:30:00,31.01,31.48,0.16
2020-06-23 15:00:00,30.83,31.34,0.16
2020-06-23 15:30:00,30.92,31.26,0.16
2020-06-23 16:00:00,30.85,31.11,0.16
2020-06-23 16:30:00,30.75,30.99,0.16
2020-06-23 17:00:00,30.70,30.84,0.16
2020-06-23 17:30:00,30.66,30.90,0.16
2020-06-23 18:00:00,30.76,31.02,0.16
2020-06-23 18:30:00,30.84,31.27,0.16
2020-06-23 19:00:00,31.16,31.47,0.16
2020-06-23 19:30:00,31.13,31.81,0.16
2020-06-23 20:00:00,31.38,31.91,0.16
2020-06-23 20:30:00,31.93,32.01,0.16
2020-06-23 22:00:00,31.70,32.00,0.19
2020-06-23 22:30:00,31.68,32.01,0.16
2020-06-23 23:00:00,31.83,32.06,0.16
2020-06-23 23:30:00,31.78,31.97,0.16
2020-06-24 00:00:00,31.59,31.99,0.16
2020-06-24 00:30:00,31.59,31.83,0.16
2020-06-24 01:00:00,31.69,31.96,0.16
2020-06-24 01:30:00,31.74,32.11,0.16
2020-06-24 02:00:00,31.85,32.21,0.16
2020-06-24 02:30:00,31.83,32.01,0.16
2020-06-24 03:00:00,31.81,32.01,0.16
2020-06-24 03:30:00,31.87,32.05,0.16
2020-06-24 04:00:00,31.68,31.94,0.16
2020-06-24 04:30:00,31.68,31.86,0.16
2020-06-24 05:00:00,31.81,31.91,0.16
2020-06-24 05:30:00,31.73,31.94,0.16
2020-06-24 06:00:00,31.83,32.06,0.16
2020-06-24 06:30:00,31.69,31.97,0.16
2020-06-24 07:00:00,31.50,31.94,0.16
2020-06-24 07:30:00,31.55,32.40,0.16
2020-06-24 08:00:00,32.16,32.97,0.16
2020-06-24 08:30:00,32.44,32.82,0.16
2020-06-24 09:00:00,32.48,33.34,0.16
2020-06-24 09:30:00,32.82,33.10,0.16
2020-06-24 10:00:00,32.72,33.00,0.16
2020-06-24 10:30:00,32.70,32.86,0.16
2020-06-24 11:00:00,32.43,32.74,0.16
2020-06-24 11:30:00,32.43,32.71,0.16
2020-06-24 12:00:00,32.39,32.68,0.16
2020-06-24 12:30:00,32.16,32.68,0.16
2020-06-24 13:00:00,32.23,32.80,0.16
2020-06-24 13:30:00,31.79,33.11,0.16
2020-06-24 14:00:00,32.51,33.45,0.16
2020-06-24 14:30:00,32.55,33.46,0.16
2020-06-24 15:00:00,33.13,33.86,0.16
2020-06-24 15:30:00,33.63,35.14,0.16
2020-06-24 16:00:00,33.66,34.46,0.16
2020-06-24 16:30:00,33.56,34.23,0.16
2020-06-24 17:00:00,33.56,34.23,0.16
2020-06-24 17:30:00,34.23,34.69,0.16
2020-06-24 18:00:00,33.85,34.84,0.16
2020-06-24 18:30:00,33.80,34.37,0.16
2020-06-24 19:00:00,33.52,34.32,0.16
2020-06-24 19:30:00,33.19,34.10,0.16
2020-06-24 20:00:00,33.44,33.91,0.16
2020-06-24 20:30:00,33.40,33.64,0.16
2020-06-24 22:00:00,33.41,33.82,0.16
2020-06-24 22:30:00,33.59,33.87,0.16
2020-06-24 23:00:00,33.79,33.99,0.16
2020-06-24 23:30:00,33.87,34.16,0.16
2020-06-25 00:00:00,33.49,34.20,0.16
2020-06-25 00:30:00,33.35,33.73,0.16
2020-06-25 01:00:00,33.28,34.02,0.16
2020-06-25 01:30:00,33.96,34.53,0.16
2020-06-25 02:00:00,34.26,34.77,0.16
2020-06-25 02:30:00,34.20,34.48,0.16
2020-06-25 03:00:00,34.11,34.38,0.16
2020-06-25 03:30:00,34.20,34.62,0.16
2020-06-25 04:00:00,34.06,34.34,0.16
2020-06-25 04:30:00,34.30,34.57,0.16
2020-06-25 05:00:00,34.25,34.43,0.16
2020-06-25 05:30:00,34.06,34.33,0.16
2020-06-25 06:00:00,33.96,34.36,0.16
2020-06-25 06:30:00,34.06,34.53,0.16
2020-06-25 07:00:00,34.39,35.32,0.16
2020-06-25 07:30:00,34.58,35.09,0.16
2020-06-25 08:00:00,33.74,34.92,0.16
2020-06-25 08:30:00,33.55,34.02,0.16
2020-06-25 09:00:00,33.48,33.87,0.16
2020-06-25 09:30:00,33.33,33.93,0.16
2020-06-25 10:00:00,33.65,33.97,0.16
2020-06-25 10:30:00,33.67,33.97,0.16
2020-06-25 11:00:00,33.75,34.24,0.16
2020-06-25 11:30:00,33.93,34.39,0.16
2020-06-25 12:00:00,34.12,34.41,0.16
2020-06-25 12:30:00,33.98,34.59,0.16
2020-06-25 13:00:00,33.90,34.41,0.16
2020-06-25 13:30:00,33.98,34.93,0.16
2020-06-25 14:00:00,33.36,34.36,0.16
2020-06-25 14:30:00,33.45,33.93,0.16
2020-06-25 15:00:00,33.56,34.12,0.16
2020-06-25 15:30:00,33.53,34.17,0.16
2020-06-25 16:00:00,32.85,33.53,0.16
2020-06-25 16:30:00,32.91,33.41,0.16
2020-06-25 17:00:00,33.18,33.53,0.16
2020-06-25 17:30:00,32.99,33.45,0.16
2020-06-25 18:00:00,33.14,33.51,0.16
2020-06-25 18:30:00,33.18,33.61,0.16
2020-06-25 19:00:00,32.57,33.41,0.16
2020-06-25 19:30:00,32.33,32.94,0.16
2020-06-25 20:00:00,32.07,32.40,0.16
2020-06-25 20:30:00,32.25,32.56,0.16
2020-06-25 22:00:00,32.30,32.52,0.16
2020-06-25 22:30:00,32.32,32.48,0.16
2020-06-25 23:00:00,32.11,32.38,0.16
2020-06-25 23:30:00,32.09,32.33,0.16
2020-06-26 00:00:00,32.30,32.63,0.16
2020-06-26 00:30:00,32.40,32.72,0.16
2020-06-26 01:00:00,32.34,32.48,0.16
2020-06-26 01:30:00,32.30,32.53,0.16
2020-06-26 02:00:00,32.30,32.67,0.16
2020-06-26 02:30:00,32.43,32.57,0.16
2020-06-26 03:00:00,32.43,32.62,0.16
2020-06-26 03:30:00,32.41,32.52,0.16
2020-06-26 04:00:00,32.18,32.48,0.16
2020-06-26 04:30:00,32.20,32.48,0.16
2020-06-26 05:00:00,32.30,32.48,0.16
2020-06-26 05:30:00,32.40,32.68,0.16
2020-06-26 06:00:00,32.63,32.87,0.16
2020-06-26 06:30:00,32.63,32.82,0.16
2020-06-26 07:00:00,32.63,33.06,0.16
2020-06-26 07:30:00,32.58,32.96,0.16
2020-06-26 08:00:00,32.67,33.23,0.16
2020-06-26 08:30:00,32.69,33.10,0.16
2020-06-26 09:00:00,32.59,32.82,0.16
2020-06-26 09:30:00,32.39,32.64,0.16
2020-06-26 10:00:00,32.15,32.45,0.16
2020-06-26 10:30:00,32.20,32.30,0.16
2020-06-26 11:00:00,31.98,32.29,0.16
2020-06-26 11:30:00,32.20,32.44,0.16
2020-06-26 12:00:00,32.34,32.54,0.16
2020-06-26 12:30:00,32.25,32.77,0.16
2020-06-26 13:00:00,32.42,32.69,0.16
2020-06-26 13:30:00,32.39,33.29,0.16
2020-06-26 14:00:00,32.91,34.35,0.16
2020-06-26 14:30:00,33.88,34.72,0.16
2020-06-26 15:00:00,33.81,34.40,0.16
2020-06-26 15:30:00,33.58,34.37,0.16
2020-06-26 16:00:00,33.68,34.37,0.16
2020-06-26 16:30:00,33.91,34.38,0.16
2020-06-26 17:00:00,33.58,34.01,0.16
2020-06-26 17:30:00,33.76,34.09,0.16
2020-06-26 18:00:00,33.99,34.48,0.16
2020-06-26 18:30:00,34.33,34.71,0.16
2020-06-26 19:00:00,34.24,34.73,0.16
2020-06-26 19:30:00,33.89,34.73,0.16
2020-06-26 20:00:00,34.03,34.59,0.16
2020-06-26 20:30:00,34.44,34.54,0.16
2020-06-28 22:00:00,34.50,35.10,0.16
2020-06-28 22:30:00,34.49,34.66,0.16
2020-06-28 23:00:00,34.51,34.78,0.16
2020-06-28 23:30:00,34.36,34.77,0.16
2020-06-29 00:00:00,34.31,34.67,0.16
2020-06-29 00:30:00,34.00,34.58,0.16
2020-06-29 01:00:00,33.53,34.04,0.16
2020-06-29 01:30:00,33.58,33.93,0.16
2020-06-29 02:00:00,33.61,33.89,0.16
2020-06-29 02:30:00,33.79,34.09,0.16
2020-06-29 03:00:00,33.91,34.16,0.16
2020-06-29 03:30:00,34.04,34.41,0.16
2020-06-29 04:00:00,34.04,34.38,0.16
2020-06-29 04:30:00,34.13,34.51,0.16
2020-06-29 05:00:00,33.93,34.41,0.16
2020-06-29 05:30:00,33.98,34.47,0.16
2020-06-29 06:00:00,34.04,34.55,0.16
2020-06-29 06:30:00,33.99,34.41,0.16
2020-06-29 07:00:00,33.70,34.23,0.16
2020-06-29 07:30:00,33.71,34.04,0.16
2020-06-29 08:00:00,33.78,34.01,0.16
2020-06-29 08:30:00,33.61,33.85,0.16
2020-06-29 09:00:00,33.65,33.82,0.16
2020-06-29 09:30:00,33.51,33.93,0.16
2020-06-29 10:00:00,33.54,33.85,0.16
2020-06-29 10:30:00,33.60,33.85,0.16
2020-06-29 11:00:00,33.52,33.75,0.16
2020-06-29 11:30:00,33.19,33.63,0.16
2020-06-29 12:00:00,33.26,33.73,0.16
2020-06-29 12:30:00,33.63,33.83,0.16
2020-06-29 13:00:00,33.65,33.83,0.16
2020-06-29 13:30:00,33.76,34.92,0.16
2020-06-29 14:00:00,33.64,34.33,0.16
2020-06-29 14:30:00,33.43,33.76,0.16
2020-06-29 15:00:00,33.32,33.86,0.16
2020-06-29 15:30:00,33.32,33.52,0.16
2020-06-29 16:00:00,33.21,33.54,0.16
2020-06-29 16:30:00,33.07,33.27,0.16
2020-06-29 17:00:00,33.09,33.32,0.16
2020-06-29 17:30:00,32.93,33.12,0.16
2020-06-29 18:00:00,32.99,33.24,0.16
2020-06-29 18:30:00,33.09,33.45,0.16
2020-06-29 19:00:00,33.14,33.53,0.16
2020-06-29 19:30:00,32.68,33.29,0.16
2020-06-29 20:00:00,32.32,32.71,0.16
2020-06-29 20:30:00,32.51,32.64,0.16
2020-06-29 22:00:00,32.52,32.75,0.16
2020-06-29 22:30:00,32.43,32.58,0.16
2020-06-29 23:00:00,32.51,32.58,0.16
2020-06-29 23:30:00,32.44,32.63,0.16
2020-06-30 00:00:00,32.53,32.71,0.16
2020-06-30 00:30:00,32.58,32.86,0.16
2020-06-30 01:00:00,32.62,32.86,0.16
2020-06-30 01:30:00,32.58,32.84,0.16
2020-06-30 02:00:00,32.69,32.81,0.16
2020-06-30 02:30:00,32.73,32.83,0.16
2020-06-30 03:00:00,32.66,32.81,0.16
2020-06-30 03:30:00,32.68,32.81,0.16
2020-06-30 04:00:00,32.66,32.76,0.16
2020-06-30 04:30:00,32.63,32.73,0.16
2020-06-30 05:00:00,32.58,32.76,0.16
2020-06-30 05:30:00,32.68,32.96,0.16
2020-06-30 06:00:00,32.81,33.14,0.16
2020-06-30 06:30:00,32.83,33.01,0.16
2020-06-30 07:00:00,32.64,33.11,0.16
2020-06-30 07:30:00,32.96,33.16,0.16
2020-06-30 08:00:00,32.88,33.16,0.16
2020-06-30 08:30:00,33.01,33.29,0.16
2020-06-30 09:00:00,33.01,33.34,0.16
2020-06-30 09:30:00,32.88,33.11,0.16
2020-06-30 10:00:00,32.68,32.95,0.16
2020-06-30 10:30:00,32.73,32.95,0.16
2020-06-30 11:00:00,32.68,33.03,0.16
2020-06-30 11:30:00,32.47,32.78,0.16
2020-06-30 12:00:00,32.75,32.96,0.16
2020-06-30 12:30:00,32.93,33.13,0.16
2020-06-30 13:00:00,33.00,33.18,0.16
2020-06-30 13:30:00,32.27,33.11,0.16
2020-06-30 14:00:00,32.07,32.55,0.16
2020-06-30 14:30:00,31.89,32.32,0.16
2020-06-30 15:00:00,31.83,32.03,0.16
2020-06-30 15:30:00,31.88,32.03,0.16
2020-06-30 16:00:00,31.65,31.96,0.16
2020-06-30 16:30:00,31.60,31.91,0.16
2020-06-30 17:00:00,31.76,32.12,0.16
2020-06-30 17:30:00,31.61,31.94,0.16
2020-06-30 18:00:00,31.36,31.71,0.16
2020-06-30 18:30:00,31.21,31.41,0.16
2020-06-30 19:00:00,30.96,31.54,0.16
2020-06-30 19:30:00,30.85,31.21,0.16
2020-06-30 20:00:00,31.03,31.28,0.16
2020-06-30 20:30:00,31.18,31.28,0.16
2020-06-30 22:00:00,31.13,31.28,0.16
2020-06-30 22:30:00,31.14,31.31,0.16
2020-06-30 23:00:00,31.21,31.27,0.16
2020-06-30 23:30:00,31.21,31.26,0.16
2020-07-01 00:00:00,31.26,31.36,0.16
2020-07-01 00:30:00,31.19,31.34,0.16
2020-07-01 01:00:00,31.32,31.51,0.16
2020-07-01 01:30:00,31.35,31.53,0.16
2020-07-01 02:00:00,31.40,31.53,0.16
2020-07-01 02:30:00,31.48,31.58,0.16
2020-07-01 03:00:00,31.45,31.55,0.16
2020-07-01 03:30:00,31.45,31.55,0.16
2020-07-01 04:00:00,31.50,31.55,0.16
2020-07-01 04:30:00,31.45,31.58,0.16
2020-07-01 05:00:00,31.55,31.81,0.16
2020-07-01 05:30:00,31.75,31.91,0.16
2020-07-01 06:00:00,31.60,31.88,0.16
2020-07-01 06:30:00,31.55,31.70,0.16
2020-07-01 07:00:00,31.43,31.70,0.16
2020-07-01 07:30:00,31.40,31.55,0.16
2020-07-01 08:00:00,31.40,31.58,0.16
2020-07-01 08:30:00,31.45,31.50,0.16
2020-07-01 09:00:00,31.35,31.46,0.16
2020-07-01 09:30:00,31.32,31.78,0.16
2020-07-01 10:00:00,31.52,31.78,0.16
2020-07-01 10:30:00,31.60,32.01,0.16
2020-07-01 11:00:00,31.91,32.16,0.16
2020-07-01 11:30:00,31.94,32.19,0.16
2020-07-01 12:00:00,31.60,32.00,0.16
2020-07-01 12:30:00,31.18,31.60,0.16
2020-07-01 13:00:00,30.63,31.28,0.16
2020-07-01 13:30:00,30.53,31.03,0.16
2020-07-01 14:00:00,30.55,30.93,0.16
2020-07-01 14:30:00,30.46,30.91,0.16
2020-07-01 15:00:00,30.58,31.16,0.16
2020-07-01 15:30:00,30.56,31.11,0.16
2020-07-01 16:00:00,30.52,30.80,0.16
2020-07-01 16:30:00,30.38,30.67,0.16
2020-07-01 17:00:00,30.43,30.60,0.16
2020-07-01 17:30:00,30.35,30.60,0.16
2020-07-01 18:00:00,30.33,30.50,0.16
2020-07-01 18:30:00,30.40,30.61,0.16
2020-07-01 19:00:00,30.25,30.51,0.16
2020-07-01 19:30:00,30.05,30.41,0.16
2020-07-01 20:00:00,30.27,30.51,0.16
2020-07-01 20:30:00,30.23,30.30,0.16
2020-07-01 22:00:00,30.19,30.34,0.16
2020-07-01 22:30:00,30.18,30.28,0.16
2020-07-01 23:00:00,30.18,30.23,0.16
2020-07-01 23:30:00,30.18,30.28,0.16
2020-07-02 00:00:00,30.18,30.51,0.16
2020-07-02 00:30:00,30.41,30.56,0.16
2020-07-02 01:00:00,30.47,30.76,0.16
2020-07-02 01:30:00,30.38,30.56,0.16
2020-07-02 02:00:00,30.23,30.46,0.16
2020-07-02 02:30:00,30.23,30.33,0.16
2020-07-02 03:00:00,30.21,30.28,0.16
2020-07-02 03:30:00,30.25,30.51,0.16
2020-07-02 04:00:00,30.36,30.54,0.16
2020-07-02 04:30:00,30.31,30.41,0.16
2020-07-02 05:00:00,30.30,30.41,0.16
2020-07-02 05:30:00,30.31,30.51,0.16
2020-07-02 06:00:00,30.16,30.46,0.16
2020-07-02 06:30:00,30.11,30.27,0.16
2020-07-02 07:00:00,30.11,30.24,0.16
2020-07-02 07:30:00,29.76,30.19,0.16
2020-07-02 08:00:00,29.76,29.96,0.16
2020-07-02 08:30:00,29.69,29.84,0.16
2020-07-02 09:00:00,29.84,29.97,0.16
2020-07-02 09:30:00,29.89,30.02,0.16
2020-07-02 10:00:00,29.90,30.09,0.16
2020-07-02 10:30:00,29.87,30.09,0.16
2020-07-02 11:00:00,29.72,29.90,0.16
2020-07-02 11:30:00,29.69,29.82,0.16
2020-07-02 12:00:00,29.62,29.77,0.16
2020-07-02 12:30:00,28.89,29.68,0.16
2020-07-02 13:00:00,28.86,29.07,0.16
2020-07-02 13:30:00,28.57,29.07,0.16
2020-07-02 14:00:00,28.77,29.52,0.16
2020-07-02 14:30:00,29.02,29.60,0.16
2020-07-02 15:00:00,29.27,29.70,0.16
2020-07-02 15:30:00,29.12,29.45,0.16
2020-07-02 16:00:00,29.00,29.30,0.16
2020-07-02 16:30:00,29.03,29.23,0.16
2020-07-02 17:00:00,29.03,29.23,0.16
2020-07-02 17:30:00,29.03,29.25,0.16
2020-07-02 18:00:00,29.13,29.33,0.16
2020-07-02 18:30:00,29.08,29.26,0.16
2020-07-02 19:00:00,29.16,29.46,0.16
2020-07-02 19:30:00,29.41,29.96,0.16
2020-07-02 20:00:00,29.43,29.70,0.16
2020-07-02 20:30:00,29.58,29.75,0.16
2020-07-02 22:00:00,29.51,29.77,0.30
2020-07-02 22:30:00,29.49,29.56,0.16
2020-07-02 23:00:00,29.49,29.61,0.16
2020-07-02 23:30:00,29.56,29.71,0.16
2020-07-03 00:00:00,29.64,29.86,0.16
2020-07-03 00:30:00,29.69,29.79,0.16
2020-07-03 01:00:00,29.54,29.85,0.16
2020-07-03 01:30:00,29.58,29.85,0.16
2020-07-03 02:00:00,29.64,29.77,0.16
2020-07-03 02:30:00,29.67,29.82,0.16
2020-07-03 03:00:00,29.77,29.89,0.16
2020-07-03 03:30:00,29.78,29.84,0.16
2020-07-03 04:00:00,29.86,29.96,0.16
2020-07-03 04:30:00,29.87,29.94,0.16
2020-07-03 05:00:00,29.87,29.98,0.16
2020-07-03 05:30:00,29.72,29.96,0.16
2020-07-03 06:00:00,29.45,29.72,0.16
2020-07-03 06:30:00,29.37,29.65,0.16
2020-07-03 07:00:00,29.42,29.65,0.16
2020-07-03 07:30:00,29.52,29.65,0.16
2020-07-03 08:00:00,29.51,29.67,0.16
2020-07-03 08:30:00,29.55,29.67,0.16
2020-07-03 09:00:00,29.60,29.72,0.16
2020-07-03 09:30:00,29.62,29.80,0.16
2020-07-03 10:00:00,29.75,29.90,0.16
2020-07-03 10:30:00,29.69,29.79,0.16
2020-07-03 11:00:00,29.65,29.83,0.16
2020-07-03 11:30:00,29.76,29.93,0.16
2020-07-03 12:00:00,29.88,29.94,0.16
2020-07-03 12:30:00,29.83,30.00,0.16
2020-07-03 13:00:00,29.78,29.95,0.16
2020-07-03 13:30:00,29.78,29.95,0.16
2020-07-03 14:00:00,29.78,30.03,0.16
2020-07-03 14:30:00,29.98,30.25,0.16
2020-07-03 15:00:00,30.10,30.24,0.18
2020-07-05 22:00:00,29.45,29.70,0.16
2020-07-05 22:30:00,29.38,29.54,0.16
2020-07-05 23:00:00,29.40,29.53,0.16
2020-07-05 23:30:00,29.29,29.48,0.16
2020-07-06 00:00:00,29.20,29.36,0.16
2020-07-06 00:30:00,29.24,29.46,0.16
2020-07-06 01:00:00,29.02,29.24,0.16
2020-07-06 01:30:00,28.81,29.05,0.16
2020-07-06 02:00:00,28.88,29.05,0.16
2020-07-06 02:30:00,28.88,29.03,0.16
2020-07-06 03:00:00,28.88,29.03,0.16
2020-07-06 03:30:00,28.81,29.05,0.16
2020-07-06 04:00:00,28.86,28.96,0.16
2020-07-06 04:30:00,28.81,28.98,0.16
2020-07-06 05:00:00,28.82,28.93,0.16
2020-07-06 05:30:00,28.78,28.93,0.16
2020-07-06 06:00:00,28.76,29.01,0.16
2020-07-06 06:30:00,28.81,28.95,0.16
2020-07-06 07:00:00,28.76,29.11,0.16
2020-07-06 07:30:00,28.86,29.04,0.16
2020-07-06 08:00:00,28.93,29.08,0.16
2020-07-06 08:30:00,28.94,29.09,0.16
2020-07-06 09:00:00,29.07,29.26,0.16
2020-07-06 09:30:00,28.98,29.20,0.16
2020-07-06 10:00:00,28.88,29.05,0.16
2020-07-06 10:30:00,28.95,29.05,0.16
2020-07-06 11:00:00,28.95,29.07,0.16
2020-07-06 11:30:00,28.95,29.07,0.16
2020-07-06 12:00:00,28.93,28.99,0.16
2020-07-06 12:30:00,28.63,28.92,0.16
2020-07-06 13:00:00,28.66,28.85,0.16
2020-07-06 13:30:00,28.80,29.22,0.16
2020-07-06 14:00:00,28.83,29.48,0.16
2020-07-06 14:30:00,29.18,29.42,0.16
2020-07-06 15:00:00,29.18,29.31,0.16
2020-07-06 15:30:00,29.26,29.51,0.16
2020-07-06 16:00:00,29.46,29.64,0.16
2020-07-06 16:30:00,29.48,29.61,0.16
2020-07-06 17:00:00,29.56,29.71,0.16
2020-07-06 17:30:00,29.56,29.73,0.16
2020-07-06 18:00:00,29.68,30.03,0.16
2020-07-06 18:30:00,29.78,30.02,0.16
2020-07-06 19:00:00,29.84,30.14,0.16
2020-07-06 19:30:00,29.75,30.07,0.16
2020-07-06 20:00:00,29.73,29.90,0.16
2020-07-06 20:30:00,29.84,29.91,0.16
2020-07-06 22:00:00,29.77,29.96,0.21
2020-07-06 22:30:00,29.80,29.92,0.16
2020-07-06 23:00:00,29.70,29.88,0.16
2020-07-06 23:30:00,29.68,29.76,0.16
2020-07-07 00:00:00,29.53,29.83,0.16
2020-07-07 00:30:00,29.55,29.70,0.16
2020-07-07 01:00:00,29.60,30.12,0.16
2020-07-07 01:30:00,29.97,30.31,0.16
2020-07-07 02:00:00,30.12,30.34,0.16
2020-07-07 02:30:00,30.01,30.24,0.16
2020-07-07 03:00:00,30.00,30.17,0.16
2020-07-07 03:30:00,30.00,30.09,0.16
2020-07-07 04:00:00,30.07,30.29,0.16
2020-07-07 04:30:00,30.14,30.34,0.16
2020-07-07 05:00:00,30.16,30.36,0.16
2020-07-07 05:30:00,30.24,30.36,0.16
2020-07-07 06:00:00,30.29,30.50,0.16
2020-07-07 06:30:00,30.29,30.48,0.16
2020-07-07 07:00:00,30.27,30.49,0.16
2020-07-07 07:30:00,30.28,30.49,0.16
2020-07-07 08:00:00,29.99,30.45,0.16
2020-07-07 08:30:00,30.23,30.45,0.16
2020-07-07 09:00:00,30.29,30.55,0.16
2020-07-07 09:30:00,30.38,30.55,0.16
2020-07-07 10:00:00,30.40,30.60,0.16
2020-07-07 10:30:00,30.20,30.45,0.16
2020-07-07 11:00:00,30.23,30.44,0.16
2020-07-07 11:30:00,30.13,30.30,0.16
2020-07-07 12:00:00,30.10,30.20,0.16
2020-07-07 12:30:00,30.05,30.25,0.16
2020-07-07 13:00:00,30.03,30.15,0.16
2020-07-07 13:30:00,29.56,30.15,0.16
2020-07-07 14:00:00,29.42,29.70,0.16
2020-07-07 14:30:00,29.41,29.62,0.16
2020-07-07 15:00:00,29.30,29.50,0.16
2020-07-07 15:30:00,29.33,29.62,0.16
2020-07-07 16:00:00,29.50,29.74,0.16
2020-07-07 16:30:00,29.62,29.79,0.16
2020-07-07 17:00:00,29.59,29.86,0.16
2020-07-07 17:30:00,29.61,29.79,0.16
2020-07-07 18:00:00,29.59,29.86,0.16
2020-07-07 18:30:00,29.86,30.32,0.16
2020-07-07 19:00:00,30.17,30.54,0.16
2020-07-07 19:30:00,30.28,30.94,0.16
2020-07-07 20:00:00,30.75,30.97,0.16
2020-07-07 20:30:00,30.92,30.99,0.16
2020-07-07 22:00:00,30.85,31.00,0.16
2020-07-07 22:30:00,30.97,31.07,0.16
2020-07-07 23:00:00,30.91,31.03,0.16
2020-07-07 23:30:00,30.87,30.99,0.16
2020-07-08 00:00:00,30.65,30.99,0.16
2020-07-08 00:30:00,30.65,30.80,0.16
2020-07-08 01:00:00,30.50,30.70,0.16
2020-07-08 01:30:00,30.49,30.70,0.16
2020-07-08 02:00:00,30.65,30.82,0.16
2020-07-08 02:30:00,30.54,30.72,0.16
2020-07-08 03:00:00,30.49,30.61,0.16
2020-07-08 03:30:00,30.56,30.62,0.16
2020-07-08 04:00:00,30.56,30.72,0.16
2020-07-08 04:30:00,30.73,30.84,0.16
2020-07-08 05:00:00,30.68,30.81,0.16
2020-07-08 05:30:00,30.69,30.84,0.16
2020-07-08 06:00:00,30.81,30.99,0.16
2020-07-08 06:30:00,30.66,30.89,0.16
2020-07-08 07:00:00,30.30,30.78,0.16
2020-07-08 07:30:00,30.24,30.40,0.16
2020-07-08 08:00:00,30.22,30.39,0.16
2020-07-08 08:30:00,30.07,30.44,0.16
2020-07-08 09:00:00,30.32,30.71,0.16
2020-07-08 09:30:00,30.49,30.73,0.16
2020-07-08 10:00:00,30.56,30.73,0.16
2020-07-08 10:30:00,30.46,30.58,0.16
2020-07-08 11:00:00,30.36,30.48,0.16
2020-07-08 11:30:00,30.26,30.47,0.16
2020-07-08 12:00:00,30.28,30.53,0.16
2020-07-08 12:30:00,30.46,30.63,0.16
2020-07-08 13:00:00,30.35,30.58,0.16
2020-07-08 13:30:00,30.01,30.53,0.16
2020-07-08 14:00:00,30.01,30.48,0.16
2020-07-08 14:30:00,30.33,30.72,0.16
2020-07-08 15:00:00,30.57,31.35,0.16
2020-07-08 15:30:00,30.66,31.13,0.16
2020-07-08 16:00:00,30.62,30.91,0.16
2020-07-08 16:30:00,30.65,30.92,0.16
2020-07-08 17:00:00,30.70,31.20,0.16
2020-07-08 17:30:00,30.87,31.20,0.16
2020-07-08 18:00:00,30.80,31.20,0.16
2020-07-08 18:30:00,30.75,31.13,0.16
2020-07-08 19:00:00,30.20,30.80,0.16
2020-07-08 19:30:00,30.07,30.43,0.16
2020-07-08 20:00:00,30.00,30.28,0.16
2020-07-08 20:30:00,30.01,30.13,0.16
2020-07-08 22:00:00,29.98,30.08,0.18
2020-07-08 22:30:00,29.97,30.07,0.16
2020-07-08 23:00:00,29.95,30.02,0.16
2020-07-08 23:30:00,29.90,30.03,0.16
2020-07-09 00:00:00,29.93,30.07,0.16
2020-07-09 00:30:00,29.96,30.09,0.16
2020-07-09 01:00:00,30.05,30.32,0.16
2020-07-09 01:30:00,30.04,30.24,0.16
2020-07-09 02:00:00,30.02,30.12,0.16
2020-07-09 02:30:00,30.02,30.17,0.16
2020-07-09 03:00:00,30.07,30.17,0.16
2020-07-09 03:30:00,29.96,30.07,0.16
2020-07-09 04:00:00,29.91,30.04,0.16
2020-07-09 04:30:00,29.97,30.11,0.16
2020-07-09 05:00:00,30.06,30.22,0.16
2020-07-09 05:30:00,30.06,30.22,0.16
2020-07-09 06:00:00,30.02,30.29,0.16
2020-07-09 06:30:00,30.08,30.19,0.16
2020-07-09 07:00:00,30.08,30.24,0.16
2020-07-09 07:30:00,30.14,30.39,0.16
2020-07-09 08:00:00,30.08,30.23,0.16
2020-07-09 08:30:00,30.18,30.28,0.16
2020-07-09 09:00:00,30.18,30.39,0.16
2020-07-09 09:30:00,30.12,30.34,0.16
2020-07-09 10:00:00,30.06,30.18,0.16
2020-07-09 10:30:00,30.07,30.18,0.16
2020-07-09 11:00:00,29.93,30.11,0.16
2020-07-09 11:30:00,29.91,30.01,0.16
2020-07-09 12:00:00,29.86,30.01,0.16
2020-07-09 12:30:00,29.86,30.08,0.16
2020-07-09 13:00:00,30.01,30.17,0.16
2020-07-09 13:30:00,29.95,30.52,0.16
2020-07-09 14:00:00,30.08,30.90,0.16
2020-07-09 14:30:00,30.52,31.63,0.16
2020-07-09 15:00:00,31.22,31.93,0.16
2020-07-09 15:30:00,31.15,31.70,0.16
2020-07-09 16:00:00,31.00,31.46,0.16
2020-07-09 16:30:00,30.92,31.30,0.16
2020-07-09 17:00:00,30.63,30.98,0.16
2020-07-09 17:30:00,30.62,31.15,0.16
2020-07-09 18:00:00,30.52,31.15,0.16
2020-07-09 18:30:00,30.42,30.70,0.16
2020-07-09 19:00:00,30.21,30.90,0.16
2020-07-09 19:30:00,30.52,31.05,0.16
2020-07-09 20:00:00,30.52,30.94,0.16
2020-07-09 20:30:00,30.74,30.87,0.16
2020-07-09 22:00:00,30.66,31.55,0.16
2020-07-09 22:30:00,30.71,30.78,0.16
2020-07-09 23:00:00,30.63,30.79,0.16
2020-07-09 23:30:00,30.50,30.67,0.16
2020-07-10 00:00:00,30.51,30.68,0.16
2020-07-10 00:30:00,30.46,30.93,0.16
2020-07-10 01:00:00,30.62,31.03,0.16
2020-07-10 01:30:00,30.76,30.98,0.16
2020-07-10 02:00:00,30.76,30.88,0.16
2020-07-10 02:30:00,30.82,30.98,0.16
2020-07-10 03:00:00,30.77,30.95,0.16
2020-07-10 03:30:00,30.82,30.93,0.16
2020-07-10 04:00:00,30.82,30.95,0.16
2020-07-10 04:30:00,30.83,31.08,0.16
2020-07-10 05:00:00,31.03,31.35,0.16
2020-07-10 05:30:00,31.30,31.62,0.16
2020-07-10 06:00:00,31.38,31.67,0.16
2020-07-10 06:30:00,31.53,31.70,0.16
2020-07-10 07:00:00,31.35,31.69,0.16
2020-07-10 07:30:00,31.30,31.47,0.16
2020-07-10 08:00:00,31.04,31.30,0.16
2020-07-10 08:30:00,31.04,31.29,0.16
2020-07-10 09:00:00,31.15,31.40,0.16
2020-07-10 09:30:00,31.04,31.24,0.16
2020-07-10 10:00:00,30.99,31.20,0.16
2020-07-10 10:30:00,30.99,31.15,0.16
2020-07-10 11:00:00,30.85,31.04,0.16
2020-07-10 11:30:00,30.99,31.16,0.16
2020-07-10 12:00:00,31.10,31.41,0.16
2020-07-10 12:30:00,30.81,31.36,0.16
2020-07-10 13:00:00,30.66,31.01,0.16
2020-07-10 13:30:00,30.71,31.24,0.16
2020-07-10 14:00:00,30.98,31.46,0.16
2020-07-10 14:30:00,30.77,31.11,0.16
2020-07-10 15:00:00,30.61,31.01,0.16
2020-07-10 15:30:00,30.50,30.83,0.16
2020-07-10 16:00:00,30.40,30.68,0.16
2020-07-10 16:30:00,30.40,30.73,0.16
2020-07-10 17:00:00,30.35,30.48,0.16
2020-07-10 17:30:00,30.17,30.45,0.16
2020-07-10 18:00:00,30.09,30.29,0.16
2020-07-10 18:30:00,30.10,30.24,0.16
2020-07-10 19:00:00,29.89,30.19,0.16
2020-07-10 19:30:00,29.79,29.99,0.16
2020-07-10 20:00:00,29.79,29.93,0.16
2020-07-10 20:30:00,29.84,29.94,0.16
2020-07-12 22:00:00,29.50,29.74,0.16
2020-07-12 22:30:00,29.52,29.59,0.16
2020-07-12 23:00:00,29.53,29.77,0.16
2020-07-12 23:30:00,29.71,29.83,0.16
2020-07-13 00:00:00,29.77,30.00,0.16
2020-07-13 00:30:00,29.72,29.89,0.16
2020-07-13 01:00:00,29.72,30.03,0.16
2020-07-13 01:30:00,29.78,29.89,0.16
2020-07-13 02:00:00,29.73,29.86,0.16
2020-07-13 02:30:00,29.75,29.83,0.16
2020-07-13 03:00:00,29.73,29.83,0.16
2020-07-13 03:30:00,29.73,29.80,0.16
2020-07-13 04:00:00,29.68,29.78,0.16
2020-07-13 04:30:00,29.68,29.74,0.16
2020-07-13 05:00:00,29.63,29.70,0.16
2020-07-13 05:30:00,29.62,29.68,0.16
2020-07-13 06:00:00,29.54,29.78,0.16
2020-07-13 06:30:00,29.64,29.77,0.16
2020-07-13 07:00:00,29.68,29.84,0.16
2020-07-13 07:30:00,29.63,29.81,0.16
2020-07-13 08:00:00,29.69,29.85,0.16
2020-07-13 08:30:00,29.78,30.02,0.16
2020-07-13 09:00:00,29.70,29.86,0.16
2020-07-13 09:30:00,29.69,29.84,0.16
2020-07-13 10:00:00,29.69,29.79,0.16
2020-07-13 10:30:00,29.63,29.75,0.16
2020-07-13 11:00:00,29.52,29.68,0.16
2020-07-13 11:30:00,29.50,29.58,0.16
2020-07-13 12:00:00,29.52,29.57,0.16
2020-07-13 12:30:00,29.53,29.59,0.16
2020-07-13 13:00:00,29.52,29.63,0.16
2020-07-13 13:30:00,29.58,29.92,0.16
2020-07-13 14:00:00,29.76,29.98,0.16
2020-07-13 14:30:00,29.86,30.02,0.16
2020-07-13 15:00:00,29.82,30.02,0.16
2020-07-13 15:30:00,30.01,30.34,0.16
2020-07-13 16:00:00,30.02,30.23,0.16
2020-07-13 16:30:00,30.08,30.28,0.16
2020-07-13 17:00:00,30.17,30.33,0.16
2020-07-13 17:30:00,30.28,30.39,0.16
2020-07-13 18:00:00,30.23,30.71,0.16
2020-07-13 18:30:00,30.61,30.88,0.16
2020-07-13 19:00:00,30.65,31.71,0.16
2020-07-13 19:30:00,31.60,32.91,0.16
2020-07-13 20:00:00,32.67,33.18,0.16
2020-07-13 20:30:00,32.61,32.82,0.16
2020-07-13 22:00:00,32.33,32.74,0.18
2020-07-13 22:30:00,32.35,32.60,0.16
2020-07-13 23:00:00,32.39,32.60,0.16
2020-07-13 23:30:00,32.12,32.48,0.16
2020-07-14 00:00:00,32.18,32.54,0.16
2020-07-14 00:30:00,32.01,32.31,0.16
2020-07-14 01:00:00,31.77,32.12,0.16
2020-07-14 01:30:00,31.78,32.11,0.16
2020-07-14 02:00:00,31.78,32.05,0.16
2020-07-14 02:30:00,31.99,32.19,0.16
2020-07-14 03:00:00,31.93,32.12,0.16
2020-07-14 03:30:00,32.06,32.20,0.16
2020-07-14 04:00:00,32.14,32.25,0.16
2020-07-14 04:30:00,32.15,32.29,0.16
2020-07-14 05:00:00,32.07,32.24,0.16
2020-07-14 05:30:00,32.07,32.20,0.16
2020-07-14 06:00:00,31.79,32.20,0.16
2020-07-14 06:30:00,31.78,31.89,0.16
2020-07-14 07:00:00,31.79,32.04,0.16
2020-07-14 07:30:00,31.81,32.31,0.16
2020-07-14 08:00:00,31.75,32.23,0.16
2020-07-14 08:30:00,31.78,31.95,0.16
2020-07-14 09:00:00,31.69,32.03,0.16
2020-07-14 09:30:00,31.69,31.85,0.16
2020-07-14 10:00:00,31.74,31.93,0.16
2020-07-14 10:30:00,31.79,32.00,0.16
2020-07-14 11:00:00,31.75,32.05,0.16
2020-07-14 11:30:00,31.72,31.89,0.16
2020-07-14 12:00:00,31.71,32.06,0.16
2020-07-14 12:30:00,32.04,32.66,0.16
2020-07-14 13:00:00,32.41,32.84,0.16
2020-07-14 13:30:00,32.06,33.48,0.16
2020-07-14 14:00:00,32.44,33.42,0.16
2020-07-14 14:30:00,31.69,32.49,0.16
2020-07-14 15:00:00,31.79,32.30,0.16
2020-07-14 15:30:00,31.42,32.05,0.16
2020-07-14 16:00:00,31.40,31.82,0.16
2020-07-14 16:30:00,31.56,32.13,0.16
2020-07-14 17:00:00,31.73,32.24,0.16
2020-07-14 17:30:00,31.39,31.82,0.16
2020-07-14 18:00:00,31.20,31.66,0.16
2020-07-14 18:30:00,31.19,31.56,0.16
2020-07-14 19:00:00,31.23,31.76,0.16
2020-07-14 19:30:00,30.90,31.43,0.16
2020-07-14 20:00:00,30.95,31.15,0.16
2020-07-14 20:30:00,30.94,31.00,0.16
2020-07-14 22:00:00,30.19,30.77,0.16
2020-07-14 22:30:00,30.25,30.38,0.16
2020-07-14 23:00:00,30.20,30.30,0.16
2020-07-14 23:30:00,30.26,30.51,0.16
2020-07-15 00:00:00,30.25,30.51,0.16
2020-07-15 00:30:00,30.40,30.55,0.16
2020-07-15 01:00:00,30.45,30.66,0.16
2020-07-15 01:30:00,30.56,30.66,0.16
2020-07-15 02:00:00,30.57,30.62,0.16
2020-07-15 02:30:00,30.62,30.72,0.16
2020-07-15 03:00:00,30.63,30.73,0.16
2020-07-15 03:30:00,30.62,30.73,0.16
2020-07-15 04:00:00,30.67,30.72,0.16
2020-07-15 04:30:00,30.62,30.68,0.16
2020-07-15 05:00:00,30.62,30.72,0.16
2020-07-15 05:30:00,30.62,30.77,0.16
2020-07-15 06:00:00,30.67,30.79,0.16
2020-07-15 06:30:00,30.67,30.78,0.16
2020-07-15 07:00:00,30.73,30.93,0.16
2020-07-15 07:30:00,30.75,30.88,0.16
2020-07-15 08:00:00,30.72,30.88,0.16
2020-07-15 08:30:00,30.72,30.84,0.16
2020-07-15 09:00:00,30.78,30.93,0.16
2020-07-15 09:30:00,30.77,30.88,0.16
2020-07-15 10:00:00,30.46,30.78,0.16
2020-07-15 10:30:00,30.27,30.52,0.16
2020-07-15 11:00:00,30.13,30.38,0.16
2020-07-15 11:30:00,30.13,30.29,0.16
2020-07-15 12:00:00,29.98,30.18,0.16
2020-07-15 12:30:00,29.93,30.13,0.16
2020-07-15 13:00:00,29.93,30.10,0.16
2020-07-15 13:30:00,30.03,30.58,0.16
2020-07-15 14:00:00,30.31,30.78,0.16
2020-07-15 14:30:00,30.23,30.67,0.16
2020-07-15 15:00:00,30.57,30.98,0.16
2020-07-15 15:30:00,30.61,31.22,0.16
2020-07-15 16:00:00,30.92,31.45,0.16
2020-07-15 16:30:00,30.72,31.21,0.16
2020-07-15 17:00:00,30.57,30.87,0.16
2020-07-15 17:30:00,30.46,30.62,0.16
2020-07-15 18:00:00,30.33,30.62,0.16
2020-07-15 18:30:00,30.26,30.58,0.16
2020-07-15 19:00:00,30.27,30.62,0.16
2020-07-15 19:30:00,30.07,30.33,0.16
2020-07-15 20:00:00,30.08,30.32,0.16
2020-07-15 20:30:00,30.03,30.18,0.16
2020-07-15 22:00:00,30.02,30.17,0.16
2020-07-15 22:30:00,30.18,30.29,0.16
2020-07-15 23:00:00,30.23,30.31,0.16
2020-07-15 23:30:00,30.23,30.36,0.16
2020-07-16 00:00:00,30.19,30.49,0.16
2020-07-16 00:30:00,30.34,30.47,0.16
2020-07-16 01:00:00,30.39,30.64,0.16
2020-07-16 01:30:00,30.43,30.55,0.16
2020-07-16 02:00:00,30.33,30.71,0.16
2020-07-16 02:30:00,30.66,30.81,0.16
2020-07-16 03:00:00,30.71,30.81,0.16
2020-07-16 03:30:00,30.71,30.76,0.16
2020-07-16 04:00:00,30.66,30.76,0.16
2020-07-16 04:30:00,30.61,30.71,0.16
2020-07-16 05:00:00,30.66,30.77,0.16
2020-07-16 05:30:00,30.71,30.90,0.16
2020-07-16 06:00:00,30.61,30.71,0.16
2020-07-16 06:30:00,30.66,30.79,0.16
2020-07-16 07:00:00,30.70,30.90,0.16
2020-07-16 07:30:00,30.91,31.06,0.16
2020-07-16 08:00:00,30.95,31.11,0.16
2020-07-16 08:30:00,31.11,31.29,0.16
2020-07-16 09:00:00,31.27,31.51,0.16
2020-07-16 09:30:00,31.15,31.35,0.16
2020-07-16 10:00:00,31.11,31.20,0.16
2020-07-16 10:30:00,31.06,31.21,0.16
2020-07-16 11:00:00,31.01,31.09,0.16
2020-07-16 11:30:00,30.92,31.09,0.16
2020-07-16 12:00:00,30.92,31.08,0.16
2020-07-16 12:30:00,30.97,31.18,0.16
2020-07-16 13:00:00,30.77,31.08,0.16
2020-07-16 13:30:00,30.28,30.93,0.16
2020-07-16 14:00:00,30.23,30.68,0.16
2020-07-16 14:30:00,30.02,30.33,0.16
2020-07-16 15:00:00,30.12,30.42,0.16
2020-07-16 15:30:00,30.17,30.38,0.16
2020-07-16 16:00:00,30.10,30.32,0.16
2020-07-16 16:30:00,29.90,30.32,0.16
2020-07-16 17:00:00,29.89,30.06,0.16
2020-07-16 17:30:00,29.80,30.00,0.16
2020-07-16 18:00:00,29.64,29.95,0.16
2020-07-16 18:30:00,29.64,30.09,0.16
2020-07-16 19:00:00,29.81,30.13,0.16
2020-07-16 19:30:00,29.73,29.92,0.16
2020-07-16 20:00:00,29.68,30.07,0.16
2020-07-16 22:00:00,29.92,30.05,0.20
2020-07-16 22:30:00,29.92,29.97,0.16
2020-07-16 23:00:00,29.87,29.92,0.16
2020-07-16 23:30:00,29.89,29.93,0.16
2020-07-17 00:00:00,29.82,29.98,0.16
2020-07-17 00:30:00,29.87,29.97,0.16
2020-07-17 01:00:00,29.92,30.03,0.16
2020-07-17 01:30:00,29.90,30.03,0.16
2020-07-17 02:00:00,29.88,29.97,0.16
2020-07-17 02:30:00,29.87,29.98,0.16
2020-07-17 03:00:00,29.88,29.93,0.16
2020-07-17 03:30:00,29.93,29.98,0.16
2020-07-17 04:00:00,29.88,29.98,0.16
2020-07-17 04:30:00,29.93,30.04,0.16
2020-07-17 05:00:00,29.98,30.04,0.16
2020-07-17 05:30:00,29.99,30.04,0.16
2020-07-17 06:00:00,29.78,29.99,0.16
2020-07-17 06:30:00,29.78,29.88,0.16
2020-07-17 07:00:00,29.83,29.99,0.16
2020-07-17 07:30:00,29.84,29.99,0.16
2020-07-17 08:00:00,29.89,30.05,0.16
2020-07-17 08:30:00,29.85,29.99,0.16
2020-07-17 09:00:00,29.79,30.00,0.16
2020-07-17 09:30:00,29.74,29.84,0.16
2020-07-17 10:00:00,29.79,29.94,0.16
2020-07-17 10:30:00,29.81,29.89,0.16
2020-07-17 11:00:00,29.84,29.95,0.16
2020-07-17 11:30:00,29.69,29.89,0.16
2020-07-17 12:00:00,29.44,29.74,0.16
2020-07-17 12:30:00,29.49,29.64,0.16
2020-07-17 13:00:00,29.44,29.59,0.16
2020-07-17 13:30:00,29.40,29.70,0.16
2020-07-17 14:00:00,29.45,29.76,0.16
2020-07-17 14:30:00,29.51,29.77,0.16
2020-07-17 15:00:00,29.35,29.56,0.16
2020-07-17 15:30:00,29.25,29.46,0.16
2020-07-17 16:00:00,29.25,29.35,0.16
2020-07-17 16:30:00,29.14,29.25,0.16
2020-07-17 17:00:00,29.14,29.30,0.16
2020-07-17 17:30:00,29.15,29.26,0.16
2020-07-17 18:00:00,28.90,29.23,0.16
2020-07-17 18:30:00,28.77,29.02,0.16
2020-07-17 19:00:00,28.70,28.91,0.16
2020-07-17 19:30:00,28.74,28.89,0.16
2020-07-17 20:00:00,28.63,28.79,0.16
2020-07-17 20:30:00,28.70,28.75,0.16
2020-07-19 22:00:00,28.70,28.90,0.16
2020-07-19 22:30:00,28.73,28.85,0.16
2020-07-19 23:00:00,28.80,28.85,0.16
2020-07-19 23:30:00,28.71,28.83,0.16
2020-07-20 00:00:00,28.75,28.95,0.16
2020-07-20 00:30:00,28.85,29.01,0.16
2020-07-20 01:00:00,29.01,29.36,0.16
2020-07-20 01:30:00,29.21,29.41,0.16
2020-07-20 02:00:00,29.31,29.41,0.16
2020-07-20 02:30:00,29.31,29.39,0.16
2020-07-20 03:00:00,29.27,29.36,0.16
2020-07-20 03:30:00,29.21,29.29,0.16
2020-07-20 04:00:00,29.22,29.27,0.16
2020-07-20 04:30:00,29.27,29.32,0.16
2020-07-20 05:00:00,29.27,29.37,0.16
2020-07-20 05:30:00,29.17,29.27,0.16
2020-07-20 06:00:00,29.17,29.42,0.16
2020-07-20 06:30:00,29.22,29.32,0.16
2020-07-20 07:00:00,29.28,29.53,0.16
2020-07-20 07:30:00,29.18,29.48,0.16
2020-07-20 08:00:00,29.18,29.28,0.16
2020-07-20 08:30:00,28.83,29.23,0.16
2020-07-20 09:00:00,28.68,28.83,0.16
2020-07-20 09:30:00,28.68,28.83,0.16
2020-07-20 10:00:00,28.74,28.89,0.16
2020-07-20 10:30:00,28.79,28.91,0.16
2020-07-20 11:00:00,28.69,28.84,0.16
2020-07-20 11:30:00,28.59,28.74,0.16
2020-07-20 12:00:00,28.64,28.74,0.16
2020-07-20 12:30:00,28.54,28.79,0.16
2020-07-20 13:00:00,28.54,28.64,0.16
2020-07-20 13:30:00,28.39,28.75,0.16
2020-07-20 14:00:00,27.95,28.60,0.16
2020-07-20 14:30:00,27.80,28.05,0.16
2020-07-20 15:00:00,27.90,28.00,0.16
2020-07-20 15:30:00,27.80,28.00,0.16
2020-07-20 16:00:00,27.65,27.75,0.16
2020-07-20 16:30:00,27.35,27.70,0.16
2020-07-20 17:00:00,27.35,27.51,0.16
2020-07-20 17:30:00,27.26,27.46,0.16
2020-07-20 18:00:00,27.26,27.41,0.16
2020-07-20 18:30:00,27.21,27.36,0.16
2020-07-20 19:00:00,27.29,27.46,0.16
2020-07-20 19:30:00,27.46,27.66,0.16
2020-07-20 20:00:00,27.52,27.62,0.16
2020-07-20 20:30:00,27.42,27.57,0.16
2020-07-20 22:00:00,27.40,27.56,0.23
2020-07-20 22:30:00,27.46,27.53,0.16
2020-07-20 23:00:00,27.44,27.53,0.16
2020-07-20 23:30:00,27.43,27.53,0.16
2020-07-21 00:00:00,27.50,27.63,0.16
2020-07-21 00:30:00,27.53,27.63,0.16
2020-07-21 01:00:00,27.48,27.63,0.16
2020-07-21 01:30:00,27.43,27.53,0.16
2020-07-21 02:00:00,27.38,27.48,0.16
2020-07-21 02:30:00,27.38,27.48,0.16
2020-07-21 03:00:00,27.43,27.48,0.16
2020-07-21 03:30:00,27.39,27.49,0.16
2020-07-21 04:00:00,27.39,27.44,0.16
2020-07-21 04:30:00,27.39,27.44,0.16
2020-07-21 05:30:00,27.14,27.39,0.16
2020-07-21 06:00:00,27.14,27.29,0.16
2020-07-21 06:30:00,27.29,27.39,0.16
2020-07-21 07:00:00,27.24,27.39,0.16
2020-07-21 07:30:00,27.10,27.29,0.16
2020-07-21 08:00:00,27.05,27.15,0.16
2020-07-21 08:30:00,27.00,27.10,0.16
2020-07-21 09:00:00,26.95,27.00,0.16
2020-07-21 09:30:00,26.95,27.10,0.16
2020-07-21 10:00:00,27.05,27.10,0.16
2020-07-21 10:30:00,27.05,27.15,0.16
2020-07-21 11:00:00,27.10,27.18,0.16
2020-07-21 11:30:00,27.05,27.10,0.16
2020-07-21 12:00:00,26.88,27.00,0.16
2020-07-21 12:30:00,26.95,27.06,0.16
2020-07-21 13:00:00,26.96,27.11,0.16
2020-07-21 13:30:00,26.71,27.16,0.16
2020-07-21 14:00:00,26.81,27.36,0.16
2020-07-21 14:30:00,27.21,27.56,0.16
2020-07-21 15:00:00,27.26,27.71,0.16
2020-07-21 15:30:00,27.46,27.96,0.16
2020-07-21 16:00:00,27.81,28.11,0.16
2020-07-21 16:30:00,27.67,27.96,0.16
2020-07-21 17:00:00,27.67,27.92,0.16
2020-07-21 17:30:00,27.72,27.87,0.16
2020-07-21 18:00:00,27.57,27.77,0.16
2020-07-21 18:30:00,27.72,27.82,0.16
2020-07-21 19:00:00,27.67,28.12,0.16
2020-07-21 19:30:00,27.87,28.32,0.16
2020-07-21 20:00:00,27.82,28.07,0.16
2020-07-21 20:30:00,27.91,28.10,0.21
2020-07-21 22:00:00,27.81,28.04,0.28
2020-07-21 22:30:00,27.84,27.99,0.28
2020-07-21 23:00:00,27.81,27.88,0.25
2020-07-21 23:30:00,27.82,27.90,0.21
2020-07-22 00:00:00,27.68,27.93,0.16
2020-07-22 00:30:00,27.73,27.93,0.30
2020-07-22 01:00:00,27.74,27.98,0.30
2020-07-22 01:30:00,27.79,27.89,0.30
2020-07-22 02:00:00,27.64,27.90,0.28
2020-07-22 02:30:00,27.64,27.70,0.27
2020-07-22 03:00:00,27.70,27.74,0.25
2020-07-22 03:30:00,27.70,27.76,0.25
2020-07-22 04:00:00,27.72,27.87,0.16
2020-07-22 04:30:00,27.84,28.00,0.27
2020-07-22 05:00:00,27.86,28.02,0.21
2020-07-22 05:30:00,27.84,27.94,0.25
2020-07-22 06:00:00,27.78,28.00,0.16
2020-07-22 06:30:00,27.84,28.00,0.16
2020-07-22 07:00:00,27.73,27.92,0.20
2020-07-22 07:30:00,27.82,28.32,0.20
2020-07-22 08:00:00,28.14,28.37,0.20
2020-07-22 08:30:00,28.28,28.58,0.23
2020-07-22 09:00:00,28.48,28.74,0.23
2020-07-22 09:30:00,28.36,28.70,0.25
2020-07-22 10:00:00,28.42,28.60,0.30
2020-07-22 10:30:00,28.30,28.54,0.23
2020-07-22 11:00:00,28.18,28.40,0.25
2020-07-22 11:30:00,28.11,28.28,0.20
2020-07-22 12:00:00,28.08,28.30,0.23
2020-07-22 12:30:00,28.09,28.27,0.18
2020-07-22 13:00:00,28.21,28.31,0.16
2020-07-22 13:30:00,27.87,28.22,0.16
2020-07-22 14:00:00,28.07,28.61,0.16
2020-07-22 14:30:00,28.12,28.57,0.16
2020-07-22 15:00:00,28.17,28.52,0.16
2020-07-22 15:30:00,28.02,28.27,0.16
2020-07-22 16:00:00,27.93,28.22,0.16
2020-07-22 16:30:00,27.78,28.07,0.16
2020-07-22 17:00:00,27.78,27.93,0.16
2020-07-22 17:30:00,27.83,28.27,0.16
2020-07-22 18:00:00,28.03,28.27,0.16
2020-07-22 18:30:00,27.98,28.23,0.16
2020-07-22 19:00:00,27.83,28.03,0.16
2020-07-22 19:30:00,27.73,27.98,0.16
2020-07-22 20:00:00,27.39,27.88,0.16
2020-07-22 20:30:00,27.45,27.55,0.16
2020-07-22 22:00:00,27.50,27.60,0.16
2020-07-22 22:30:00,27.50,27.55,0.16
2020-07-22 23:00:00,27.51,27.61,0.16
2020-07-22 23:30:00,27.56,27.71,0.16
2020-07-23 00:00:00,27.61,27.75,0.16
2020-07-23 00:30:00,27.66,27.76,0.16
2020-07-23 01:00:00,27.61,27.81,0.16
2020-07-23 01:30:00,27.56,27.66,0.16
2020-07-23 02:00:00,27.59,27.66,0.16
2020-07-23 02:30:00,27.61,27.81,0.16
2020-07-23 03:00:00,27.62,27.76,0.16
2020-07-23 03:30:00,27.57,27.66,0.16
2020-07-23 04:00:00,27.57,27.67,0.16
2020-07-23 04:30:00,27.57,27.62,0.16
2020-07-23 05:00:00,27.52,27.62,0.16
2020-07-23 05:30:00,27.52,27.67,0.16
2020-07-23 06:00:00,27.37,27.57,0.16
2020-07-23 06:30:00,27.21,27.47,0.16
2020-07-23 07:00:00,27.23,27.42,0.16
2020-07-23 07:30:00,27.18,27.38,0.16
2020-07-23 08:00:00,26.94,27.23,0.16
2020-07-23 08:30:00,27.04,27.28,0.16
2020-07-23 09:00:00,27.19,27.33,0.16
2020-07-23 09:30:00,27.19,27.33,0.16
2020-07-23 10:00:00,27.14,27.28,0.16
2020-07-23 10:30:00,27.19,27.34,0.16
2020-07-23 11:00:00,27.24,27.34,0.16
2020-07-23 11:30:00,27.18,27.33,0.16
2020-07-23 12:00:00,27.24,27.39,0.16
2020-07-23 12:30:00,27.34,27.69,0.16
2020-07-23 13:00:00,27.49,27.73,0.16
2020-07-23 13:30:00,27.44,27.78,0.16
2020-07-23 14:00:00,27.39,27.93,0.16
2020-07-23 14:30:00,27.56,27.93,0.16
2020-07-23 15:00:00,27.54,27.94,0.16
2020-07-23 15:30:00,27.40,27.64,0.16
2020-07-23 16:00:00,27.49,27.89,0.16
2020-07-23 16:30:00,27.74,28.19,0.16
2020-07-23 17:00:00,27.85,28.29,0.16
2020-07-23 17:30:00,28.14,28.63,0.16
2020-07-23 18:00:00,28.29,29.21,0.16
2020-07-23 18:30:00,28.43,29.07,0.16
2020-07-23 19:00:00,28.44,29.08,0.16
2020-07-23 19:30:00,28.63,29.27,0.16
2020-07-23 20:00:00,28.63,28.94,0.16
2020-07-23 20:30:00,28.83,28.93,0.16
2020-07-23 22:00:00,28.64,28.83,0.16
2020-07-23 22:30:00,28.64,28.74,0.16
2020-07-23 23:00:00,28.64,28.79,0.16
2020-07-23 23:30:00,28.69,28.84,0.16
2020-07-24 00:00:00,28.60,28.70,0.16
2020-07-24 00:30:00,28.50,28.70,0.16
2020-07-24 01:00:00,28.45,28.65,0.16
2020-07-24 01:30:00,28.62,28.84,0.16
2020-07-24 02:00:00,28.65,28.77,0.16
2020-07-24 02:30:00,28.70,28.80,0.16
2020-07-24 03:00:00,28.70,28.95,0.16
2020-07-24 03:30:00,28.90,29.24,0.16
2020-07-24 04:00:00,29.14,29.34,0.16
2020-07-24 04:30:00,29.00,29.31,0.16
2020-07-24 05:00:00,29.14,29.39,0.16
2020-07-24 05:30:00,29.34,29.51,0.16
2020-07-24 06:00:00,29.20,29.48,0.16
2020-07-24 06:30:00,29.29,29.77,0.16
2020-07-24 07:00:00,29.63,29.94,0.16
2020-07-24 07:30:00,29.54,29.98,0.16
2020-07-24 08:00:00,29.34,29.68,0.16
2020-07-24 08:30:00,29.33,29.53,0.16
2020-07-24 09:00:00,29.28,29.43,0.16
2020-07-24 09:30:00,29.09,29.29,0.16
2020-07-24 10:00:00,29.04,29.19,0.16
2020-07-24 10:30:00,29.05,29.39,0.16
2020-07-24 11:00:00,29.14,29.39,0.16
2020-07-24 11:30:00,29.34,29.53,0.16
2020-07-24 12:00:00,29.15,29.44,0.16
2020-07-24 12:30:00,29.24,29.39,0.16
2020-07-24 13:00:00,29.34,29.64,0.16
2020-07-24 13:30:00,29.39,30.02,0.16
2020-07-24 14:00:00,29.16,29.59,0.16
2020-07-24 14:30:00,29.12,29.70,0.16
2020-07-24 15:00:00,28.98,29.32,0.16
2020-07-24 15:30:00,28.97,29.36,0.16
2020-07-24 16:00:00,29.12,29.56,0.16
2020-07-24 16:30:00,29.37,29.72,0.16
2020-07-24 17:00:00,29.52,30.04,0.16
2020-07-24 17:30:00,29.32,29.76,0.16
2020-07-24 18:00:00,29.09,29.43,0.16
2020-07-24 18:30:00,29.02,29.27,0.16
2020-07-24 19:00:00,28.93,29.43,0.16
2020-07-24 19:30:00,28.85,29.48,0.16
2020-07-24 20:00:00,28.75,29.02,0.16
2020-07-24 20:30:00,28.96,29.07,0.16
2020-07-26 22:00:00,28.96,29.19,0.16
2020-07-26 22:30:00,29.10,29.24,0.16
2020-07-26 23:00:00,29.15,29.39,0.16
2020-07-26 23:30:00,29.15,29.33,0.16
2020-07-27 00:00:00,28.83,29.33,0.16
2020-07-27 00:30:00,28.78,29.02,0.16
2020-07-27 01:00:00,28.73,28.97,0.16
2020-07-27 01:30:00,28.68,28.83,0.16
2020-07-27 02:00:00,28.68,28.97,0.16
2020-07-27 02:30:00,28.64,28.92,0.16
2020-07-27 03:00:00,28.64,28.73,0.16
2020-07-27 03:30:00,28.69,28.84,0.16
2020-07-27 04:00:00,28.69,28.79,0.16
2020-07-27 04:30:00,28.67,28.74,0.16
2020-07-27 05:00:00,28.74,28.84,0.16
2020-07-27 05:30:00,28.69,28.84,0.16
2020-07-27 06:00:00,28.79,28.93,0.16
2020-07-27 06:30:00,28.74,28.88,0.16
2020-07-27 07:00:00,28.69,28.88,0.16
2020-07-27 07:30:00,28.76,28.98,0.16
2020-07-27 08:00:00,28.66,28.80,0.16
2020-07-27 08:30:00,28.66,28.85,0.16
2020-07-27 09:00:00,28.62,28.85,0.16
2020-07-27 09:30:00,28.62,28.72,0.16
2020-07-27 10:00:00,28.63,28.71,0.16
2020-07-27 10:30:00,28.62,28.68,0.16
2020-07-27 11:00:00,28.67,28.77,0.16
2020-07-27 11:30:00,28.54,28.72,0.16
2020-07-27 12:00:00,28.54,28.59,0.16
2020-07-27 12:30:00,28.54,28.73,0.16
2020-07-27 13:00:00,28.55,28.73,0.16
2020-07-27 13:30:00,28.45,28.82,0.16
2020-07-27 14:00:00,28.36,28.51,0.16
2020-07-27 14:30:00,28.41,28.51,0.16
2020-07-27 15:00:00,28.46,28.87,0.16
2020-07-27 15:30:00,28.72,29.05,0.16
2020-07-27 16:00:00,28.82,28.97,0.16
2020-07-27 16:30:00,28.72,28.92,0.16
2020-07-27 17:00:00,28.72,28.78,0.16
2020-07-27 17:30:00,28.72,28.78,0.16
2020-07-27 18:00:00,28.54,28.77,0.16
2020-07-27 18:30:00,28.49,28.69,0.16
2020-07-27 19:00:00,28.38,28.65,0.16
2020-07-27 19:30:00,28.23,28.42,0.16
2020-07-27 20:00:00,28.10,28.29,0.16
2020-07-27 20:30:00,28.06,28.15,0.16
2020-07-27 22:00:00,28.02,28.12,0.16
2020-07-27 22:30:00,28.02,28.09,0.16
2020-07-27 23:00:00,28.03,28.11,0.16
2020-07-27 23:30:00,28.03,28.12,0.16
2020-07-28 00:00:00,27.93,28.13,0.16
2020-07-28 00:30:00,27.89,28.02,0.16
2020-07-28 01:00:00,27.79,27.93,0.16
2020-07-28 01:30:00,27.83,28.02,0.16
2020-07-28 02:00:00,27.92,28.07,0.16
2020-07-28 02:30:00,27.88,28.03,0.16
2020-07-28 03:00:00,27.98,28.18,0.16
2020-07-28 03:30:00,28.07,28.29,0.16
2020-07-28 04:00:00,28.18,28.32,0.16
2020-07-28 04:30:00,28.18,28.27,0.16
2020-07-28 05:00:00,28.23,28.35,0.16
2020-07-28 05:30:00,28.19,28.37,0.16
2020-07-28 06:00:00,28.14,28.24,0.16
2020-07-28 06:30:00,28.10,28.19,0.16
2020-07-28 07:00:00,28.00,28.24,0.16
2020-07-28 07:30:00,28.07,28.34,0.16
2020-07-28 08:00:00,28.21,28.33,0.16
2020-07-28 08:30:00,28.14,28.26,0.16
2020-07-28 09:00:00,28.18,28.26,0.16
2020-07-28 09:30:00,28.19,28.50,0.16
2020-07-28 10:00:00,28.41,28.70,0.16
2020-07-28 10:30:00,28.32,28.47,0.16
2020-07-28 11:00:00,28.28,28.52,0.16
2020-07-28 11:30:00,28.47,28.64,0.16
2020-07-28 12:00:00,28.44,28.61,0.16
2020-07-28 12:30:00,28.33,28.51,0.16
2020-07-28 13:00:00,28.23,28.46,0.16
2020-07-28 13:30:00,28.11,28.60,0.16
2020-07-28 14:00:00,27.99,28.47,0.16
2020-07-28 14:30:00,27.87,28.15,0.16
2020-07-28 15:00:00,27.84,28.11,0.16
2020-07-28 15:30:00,27.62,27.88,0.16
2020-07-28 16:00:00,27.63,27.86,0.16
2020-07-28 16:30:00,27.54,27.81,0.16
2020-07-28 17:00:00,27.47,27.67,0.16
2020-07-28 17:30:00,27.35,27.49,0.16
2020-07-28 18:00:00,27.34,27.51,0.16
2020-07-28 18:30:00,27.42,27.59,0.16
2020-07-28 19:00:00,27.54,27.96,0.16
2020-07-28 19:30:00,27.83,28.39,0.16
2020-07-28 20:00:00,28.08,28.30,0.16
2020-07-28 20:30:00,28.19,28.26,0.16
2020-07-28 22:00:00,28.06,28.24,0.21
2020-07-28 22:30:00,28.15,28.20,0.16
2020-07-28 23:00:00,28.16,28.25,0.16
2020-07-28 23:30:00,28.16,28.20,0.16
2020-07-29 00:00:00,28.02,28.25,0.16
2020-07-29 00:30:00,28.02,28.12,0.16
2020-07-29 01:00:00,28.11,28.31,0.16
2020-07-29 01:30:00,28.22,28.41,0.16
2020-07-29 02:00:00,28.22,28.31,0.16
2020-07-29 02:30:00,28.26,28.31,0.16
2020-07-29 03:00:00,28.22,28.28,0.16
2020-07-29 03:30:00,28.27,28.46,0.16
2020-07-29 04:00:00,28.28,28.37,0.16
2020-07-29 04:30:00,28.41,28.57,0.16
2020-07-29 05:00:00,28.47,28.59,0.16
2020-07-29 05:30:00,28.42,28.56,0.16
2020-07-29 06:00:00,28.23,28.42,0.16
2020-07-29 06:30:00,28.19,28.27,0.16
2020-07-29 07:00:00,28.00,28.20,0.16
2020-07-29 07:30:00,27.92,28.20,0.16
2020-07-29 08:00:00,28.01,28.15,0.16
2020-07-29 08:30:00,28.01,28.16,0.16
2020-07-29 09:00:00,28.06,28.21,0.16
2020-07-29 09:30:00,28.01,28.11,0.16
2020-07-29 10:00:00,27.98,28.08,0.16
2020-07-29 10:30:00,28.03,28.10,0.16
2020-07-29 11:00:00,28.02,28.12,0.16
2020-07-29 11:30:00,28.02,28.17,0.16
2020-07-29 12:00:00,27.84,28.07,0.16
2020-07-29 12:30:00,27.89,27.98,0.16
2020-07-29 13:00:00,27.79,27.86,0.16
2020-07-29 13:30:00,27.81,28.23,0.16
2020-07-29 14:00:00,27.95,28.10,0.16
2020-07-29 14:30:00,27.96,28.05,0.16
2020-07-29 15:00:00,28.00,28.15,0.16
2020-07-29 15:30:00,28.05,28.15,0.16
2020-07-29 16:00:00,28.00,28.20,0.16
2020-07-29 16:30:00,28.07,28.16,0.16
2020-07-29 17:00:00,28.02,28.16,0.16
2020-07-29 17:30:00,27.86,28.04,0.16
2020-07-29 18:00:00,27.61,27.98,0.16
2020-07-29 18:30:00,27.63,27.88,0.16
2020-07-29 19:00:00,27.65,28.00,0.16
2020-07-29 19:30:00,27.60,27.83,0.16
2020-07-29 20:00:00,27.62,27.87,0.16
2020-07-29 20:30:00,27.50,27.60,0.16
2020-07-29 22:00:00,27.51,27.85,0.16
2020-07-29 22:30:00,27.56,27.60,0.16
2020-07-29 23:00:00,27.56,27.64,0.16
2020-07-29 23:30:00,27.58,27.65,0.16
2020-07-30 00:00:00,27.61,27.70,0.16
2020-07-30 00:30:00,27.65,27.75,0.16
2020-07-30 01:00:00,27.70,27.80,0.16
2020-07-30 01:30:00,27.67,27.76,0.16
2020-07-30 02:00:00,27.71,27.81,0.16
2020-07-30 02:30:00,27.71,27.76,0.16
2020-07-30 03:00:00,27.67,27.72,0.16
2020-07-30 03:30:00,27.73,27.76,0.16
2020-07-30 04:00:00,27.76,27.81,0.16
2020-07-30 04:30:00,27.72,27.77,0.16
2020-07-30 05:00:00,27.77,27.82,0.16
2020-07-30 05:30:00,27.75,27.85,0.16
2020-07-30 06:00:00,27.72,27.82,0.16
2020-07-30 06:30:00,27.78,27.93,0.16
2020-07-30 07:00:00,27.89,28.39,0.16
2020-07-30 07:30:00,28.31,28.62,0.16
2020-07-30 08:00:00,28.36,28.62,0.16
2020-07-30 08:30:00,28.61,28.85,0.16
2020-07-30 09:00:00,28.77,28.98,0.16
2020-07-30 09:30:00,28.59,28.80,0.16
2020-07-30 10:00:00,28.75,28.94,0.16
2020-07-30 10:30:00,28.85,29.29,0.16
2020-07-30 11:00:00,28.97,29.22,0.16
2020-07-30 11:30:00,28.64,28.98,0.16
2020-07-30 12:00:00,28.68,28.83,0.16
2020-07-30 12:30:00,28.58,29.05,0.16
2020-07-30 13:00:00,28.98,29.20,0.16
2020-07-30 13:30:00,28.73,29.81,0.16
2020-07-30 14:00:00,29.70,30.43,0.16
2020-07-30 14:30:00,29.50,30.22,0.16
2020-07-30 15:00:00,29.32,29.69,0.16
2020-07-30 15:30:00,29.04,29.55,0.16
2020-07-30 16:00:00,28.66,29.31,0.16
2020-07-30 16:30:00,28.38,28.69,0.16
2020-07-30 17:00:00,28.26,28.51,0.16
2020-07-30 17:30:00,28.31,28.56,0.16
2020-07-30 18:00:00,28.38,28.68,0.16
2020-07-30 18:30:00,28.26,28.64,0.16
2020-07-30 19:00:00,28.37,28.74,0.16
2020-07-30 19:30:00,28.46,28.67,0.16
2020-07-30 20:00:00,28.02,28.56,0.16
2020-07-30 20:30:00,27.70,28.03,0.16
2020-07-30 22:00:00,27.57,27.86,0.16
2020-07-30 22:30:00,27.82,27.92,0.16
2020-07-30 23:00:00,27.76,27.86,0.16
2020-07-30 23:30:00,27.71,27.86,0.16
2020-07-31 00:00:00,27.71,28.01,0.16
2020-07-31 00:30:00,27.92,28.10,0.16
2020-07-31 01:00:00,27.92,28.15,0.16
2020-07-31 01:30:00,27.82,27.97,0.16
2020-07-31 02:00:00,27.84,28.05,0.16
2020-07-31 02:30:00,28.00,28.21,0.16
2020-07-31 03:00:00,28.11,28.25,0.16
2020-07-31 03:30:00,28.03,28.20,0.16
2020-07-31 04:00:00,28.12,28.30,0.16
2020-07-31 04:30:00,28.24,28.35,0.16
2020-07-31 05:00:00,28.25,28.40,0.16
2020-07-31 05:30:00,28.35,28.55,0.16
2020-07-31 06:00:00,28.05,28.52,0.16
2020-07-31 06:30:00,27.99,28.22,0.16
2020-07-31 07:00:00,28.12,28.40,0.16
2020-07-31 07:30:00,28.12,28.37,0.16
2020-07-31 08:00:00,28.10,28.37,0.16
2020-07-31 08:30:00,28.00,28.28,0.16
2020-07-31 09:00:00,27.97,28.20,0.16
2020-07-31 09:30:00,27.97,28.25,0.16
2020-07-31 10:00:00,28.10,28.29,0.16
2020-07-31 10:30:00,28.06,28.19,0.16
2020-07-31 11:00:00,27.88,28.15,0.16
2020-07-31 11:30:00,27.88,28.01,0.16
2020-07-31 12:00:00,27.80,27.93,0.16
2020-07-31 12:30:00,27.78,27.88,0.16
2020-07-31 13:00:00,27.75,27.92,0.16
2020-07-31 13:30:00,27.75,28.25,0.16
2020-07-31 14:00:00,28.05,28.98,0.16
2020-07-31 14:30:00,28.48,28.91,0.16
2020-07-31 15:00:00,28.11,28.59,0.16
2020-07-31 15:30:00,28.18,28.79,0.16
2020-07-31 16:00:00,28.63,28.99,0.16
2020-07-31 16:30:00,28.71,29.25,0.16
2020-07-31 17:00:00,28.74,29.22,0.16
2020-07-31 17:30:00,28.65,28.88,0.16
2020-07-31 18:00:00,28.65,29.11,0.16
2020-07-31 18:30:00,28.35,28.86,0.16
2020-07-31 19:00:00,28.09,28.45,0.16
2020-07-31 19:30:00,27.91,28.22,0.16
2020-07-31 20:00:00,27.89,28.16,0.16
2020-07-31 20:30:00,27.95,28.05,0.16
2020-08-02 22:00:00,28.21,28.39,0.16
2020-08-02 22:30:00,28.25,28.38,0.16
2020-08-02 23:00:00,28.25,28.44,0.16
2020-08-02 23:30:00,28.28,28.43,0.16
2020-08-03 00:00:00,28.13,28.40,0.16
2020-08-03 00:30:00,28.12,28.30,0.16
2020-08-03 01:00:00,28.15,28.32,0.16
2020-08-03 01:30:00,28.14,28.29,0.16
2020-08-03 02:00:00,28.19,28.37,0.16
2020-08-03 02:30:00,28.29,28.42,0.16
2020-08-03 03:00:00,28.29,28.38,0.16
2020-08-03 03:30:00,28.27,28.37,0.16
2020-08-03 04:00:00,28.32,28.37,0.16
2020-08-03 04:30:00,28.28,28.35,0.16
2020-08-03 05:00:00,28.20,28.33,0.16
2020-08-03 05:30:00,28.19,28.30,0.16
2020-08-03 06:00:00,28.27,28.43,0.16
2020-08-03 06:30:00,28.28,28.38,0.16
2020-08-03 07:00:00,28.31,28.56,0.16
2020-08-03 07:30:00,28.26,28.56,0.16
2020-08-03 08:00:00,28.20,28.34,0.16
2020-08-03 08:30:00,28.32,28.49,0.16
2020-08-03 09:00:00,28.32,28.44,0.16
2020-08-03 09:30:00,28.27,28.37,0.16
2020-08-03 10:00:00,28.10,28.32,0.16
2020-08-03 10:30:00,27.87,28.15,0.16
2020-08-03 11:00:00,27.92,27.98,0.16
2020-08-03 11:30:00,27.88,27.98,0.16
2020-08-03 12:00:00,27.88,27.96,0.16
2020-08-03 12:30:00,27.87,27.93,0.16
2020-08-03 13:00:00,27.91,28.04,0.16
2020-08-03 13:30:00,27.94,28.29,0.16
2020-08-03 14:00:00,28.04,28.27,0.16
2020-08-03 14:30:00,28.09,28.39,0.16
2020-08-03 15:00:00,28.12,28.34,0.16
2020-08-03 15:30:00,28.10,28.25,0.16
2020-08-03 16:00:00,28.17,28.27,0.16
2020-08-03 16:30:00,28.08,28.22,0.16
2020-08-03 17:00:00,27.83,28.08,0.16
2020-08-03 17:30:00,27.85,27.96,0.16
2020-08-03 18:00:00,27.78,27.91,0.16
2020-08-03 18:30:00,27.81,27.86,0.16
2020-08-03 19:00:00,27.79,28.01,0.16
2020-08-03 19:30:00,28.01,28.21,0.16
2020-08-03 20:00:00,27.96,28.16,0.16
2020-08-03 20:30:00,28.04,28.14,0.16
2020-08-03 22:00:00,28.04,28.17,0.16
2020-08-03 22:30:00,28.17,28.20,0.16
2020-08-03 23:00:00,28.14,28.19,0.16
2020-08-03 23:30:00,28.13,28.20,0.16
2020-08-04 00:00:00,28.03,28.17,0.16
2020-08-04 00:30:00,27.98,28.04,0.16
2020-08-04 01:00:00,27.91,28.04,0.16
2020-08-04 01:30:00,27.97,28.04,0.16
2020-08-04 02:00:00,27.96,28.04,0.16
2020-08-04 02:30:00,28.01,28.06,0.16
2020-08-04 03:00:00,28.04,28.13,0.16
2020-08-04 03:30:00,28.04,28.09,0.16
2020-08-04 04:00:00,28.10,28.10,0.16
2020-08-04 04:30:00,28.03,28.08,0.16
2020-08-04 05:00:00,28.00,28.10,0.16
2020-08-04 05:30:00,27.93,28.05,0.16
2020-08-04 06:00:00,27.93,28.09,0.16
2020-08-04 06:30:00,27.76,27.98,0.16
2020-08-04 07:00:00,27.71,27.93,0.16
2020-08-04 07:30:00,27.78,28.04,0.16
2020-08-04 08:00:00,27.89,28.14,0.16
2020-08-04 08:30:00,27.86,28.14,0.16
2020-08-04 09:00:00,27.82,27.99,0.16
2020-08-04 09:30:00,27.79,27.94,0.16
2020-08-04 10:00:00,27.79,28.05,0.16
2020-08-04 10:30:00,27.92,28.05,0.16
2020-08-04 11:00:00,27.85,27.97,0.16
2020-08-04 11:30:00,27.95,28.08,0.16
2020-08-04 12:00:00,27.95,28.08,0.16
2020-08-04 12:30:00,27.98,28.13,0.16
2020-08-04 13:00:00,28.03,28.13,0.16
2020-08-04 13:30:00,27.49,28.06,0.16
2020-08-04 14:00:00,27.29,27.59,0.16
2020-08-04 14:30:00,27.31,27.46,0.16
2020-08-04 15:00:00,27.39,27.53,0.16
2020-08-04 15:30:00,27.37,27.52,0.16
2020-08-04 16:00:00,27.47,27.67,0.16
2020-08-04 16:30:00,27.52,27.62,0.16
2020-08-04 17:00:00,27.50,27.62,0.16
2020-08-04 17:30:00,27.45,27.60,0.16
2020-08-04 18:00:00,27.39,27.58,0.16
2020-08-04 18:30:00,27.53,27.85,0.16
2020-08-04 19:00:00,27.45,27.63,0.16
2020-08-04 19:30:00,27.33,27.61,0.16
2020-08-04 20:00:00,27.23,27.41,0.16
2020-08-04 20:30:00,27.23,27.28,0.16
2020-08-04 22:00:00,27.19,27.27,0.22
2020-08-04 22:30:00,27.22,27.25,0.16
2020-08-04 23:00:00,27.24,27.28,0.16
2020-08-04 23:30:00,27.24,27.30,0.16
2020-08-05 00:00:00,27.27,27.42,0.16
2020-08-05 00:30:00,27.35,27.43,0.16
2020-08-05 01:00:00,27.37,27.45,0.16
2020-08-05 01:30:00,27.35,27.47,0.16
2020-08-05 02:00:00,27.33,27.40,0.16
2020-08-05 02:30:00,27.26,27.38,0.16
2020-08-05 03:00:00,27.27,27.31,0.16
2020-08-05 03:30:00,27.21,27.30,0.16
2020-08-05 04:30:00,27.21,27.29,0.16
2020-08-05 05:00:00,27.19,27.29,0.16
2020-08-05 05:30:00,27.12,27.24,0.16
2020-08-05 06:00:00,27.02,27.17,0.16
2020-08-05 06:30:00,26.92,27.02,0.16
2020-08-05 07:00:00,26.90,27.02,0.16
2020-08-05 07:30:00,26.84,26.95,0.16
2020-08-05 08:00:00,26.87,27.05,0.16
2020-08-05 08:30:00,26.86,27.08,0.16
2020-08-05 09:00:00,26.79,26.91,0.16
2020-08-05 09:30:00,26.81,26.91,0.16
2020-08-05 10:00:00,26.79,26.89,0.16
2020-08-05 10:30:00,26.82,26.89,0.16
2020-08-05 11:00:00,26.84,26.89,0.16
2020-08-05 11:30:00,26.82,26.90,0.16
2020-08-05 12:00:00,26.85,27.07,0.16
2020-08-05 12:30:00,26.86,27.02,0.16
2020-08-05 13:00:00,26.85,27.04,0.16
2020-08-05 13:30:00,26.97,27.13,0.16
2020-08-05 14:00:00,26.88,27.08,0.16
2020-08-05 14:30:00,26.88,27.21,0.16
2020-08-05 15:00:00,27.09,27.24,0.16
2020-08-05 15:30:00,27.21,27.36,0.16
2020-08-05 16:00:00,27.21,27.36,0.16
2020-08-05 16:30:00,27.02,27.21,0.16
2020-08-05 17:00:00,27.00,27.09,0.16
2020-08-05 17:30:00,26.93,27.05,0.16
2020-08-05 18:00:00,26.90,26.98,0.16
2020-08-05 18:30:00,26.83,26.90,0.16
2020-08-05 19:00:00,26.83,26.98,0.16
2020-08-05 19:30:00,26.86,27.11,0.16
2020-08-05 20:00:00,26.86,26.96,0.16
2020-08-05 20:30:00,26.85,26.94,0.16
2020-08-05 22:00:00,26.82,26.93,0.16
2020-08-05 22:30:00,26.82,26.87,0.16
2020-08-05 23:00:00,26.83,26.88,0.16
2020-08-05 23:30:00,26.86,26.88,0.16
2020-08-06 00:00:00,26.68,26.93,0.16
2020-08-06 00:30:00,26.67,26.73,0.16
2020-08-06 01:00:00,26.66,26.73,0.16
2020-08-06 01:30:00,26.67,26.79,0.16
2020-08-06 02:00:00,26.75,26.89,0.16
2020-08-06 02:30:00,26.84,26.96,0.16
2020-08-06 03:00:00,26.89,26.96,0.16
2020-08-06 03:30:00,26.89,26.96,0.16
2020-08-06 04:00:00,26.91,27.02,0.16
2020-08-06 04:30:00,26.90,26.98,0.16
2020-08-06 05:00:00,26.85,26.90,0.16
2020-08-06 05:30:00,26.85,26.90,0.16
2020-08-06 06:00:00,26.80,26.91,0.16
2020-08-06 06:30:00,26.81,26.91,0.16
2020-08-06 07:00:00,26.69,26.91,0.16
2020-08-06 07:30:00,26.64,26.86,0.16
2020-08-06 08:00:00,26.86,27.01,0.16
2020-08-06 08:30:00,26.89,27.07,0.16
2020-08-06 09:00:00,26.97,27.08,0.16
2020-08-06 09:30:00,26.95,27.02,0.16
2020-08-06 10:00:00,26.95,27.02,0.16
2020-08-06 10:30:00,27.01,27.35,0.16
2020-08-06 11:00:00,27.23,27.40,0.16
2020-08-06 11:30:00,27.16,27.45,0.16
2020-08-06 12:00:00,27.30,27.42,0.16
2020-08-06 12:30:00,26.93,27.32,0.16
2020-08-06 13:00:00,26.98,27.11,0.16
2020-08-06 13:30:00,26.99,27.19,0.16
2020-08-06 14:00:00,26.82,27.04,0.16
2020-08-06 14:30:00,26.82,27.23,0.16
2020-08-06 15:00:00,26.96,27.18,0.16
2020-08-06 15:30:00,27.02,27.26,0.16
2020-08-06 16:00:00,26.85,27.04,0.16
2020-08-06 16:30:00,26.80,26.95,0.16
2020-08-06 17:00:00,26.80,26.88,0.16
2020-08-06 17:30:00,26.78,26.90,0.16
2020-08-06 18:00:00,26.80,26.88,0.16
2020-08-06 18:30:00,26.67,26.82,0.16
2020-08-06 19:00:00,26.62,26.76,0.16
2020-08-06 19:30:00,26.67,26.84,0.16
2020-08-06 20:00:00,26.60,26.73,0.16
2020-08-06 20:30:00,26.61,26.71,0.16
2020-08-06 22:00:00,26.60,26.73,0.16
2020-08-06 22:30:00,26.67,26.67,0.16
2020-08-06 23:00:00,26.64,26.69,0.16
2020-08-06 23:30:00,26.66,26.71,0.16
2020-08-07 00:00:00,26.58,26.76,0.16
2020-08-07 00:30:00,26.61,26.64,0.16
2020-08-07 01:00:00,26.65,26.78,0.16
2020-08-07 01:30:00,26.65,26.76,0.16
2020-08-07 02:00:00,26.65,26.87,0.16
2020-08-07 02:30:00,26.77,26.92,0.16
2020-08-07 03:00:00,26.75,26.97,0.16
2020-08-07 03:30:00,26.95,27.08,0.16
2020-08-07 04:00:00,27.04,27.13,0.16
2020-08-07 04:30:00,27.05,27.13,0.16
2020-08-07 05:00:00,27.08,27.20,0.16
2020-08-07 05:30:00,27.02,27.15,0.16
2020-08-07 06:00:00,26.94,27.09,0.16
2020-08-07 06:30:00,26.95,27.06,0.16
2020-08-07 07:00:00,26.96,27.16,0.16
2020-08-07 07:30:00,26.89,27.06,0.16
2020-08-07 08:00:00,26.84,27.13,0.16
2020-08-07 08:30:00,27.12,27.22,0.16
2020-08-07 09:00:00,27.17,27.39,0.16
2020-08-07 09:30:00,27.27,27.39,0.16
2020-08-07 10:00:00,27.26,27.34,0.16
2020-08-07 10:30:00,27.18,27.29,0.16
2020-08-07 11:00:00,27.11,27.18,0.16
2020-08-07 11:30:00,27.08,27.15,0.16
2020-08-07 12:00:00,27.02,27.18,0.16
2020-08-07 12:30:00,26.70,27.11,0.16
2020-08-07 13:00:00,27.00,27.17,0.16
2020-08-07 13:30:00,26.75,27.19,0.16
2020-08-07 14:00:00,26.78,27.05,0.16
2020-08-07 14:30:00,26.60,26.93,0.16
2020-08-07 15:00:00,26.63,26.86,0.16
2020-08-07 15:30:00,26.55,26.78,0.16
2020-08-07 16:00:00,26.43,26.84,0.16
2020-08-07 16:30:00,26.38,26.50,0.16
2020-08-07 17:00:00,26.50,26.86,0.16
2020-08-07 17:30:00,26.49,26.81,0.16
2020-08-07 18:00:00,26.64,27.16,0.16
2020-08-07 18:30:00,26.80,27.20,0.16
2020-08-07 19:00:00,26.67,27.10,0.16
2020-08-07 19:30:00,26.60,26.98,0.16
2020-08-07 20:00:00,26.62,26.72,0.16
2020-08-07 20:30:00,26.67,26.72,0.16
2020-08-09 22:00:00,26.86,27.11,0.16
2020-08-09 22:30:00,27.06,27.11,0.16
2020-08-09 23:00:00,27.04,27.08,0.16
2020-08-09 23:30:00,26.96,27.03,0.16
2020-08-10 00:00:00,26.92,27.02,0.16
2020-08-10 00:30:00,26.87,26.97,0.16
2020-08-10 01:00:00,26.97,27.07,0.16
2020-08-10 01:30:00,26.89,27.02,0.16
2020-08-10 02:00:00,26.86,26.96,0.16
2020-08-10 02:30:00,26.86,26.92,0.16
2020-08-10 03:00:00,26.85,26.92,0.16
2020-08-10 03:30:00,26.86,26.87,0.16
2020-08-10 04:00:00,26.87,26.92,0.16
2020-08-10 04:30:00,26.86,26.86,0.16
2020-08-10 05:00:00,26.81,26.82,0.16
2020-08-10 05:30:00,26.77,26.82,0.16
2020-08-10 06:00:00,26.77,26.82,0.16
2020-08-10 06:30:00,26.77,26.82,0.16
2020-08-10 07:00:00,26.66,26.92,0.16
2020-08-10 07:30:00,26.65,26.78,0.16
2020-08-10 08:00:00,26.71,26.87,0.16
2020-08-10 08:30:00,26.72,26.90,0.16
2020-08-10 09:00:00,26.64,26.75,0.16
2020-08-10 09:30:00,26.69,26.76,0.16
2020-08-10 10:00:00,26.65,26.76,0.16
2020-08-10 10:30:00,26.65,26.73,0.16
2020-08-10 11:00:00,26.71,26.78,0.16
2020-08-10 11:30:00,26.72,26.78,0.16
2020-08-10 12:00:00,26.65,26.72,0.16
2020-08-10 12:30:00,26.57,26.67,0.16
2020-08-10 13:00:00,26.54,26.69,0.16
2020-08-10 13:30:00,26.33,26.60,0.16
2020-08-10 14:00:00,26.35,26.59,0.16
2020-08-10 14:30:00,26.38,26.86,0.16
2020-08-10 15:00:00,26.49,26.96,0.16
2020-08-10 15:30:00,26.33,26.54,0.16
2020-08-10 16:00:00,26.28,26.53,0.16
2020-08-10 16:30:00,26.28,26.53,0.16
2020-08-10 17:00:00,26.23,26.33,0.16
2020-08-10 17:30:00,26.23,26.37,0.16
2020-08-10 18:00:00,26.20,26.34,0.16
2020-08-10 18:30:00,26.16,26.30,0.16
2020-08-10 19:00:00,26.14,26.25,0.16
2020-08-10 19:30:00,26.20,26.36,0.16
2020-08-10 20:00:00,26.21,26.34,0.16
2020-08-10 20:30:00,26.29,26.31,0.16
2020-08-10 22:00:00,26.30,26.40,0.16
2020-08-10 22:30:00,26.30,26.36,0.16
2020-08-10 23:00:00,26.30,26.36,0.16
2020-08-10 23:30:00,26.27,26.32,0.16
2020-08-11 00:00:00,26.31,26.36,0.16
2020-08-11 00:30:00,26.26,26.30,0.16
2020-08-11 01:00:00,26.21,26.31,0.16
2020-08-11 01:30:00,26.05,26.21,0.16
2020-08-11 02:00:00,25.97,26.05,0.16
2020-08-11 02:30:00,26.01,26.06,0.16
2020-08-11 03:00:00,26.01,26.11,0.16
2020-08-11 03:30:00,26.06,26.11,0.16
2020-08-11 04:00:00,26.04,26.12,0.16
2020-08-11 04:30:00,26.12,26.17,0.16
2020-08-11 05:00:00,26.07,26.17,0.16
2020-08-11 05:30:00,26.03,26.12,0.16
2020-08-11 06:00:00,25.97,26.08,0.16
2020-08-11 06:30:00,26.03,26.12,0.16
2020-08-11 07:00:00,25.80,26.08,0.16
2020-08-11 07:30:00,25.77,25.88,0.16
2020-08-11 08:00:00,25.63,25.87,0.16
2020-08-11 08:30:00,25.51,25.62,0.16
2020-08-11 09:00:00,25.47,25.57,0.16
2020-08-11 09:30:00,25.39,25.52,0.16
2020-08-11 10:00:00,25.41,25.52,0.16
2020-08-11 10:30:00,25.47,25.55,0.16
2020-08-11 11:00:00,25.40,25.54,0.16
2020-08-11 11:30:00,25.44,25.55,0.16
2020-08-11 12:00:00,25.53,25.59,0.16
2020-08-11 12:30:00,25.49,25.65,0.16
2020-08-11 13:00:00,25.50,25.70,0.16
2020-08-11 13:30:00,25.65,25.92,0.16
2020-08-11 14:00:00,25.78,26.09,0.16
2020-08-11 14:30:00,25.67,25.89,0.16
2020-08-11 15:00:00,25.57,25.72,0.16
2020-08-11 15:30:00,25.66,25.93,0.16
2020-08-11 16:00:00,25.71,25.97,0.16
2020-08-11 16:30:00,25.75,25.92,0.16
2020-08-11 17:00:00,25.81,25.97,0.16
2020-08-11 17:30:00,25.92,26.12,0.16
2020-08-11 18:00:00,25.86,26.19,0.16
2020-08-11 18:30:00,26.14,26.41,0.16
2020-08-11 19:00:00,26.19,27.08,0.16
2020-08-11 19:30:00,26.67,27.68,0.16
2020-08-11 20:00:00,27.22,27.62,0.16
2020-08-11 20:30:00,27.17,27.32,0.16
2020-08-11 22:00:00,27.01,27.26,0.18
2020-08-11 22:30:00,27.12,27.23,0.16
2020-08-11 23:00:00,27.17,27.25,0.16
2020-08-11 23:30:00,27.07,27.22,0.16
2020-08-12 00:00:00,26.96,27.23,0.16
2020-08-12 00:30:00,27.06,27.40,0.16
2020-08-12 01:00:00,27.18,27.39,0.16
2020-08-12 01:30:00,27.28,27.45,0.16
2020-08-12 02:00:00,27.34,27.58,0.16
2020-08-12 02:30:00,27.34,27.50,0.16
2020-08-12 03:00:00,27.34,27.45,0.16
2020-08-12 03:30:00,27.34,27.45,0.16
2020-08-12 04:00:00,27.29,27.40,0.16
2020-08-12 04:30:00,27.30,27.41,0.16
2020-08-12 05:00:00,27.35,27.51,0.16
2020-08-12 05:30:00,27.20,27.36,0.16
2020-08-12 06:00:00,26.89,27.23,0.16
2020-08-12 06:30:00,26.85,26.95,0.16
2020-08-12 07:00:00,26.53,26.95,0.16
2020-08-12 07:30:00,26.52,26.68,0.16
2020-08-12 08:00:00,26.51,26.67,0.16
2020-08-12 08:30:00,26.57,26.68,0.16
2020-08-12 09:00:00,26.47,26.63,0.16
2020-08-12 09:30:00,26.47,26.57,0.16
2020-08-12 10:00:00,26.42,26.54,0.16
2020-08-12 10:30:00,26.49,26.54,0.16
2020-08-12 11:00:00,26.54,26.68,0.16
2020-08-12 11:30:00,26.54,26.64,0.16
2020-08-12 12:00:00,26.57,26.71,0.16
2020-08-12 12:30:00,26.56,26.79,0.16
2020-08-12 13:00:00,26.51,26.60,0.16
2020-08-12 13:30:00,26.49,26.70,0.16
2020-08-12 14:00:00,26.20,26.56,0.16
2020-08-12 14:30:00,26.14,26.33,0.16
2020-08-12 15:00:00,26.08,26.38,0.16
2020-08-12 15:30:00,26.03,26.19,0.16
2020-08-12 16:00:00,26.09,26.19,0.16
2020-08-12 16:30:00,26.14,26.29,0.16
2020-08-12 17:00:00,26.25,26.49,0.16
2020-08-12 17:30:00,26.14,26.44,0.16
2020-08-12 18:00:00,26.04,26.25,0.16
2020-08-12 18:30:00,26.06,26.20,0.16
2020-08-12 19:00:00,26.01,26.16,0.16
2020-08-12 19:30:00,26.07,26.38,0.16
2020-08-12 20:00:00,26.22,26.43,0.16
2020-08-12 20:30:00,26.23,26.28,0.16
2020-08-12 22:00:00,26.11,26.34,0.17
2020-08-12 22:30:00,26.19,26.24,0.16
2020-08-12 23:00:00,26.19,26.24,0.16
2020-08-12 23:30:00,26.19,26.20,0.16
2020-08-13 00:00:00,26.14,26.25,0.16
2020-08-13 00:30:00,26.10,26.37,0.16
2020-08-13 01:00:00,26.20,26.41,0.16
2020-08-13 01:30:00,26.16,26.31,0.16
2020-08-13 02:00:00,26.23,26.36,0.16
2020-08-13 02:30:00,26.21,26.26,0.16
2020-08-13 03:00:00,26.21,26.27,0.16
2020-08-13 03:30:00,26.27,26.28,0.16
2020-08-13 04:00:00,26.22,26.27,0.16
2020-08-13 04:30:00,26.22,26.27,0.16
2020-08-13 05:00:00,26.23,26.32,0.16
2020-08-13 05:30:00,26.28,26.33,0.16
2020-08-13 06:00:00,26.28,26.44,0.16
2020-08-13 06:30:00,26.29,26.39,0.16
2020-08-13 07:00:00,26.18,26.39,0.16
2020-08-13 07:30:00,26.33,26.44,0.16
2020-08-13 08:00:00,26.33,26.49,0.16
2020-08-13 08:30:00,26.29,26.50,0.16
2020-08-13 09:00:00,26.30,26.41,0.16
2020-08-13 09:30:00,26.36,26.46,0.16
2020-08-13 10:00:00,26.43,26.46,0.16
2020-08-13 10:30:00,26.40,26.50,0.16
2020-08-13 11:00:00,26.36,26.47,0.16
2020-08-13 11:30:00,26.41,26.49,0.16
2020-08-13 12:00:00,26.40,26.51,0.16
2020-08-13 12:30:00,26.26,26.42,0.16
2020-08-13 13:00:00,26.38,26.48,0.16
2020-08-13 13:30:00,26.01,26.48,0.16
2020-08-13 14:00:00,26.01,26.27,0.16
2020-08-13 14:30:00,26.11,26.22,0.16
2020-08-13 15:00:00,26.01,26.11,0.16
2020-08-13 15:30:00,26.01,26.11,0.16
2020-08-13 16:00:00,25.92,26.04,0.16
2020-08-13 16:30:00,25.72,25.93,0.16
2020-08-13 17:00:00,25.73,25.98,0.16
2020-08-13 17:30:00,25.88,26.09,0.16
2020-08-13 18:00:00,25.93,26.34,0.16
2020-08-13 18:30:00,26.13,26.65,0.16
2020-08-13 19:00:00,26.15,26.65,0.16
2020-08-13 19:30:00,26.20,26.51,0.16
2020-08-13 20:00:00,26.29,26.50,0.16
2020-08-13 20:30:00,26.25,26.30,0.16
2020-08-13 22:00:00,26.26,26.39,0.22
2020-08-13 22:30:00,26.25,26.30,0.16
2020-08-13 23:00:00,26.20,26.26,0.16
2020-08-13 23:30:00,26.21,26.26,0.16
2020-08-14 00:00:00,26.16,26.28,0.16
2020-08-14 00:30:00,26.26,26.31,0.16
2020-08-14 01:00:00,26.26,26.42,0.16
2020-08-14 01:30:00,26.26,26.34,0.16
2020-08-14 02:00:00,26.27,26.33,0.16
2020-08-14 02:30:00,26.27,26.33,0.16
2020-08-14 03:00:00,26.28,26.38,0.16
2020-08-14 03:30:00,26.30,26.33,0.16
2020-08-14 04:00:00,26.28,26.33,0.16
2020-08-14 04:30:00,26.28,26.31,0.16
2020-08-14 05:00:00,26.21,26.29,0.16
2020-08-14 05:30:00,26.24,26.29,0.16
2020-08-14 06:00:00,26.14,26.24,0.16
2020-08-14 06:30:00,26.19,26.35,0.16
2020-08-14 07:00:00,26.30,26.60,0.16
2020-08-14 07:30:00,26.47,26.92,0.16
2020-08-14 08:00:00,26.81,27.22,0.16
2020-08-14 08:30:00,27.08,27.24,0.16
2020-08-14 09:00:00,26.94,27.24,0.16
2020-08-14 09:30:00,26.89,27.14,0.16
2020-08-14 10:00:00,26.89,27.10,0.16
2020-08-14 10:30:00,26.89,27.05,0.16
2020-08-14 11:00:00,26.80,26.99,0.16
2020-08-14 11:30:00,26.64,26.82,0.16
2020-08-14 12:00:00,26.60,26.82,0.16
2020-08-14 12:30:00,26.43,26.70,0.16
2020-08-14 13:00:00,26.58,26.68,0.16
2020-08-14 13:30:00,26.44,26.80,0.16
2020-08-14 14:00:00,26.44,26.69,0.16
2020-08-14 14:30:00,26.48,26.69,0.16
2020-08-14 15:00:00,26.44,26.74,0.16
2020-08-14 15:30:00,26.39,26.55,0.16
2020-08-14 16:00:00,26.44,26.54,0.16
2020-08-14 16:30:00,26.44,26.50,0.16
2020-08-14 17:00:00,26.50,26.61,0.16
2020-08-14 17:30:00,26.30,26.50,0.16
2020-08-14 18:00:00,26.25,26.56,0.16
2020-08-14 18:30:00,26.41,26.63,0.16
2020-08-14 19:00:00,26.52,26.92,0.16
2020-08-14 19:30:00,26.42,26.92,0.16
2020-08-14 20:00:00,26.42,26.57,0.16
2020-08-14 20:30:00,26.49,26.57,0.16
2020-08-16 22:00:00,26.62,26.67,0.16
2020-08-16 22:30:00,26.64,26.65,0.16
2020-08-16 23:00:00,26.60,26.70,0.16
2020-08-16 23:30:00,26.55,26.65,0.16
2020-08-17 00:00:00,26.53,26.65,0.16
2020-08-17 00:30:00,26.56,26.66,0.16
2020-08-17 01:00:00,26.56,26.66,0.16
2020-08-17 01:30:00,26.56,26.61,0.16
2020-08-17 02:00:00,26.46,26.61,0.16
2020-08-17 02:30:00,26.46,26.52,0.16
2020-08-17 03:00:00,26.49,26.52,0.16
2020-08-17 03:30:00,26.52,26.57,0.16
2020-08-17 04:00:00,26.58,26.58,0.16
2020-08-17 04:30:00,26.53,26.58,0.16
2020-08-17 05:00:00,26.53,26.58,0.16
2020-08-17 06:00:00,26.48,26.59,0.16
2020-08-17 06:30:00,26.49,26.59,0.16
2020-08-17 07:00:00,26.39,26.64,0.16
2020-08-17 07:30:00,26.34,26.54,0.16
2020-08-17 08:00:00,26.39,26.60,0.16
2020-08-17 08:30:00,26.45,26.57,0.16
2020-08-17 09:00:00,26.37,26.45,0.16
2020-08-17 09:30:00,26.40,26.50,0.16
2020-08-17 10:00:00,26.41,26.51,0.16
2020-08-17 10:30:00,26.41,26.46,0.16
2020-08-17 11:00:00,26.41,26.46,0.16
2020-08-17 11:30:00,26.36,26.46,0.16
2020-08-17 12:00:00,26.32,26.47,0.16
2020-08-17 12:30:00,26.22,26.37,0.16
2020-08-17 13:00:00,26.17,26.27,0.16
2020-08-17 13:30:00,26.17,26.32,0.16
2020-08-17 14:00:00,26.23,26.38,0.16
2020-08-17 14:30:00,26.18,26.28,0.16
2020-08-17 15:00:00,26.08,26.28,0.16
2020-08-17 15:30:00,26.08,26.18,0.16
2020-08-17 16:00:00,25.99,26.09,0.16
2020-08-17 16:30:00,25.89,26.04,0.16
2020-08-17 17:00:00,25.89,25.94,0.16
2020-08-17 17:30:00,25.90,25.95,0.16
2020-08-17 18:00:00,25.90,25.95,0.16
2020-08-17 18:30:00,25.85,25.95,0.16
2020-08-17 19:00:00,25.85,26.05,0.16
2020-08-17 19:30:00,25.76,25.96,0.16
2020-08-17 20:00:00,25.81,25.96,0.16
2020-08-17 20:30:00,25.76,25.91,0.16
2020-08-17 22:00:00,25.60,25.97,0.16
2020-08-17 22:30:00,25.88,25.92,0.16
2020-08-17 23:00:00,25.78,25.93,0.16
2020-08-17 23:30:00,25.73,25.78,0.16
2020-08-18 00:00:00,25.68,25.78,0.16
2020-08-18 00:30:00,25.73,25.84,0.16
2020-08-18 01:00:00,25.79,25.84,0.16
2020-08-18 01:30:00,25.84,25.94,0.16
2020-08-18 02:00:00,25.84,25.99,0.16
2020-08-18 02:30:00,25.89,25.99,0.16
2020-08-18 03:00:00,25.90,25.95,0.16
2020-08-18 04:30:00,25.85,25.90,0.16
2020-08-18 05:00:00,25.86,25.91,0.16
2020-08-18 05:30:00,25.86,25.96,0.16
2020-08-18 06:00:00,25.86,25.96,0.16
2020-08-18 06:30:00,25.91,26.06,0.16
2020-08-18 07:00:00,26.06,26.16,0.16
2020-08-18 07:30:00,26.02,26.12,0.16
2020-08-18 08:00:00,25.92,26.07,0.16
2020-08-18 08:30:00,25.92,26.02,0.16
2020-08-18 09:00:00,25.83,26.02,0.16
2020-08-18 09:30:00,25.88,25.88,0.16
2020-08-18 10:00:00,25.83,25.93,0.16
2020-08-18 10:30:00,25.73,25.83,0.16
2020-08-18 11:00:00,25.73,25.78,0.16
2020-08-18 11:30:00,25.74,25.84,0.16
2020-08-18 12:00:00,25.72,25.79,0.16
2020-08-18 12:30:00,25.64,25.74,0.16
2020-08-18 13:00:00,25.65,25.80,0.16
2020-08-18 13:30:00,25.55,25.75,0.16
2020-08-18 14:00:00,25.60,26.30,0.16
2020-08-18 14:30:00,25.85,26.35,0.16
2020-08-18 15:00:00,25.76,25.91,0.16
2020-08-18 15:30:00,25.81,25.91,0.16
2020-08-18 16:00:00,25.86,26.01,0.16
2020-08-18 16:30:00,25.76,25.81,0.16
2020-08-18 17:00:00,25.71,25.81,0.16
2020-08-18 17:30:00,25.67,25.77,0.16
2020-08-18 18:00:00,25.67,25.72,0.16
2020-08-18 18:30:00,25.62,25.67,0.16
2020-08-18 19:00:00,25.57,25.67,0.16
2020-08-18 19:30:00,25.62,25.78,0.16
2020-08-18 20:00:00,25.58,25.78,0.16
2020-08-18 20:30:00,25.68,25.78,0.16
2020-08-18 22:00:00,25.64,25.69,0.16
2020-08-18 22:30:00,25.64,25.67,0.16
2020-08-18 23:00:00,25.54,25.69,0.16
2020-08-18 23:30:00,25.55,25.60,0.16
2020-08-19 00:00:00,25.55,25.65,0.16
2020-08-19 00:30:00,25.55,25.65,0.16
2020-08-19 01:00:00,25.41,25.60,0.16
2020-08-19 01:30:00,25.46,25.51,0.16
2020-08-19 02:00:00,25.51,25.56,0.16
2020-08-19 02:30:00,25.61,25.71,0.16
2020-08-19 03:00:00,25.57,25.71,0.16
2020-08-19 03:30:00,25.57,25.62,0.16
2020-08-19 04:00:00,25.67,25.67,0.16
2020-08-19 04:30:00,25.67,25.72,0.16
2020-08-19 05:00:00,25.63,25.67,0.16
2020-08-19 05:30:00,25.58,25.73,0.16
2020-08-19 06:00:00,25.58,25.71,0.16
2020-08-19 06:30:00,25.68,25.78,0.16
2020-08-19 07:00:00,25.73,25.93,0.16
2020-08-19 07:30:00,25.54,25.76,0.30
2020-08-19 08:00:00,25.59,25.74,0.16
2020-08-19 08:30:00,25.59,25.79,0.16
2020-08-19 09:00:00,25.69,25.79,0.16
2020-08-19 09:30:00,25.65,25.79,0.16
2020-08-19 10:00:00,25.65,25.80,0.16
2020-08-19 10:30:00,25.70,25.80,0.16
2020-08-19 11:00:00,25.75,25.80,0.16
2020-08-19 11:30:00,25.75,25.85,0.16
2020-08-19 12:00:00,25.76,25.96,0.16
2020-08-19 12:30:00,25.86,25.96,0.16
2020-08-19 13:00:00,25.66,25.86,0.16
2020-08-19 13:30:00,25.62,26.01,0.16
2020-08-19 14:00:00,25.82,25.96,0.16
2020-08-19 14:30:00,25.81,25.99,0.16
2020-08-19 15:00:00,25.77,25.92,0.16
2020-08-19 15:30:00,25.77,25.92,0.16
2020-08-19 16:00:00,25.78,25.83,0.16
2020-08-19 16:30:00,25.78,25.83,0.16
2020-08-19 17:00:00,25.68,25.74,0.16
2020-08-19 17:30:00,25.54,25.68,0.16
2020-08-19 18:00:00,25.49,26.13,0.16
2020-08-19 18:30:00,25.64,26.11,0.16
2020-08-19 19:00:00,25.64,26.09,0.16
2020-08-19 19:30:00,25.99,26.54,0.16
2020-08-19 20:00:00,26.15,26.49,0.16
2020-08-19 20:30:00,26.44,26.54,0.16
2020-08-19 22:00:00,26.40,26.62,0.16
2020-08-19 22:30:00,26.55,26.55,0.16
2020-08-19 23:00:00,26.55,26.65,0.16
2020-08-19 23:30:00,26.60,26.70,0.16
2020-08-20 00:00:00,26.66,26.75,0.16
2020-08-20 00:30:00,26.61,26.76,0.16
2020-08-20 01:00:00,26.68,26.96,0.16
2020-08-20 01:30:00,26.93,27.20,0.16
2020-08-20 02:00:00,27.15,27.26,0.16
2020-08-20 02:30:00,27.26,27.65,0.16
2020-08-20 03:00:00,27.36,27.58,0.16
2020-08-20 03:30:00,27.26,27.41,0.16
2020-08-20 04:00:00,27.11,27.31,0.16
2020-08-20 04:30:00,27.11,27.33,0.16
2020-08-20 05:00:00,27.21,27.35,0.16
2020-08-20 05:30:00,27.21,27.41,0.16
2020-08-20 06:00:00,27.12,27.37,0.16
2020-08-20 06:30:00,27.02,27.37,0.16
2020-08-20 07:00:00,27.18,27.56,0.16
2020-08-20 07:30:00,27.03,27.27,0.16
2020-08-20 08:00:00,27.13,27.52,0.16
2020-08-20 08:30:00,27.18,27.52,0.16
2020-08-20 09:00:00,27.19,27.33,0.16
2020-08-20 09:30:00,27.04,27.28,0.16
2020-08-20 10:00:00,26.95,27.14,0.16
2020-08-20 10:30:00,26.90,27.04,0.16
2020-08-20 11:00:00,26.90,27.00,0.16
2020-08-20 11:30:00,26.90,27.10,0.16
2020-08-20 12:00:00,27.00,27.15,0.16
2020-08-20 12:30:00,27.05,27.30,0.16
2020-08-20 13:00:00,27.25,27.45,0.16
2020-08-20 13:30:00,27.06,27.55,0.16
2020-08-20 14:00:00,26.82,27.13,0.16
2020-08-20 14:30:00,26.87,27.12,0.16
2020-08-20 15:00:00,26.97,27.21,0.16
2020-08-20 15:30:00,26.68,27.06,0.16
2020-08-20 16:00:00,26.63,26.78,0.16
2020-08-20 16:30:00,26.73,26.88,0.16
2020-08-20 17:00:00,26.69,26.93,0.16
2020-08-20 17:30:00,26.59,26.69,0.16
2020-08-20 18:00:00,26.59,26.75,0.16
2020-08-20 18:30:00,26.45,26.65,0.16
2020-08-20 19:00:00,26.35,26.60,0.16
2020-08-20 19:30:00,26.12,26.45,0.16
2020-08-20 20:00:00,26.17,26.32,0.16
2020-08-20 20:30:00,26.17,26.22,0.16
2020-08-20 22:00:00,26.18,26.28,0.17
2020-08-20 22:30:00,26.18,26.19,0.16
2020-08-20 23:00:00,26.18,26.19,0.16
2020-08-20 23:30:00,26.09,26.19,0.16
2020-08-21 00:00:00,26.02,26.10,0.16
2020-08-21 00:30:00,26.05,26.19,0.16
2020-08-21 01:00:00,26.05,26.15,0.16
2020-08-21 01:30:00,26.10,26.25,0.16
2020-08-21 02:00:00,26.15,26.20,0.16
2020-08-21 02:30:00,26.11,26.20,0.16
2020-08-21 03:00:00,26.01,26.13,0.16
2020-08-21 03:30:00,26.01,26.07,0.16
2020-08-21 04:00:00,26.02,26.09,0.16
2020-08-21 04:30:00,26.02,26.11,0.16
2020-08-21 05:00:00,26.02,26.07,0.16
2020-08-21 05:30:00,26.10,26.17,0.16
2020-08-21 06:00:00,26.07,26.17,0.16
2020-08-21 06:30:00,26.08,26.17,0.16
2020-08-21 07:00:00,26.08,26.52,0.16
2020-08-21 07:30:00,26.24,26.43,0.16
2020-08-21 08:00:00,26.31,26.53,0.16
2020-08-21 08:30:00,26.43,26.63,0.16
2020-08-21 09:00:00,26.39,26.53,0.16
2020-08-21 09:30:00,26.29,26.44,0.16
2020-08-21 10:00:00,26.29,26.49,0.16
2020-08-21 10:30:00,26.47,26.78,0.16
2020-08-21 11:00:00,26.60,26.74,0.16
2020-08-21 11:30:00,26.69,26.98,0.16
2020-08-21 12:00:00,26.94,27.32,0.16
2020-08-21 12:30:00,26.80,27.04,0.16
2020-08-21 13:00:00,26.74,27.14,0.16
2020-08-21 13:30:00,26.50,26.84,0.16
2020-08-21 14:00:00,26.55,26.84,0.16
2020-08-21 14:30:00,26.41,26.61,0.16
2020-08-21 15:00:00,26.46,26.75,0.16
2020-08-21 15:30:00,26.57,26.81,0.16
2020-08-21 16:00:00,26.52,26.86,0.16
2020-08-21 16:30:00,26.58,26.77,0.16
2020-08-21 17:00:00,26.63,26.82,0.16
2020-08-21 17:30:00,26.54,26.73,0.16
2020-08-21 18:00:00,26.44,26.63,0.16
2020-08-21 18:30:00,26.30,26.50,0.16
2020-08-21 19:00:00,26.31,26.56,0.16
2020-08-21 19:30:00,26.32,26.51,0.16
2020-08-21 20:00:00,26.37,26.52,0.16
2020-08-21 20:30:00,26.43,26.52,0.16
2020-08-23 22:00:00,26.43,26.65,0.16
2020-08-23 22:30:00,26.56,26.63,0.16
2020-08-23 23:00:00,26.56,26.60,0.16
2020-08-23 23:30:00,26.61,26.65,0.16
2020-08-24 00:00:00,26.56,26.70,0.16
2020-08-24 00:30:00,26.57,26.71,0.16
2020-08-24 01:00:00,26.52,26.66,0.16
2020-08-24 01:30:00,26.47,26.57,0.16
2020-08-24 02:00:00,26.52,26.58,0.16
2020-08-24 02:30:00,26.53,26.57,0.16
2020-08-24 03:00:00,26.53,26.55,0.16
2020-08-24 03:30:00,26.53,26.58,0.16
2020-08-24 04:00:00,26.59,26.63,0.16
2020-08-24 04:30:00,26.54,26.59,0.16
2020-08-24 05:30:00,26.46,26.55,0.16
2020-08-24 06:00:00,26.35,26.48,0.16
2020-08-24 06:30:00,26.31,26.40,0.16
2020-08-24 07:00:00,26.26,26.40,0.16
2020-08-24 07:30:00,26.17,26.27,0.16
2020-08-24 08:00:00,26.17,26.27,0.16
2020-08-24 08:30:00,26.13,26.23,0.16
2020-08-24 09:00:00,26.14,26.19,0.16
2020-08-24 09:30:00,26.14,26.19,0.16
2020-08-24 10:00:00,26.14,26.19,0.16
2020-08-24 10:30:00,26.09,26.15,0.16
2020-08-24 11:00:00,26.09,26.18,0.16
2020-08-24 11:30:00,26.00,26.10,0.16
2020-08-24 12:00:00,25.95,26.04,0.16
2020-08-24 12:30:00,25.99,26.04,0.16
2020-08-24 13:00:00,26.00,26.10,0.16
2020-08-24 13:30:00,26.05,26.49,0.16
2020-08-24 14:00:00,26.44,26.78,0.16
2020-08-24 14:30:00,26.44,26.97,0.16
2020-08-24 15:00:00,26.65,26.92,0.16
2020-08-24 15:30:00,26.60,26.79,0.16
2020-08-24 16:00:00,26.56,26.63,0.16
2020-08-24 16:30:00,26.42,26.60,0.16
2020-08-24 17:00:00,26.28,26.47,0.16
2020-08-24 17:30:00,26.43,26.67,0.16
2020-08-24 18:00:00,26.49,26.68,0.16
2020-08-24 18:30:00,26.63,26.87,0.16
2020-08-24 19:00:00,26.67,26.97,0.16
2020-08-24 19:30:00,26.68,26.91,0.16
2020-08-24 20:00:00,26.70,26.82,0.16
2020-08-24 20:30:00,26.79,26.88,0.16
2020-08-24 22:00:00,26.83,26.85,0.16
2020-08-24 22:30:00,26.80,26.84,0.16
2020-08-24 23:00:00,26.80,26.87,0.16
2020-08-24 23:30:00,26.71,26.89,0.16
2020-08-25 00:00:00,26.67,26.81,0.16
2020-08-25 00:30:00,26.62,26.76,0.16
2020-08-25 01:00:00,26.58,26.63,0.16
2020-08-25 01:30:00,26.49,26.56,0.16
2020-08-25 02:00:00,26.50,26.50,0.16
2020-08-25 02:30:00,26.53,26.59,0.16
2020-08-25 03:00:00,26.54,26.69,0.16
2020-08-25 03:30:00,26.60,26.69,0.16
2020-08-25 04:00:00,26.65,26.69,0.16
2020-08-25 04:30:00,26.66,26.70,0.16
2020-08-25 05:00:00,26.65,26.70,0.16
2020-08-25 05:30:00,26.68,26.70,0.16
2020-08-25 06:00:00,26.57,26.70,0.16
2020-08-25 06:30:00,26.62,26.76,0.16
2020-08-25 07:00:00,26.56,26.71,0.16
2020-08-25 07:30:00,26.56,26.68,0.16
2020-08-25 08:00:00,26.63,26.77,0.16
2020-08-25 08:30:00,26.72,26.82,0.16
2020-08-25 09:00:00,26.76,26.87,0.16
2020-08-25 09:30:00,26.71,26.82,0.16
2020-08-25 10:00:00,26.71,26.81,0.16
2020-08-25 10:30:00,26.61,26.73,0.16
2020-08-25 11:00:00,26.63,26.78,0.16
2020-08-25 11:30:00,26.68,26.77,0.16
2020-08-25 12:00:00,26.60,26.75,0.16
2020-08-25 12:30:00,26.70,26.77,0.16
2020-08-25 13:00:00,26.76,26.98,0.16
2020-08-25 13:30:00,26.89,27.27,0.16
2020-08-25 14:00:00,27.13,27.54,0.16
2020-08-25 14:30:00,27.35,27.74,0.16
2020-08-25 15:00:00,27.12,27.47,0.16
2020-08-25 15:30:00,27.10,27.42,0.16
2020-08-25 16:00:00,27.08,27.39,0.16
2020-08-25 16:30:00,27.00,27.17,0.16
2020-08-25 17:00:00,26.92,27.14,0.16
2020-08-25 17:30:00,26.87,26.96,0.16
2020-08-25 18:00:00,26.91,27.16,0.16
2020-08-25 18:30:00,26.68,26.93,0.16
2020-08-25 19:00:00,26.60,26.78,0.16
2020-08-25 19:30:00,26.59,26.79,0.16
2020-08-25 20:00:00,26.60,26.70,0.16
