2019-06-27 23:00:00,16.32,16.40,0.08
2019-06-28 01:00:00,16.40,16.50,0.08
2019-06-28 03:00:00,16.45,16.50,0.08
2019-06-28 05:00:00,16.41,16.51,0.08
2019-06-28 07:00:00,16.36,16.46,0.08
2019-06-28 09:00:00,16.38,16.44,0.08
2019-06-28 11:00:00,16.37,16.42,0.08
2019-06-28 13:00:00,16.37,16.48,0.08
2019-06-28 15:00:00,16.32,16.43,0.08
2019-06-28 17:00:00,16.35,16.43,0.08
2019-06-28 19:00:00,15.93,16.42,0.08
2019-06-30 21:00:00,15.56,15.86,0.08
2019-06-30 23:00:00,15.51,15.82,0.08
2019-07-01 01:00:00,15.74,15.84,0.08
2019-07-01 03:00:00,15.67,15.79,0.08
2019-07-01 05:00:00,15.62,15.72,0.08
2019-07-01 07:00:00,15.54,15.70,0.08
2019-07-01 09:00:00,15.63,15.70,0.08
2019-07-01 11:00:00,15.56,15.68,0.08
2019-07-01 13:00:00,15.46,15.69,0.08
2019-07-01 15:00:00,15.51,15.72,0.08
2019-07-01 17:00:00,15.64,15.82,0.08
2019-07-01 19:00:00,15.50,15.82,0.08
2019-07-01 23:00:00,15.53,15.60,0.08
2019-07-02 01:00:00,15.53,15.63,0.08
2019-07-02 03:00:00,15.53,15.59,0.08
2019-07-02 05:00:00,15.59,15.66,0.08
2019-07-02 07:00:00,15.59,15.69,0.08
2019-07-02 09:00:00,15.62,15.64,0.08
2019-07-02 11:00:00,15.58,15.63,0.08
2019-07-02 13:00:00,15.18,15.58,0.08
2019-07-02 15:00:00,15.18,15.61,0.08
2019-07-02 17:00:00,15.19,15.48,0.08
2019-07-02 19:00:00,14.92,15.21,0.08
2019-07-03 21:00:00,14.83,14.98,0.08
2019-07-03 23:00:00,14.95,14.99,0.08
2019-07-04 01:00:00,14.99,15.04,0.08
2019-07-04 03:00:00,14.99,15.04,0.08
2019-07-04 07:00:00,15.04,15.08,0.08
2019-07-04 09:00:00,15.05,15.08,0.08
2019-07-04 11:00:00,15.08,15.13,0.08
2019-07-04 13:00:00,15.00,15.08,0.08
2019-07-04 15:00:00,14.99,15.06,0.08
2019-07-04 21:00:00,15.05,15.07,0.08
2019-07-04 23:00:00,15.06,15.11,0.08
2019-07-05 01:00:00,15.06,15.11,0.08
2019-07-05 03:00:00,15.06,15.12,0.08
2019-07-05 05:00:00,15.10,15.12,0.08
2019-07-05 07:00:00,15.12,15.26,0.08
2019-07-05 09:00:00,15.22,15.27,0.08
2019-07-05 11:00:00,15.20,15.44,0.08
2019-07-05 13:00:00,15.37,15.81,0.08
2019-07-05 15:00:00,15.20,15.70,0.08
2019-07-05 17:00:00,15.05,15.30,0.08
2019-07-05 19:00:00,15.10,15.22,0.08
2019-07-07 21:00:00,15.20,15.25,0.08
2019-07-07 23:00:00,15.26,15.37,0.08
2019-07-08 01:00:00,15.26,15.44,0.08
2019-07-08 03:00:00,15.38,15.44,0.08
2019-07-08 05:00:00,15.47,15.60,0.08
2019-07-08 07:00:00,15.43,15.50,0.08
2019-07-08 09:00:00,15.50,15.55,0.08
2019-07-08 11:00:00,15.40,15.61,0.08
2019-07-08 13:00:00,15.52,15.80,0.08
2019-07-08 15:00:00,15.59,15.74,0.08
2019-07-08 17:00:00,15.56,15.69,0.08
2019-07-08 19:00:00,15.44,15.78,0.08
2019-07-08 23:00:00,15.69,15.80,0.08
2019-07-09 01:00:00,15.74,15.86,0.08
2019-07-09 03:00:00,15.86,16.03,0.08
2019-07-09 05:00:00,15.97,16.03,0.08
2019-07-09 07:00:00,15.98,16.15,0.08
2019-07-09 09:00:00,16.09,16.15,0.08
2019-07-09 11:00:00,16.09,16.14,0.08
2019-07-09 13:00:00,15.71,16.12,0.08
2019-07-09 15:00:00,15.70,15.83,0.08
2019-07-09 17:00:00,15.71,15.82,0.08
2019-07-09 19:00:00,15.71,15.81,0.08
2019-07-09 23:00:00,15.71,15.87,0.08
2019-07-10 01:00:00,15.75,15.81,0.08
2019-07-10 03:00:00,15.77,15.88,0.08
2019-07-10 05:00:00,15.82,15.94,0.08
2019-07-10 07:00:00,15.83,15.99,0.08
2019-07-10 09:00:00,15.84,16.01,0.08
2019-07-10 11:00:00,15.61,15.96,0.08
2019-07-10 13:00:00,15.31,15.62,0.08
2019-07-10 15:00:00,15.38,15.60,0.08
2019-07-10 17:00:00,15.29,15.43,0.08
2019-07-10 19:00:00,15.24,15.39,0.08
2019-07-10 23:00:00,15.25,15.36,0.08
2019-07-11 01:00:00,15.21,15.31,0.08
2019-07-11 03:00:00,15.20,15.25,0.08
2019-07-11 05:00:00,15.26,15.31,0.08
2019-07-11 07:00:00,15.27,15.35,0.08
2019-07-11 09:00:00,15.21,15.32,0.08
2019-07-11 11:00:00,15.22,15.28,0.08
2019-07-11 13:00:00,15.06,15.32,0.08
2019-07-11 15:00:00,15.06,15.22,0.08
2019-07-11 17:00:00,15.16,15.43,0.08
2019-07-11 19:00:00,15.12,15.37,0.08
2019-07-11 23:00:00,15.12,15.22,0.08
2019-07-12 01:00:00,15.12,15.18,0.08
2019-07-12 03:00:00,15.12,15.18,0.08
2019-07-12 05:00:00,15.13,15.19,0.08
2019-07-12 07:00:00,15.13,15.19,0.08
2019-07-12 09:00:00,15.10,15.19,0.08
2019-07-12 11:00:00,15.09,15.20,0.08
2019-07-12 13:00:00,15.08,15.24,0.08
2019-07-12 15:00:00,15.09,15.24,0.08
2019-07-12 17:00:00,15.05,15.15,0.08
2019-07-12 19:00:00,14.94,15.11,0.08
2019-07-14 21:00:00,15.10,15.10,0.08
2019-07-14 23:00:00,15.10,15.21,0.08
2019-07-15 01:00:00,15.06,15.26,0.08
2019-07-15 03:00:00,15.06,15.07,0.08
2019-07-15 05:00:00,15.07,15.12,0.08
2019-07-15 07:00:00,14.98,15.13,0.08
2019-07-15 09:00:00,15.08,15.14,0.08
2019-07-15 11:00:00,15.12,15.14,0.08
2019-07-15 13:00:00,15.10,15.30,0.08
2019-07-15 15:00:00,15.20,15.30,0.08
2019-07-15 17:00:00,15.16,15.26,0.08
2019-07-15 19:00:00,15.11,15.22,0.08
2019-07-15 23:00:00,15.23,15.33,0.08
2019-07-16 01:00:00,15.23,15.28,0.08
2019-07-16 07:00:00,15.18,15.23,0.08
2019-07-16 11:00:00,15.09,15.19,0.08
2019-07-16 13:00:00,14.99,15.14,0.08
2019-07-16 15:00:00,14.94,15.29,0.08
2019-07-16 17:00:00,15.10,15.35,0.08
2019-07-16 19:00:00,15.10,15.40,0.08
2019-07-16 23:00:00,15.35,15.40,0.08
2019-07-17 01:00:00,15.30,15.45,0.08
2019-07-17 03:00:00,15.26,15.36,0.08
2019-07-17 05:00:00,15.26,15.31,0.08
2019-07-17 07:00:00,15.21,15.26,0.08
2019-07-17 09:00:00,15.16,15.21,0.08
2019-07-17 11:00:00,15.07,15.26,0.08
2019-07-17 13:00:00,15.07,15.61,0.08
2019-07-17 15:00:00,15.22,15.51,0.08
2019-07-17 17:00:00,15.27,15.47,0.08
2019-07-17 19:00:00,15.37,15.87,0.08
2019-07-17 23:00:00,15.77,15.87,0.08
2019-07-18 01:00:00,15.80,15.92,0.08
2019-07-18 03:00:00,15.83,15.97,0.08
2019-07-18 05:00:00,15.90,16.02,0.08
2019-07-18 07:00:00,15.88,15.98,0.08
2019-07-18 09:00:00,15.79,15.98,0.08
2019-07-18 11:00:00,15.69,15.79,0.08
2019-07-18 13:00:00,15.59,15.79,0.08
2019-07-18 15:00:00,15.64,15.94,0.08
2019-07-18 17:00:00,15.35,15.75,0.08
2019-07-18 19:00:00,15.31,15.61,0.08
2019-07-18 23:00:00,15.30,15.46,0.08
2019-07-19 01:00:00,15.22,15.32,0.08
2019-07-19 03:00:00,15.23,15.27,0.08
2019-07-19 05:00:00,15.23,15.37,0.08
2019-07-19 07:00:00,15.23,15.37,0.08
2019-07-19 09:00:00,15.28,15.48,0.08
2019-07-19 11:00:00,15.38,15.48,0.08
2019-07-19 13:00:00,15.24,15.49,0.08
2019-07-19 15:00:00,15.24,15.54,0.08
2019-07-19 17:00:00,15.29,15.54,0.08
2019-07-19 19:00:00,15.44,16.02,0.08
2019-07-21 21:00:00,15.93,16.03,0.08
2019-07-21 23:00:00,15.88,15.93,0.08
2019-07-22 01:00:00,15.86,15.98,0.08
2019-07-22 03:00:00,15.89,15.93,0.08
2019-07-22 05:00:00,15.75,15.89,0.08
2019-07-22 07:00:00,15.71,15.85,0.08
2019-07-22 09:00:00,15.71,15.80,0.08
2019-07-22 11:00:00,15.71,15.84,0.08
2019-07-22 13:00:00,15.70,15.90,0.08
2019-07-22 15:00:00,15.58,15.86,0.08
2019-07-22 17:00:00,15.49,15.67,0.08
2019-07-22 19:00:00,15.41,15.65,0.08
2019-07-22 23:00:00,15.41,15.46,0.08
2019-07-23 01:00:00,15.37,15.46,0.08
2019-07-23 03:00:00,15.37,15.41,0.08
2019-07-23 05:00:00,15.45,15.47,0.08
2019-07-23 07:00:00,15.38,15.47,0.08
2019-07-23 09:00:00,15.37,15.42,0.08
2019-07-23 11:00:00,15.32,15.37,0.08
2019-07-23 13:00:00,15.29,15.55,0.08
2019-07-23 15:00:00,15.29,15.44,0.08
2019-07-23 17:00:00,15.12,15.30,0.08
2019-07-23 19:00:00,15.02,15.26,0.08
2019-07-23 23:00:00,15.12,15.18,0.08
2019-07-24 01:00:00,15.08,15.16,0.08
2019-07-24 05:00:00,15.10,15.14,0.08
2019-07-24 07:00:00,15.14,15.31,0.08
2019-07-24 09:00:00,15.23,15.32,0.08
2019-07-24 11:00:00,15.23,15.28,0.08
2019-07-24 13:00:00,14.87,15.25,0.08
2019-07-24 15:00:00,14.79,14.97,0.08
2019-07-24 17:00:00,14.69,14.88,0.08
2019-07-24 19:00:00,14.63,14.78,0.08
2019-07-24 23:00:00,14.79,14.80,0.08
2019-07-25 01:00:00,14.79,14.83,0.08
2019-07-25 03:00:00,14.80,14.80,0.08
2019-07-25 05:00:00,14.75,14.80,0.08
2019-07-25 07:00:00,14.75,14.84,0.08
2019-07-25 09:00:00,14.79,14.84,0.08
2019-07-25 11:00:00,14.69,14.84,0.08
2019-07-25 13:00:00,14.78,15.26,0.08
2019-07-25 15:00:00,15.00,15.45,0.08
2019-07-25 17:00:00,15.00,15.41,0.08
2019-07-25 19:00:00,15.03,15.33,0.08
2019-07-25 23:00:00,15.04,15.13,0.08
2019-07-26 01:00:00,15.03,15.08,0.08
2019-07-26 03:00:00,15.00,15.05,0.08
2019-07-26 05:00:00,15.04,15.05,0.08
2019-07-26 07:00:00,14.90,15.09,0.08
2019-07-26 09:00:00,14.87,14.96,0.08
2019-07-26 11:00:00,14.91,15.05,0.08
2019-07-26 13:00:00,14.77,15.00,0.08
2019-07-26 15:00:00,14.73,14.87,0.08
2019-07-26 17:00:00,14.74,14.82,0.08
2019-07-26 19:00:00,14.72,14.91,0.08
2019-07-28 21:00:00,14.91,14.96,0.08
2019-07-28 23:00:00,14.95,15.05,0.08
2019-07-29 01:00:00,15.00,15.08,0.08
2019-07-29 03:00:00,15.06,15.06,0.08
2019-07-29 05:00:00,15.06,15.10,0.08
2019-07-29 07:00:00,14.98,15.04,0.08
2019-07-29 09:00:00,14.96,15.02,0.08
2019-07-29 11:00:00,14.97,15.02,0.08
2019-07-29 13:00:00,14.94,15.20,0.08
2019-07-29 15:00:00,14.92,15.10,0.08
2019-07-29 17:00:00,14.95,15.05,0.08
2019-07-29 19:00:00,14.95,15.09,0.08
2019-07-29 23:00:00,14.98,15.01,0.08
2019-07-30 01:00:00,14.96,14.96,0.08
2019-07-30 03:00:00,14.96,15.02,0.08
2019-07-30 05:00:00,15.00,15.05,0.08
2019-07-30 07:00:00,15.05,15.23,0.08
2019-07-30 09:00:00,15.15,15.28,0.08
2019-07-30 11:00:00,15.21,15.47,0.08
2019-07-30 13:00:00,15.24,15.52,0.08
2019-07-30 15:00:00,15.24,15.49,0.08
2019-07-30 17:00:00,15.22,15.49,0.08
2019-07-30 19:00:00,15.35,15.66,0.08
2019-07-30 23:00:00,15.48,15.53,0.08
2019-07-31 01:00:00,15.46,15.54,0.08
2019-07-31 03:00:00,15.44,15.49,0.08
2019-07-31 05:00:00,15.44,15.57,0.08
2019-07-31 07:00:00,15.39,15.52,0.08
2019-07-31 09:00:00,15.38,15.47,0.08
2019-07-31 11:00:00,15.38,15.46,0.08
2019-07-31 13:00:00,15.43,15.66,0.08
2019-07-31 15:00:00,15.33,15.51,0.08
2019-07-31 17:00:00,15.23,16.88,0.08
2019-07-31 19:00:00,15.81,16.73,0.08
2019-07-31 23:00:00,16.56,16.71,0.08
2019-08-01 01:00:00,16.33,16.59,0.08
2019-08-01 03:00:00,16.31,16.44,0.08
2019-08-01 05:00:00,16.29,16.44,0.08
2019-08-01 07:00:00,16.11,16.44,0.08
2019-08-01 09:00:00,16.04,16.22,0.08
2019-08-01 11:00:00,16.04,16.32,0.08
2019-08-01 13:00:00,15.79,16.45,0.08
2019-08-01 15:00:00,15.70,15.95,0.08
2019-08-01 17:00:00,15.80,18.15,0.08
2019-08-01 19:00:00,16.94,17.77,0.08
2019-08-01 23:00:00,17.47,17.72,0.08
2019-08-02 01:00:00,17.42,17.69,0.08
2019-08-02 03:00:00,17.42,17.62,0.08
2019-08-02 05:00:00,17.35,17.47,0.08
2019-08-02 07:00:00,17.45,17.98,0.08
2019-08-02 09:00:00,17.44,17.85,0.08
2019-08-02 11:00:00,17.53,17.93,0.08
2019-08-02 13:00:00,17.28,18.50,0.08
2019-08-02 15:00:00,17.78,18.55,0.08
2019-08-02 17:00:00,17.90,18.45,0.08
2019-08-02 19:00:00,17.52,18.25,0.08
2019-08-04 21:00:00,17.54,17.69,0.08
2019-08-04 23:00:00,17.57,17.69,0.08
2019-08-05 01:00:00,17.52,18.44,0.08
2019-08-05 03:00:00,18.37,18.58,0.08
2019-08-05 05:00:00,18.27,18.52,0.08
2019-08-05 07:00:00,18.32,18.87,0.08
2019-08-05 09:00:00,18.58,18.96,0.08
2019-08-05 11:00:00,18.88,19.17,0.08
2019-08-05 13:00:00,18.94,19.42,0.08
2019-08-05 15:00:00,18.97,19.74,0.08
2019-08-05 17:00:00,19.28,20.14,0.08
2019-08-05 19:00:00,19.80,21.12,0.08
2019-08-05 23:00:00,21.45,22.34,0.08
2019-08-06 01:00:00,20.50,21.52,0.08
2019-08-06 03:00:00,19.53,20.69,0.08
2019-08-06 05:00:00,19.65,20.02,0.08
2019-08-06 07:00:00,19.56,20.03,0.08
2019-08-06 09:00:00,19.48,19.76,0.08
2019-08-06 11:00:00,19.47,19.87,0.08
2019-08-06 13:00:00,19.21,20.18,0.08
2019-08-06 15:00:00,19.90,20.48,0.08
2019-08-06 17:00:00,19.35,20.22,0.08
2019-08-06 19:00:00,19.01,19.64,0.08
2019-08-06 23:00:00,19.43,19.80,0.08
2019-08-07 01:00:00,19.45,20.08,0.08
2019-08-07 03:00:00,19.70,20.08,0.08
2019-08-07 05:00:00,19.43,19.89,0.08
2019-08-07 07:00:00,19.23,19.65,0.08
2019-08-07 09:00:00,19.18,19.40,0.08
2019-08-07 11:00:00,19.33,20.33,0.08
2019-08-07 13:00:00,19.57,20.77,0.08
2019-08-07 15:00:00,19.72,20.38,0.08
2019-08-07 17:00:00,19.36,19.99,0.08
2019-08-07 19:00:00,19.03,19.58,0.08
2019-08-07 23:00:00,19.13,19.49,0.08
2019-08-08 01:00:00,18.91,19.51,0.08
2019-08-08 03:00:00,18.91,19.20,0.08
2019-08-08 05:00:00,18.84,19.01,0.08
2019-08-08 07:00:00,18.91,19.38,0.08
2019-08-08 09:00:00,18.96,19.19,0.08
2019-08-08 11:00:00,18.87,19.22,0.08
2019-08-08 13:00:00,18.24,18.97,0.08
2019-08-08 15:00:00,18.13,18.46,0.08
2019-08-08 17:00:00,18.04,18.36,0.08
2019-08-08 19:00:00,17.86,18.24,0.08
2019-08-08 23:00:00,18.05,18.41,0.08
2019-08-09 01:00:00,18.11,18.29,0.08
2019-08-09 03:00:00,18.19,18.36,0.08
2019-08-09 05:00:00,18.18,18.33,0.08
2019-08-09 07:00:00,18.25,18.41,0.08
2019-08-09 09:00:00,18.28,18.53,0.08
2019-08-09 11:00:00,18.37,18.58,0.08
2019-08-09 13:00:00,18.12,18.85,0.08
2019-08-09 15:00:00,18.48,19.01,0.08
2019-08-09 17:00:00,18.25,18.67,0.08
2019-08-09 19:00:00,18.15,18.69,0.08
2019-08-11 21:00:00,18.35,18.58,0.08
2019-08-11 23:00:00,18.46,18.74,0.08
2019-08-12 01:00:00,18.44,18.68,0.08
2019-08-12 03:00:00,18.44,18.56,0.08
2019-08-12 05:00:00,18.39,18.56,0.08
2019-08-12 07:00:00,18.18,18.91,0.08
2019-08-12 09:00:00,18.80,19.14,0.08
2019-08-12 11:00:00,18.86,19.21,0.08
2019-08-12 13:00:00,18.85,19.29,0.08
2019-08-12 15:00:00,19.04,19.29,0.08
2019-08-12 17:00:00,19.19,20.01,0.08
2019-08-12 19:00:00,19.77,20.21,0.08
2019-08-12 23:00:00,19.72,20.00,0.08
2019-08-13 01:00:00,19.61,19.79,0.08
2019-08-13 03:00:00,19.67,19.78,0.08
2019-08-13 05:00:00,19.68,20.08,0.08
2019-08-13 07:00:00,19.74,20.13,0.08
2019-08-13 09:00:00,19.82,20.19,0.08
2019-08-13 11:00:00,19.81,20.30,0.08
2019-08-13 13:00:00,18.50,20.28,0.08
2019-08-13 15:00:00,18.50,19.14,0.08
2019-08-13 17:00:00,18.49,18.83,0.08
2019-08-13 19:00:00,18.40,18.70,0.08
2019-08-13 23:00:00,18.47,18.57,0.08
2019-08-14 01:00:00,18.40,18.63,0.08
2019-08-14 03:00:00,18.42,18.58,0.08
2019-08-14 05:00:00,18.42,18.53,0.08
2019-08-14 07:00:00,18.49,18.75,0.08
2019-08-14 09:00:00,18.69,19.26,0.08
2019-08-14 11:00:00,19.14,19.68,0.08
2019-08-14 13:00:00,19.39,20.15,0.08
2019-08-14 15:00:00,20.05,20.89,0.08
2019-08-14 17:00:00,20.19,20.89,0.08
2019-08-14 19:00:00,20.29,21.14,0.08
2019-08-14 23:00:00,20.25,20.74,0.08
2019-08-15 01:00:00,20.09,20.31,0.08
2019-08-15 03:00:00,20.14,20.41,0.08
2019-08-15 05:00:00,19.91,20.24,0.08
2019-08-15 07:00:00,19.96,20.40,0.08
2019-08-15 09:00:00,20.24,21.49,0.08
2019-08-15 11:00:00,20.08,21.16,0.08
2019-08-15 13:00:00,20.33,21.05,0.08
2019-08-15 15:00:00,20.29,20.83,0.08
2019-08-15 17:00:00,20.50,21.38,0.08
2019-08-15 19:00:00,20.36,20.73,0.08
2019-08-15 23:00:00,20.23,20.55,0.08
2019-08-16 01:00:00,20.17,20.33,0.08
2019-08-16 03:00:00,20.07,20.23,0.08
2019-08-16 05:00:00,20.02,20.18,0.08
2019-08-16 07:00:00,19.69,20.18,0.08
2019-08-16 09:00:00,19.69,19.86,0.08
2019-08-16 11:00:00,19.75,20.05,0.08
2019-08-16 13:00:00,19.50,20.16,0.08
2019-08-16 15:00:00,19.44,19.74,0.08
2019-08-16 17:00:00,19.50,19.66,0.08
2019-08-16 19:00:00,19.28,19.54,0.08
2019-08-18 21:00:00,19.01,19.11,0.08
2019-08-18 23:00:00,19.01,19.11,0.08
2019-08-19 01:00:00,18.96,19.06,0.08
2019-08-19 05:00:00,18.76,19.01,0.08
2019-08-19 07:00:00,18.71,18.86,0.08
2019-08-19 09:00:00,18.56,18.76,0.08
2019-08-19 11:00:00,18.41,18.66,0.08
2019-08-19 13:00:00,18.46,18.67,0.08
2019-08-19 15:00:00,18.32,18.52,0.08
2019-08-19 17:00:00,18.12,18.37,0.08
2019-08-19 19:00:00,17.97,18.22,0.08
2019-08-19 23:00:00,18.08,18.33,0.08
2019-08-20 01:00:00,18.13,18.38,0.08
2019-08-20 03:00:00,18.08,18.13,0.08
2019-08-20 05:00:00,17.98,18.13,0.08
2019-08-20 07:00:00,17.98,18.13,0.08
2019-08-20 09:00:00,18.08,18.23,0.08
2019-08-20 11:00:00,18.08,18.28,0.08
2019-08-20 13:00:00,18.13,18.53,0.08
2019-08-20 15:00:00,18.08,18.33,0.08
2019-08-20 17:00:00,18.13,18.58,0.08
2019-08-20 19:00:00,18.33,18.63,0.08
2019-08-20 23:00:00,18.33,18.51,0.08
2019-08-21 01:00:00,18.29,18.44,0.08
2019-08-21 03:00:00,18.29,18.39,0.08
2019-08-21 05:00:00,18.19,18.31,0.08
2019-08-21 07:00:00,17.85,18.26,0.08
2019-08-21 09:00:00,17.85,17.95,0.08
2019-08-21 11:00:00,17.70,17.99,0.08
2019-08-21 13:00:00,17.55,17.90,0.08
2019-08-21 15:00:00,17.65,17.80,0.08
2019-08-21 17:00:00,17.66,17.81,0.08
2019-08-21 19:00:00,17.37,17.76,0.08
2019-08-21 23:00:00,17.37,17.52,0.08
2019-08-22 01:00:00,17.47,17.61,0.08
2019-08-22 03:00:00,17.56,17.62,0.08
2019-08-22 05:00:00,17.57,17.67,0.08
2019-08-22 07:00:00,17.38,17.71,0.08
2019-08-22 09:00:00,17.62,17.81,0.08
2019-08-22 11:00:00,17.38,17.74,0.08
2019-08-22 13:00:00,17.38,18.40,0.08
2019-08-22 15:00:00,17.87,18.35,0.08
2019-08-22 17:00:00,17.82,18.11,0.08
2019-08-22 19:00:00,17.77,18.07,0.08
2019-08-22 23:00:00,17.77,17.96,0.08
2019-08-23 01:00:00,17.68,17.86,0.08
2019-08-23 03:00:00,17.68,17.77,0.08
2019-08-23 05:00:00,17.68,17.77,0.08
2019-08-23 07:00:00,17.63,17.77,0.08
2019-08-23 09:00:00,17.68,17.82,0.08
2019-08-23 11:00:00,17.73,18.64,0.08
2019-08-23 13:00:00,17.73,18.74,0.08
2019-08-23 15:00:00,17.98,19.92,0.08
2019-08-23 17:00:00,19.60,20.03,0.08
2019-08-23 19:00:00,19.65,20.51,0.08
2019-08-25 21:00:00,20.51,20.99,0.08
2019-08-25 23:00:00,20.06,20.76,0.08
2019-08-26 01:00:00,19.69,20.25,0.08
2019-08-26 03:00:00,19.78,20.01,0.08
2019-08-26 05:00:00,19.45,20.15,0.08
2019-08-26 07:00:00,19.04,19.84,0.08
2019-08-26 09:00:00,18.86,19.50,0.08
2019-08-26 11:00:00,18.98,19.45,0.08
2019-08-26 13:00:00,19.08,20.13,0.08
2019-08-26 15:00:00,19.55,19.94,0.08
2019-08-26 17:00:00,19.58,19.95,0.08
2019-08-26 19:00:00,19.35,19.99,0.08
2019-08-26 23:00:00,19.48,19.65,0.08
2019-08-27 01:00:00,19.33,19.60,0.08
2019-08-27 03:00:00,19.33,19.46,0.08
2019-08-27 05:00:00,19.44,19.74,0.08
2019-08-27 07:00:00,19.60,19.84,0.08
2019-08-27 09:00:00,19.38,19.74,0.08
2019-08-27 11:00:00,19.15,19.38,0.08
2019-08-27 13:00:00,19.14,19.66,0.08
2019-08-27 15:00:00,19.49,20.42,0.08
2019-08-27 17:00:00,19.81,20.41,0.08
2019-08-27 19:00:00,19.71,20.13,0.08
2019-08-27 23:00:00,19.68,20.00,0.08
2019-08-28 01:00:00,19.68,19.91,0.08
2019-08-28 03:00:00,19.69,19.83,0.08
2019-08-28 05:00:00,19.69,19.78,0.08
2019-08-28 07:00:00,19.76,20.15,0.08
2019-08-28 09:00:00,19.93,20.15,0.08
2019-08-28 11:00:00,20.01,20.50,0.08
2019-08-28 13:00:00,19.94,20.68,0.08
2019-08-28 15:00:00,19.72,20.11,0.08
2019-08-28 17:00:00,19.59,19.96,0.08
2019-08-28 19:00:00,19.45,19.86,0.08
2019-08-28 23:00:00,19.49,19.62,0.08
2019-08-29 01:00:00,19.61,19.89,0.08
2019-08-29 03:00:00,19.71,19.84,0.08
2019-08-29 05:00:00,19.63,19.76,0.08
2019-08-29 07:00:00,19.13,19.76,0.08
2019-08-29 09:00:00,18.95,19.14,0.08
2019-08-29 11:00:00,18.71,18.98,0.08
2019-08-29 13:00:00,18.63,19.11,0.08
2019-08-29 15:00:00,18.50,18.77,0.08
2019-08-29 17:00:00,18.53,18.67,0.08
2019-08-29 19:00:00,18.52,18.78,0.08
2019-08-29 23:00:00,18.72,18.85,0.08
2019-08-30 01:00:00,18.59,18.81,0.08
2019-08-30 03:00:00,18.59,18.64,0.08
2019-08-30 05:00:00,18.68,18.84,0.08
2019-08-30 07:00:00,18.37,18.81,0.08
2019-08-30 09:00:00,18.34,18.42,0.08
2019-08-30 11:00:00,18.34,18.47,0.08
2019-08-30 13:00:00,18.34,18.75,0.08
2019-08-30 15:00:00,18.72,19.27,0.08
2019-08-30 17:00:00,18.77,19.08,0.08
2019-08-30 19:00:00,18.74,19.11,0.08
2019-09-01 21:00:00,19.34,19.50,0.08
2019-09-01 23:00:00,19.14,19.40,0.08
2019-09-02 01:00:00,19.07,19.26,0.08
2019-09-02 03:00:00,19.14,19.27,0.08
2019-09-02 05:00:00,19.09,19.24,0.08
2019-09-02 07:00:00,19.07,19.21,0.08
2019-09-02 09:00:00,18.82,19.15,0.08
2019-09-02 11:00:00,18.82,19.02,0.08
2019-09-02 13:00:00,18.97,19.17,0.08
2019-09-02 15:00:00,19.00,19.17,0.08
2019-09-02 21:00:00,19.20,19.50,0.08
2019-09-02 23:00:00,19.25,19.40,0.08
2019-09-03 01:00:00,19.05,19.40,0.08
2019-09-03 03:00:00,19.13,19.26,0.08
2019-09-03 05:00:00,19.10,19.50,0.08
2019-09-03 07:00:00,19.25,19.63,0.08
2019-09-03 09:00:00,19.33,19.65,0.08
2019-09-03 11:00:00,19.24,19.50,0.08
2019-09-03 13:00:00,19.23,19.84,0.08
2019-09-03 15:00:00,19.37,19.74,0.08
2019-09-03 17:00:00,19.65,19.82,0.08
2019-09-03 19:00:00,19.53,19.85,0.08
2019-09-03 23:00:00,19.48,19.55,0.08
2019-09-04 01:00:00,19.31,19.50,0.08
2019-09-04 03:00:00,19.11,19.36,0.08
2019-09-04 05:00:00,18.94,19.18,0.08
2019-09-04 07:00:00,18.79,19.06,0.08
2019-09-04 09:00:00,18.85,18.97,0.08
2019-09-04 11:00:00,18.83,18.95,0.08
2019-09-04 13:00:00,18.80,19.24,0.08
2019-09-04 15:00:00,18.77,18.99,0.08
2019-09-04 17:00:00,18.71,18.92,0.08
2019-09-04 19:00:00,18.42,18.75,0.08
2019-09-04 23:00:00,18.30,18.54,0.08
2019-09-05 01:00:00,17.89,18.42,0.08
2019-09-05 03:00:00,17.96,18.08,0.08
2019-09-05 05:00:00,17.91,18.25,0.08
2019-09-05 07:00:00,18.09,18.33,0.08
2019-09-05 09:00:00,18.02,18.19,0.08
2019-09-05 11:00:00,18.04,18.11,0.08
2019-09-05 13:00:00,17.73,18.09,0.08
2019-09-05 15:00:00,17.63,17.90,0.08
2019-09-05 17:00:00,17.76,17.93,0.08
2019-09-05 19:00:00,17.67,17.97,0.08
2019-09-05 23:00:00,17.73,17.85,0.08
2019-09-06 01:00:00,17.74,17.88,0.08
2019-09-06 03:00:00,17.81,17.88,0.08
2019-09-06 05:00:00,17.81,17.93,0.08
2019-09-06 07:00:00,17.76,17.91,0.08
2019-09-06 09:00:00,17.70,17.79,0.08
2019-09-06 11:00:00,17.53,17.72,0.08
2019-09-06 13:00:00,17.54,17.77,0.08
2019-09-06 15:00:00,17.52,17.69,0.08
2019-09-06 17:00:00,17.37,17.59,0.08
2019-09-06 19:00:00,17.19,17.41,0.08
2019-09-08 21:00:00,17.28,17.38,0.08
2019-09-08 23:00:00,17.27,17.40,0.08
2019-09-09 01:00:00,17.27,17.39,0.08
2019-09-09 03:00:00,17.33,17.39,0.08
2019-09-09 05:00:00,17.33,17.38,0.08
2019-09-09 07:00:00,17.33,17.44,0.08
2019-09-09 09:00:00,17.24,17.29,0.08
2019-09-09 11:00:00,17.18,17.24,0.08
2019-09-09 13:00:00,17.12,17.35,0.08
2019-09-09 15:00:00,17.17,17.78,0.08
2019-09-09 17:00:00,17.53,17.73,0.08
2019-09-09 19:00:00,17.31,17.64,0.08
2019-09-09 23:00:00,17.25,17.35,0.08
2019-09-10 01:00:00,17.27,17.53,0.08
2019-09-10 03:00:00,17.48,17.55,0.08
2019-09-10 05:00:00,17.54,17.65,0.08
2019-09-10 07:00:00,17.49,17.83,0.08
2019-09-10 09:00:00,17.60,17.82,0.08
2019-09-10 11:00:00,17.54,17.70,0.08
2019-09-10 13:00:00,17.50,17.85,0.08
2019-09-10 15:00:00,17.30,17.69,0.08
2019-09-10 17:00:00,17.34,17.65,0.08
2019-09-10 19:00:00,17.32,17.60,0.08
2019-09-10 23:00:00,17.43,17.49,0.08
2019-09-11 01:00:00,17.44,17.50,0.08
2019-09-11 03:00:00,17.24,17.40,0.08
2019-09-11 05:00:00,17.29,17.44,0.08
2019-09-11 07:00:00,17.29,17.45,0.08
2019-09-11 09:00:00,17.36,17.46,0.08
2019-09-11 11:00:00,17.34,17.46,0.08
2019-09-11 13:00:00,17.08,17.41,0.08
2019-09-11 15:00:00,17.05,17.18,0.08
2019-09-11 17:00:00,17.06,17.22,0.08
2019-09-11 19:00:00,16.99,17.24,0.08
2019-09-11 23:00:00,16.83,17.06,0.08
2019-09-12 01:00:00,16.89,17.01,0.08
2019-09-12 03:00:00,16.90,17.01,0.08
2019-09-12 05:00:00,16.96,17.08,0.08
2019-09-12 07:00:00,17.01,17.13,0.08
2019-09-12 09:00:00,17.08,17.15,0.08
2019-09-12 11:00:00,16.91,17.21,0.08
2019-09-12 13:00:00,16.68,17.11,0.08
2019-09-12 15:00:00,16.68,17.06,0.08
2019-09-12 17:00:00,16.67,16.78,0.08
2019-09-12 19:00:00,16.63,16.80,0.08
2019-09-12 23:00:00,16.69,16.78,0.08
2019-09-13 01:00:00,16.69,16.75,0.08
2019-09-13 03:00:00,16.66,16.70,0.08
2019-09-13 05:00:00,16.66,16.71,0.08
2019-09-13 07:00:00,16.55,16.71,0.08
2019-09-13 09:00:00,16.55,16.66,0.08
2019-09-13 11:00:00,16.51,16.71,0.08
2019-09-13 13:00:00,16.46,16.79,0.08
2019-09-13 15:00:00,16.45,16.66,0.08
2019-09-13 17:00:00,16.57,16.77,0.08
2019-09-13 19:00:00,16.56,16.83,0.08
2019-09-15 21:00:00,16.95,17.25,0.08
2019-09-15 23:00:00,17.05,17.36,0.08
2019-09-16 01:00:00,17.26,17.36,0.08
2019-09-16 03:00:00,17.21,17.32,0.08
2019-09-16 05:00:00,17.17,17.32,0.08
2019-09-16 07:00:00,17.12,17.28,0.08
2019-09-16 09:00:00,17.18,17.34,0.08
2019-09-16 11:00:00,17.09,17.29,0.08
2019-09-16 13:00:00,16.85,17.25,0.08
2019-09-16 15:00:00,16.90,17.16,0.08
2019-09-16 17:00:00,16.96,17.16,0.08
2019-09-16 19:00:00,16.96,17.27,0.08
2019-09-16 23:00:00,17.18,17.23,0.08
2019-09-17 01:00:00,17.18,17.35,0.08
2019-09-17 03:00:00,17.28,17.33,0.08
2019-09-17 05:00:00,17.28,17.38,0.08
2019-09-17 07:00:00,17.21,17.38,0.08
2019-09-17 09:00:00,17.29,17.39,0.08
2019-09-17 11:00:00,17.24,17.39,0.08
2019-09-17 13:00:00,17.19,17.39,0.08
2019-09-17 15:00:00,17.19,17.45,0.08
2019-09-17 17:00:00,17.30,17.40,0.08
2019-09-17 19:00:00,17.10,17.35,0.08
2019-09-17 23:00:00,17.11,17.16,0.08
2019-09-18 01:00:00,17.16,17.21,0.08
2019-09-18 03:00:00,17.16,17.26,0.08
2019-09-18 05:00:00,17.21,17.26,0.08
2019-09-18 07:00:00,17.17,17.22,0.08
2019-09-18 09:00:00,17.17,17.22,0.08
2019-09-18 11:00:00,17.02,17.22,0.08
2019-09-18 13:00:00,16.93,17.17,0.08
2019-09-18 15:00:00,16.93,17.13,0.08
2019-09-18 17:00:00,16.89,17.43,0.08
2019-09-18 19:00:00,16.45,17.18,0.08
2019-09-18 23:00:00,16.51,16.61,0.08
2019-09-19 01:00:00,16.51,16.71,0.08
2019-09-19 03:00:00,16.66,16.81,0.08
2019-09-19 05:00:00,16.72,16.81,0.08
2019-09-19 07:00:00,16.57,16.96,0.08
2019-09-19 09:00:00,16.62,16.77,0.08
2019-09-19 11:00:00,16.38,16.72,0.08
2019-09-19 13:00:00,16.14,16.44,0.08
2019-09-19 15:00:00,16.10,16.40,0.08
2019-09-19 17:00:00,16.20,16.46,0.08
2019-09-19 19:00:00,16.31,16.51,0.08
2019-09-19 23:00:00,16.32,16.47,0.08
2019-09-20 01:00:00,16.37,16.42,0.08
2019-09-20 03:00:00,16.37,16.38,0.08
2019-09-20 05:00:00,16.33,16.47,0.08
2019-09-20 07:00:00,16.28,16.38,0.08
2019-09-20 09:00:00,16.24,16.34,0.08
2019-09-20 11:00:00,16.24,16.34,0.08
2019-09-20 13:00:00,16.19,16.49,0.08
2019-09-20 15:00:00,16.25,16.61,0.08
2019-09-20 17:00:00,16.55,17.42,0.08
2019-09-20 19:00:00,16.90,17.48,0.08
2019-09-22 21:00:00,16.98,17.25,0.08
2019-09-22 23:00:00,16.98,17.08,0.08
2019-09-23 01:00:00,16.99,17.13,0.08
2019-09-23 03:00:00,17.04,17.09,0.08
2019-09-23 05:00:00,17.00,17.11,0.08
2019-09-23 07:00:00,16.98,17.57,0.08
2019-09-23 09:00:00,17.18,17.55,0.08
2019-09-23 11:00:00,17.23,17.43,0.08
2019-09-23 13:00:00,17.15,17.47,0.08
2019-09-23 15:00:00,17.03,17.30,0.08
2019-09-23 17:00:00,17.03,17.13,0.08
2019-09-23 19:00:00,16.98,17.28,0.08
2019-09-23 23:00:00,16.85,17.02,0.08
2019-09-24 01:00:00,16.85,16.96,0.08
2019-09-24 03:00:00,16.86,17.00,0.08
2019-09-24 05:00:00,16.86,17.00,0.08
2019-09-24 07:00:00,16.86,16.92,0.08
2019-09-24 09:00:00,16.78,16.87,0.08
2019-09-24 11:00:00,16.77,16.91,0.08
2019-09-24 13:00:00,16.83,17.24,0.08
2019-09-24 15:00:00,17.20,18.21,0.08
2019-09-24 17:00:00,17.40,18.18,0.08
2019-09-24 19:00:00,17.74,18.20,0.08
2019-09-24 23:00:00,17.82,18.04,0.08
2019-09-25 01:00:00,17.77,17.96,0.08
2019-09-25 03:00:00,17.79,17.88,0.08
2019-09-25 05:00:00,17.83,18.01,0.08
2019-09-25 07:00:00,17.91,18.34,0.08
2019-09-25 09:00:00,18.15,18.37,0.08
2019-09-25 11:00:00,18.10,18.29,0.08
2019-09-25 13:00:00,17.92,18.68,0.08
2019-09-25 15:00:00,17.81,18.16,0.08
2019-09-25 17:00:00,17.71,18.01,0.08
2019-09-25 19:00:00,17.57,17.84,0.08
2019-09-25 23:00:00,17.60,17.73,0.08
2019-09-26 01:00:00,17.68,17.77,0.08
2019-09-26 03:00:00,17.72,17.77,0.08
2019-09-26 05:00:00,17.72,17.86,0.08
2019-09-26 07:00:00,17.41,17.81,0.08
2019-09-26 09:00:00,17.45,17.55,0.08
2019-09-26 11:00:00,17.50,17.70,0.08
2019-09-26 13:00:00,17.65,18.15,0.08
2019-09-26 15:00:00,17.92,18.22,0.08
2019-09-26 17:00:00,17.81,18.19,0.08
2019-09-26 19:00:00,17.71,18.06,0.08
2019-09-26 23:00:00,17.87,18.00,0.08
2019-09-27 01:00:00,17.92,18.09,0.08
2019-09-27 03:00:00,17.96,18.01,0.08
2019-09-27 05:00:00,17.78,17.94,0.08
2019-09-27 07:00:00,17.65,17.86,0.08
2019-09-27 09:00:00,17.56,17.74,0.08
2019-09-27 11:00:00,17.61,17.76,0.08
2019-09-27 13:00:00,17.63,18.02,0.08
2019-09-27 15:00:00,17.60,18.54,0.08
2019-09-27 17:00:00,18.26,18.90,0.08
2019-09-27 19:00:00,18.29,18.77,0.08
2019-09-29 21:00:00,18.13,18.44,0.08
2019-09-29 23:00:00,18.24,18.35,0.08
2019-09-30 01:00:00,18.09,18.27,0.08
2019-09-30 03:00:00,18.09,18.22,0.08
2019-09-30 05:00:00,18.10,18.27,0.08
2019-09-30 07:00:00,18.05,18.23,0.08
2019-09-30 09:00:00,18.05,18.21,0.08
2019-09-30 11:00:00,18.13,18.41,0.08
2019-09-30 13:00:00,17.99,18.42,0.08
2019-09-30 15:00:00,17.84,18.11,0.08
2019-09-30 17:00:00,17.81,17.97,0.08
2019-09-30 19:00:00,17.70,18.07,0.08
2019-09-30 23:00:00,17.63,17.75,0.08
2019-10-01 01:00:00,17.48,17.60,0.08
2019-10-01 03:00:00,17.51,17.57,0.08
2019-10-01 05:00:00,17.49,17.59,0.08
2019-10-01 07:00:00,17.44,17.74,0.08
2019-10-01 09:00:00,17.62,17.75,0.08
2019-10-01 11:00:00,17.58,17.82,0.08
2019-10-01 13:00:00,17.50,18.34,0.08
2019-10-01 15:00:00,18.15,18.67,0.08
2019-10-01 17:00:00,18.45,18.72,0.08
2019-10-01 19:00:00,18.48,18.97,0.08
2019-10-01 23:00:00,18.53,18.76,0.08
2019-10-02 01:00:00,18.58,18.69,0.08
2019-10-02 03:00:00,18.59,18.69,0.08
2019-10-02 05:00:00,18.63,18.80,0.08
2019-10-02 07:00:00,18.71,19.28,0.08
2019-10-02 09:00:00,19.11,19.40,0.08
2019-10-02 11:00:00,19.11,19.39,0.08
2019-10-02 13:00:00,19.30,20.02,0.08
2019-10-02 15:00:00,19.75,20.29,0.08
2019-10-02 17:00:00,19.68,20.27,0.08
2019-10-02 19:00:00,19.59,20.18,0.08
2019-10-02 23:00:00,19.76,19.93,0.08
2019-10-03 01:00:00,19.62,19.81,0.08
2019-10-03 03:00:00,19.65,19.79,0.08
2019-10-03 05:00:00,19.62,19.91,0.08
2019-10-03 07:00:00,19.58,19.79,0.08
2019-10-03 09:00:00,19.63,19.84,0.08
2019-10-03 11:00:00,19.74,20.04,0.08
2019-10-03 13:00:00,19.82,20.55,0.08
2019-10-03 15:00:00,19.45,20.04,0.08
2019-10-03 17:00:00,19.39,19.63,0.08
2019-10-03 19:00:00,19.17,19.66,0.08
2019-10-03 23:00:00,19.23,19.41,0.08
2019-10-04 01:00:00,19.29,19.39,0.08
2019-10-04 03:00:00,19.27,19.39,0.08
2019-10-04 05:00:00,19.15,19.46,0.08
2019-10-04 07:00:00,19.34,19.55,0.08
2019-10-04 09:00:00,19.48,19.70,0.08
2019-10-04 11:00:00,19.01,19.62,0.08
2019-10-04 13:00:00,18.78,19.21,0.08
2019-10-04 15:00:00,18.73,19.02,0.08
2019-10-04 17:00:00,18.47,18.78,0.08
2019-10-04 19:00:00,18.25,18.52,0.08
2019-10-06 21:00:00,18.63,18.75,0.08
2019-10-06 23:00:00,18.51,18.73,0.08
2019-10-07 01:00:00,18.62,18.79,0.08
2019-10-07 03:00:00,18.58,18.66,0.08
2019-10-07 05:00:00,18.58,18.64,0.08
2019-10-07 07:00:00,18.58,18.75,0.08
2019-10-07 09:00:00,18.58,18.73,0.08
2019-10-07 11:00:00,18.60,18.70,0.08
2019-10-07 13:00:00,18.39,18.81,0.08
2019-10-07 15:00:00,18.25,18.44,0.08
2019-10-07 17:00:00,18.15,18.76,0.08
2019-10-07 19:00:00,18.42,18.72,0.08
2019-10-07 23:00:00,18.48,18.64,0.08
2019-10-08 01:00:00,18.37,18.53,0.08
2019-10-08 03:00:00,18.31,18.37,0.08
2019-10-08 05:00:00,18.36,18.43,0.08
2019-10-08 07:00:00,18.43,18.71,0.08
2019-10-08 09:00:00,18.65,19.13,0.08
2019-10-08 11:00:00,19.07,19.32,0.08
2019-10-08 13:00:00,19.02,19.58,0.08
2019-10-08 15:00:00,19.16,19.61,0.08
2019-10-08 17:00:00,19.04,19.43,0.08
2019-10-08 19:00:00,19.21,20.07,0.08
2019-10-08 23:00:00,19.63,20.02,0.08
2019-10-09 01:00:00,19.53,19.66,0.08
2019-10-09 03:00:00,19.57,19.74,0.08
2019-10-09 05:00:00,19.63,19.80,0.08
2019-10-09 07:00:00,19.53,19.79,0.08
2019-10-09 09:00:00,19.24,19.58,0.08
2019-10-09 11:00:00,19.28,19.54,0.08
2019-10-09 13:00:00,19.28,19.71,0.08
2019-10-09 15:00:00,19.26,19.55,0.08
2019-10-09 17:00:00,19.07,19.40,0.08
2019-10-09 19:00:00,18.92,19.35,0.08
2019-10-09 23:00:00,19.28,20.00,0.08
2019-10-10 01:00:00,19.21,19.77,0.08
2019-10-10 03:00:00,19.38,19.53,0.08
2019-10-10 05:00:00,19.38,19.53,0.08
2019-10-10 07:00:00,19.33,19.71,0.08
2019-10-10 09:00:00,19.27,19.49,0.08
2019-10-10 11:00:00,19.29,19.56,0.08
2019-10-10 13:00:00,18.66,19.40,0.08
2019-10-10 15:00:00,18.65,18.98,0.08
2019-10-10 17:00:00,18.70,19.08,0.08
2019-10-10 19:00:00,18.38,18.98,0.08
2019-10-10 23:00:00,18.50,18.66,0.08
2019-10-11 01:00:00,18.50,18.65,0.08
2019-10-11 03:00:00,18.44,18.55,0.08
2019-10-11 05:00:00,18.39,18.56,0.08
2019-10-11 07:00:00,18.18,18.56,0.08
2019-10-11 09:00:00,18.11,18.23,0.08
2019-10-11 11:00:00,18.12,18.24,0.08
2019-10-11 13:00:00,17.79,18.19,0.08
2019-10-11 15:00:00,17.77,18.25,0.08
2019-10-11 17:00:00,17.53,17.96,0.08
2019-10-11 19:00:00,17.39,17.83,0.08
2019-10-13 21:00:00,17.79,17.95,0.08
2019-10-13 23:00:00,17.70,17.90,0.08
2019-10-14 01:00:00,17.80,18.08,0.08
2019-10-14 03:00:00,17.76,17.86,0.08
2019-10-14 05:00:00,17.77,17.87,0.08
2019-10-14 07:00:00,17.77,18.03,0.08
2019-10-14 09:00:00,17.93,18.24,0.08
2019-10-14 11:00:00,17.89,18.04,0.08
2019-10-14 13:00:00,17.64,18.05,0.08
2019-10-14 15:00:00,17.55,17.65,0.08
2019-10-14 17:00:00,17.51,17.65,0.08
2019-10-14 19:00:00,17.27,17.56,0.08
2019-10-14 23:00:00,17.23,17.38,0.08
2019-10-15 01:00:00,17.23,17.33,0.08
2019-10-15 03:00:00,17.23,17.28,0.08
2019-10-15 05:00:00,17.08,17.28,0.08
2019-10-15 07:00:00,17.13,17.23,0.08
2019-10-15 09:00:00,17.13,17.28,0.08
2019-10-15 11:00:00,17.13,17.28,0.08
2019-10-15 13:00:00,16.74,17.09,0.08
2019-10-15 15:00:00,16.74,16.94,0.08
2019-10-15 17:00:00,16.84,16.94,0.08
2019-10-15 19:00:00,16.84,17.04,0.08
2019-10-15 23:00:00,16.99,17.24,0.08
2019-10-16 01:00:00,17.19,17.29,0.08
2019-10-16 03:00:00,17.20,17.34,0.08
2019-10-16 05:00:00,17.10,17.34,0.08
2019-10-16 07:00:00,17.10,17.29,0.08
2019-10-16 09:00:00,17.05,17.34,0.08
2019-10-16 11:00:00,16.95,17.20,0.08
2019-10-16 13:00:00,16.81,17.20,0.08
2019-10-16 15:00:00,16.81,17.01,0.08
2019-10-16 17:00:00,16.82,17.01,0.08
2019-10-16 19:00:00,16.72,16.92,0.08
2019-10-16 23:00:00,16.82,16.97,0.08
2019-10-17 01:00:00,16.82,16.92,0.08
2019-10-17 03:00:00,16.82,16.87,0.08
2019-10-17 05:00:00,16.87,16.97,0.08
2019-10-17 07:00:00,16.73,16.92,0.08
2019-10-17 09:00:00,16.53,16.82,0.08
2019-10-17 11:00:00,16.58,16.73,0.08
2019-10-17 13:00:00,16.49,16.73,0.08
2019-10-17 15:00:00,16.59,16.84,0.08
2019-10-17 17:00:00,16.54,16.74,0.08
2019-10-17 19:00:00,16.59,16.79,0.08
2019-10-17 23:00:00,16.69,16.79,0.08
2019-10-18 01:00:00,16.65,16.84,0.08
2019-10-18 03:00:00,16.75,16.85,0.08
2019-10-18 05:00:00,16.80,16.97,0.08
2019-10-18 07:00:00,16.75,16.99,0.08
2019-10-18 09:00:00,16.75,16.85,0.08
2019-10-18 11:00:00,16.71,16.80,0.08
2019-10-18 13:00:00,16.61,16.91,0.08
2019-10-18 15:00:00,16.67,17.16,0.08
2019-10-18 17:00:00,16.67,16.87,0.08
2019-10-18 19:00:00,16.58,16.82,0.08
2019-10-20 21:00:00,16.78,16.97,0.08
2019-10-20 23:00:00,16.68,16.82,0.08
2019-10-21 01:00:00,16.59,16.72,0.08
2019-10-21 03:00:00,16.64,16.64,0.08
2019-10-21 05:00:00,16.69,16.73,0.08
2019-10-21 07:00:00,16.59,16.74,0.08
2019-10-21 09:00:00,16.59,16.69,0.08
2019-10-21 11:00:00,16.50,16.64,0.08
2019-10-21 13:00:00,16.46,16.69,0.08
2019-10-21 15:00:00,16.43,16.56,0.08
2019-10-21 17:00:00,16.43,16.48,0.08
2019-10-21 19:00:00,16.30,16.48,0.08
2019-10-21 23:00:00,16.21,16.34,0.08
2019-10-22 01:00:00,16.21,16.25,0.08
2019-10-22 03:00:00,16.21,16.25,0.08
2019-10-22 05:00:00,16.25,16.34,0.08
2019-10-22 07:00:00,16.31,16.50,0.08
2019-10-22 09:00:00,16.36,16.45,0.08
2019-10-22 11:00:00,16.26,16.41,0.08
2019-10-22 13:00:00,16.26,16.42,0.08
2019-10-22 15:00:00,16.23,16.47,0.08
2019-10-22 17:00:00,16.24,16.61,0.08
2019-10-22 19:00:00,16.42,16.85,0.08
2019-10-22 23:00:00,16.82,17.04,0.08
2019-10-23 01:00:00,16.82,17.00,0.08
2019-10-23 03:00:00,16.90,17.00,0.08
2019-10-23 05:00:00,16.81,16.90,0.08
2019-10-23 07:00:00,16.68,16.86,0.08
2019-10-23 09:00:00,16.68,16.96,0.08
2019-10-23 11:00:00,16.77,17.01,0.08
2019-10-23 13:00:00,16.55,16.82,0.08
2019-10-23 15:00:00,16.51,16.61,0.08
2019-10-23 17:00:00,16.51,16.75,0.08
2019-10-23 19:00:00,16.47,16.77,0.08
2019-10-23 23:00:00,16.42,16.51,0.08
2019-10-24 01:00:00,16.42,16.52,0.08
2019-10-24 03:00:00,16.46,16.48,0.08
2019-10-24 05:00:00,16.38,16.52,0.08
2019-10-24 07:00:00,16.33,16.52,0.08
2019-10-24 09:00:00,16.33,16.44,0.08
2019-10-24 11:00:00,16.37,16.46,0.08
2019-10-24 13:00:00,16.34,16.71,0.08
2019-10-24 15:00:00,16.36,16.59,0.08
2019-10-24 17:00:00,16.37,16.51,0.08
2019-10-24 19:00:00,16.30,16.46,0.08
2019-10-24 23:00:00,16.36,16.46,0.08
2019-10-25 01:00:00,16.32,16.46,0.08
2019-10-25 03:00:00,16.37,16.41,0.08
2019-10-25 05:00:00,16.33,16.38,0.08
2019-10-25 07:00:00,16.28,16.37,0.08
2019-10-25 09:00:00,16.32,16.37,0.08
2019-10-25 11:00:00,16.32,16.46,0.08
2019-10-25 13:00:00,16.16,16.42,0.08
2019-10-25 15:00:00,15.99,16.17,0.08
2019-10-25 17:00:00,15.91,16.02,0.08
2019-10-25 19:00:00,15.81,15.94,0.08
2019-10-27 22:00:00,15.83,15.97,0.08
2019-10-28 00:00:00,15.92,15.98,0.08
2019-10-28 02:00:00,15.89,15.95,0.08
2019-10-28 04:00:00,15.89,15.98,0.08
2019-10-28 06:00:00,15.90,15.98,0.08
2019-10-28 08:00:00,15.85,15.98,0.08
2019-10-28 10:00:00,15.90,15.98,0.08
2019-10-28 12:00:00,15.81,16.01,0.08
2019-10-28 14:00:00,15.91,16.14,0.08
2019-10-28 16:00:00,16.01,16.12,0.08
2019-10-28 18:00:00,15.97,16.11,0.08
2019-10-28 20:00:00,16.05,16.18,0.08
2019-10-29 00:00:00,16.09,16.14,0.08
2019-10-29 02:00:00,16.14,16.19,0.08
2019-10-29 04:00:00,16.17,16.20,0.08
2019-10-29 06:00:00,16.18,16.23,0.08
2019-10-29 08:00:00,16.23,16.41,0.08
2019-10-29 10:00:00,16.36,16.44,0.08
2019-10-29 12:00:00,16.08,16.42,0.08
2019-10-29 14:00:00,16.03,16.34,0.08
2019-10-29 16:00:00,16.08,16.36,0.08
2019-10-29 18:00:00,16.09,16.22,0.08
2019-10-29 20:00:00,16.11,16.19,0.08
2019-10-30 00:00:00,16.17,16.22,0.08
2019-10-30 02:00:00,16.17,16.22,0.08
2019-10-30 04:00:00,16.21,16.21,0.08
2019-10-30 06:00:00,16.18,16.18,0.08
2019-10-30 08:00:00,16.18,16.26,0.08
2019-10-30 10:00:00,16.19,16.27,0.08
2019-10-30 12:00:00,16.14,16.30,0.08
2019-10-30 14:00:00,16.10,16.51,0.08
2019-10-30 16:00:00,16.18,16.30,0.08
2019-10-30 18:00:00,15.75,16.28,0.08
2019-10-30 20:00:00,15.63,15.78,0.08
2019-10-31 00:00:00,15.69,15.74,0.08
2019-10-31 02:00:00,15.69,15.77,0.08
2019-10-31 04:00:00,15.70,15.70,0.08
2019-10-31 06:00:00,15.70,15.75,0.08
2019-10-31 08:00:00,15.67,16.36,0.08
2019-10-31 10:00:00,16.08,16.28,0.08
2019-10-31 12:00:00,15.86,16.14,0.08
2019-10-31 14:00:00,16.04,16.37,0.08
2019-10-31 16:00:00,16.14,16.40,0.08
2019-10-31 18:00:00,16.07,16.38,0.08
2019-10-31 20:00:00,15.97,16.10,0.08
2019-11-01 00:00:00,15.88,16.06,0.08
2019-11-01 02:00:00,15.87,15.94,0.08
2019-11-01 04:00:00,15.84,15.89,0.08
2019-11-01 06:00:00,15.87,15.94,0.08
2019-11-01 08:00:00,15.87,15.95,0.08
2019-11-01 10:00:00,15.82,15.93,0.08
2019-11-01 12:00:00,15.58,15.93,0.08
2019-11-01 14:00:00,15.46,15.68,0.08
2019-11-01 16:00:00,15.44,15.58,0.08
2019-11-01 18:00:00,15.34,15.44,0.08
2019-11-01 20:00:00,15.32,15.42,0.08
2019-11-03 22:00:00,15.41,15.53,0.08
2019-11-04 00:00:00,15.39,15.44,0.08
2019-11-04 02:00:00,15.35,15.42,0.08
2019-11-04 04:00:00,15.37,15.40,0.08
2019-11-04 06:00:00,15.38,15.43,0.08
2019-11-04 08:00:00,15.28,15.43,0.08
2019-11-04 10:00:00,15.24,15.31,0.08
2019-11-04 12:00:00,15.27,15.32,0.08
2019-11-04 14:00:00,15.25,15.65,0.08
2019-11-04 16:00:00,15.44,15.62,0.08
2019-11-04 18:00:00,15.40,15.58,0.08
2019-11-04 20:00:00,15.48,15.65,0.08
2019-11-05 00:00:00,15.51,15.63,0.08
2019-11-05 02:00:00,15.53,15.60,0.08
2019-11-05 04:00:00,15.53,15.60,0.08
2019-11-05 06:00:00,15.54,15.61,0.08
2019-11-05 08:00:00,15.54,15.59,0.08
2019-11-05 10:00:00,15.54,15.69,0.08
2019-11-05 12:00:00,15.56,15.69,0.08
2019-11-05 14:00:00,15.57,15.86,0.08
2019-11-05 16:00:00,15.62,15.82,0.08
2019-11-05 18:00:00,15.66,15.78,0.08
2019-11-05 20:00:00,15.73,16.02,0.08
2019-11-06 00:00:00,16.00,16.07,0.08
2019-11-06 02:00:00,16.04,16.08,0.08
2019-11-06 04:00:00,16.03,16.06,0.08
2019-11-06 06:00:00,16.01,16.10,0.08
2019-11-06 08:00:00,15.92,16.14,0.08
2019-11-06 10:00:00,15.97,16.09,0.08
2019-11-06 12:00:00,15.88,16.02,0.08
2019-11-06 14:00:00,15.83,16.08,0.08
2019-11-06 16:00:00,15.88,16.18,0.08
2019-11-06 18:00:00,15.90,16.12,0.08
2019-11-06 20:00:00,15.76,16.02,0.08
2019-11-07 00:00:00,15.81,15.88,0.08
2019-11-07 02:00:00,15.82,15.89,0.08
2019-11-07 04:00:00,15.77,15.84,0.08
2019-11-07 06:00:00,15.54,15.77,0.08
2019-11-07 08:00:00,15.56,15.68,0.08
2019-11-07 10:00:00,15.59,15.65,0.08
2019-11-07 12:00:00,15.62,15.72,0.08
2019-11-07 14:00:00,15.60,15.79,0.08
2019-11-07 16:00:00,15.58,15.78,0.08
2019-11-07 18:00:00,15.61,15.80,0.08
2019-11-07 20:00:00,15.67,15.90,0.08
2019-11-08 00:00:00,15.69,15.84,0.08
2019-11-08 02:00:00,15.87,15.93,0.08
2019-11-08 04:00:00,15.88,16.00,0.08
2019-11-08 06:00:00,15.88,15.98,0.08
2019-11-08 08:00:00,15.86,15.92,0.08
2019-11-08 10:00:00,15.82,15.86,0.08
2019-11-08 12:00:00,15.76,15.94,0.08
2019-11-08 14:00:00,15.67,16.00,0.08
2019-11-08 16:00:00,15.56,15.80,0.08
2019-11-08 18:00:00,15.56,15.61,0.08
2019-11-08 20:00:00,15.48,15.55,0.08
2019-11-10 22:00:00,15.62,15.69,0.08
2019-11-11 00:00:00,15.73,15.84,0.08
2019-11-11 02:00:00,15.79,15.85,0.08
2019-11-11 04:00:00,15.85,15.86,0.08
2019-11-11 06:00:00,15.90,15.96,0.08
2019-11-11 08:00:00,15.80,15.97,0.08
2019-11-11 10:00:00,15.91,15.97,0.08
2019-11-11 12:00:00,15.87,15.93,0.08
2019-11-11 14:00:00,15.66,15.99,0.08
2019-11-11 16:00:00,15.50,15.72,0.08
2019-11-11 18:00:00,15.46,15.52,0.08
2019-11-11 20:00:00,15.47,15.69,0.08
2019-11-12 00:00:00,15.54,15.64,0.08
2019-11-12 02:00:00,15.59,15.60,0.08
2019-11-12 04:00:00,15.45,15.60,0.08
2019-11-12 06:00:00,15.45,15.50,0.08
2019-11-12 08:00:00,15.45,15.61,0.08
2019-11-12 10:00:00,15.50,15.56,0.08
2019-11-12 12:00:00,15.50,15.60,0.08
2019-11-12 14:00:00,15.33,15.53,0.08
2019-11-12 16:00:00,15.34,15.49,0.08
2019-11-12 18:00:00,15.34,15.61,0.08
2019-11-12 20:00:00,15.40,15.56,0.08
2019-11-13 00:00:00,15.60,15.66,0.08
2019-11-13 02:00:00,15.61,15.67,0.08
2019-11-13 04:00:00,15.62,15.72,0.08
2019-11-13 06:00:00,15.62,15.72,0.08
2019-11-13 08:00:00,15.58,15.85,0.08
2019-11-13 10:00:00,15.74,15.80,0.08
2019-11-13 12:00:00,15.59,15.79,0.08
2019-11-13 14:00:00,15.49,15.74,0.08
2019-11-13 16:00:00,15.44,15.64,0.08
2019-11-13 18:00:00,15.49,15.76,0.08
2019-11-13 20:00:00,15.50,15.60,0.08
2019-11-14 00:00:00,15.52,15.62,0.08
2019-11-14 02:00:00,15.52,15.67,0.08
2019-11-14 04:00:00,15.58,15.68,0.08
2019-11-14 06:00:00,15.63,15.71,0.08
2019-11-14 08:00:00,15.63,15.74,0.08
2019-11-14 10:00:00,15.53,15.68,0.08
2019-11-14 12:00:00,15.58,15.65,0.08
2019-11-14 14:00:00,15.48,15.69,0.08
2019-11-14 16:00:00,15.49,15.86,0.08
2019-11-14 18:00:00,15.51,15.72,0.08
2019-11-14 20:00:00,15.40,15.51,0.08
2019-11-15 00:00:00,15.21,15.41,0.08
2019-11-15 02:00:00,15.25,15.31,0.08
2019-11-15 06:00:00,15.26,15.32,0.08
2019-11-15 08:00:00,15.32,15.37,0.08
2019-11-15 10:00:00,15.32,15.38,0.08
2019-11-15 12:00:00,15.23,15.33,0.08
2019-11-15 14:00:00,15.13,15.28,0.08
2019-11-15 16:00:00,14.92,15.12,0.08
2019-11-15 18:00:00,14.88,14.98,0.08
2019-11-15 20:00:00,14.83,14.94,0.08
2019-11-17 22:00:00,15.06,15.12,0.08
2019-11-18 00:00:00,14.97,15.12,0.08
2019-11-18 02:00:00,14.82,14.95,0.08
2019-11-18 04:00:00,14.83,14.88,0.08
2019-11-18 06:00:00,14.68,14.83,0.08
2019-11-18 08:00:00,14.74,14.84,0.08
2019-11-18 10:00:00,14.79,14.84,0.08
2019-11-18 12:00:00,14.79,15.05,0.08
2019-11-18 14:00:00,14.95,15.16,0.08
2019-11-18 16:00:00,14.91,15.06,0.08
2019-11-18 18:00:00,14.91,14.96,0.08
2019-11-18 20:00:00,14.92,15.02,0.08
2019-11-19 00:00:00,14.93,15.08,0.08
2019-11-19 02:00:00,14.88,14.93,0.08
2019-11-19 04:00:00,14.84,14.89,0.08
2019-11-19 06:00:00,14.84,14.89,0.08
2019-11-19 08:00:00,14.79,14.85,0.08
2019-11-19 10:00:00,14.75,14.80,0.08
2019-11-19 12:00:00,14.83,14.96,0.08
2019-11-19 14:00:00,14.91,15.31,0.08
2019-11-19 16:00:00,14.96,15.21,0.08
2019-11-19 18:00:00,15.02,15.17,0.08
2019-11-19 20:00:00,15.02,15.27,0.08
2019-11-20 00:00:00,15.18,15.38,0.08
2019-11-20 02:00:00,15.33,15.38,0.08
2019-11-20 04:00:00,15.33,15.34,0.08
2019-11-20 06:00:00,15.29,15.47,0.08
2019-11-20 08:00:00,15.39,15.59,0.08
2019-11-20 10:00:00,15.50,15.60,0.08
2019-11-20 12:00:00,15.40,15.50,0.08
2019-11-20 14:00:00,15.11,15.45,0.08
2019-11-20 16:00:00,15.17,15.71,0.08
2019-11-20 18:00:00,15.42,15.96,0.08
2019-11-20 20:00:00,15.28,15.53,0.08
2019-11-21 00:00:00,15.44,15.83,0.08
2019-11-21 02:00:00,15.49,15.73,0.08
2019-11-21 04:00:00,15.45,15.64,0.08
2019-11-21 06:00:00,15.45,15.65,0.08
2019-11-21 08:00:00,15.51,15.75,0.08
2019-11-21 10:00:00,15.36,15.51,0.08
2019-11-21 12:00:00,15.28,15.47,0.08
2019-11-21 14:00:00,15.28,15.82,0.08
2019-11-21 16:00:00,15.43,15.68,0.08
2019-11-21 18:00:00,15.44,15.63,0.08
2019-11-21 20:00:00,15.40,15.64,0.08
2019-11-22 00:00:00,15.36,15.60,0.08
2019-11-22 02:00:00,15.41,15.47,0.08
2019-11-22 04:00:00,15.38,15.42,0.08
2019-11-22 06:00:00,15.43,15.48,0.08
2019-11-22 08:00:00,15.24,15.43,0.08
2019-11-22 10:00:00,15.33,15.44,0.08
2019-11-22 12:00:00,15.29,15.44,0.08
2019-11-22 14:00:00,15.20,15.45,0.08
2019-11-22 16:00:00,15.27,15.50,0.08
2019-11-22 18:00:00,15.27,15.36,0.08
2019-11-22 20:00:00,15.04,15.32,0.08
2019-11-24 22:00:00,15.08,15.13,0.08
2019-11-25 00:00:00,15.04,15.09,0.08
2019-11-25 02:00:00,15.04,15.05,0.08
2019-11-25 04:00:00,15.06,15.10,0.08
2019-11-25 06:00:00,15.02,15.07,0.08
2019-11-25 08:00:00,14.99,15.06,0.08
2019-11-25 10:00:00,15.03,15.07,0.08
2019-11-25 12:00:00,14.98,15.12,0.08
2019-11-25 14:00:00,14.80,14.99,0.08
2019-11-25 16:00:00,14.78,14.90,0.08
2019-11-25 18:00:00,14.70,14.78,0.08
2019-11-25 20:00:00,14.60,14.75,0.08
2019-11-26 00:00:00,14.38,14.62,0.08
2019-11-26 02:00:00,14.52,14.66,0.08
2019-11-26 04:00:00,14.63,14.72,0.08
2019-11-26 06:00:00,14.68,14.72,0.08
2019-11-26 08:00:00,14.64,14.82,0.08
2019-11-26 10:00:00,14.74,14.83,0.08
2019-11-26 12:00:00,14.69,14.79,0.08
2019-11-26 14:00:00,14.56,14.76,0.08
2019-11-26 16:00:00,14.50,14.72,0.08
2019-11-26 18:00:00,14.52,14.67,0.08
2019-11-26 20:00:00,14.50,14.63,0.08
2019-11-27 00:00:00,14.49,14.58,0.08
2019-11-27 02:00:00,14.45,14.55,0.08
2019-11-27 04:00:00,14.45,14.51,0.08
2019-11-27 06:00:00,14.48,14.51,0.08
2019-11-27 08:00:00,14.47,14.55,0.08
2019-11-27 10:00:00,14.47,14.58,0.08
2019-11-27 12:00:00,14.48,14.57,0.08
2019-11-27 14:00:00,14.49,14.59,0.08
2019-11-27 16:00:00,14.51,14.60,0.08
2019-11-27 18:00:00,14.51,14.57,0.08
2019-11-27 20:00:00,14.54,14.61,0.08
2019-11-28 22:00:00,14.81,14.86,0.08
2019-11-29 00:00:00,14.82,14.87,0.08
2019-11-29 02:00:00,14.87,14.96,0.08
2019-11-29 04:00:00,14.94,14.98,0.08
2019-11-29 06:00:00,14.94,15.01,0.08
2019-11-29 08:00:00,14.86,14.99,0.08
2019-11-29 10:00:00,14.87,14.93,0.08
2019-11-29 12:00:00,14.85,14.88,0.08
2019-11-29 14:00:00,14.81,14.96,0.08
2019-11-29 16:00:00,14.86,15.07,0.08
2019-11-29 18:00:00,14.94,15.02,0.08
2019-12-01 22:00:00,15.07,15.13,0.08
2019-12-02 00:00:00,14.92,15.07,0.08
2019-12-02 02:00:00,14.96,14.96,0.08
2019-12-02 06:00:00,14.97,15.02,0.08
2019-12-02 08:00:00,14.90,15.02,0.08
2019-12-02 10:00:00,14.90,15.14,0.08
2019-12-02 12:00:00,15.06,15.19,0.08
2019-12-02 14:00:00,15.09,16.08,0.08
2019-12-02 16:00:00,15.71,16.21,0.08
2019-12-02 18:00:00,15.69,16.01,0.08
2019-12-02 20:00:00,15.81,16.25,0.08
2019-12-03 00:00:00,16.05,16.25,0.08
2019-12-03 02:00:00,16.06,16.18,0.08
2019-12-03 04:00:00,16.06,16.12,0.08
2019-12-03 06:00:00,16.07,16.19,0.08
2019-12-03 08:00:00,16.05,16.18,0.08
2019-12-03 10:00:00,16.05,16.53,0.08
2019-12-03 12:00:00,16.41,17.18,0.08
2019-12-03 14:00:00,17.00,17.52,0.08
2019-12-03 16:00:00,17.06,17.35,0.08
2019-12-03 18:00:00,16.91,17.21,0.08
2019-12-03 20:00:00,16.92,17.29,0.08
2019-12-04 00:00:00,16.80,17.00,0.08
2019-12-04 02:00:00,16.93,17.01,0.08
2019-12-04 04:00:00,16.91,16.96,0.08
2019-12-04 06:00:00,16.91,17.20,0.08
2019-12-04 08:00:00,16.43,17.24,0.08
2019-12-04 10:00:00,16.42,16.56,0.08
2019-12-04 12:00:00,16.42,16.66,0.08
2019-12-04 14:00:00,16.12,16.64,0.08
2019-12-04 16:00:00,16.06,16.28,0.08
2019-12-04 18:00:00,16.11,16.28,0.08
2019-12-04 20:00:00,16.13,16.36,0.08
2019-12-05 00:00:00,16.17,16.34,0.08
2019-12-05 02:00:00,16.22,16.30,0.08
2019-12-05 04:00:00,16.25,16.35,0.08
2019-12-05 06:00:00,16.07,16.34,0.08
2019-12-05 08:00:00,16.07,16.26,0.08
2019-12-05 10:00:00,16.02,16.18,0.08
2019-12-05 12:00:00,16.05,16.20,0.08
2019-12-05 14:00:00,16.08,16.59,0.08
2019-12-05 16:00:00,16.23,16.40,0.08
2019-12-05 18:00:00,16.13,16.44,0.08
2019-12-05 20:00:00,16.08,16.34,0.08
2019-12-06 00:00:00,15.97,16.09,0.08
2019-12-06 02:00:00,15.99,16.07,0.08
2019-12-06 04:00:00,16.07,16.10,0.08
2019-12-06 06:00:00,15.93,16.10,0.08
2019-12-06 08:00:00,15.94,16.06,0.08
2019-12-06 10:00:00,15.97,16.02,0.08
2019-12-06 12:00:00,15.67,16.14,0.08
2019-12-06 14:00:00,15.50,15.84,0.08
2019-12-06 16:00:00,15.54,15.77,0.08
2019-12-06 18:00:00,15.54,15.61,0.08
2019-12-06 20:00:00,15.55,15.69,0.08
2019-12-08 22:00:00,15.72,15.73,0.08
2019-12-09 00:00:00,15.77,15.97,0.08
2019-12-09 02:00:00,15.85,15.92,0.08
2019-12-09 04:00:00,15.86,15.93,0.08
2019-12-09 06:00:00,15.80,15.93,0.08
2019-12-09 08:00:00,15.82,15.99,0.08
2019-12-09 10:00:00,15.88,15.94,0.08
2019-12-09 12:00:00,15.88,15.94,0.08
2019-12-09 14:00:00,15.84,16.07,0.08
2019-12-09 16:00:00,16.02,16.34,0.08
2019-12-09 18:00:00,16.24,16.43,0.08
2019-12-09 20:00:00,16.30,16.80,0.08
2019-12-10 00:00:00,16.69,16.80,0.08
2019-12-10 02:00:00,16.60,16.76,0.08
2019-12-10 04:00:00,16.60,16.61,0.08
2019-12-10 06:00:00,16.56,16.62,0.08
2019-12-10 08:00:00,16.62,17.02,0.08
2019-12-10 10:00:00,16.85,17.15,0.08
2019-12-10 12:00:00,16.36,17.09,0.08
2019-12-10 14:00:00,16.36,16.97,0.08
2019-12-10 16:00:00,16.36,16.73,0.08
2019-12-10 18:00:00,16.47,16.63,0.08
2019-12-10 20:00:00,16.47,16.76,0.08
2019-12-11 00:00:00,16.58,16.71,0.08
2019-12-11 02:00:00,16.64,16.71,0.08
2019-12-11 04:00:00,16.64,16.66,0.08
2019-12-11 06:00:00,16.60,16.66,0.08
2019-12-11 08:00:00,16.44,16.72,0.08
2019-12-11 10:00:00,16.56,16.67,0.08
2019-12-11 12:00:00,16.51,16.61,0.08
2019-12-11 14:00:00,16.47,16.67,0.08
2019-12-11 16:00:00,16.48,16.64,0.08
2019-12-11 18:00:00,16.38,16.60,0.08
2019-12-11 20:00:00,16.25,16.41,0.08
2019-12-12 00:00:00,16.20,16.30,0.08
2019-12-12 02:00:00,16.19,16.21,0.08
2019-12-12 04:00:00,16.26,16.26,0.08
2019-12-12 06:00:00,16.21,16.27,0.08
2019-12-12 08:00:00,16.17,16.27,0.08
2019-12-12 10:00:00,16.17,16.34,0.08
2019-12-12 12:00:00,16.34,16.55,0.08
2019-12-12 14:00:00,15.54,16.49,0.08
2019-12-12 16:00:00,15.74,16.14,0.08
2019-12-12 18:00:00,15.66,16.03,0.08
2019-12-12 20:00:00,15.54,15.78,0.08
2019-12-13 00:00:00,15.38,15.48,0.08
2019-12-13 02:00:00,15.39,15.50,0.08
2019-12-13 06:00:00,15.40,15.47,0.08
2019-12-13 08:00:00,15.35,15.52,0.08
2019-12-13 10:00:00,15.21,15.36,0.08
2019-12-13 12:00:00,15.36,15.68,0.08
2019-12-13 14:00:00,15.21,15.87,0.08
2019-12-13 16:00:00,15.30,15.83,0.08
2019-12-13 18:00:00,15.14,15.35,0.08
2019-12-13 20:00:00,14.84,15.13,0.08
2019-12-15 22:00:00,15.03,15.08,0.08
2019-12-16 00:00:00,15.03,15.09,0.08
2019-12-16 02:00:00,14.99,15.04,0.08
2019-12-16 04:00:00,15.05,15.05,0.08
2019-12-16 06:00:00,15.01,15.10,0.08
2019-12-16 08:00:00,15.01,15.07,0.08
2019-12-16 10:00:00,14.83,15.02,0.08
2019-12-16 12:00:00,14.73,14.88,0.08
2019-12-16 14:00:00,14.64,14.79,0.08
2019-12-16 16:00:00,14.64,14.75,0.08
2019-12-16 18:00:00,14.65,14.81,0.08
2019-12-16 20:00:00,14.76,14.96,0.08
2019-12-17 00:00:00,14.93,14.98,0.08
2019-12-17 02:00:00,14.83,14.88,0.08
2019-12-17 04:00:00,14.78,14.84,0.08
2019-12-17 06:00:00,14.79,14.84,0.08
2019-12-17 08:00:00,14.79,14.94,0.08
2019-12-17 10:00:00,14.89,15.00,0.08
2019-12-17 12:00:00,14.75,14.88,0.08
2019-12-17 14:00:00,14.75,14.90,0.08
2019-12-17 16:00:00,14.91,15.06,0.08
2019-12-17 18:00:00,14.96,15.01,0.08
2019-12-17 20:00:00,14.82,14.96,0.08
2019-12-18 00:00:00,14.87,14.92,0.08
2019-12-18 02:00:00,14.93,14.98,0.08
2019-12-18 04:00:00,14.93,14.98,0.08
2019-12-18 06:00:00,14.98,15.03,0.08
2019-12-18 08:00:00,14.86,15.01,0.08
2019-12-18 10:00:00,14.84,14.89,0.08
2019-12-18 12:00:00,14.79,14.94,0.08
2019-12-18 14:00:00,14.70,14.90,0.08
2019-12-18 16:00:00,14.80,15.00,0.08
2019-12-18 18:00:00,14.85,14.91,0.08
2019-12-18 20:00:00,14.91,15.06,0.08
2019-12-19 00:00:00,14.92,15.06,0.08
2019-12-19 02:00:00,14.97,15.06,0.08
2019-12-19 04:00:00,14.97,15.02,0.08
2019-12-19 06:00:00,15.03,15.03,0.08
2019-12-19 08:00:00,14.93,15.07,0.08
2019-12-19 10:00:00,14.93,15.03,0.08
2019-12-19 12:00:00,15.03,15.18,0.08
2019-12-19 14:00:00,14.90,15.09,0.08
2019-12-19 16:00:00,14.85,14.95,0.08
2019-12-19 18:00:00,14.81,14.90,0.08
2019-12-19 20:00:00,14.72,14.86,0.08
2019-12-20 00:00:00,14.77,14.82,0.08
2019-12-20 02:00:00,14.82,14.87,0.08
2019-12-20 04:00:00,14.87,14.92,0.08
2019-12-20 06:00:00,14.90,14.92,0.08
2019-12-20 08:00:00,14.92,14.97,0.08
2019-12-20 10:00:00,14.78,14.88,0.08
2019-12-20 12:00:00,14.79,14.88,0.08
2019-12-20 14:00:00,14.65,14.80,0.08
2019-12-20 16:00:00,14.70,14.80,0.08
2019-12-20 18:00:00,14.76,14.85,0.08
2019-12-20 20:00:00,14.81,15.00,0.08
2019-12-22 22:00:00,15.01,15.06,0.08
2019-12-23 00:00:00,14.96,15.05,0.08
2019-12-23 02:00:00,15.01,15.02,0.08
2019-12-23 04:00:00,15.01,15.02,0.08
2019-12-23 06:00:00,15.06,15.07,0.08
2019-12-23 08:00:00,15.00,15.07,0.08
2019-12-23 10:00:00,14.98,15.03,0.08
2019-12-23 12:00:00,14.93,15.08,0.08
2019-12-23 14:00:00,14.99,15.09,0.08
2019-12-23 16:00:00,15.09,15.14,0.08
2019-12-23 18:00:00,15.07,15.12,0.08
2019-12-23 20:00:00,15.07,15.20,0.08
2019-12-25 22:00:00,15.02,15.08,0.08
2019-12-26 00:00:00,15.03,15.08,0.08
2019-12-26 02:00:00,15.04,15.04,0.08
2019-12-26 06:00:00,15.05,15.05,0.08
2019-12-26 12:00:00,15.01,15.06,0.08
2019-12-26 14:00:00,15.01,15.10,0.08
2019-12-26 16:00:00,15.01,15.12,0.08
2019-12-26 18:00:00,15.12,15.16,0.08
2019-12-26 20:00:00,15.05,15.19,0.08
2019-12-27 00:00:00,15.11,15.16,0.08
2019-12-27 04:00:00,15.07,15.13,0.08
2019-12-27 08:00:00,15.08,15.17,0.08
2019-12-27 10:00:00,15.04,15.12,0.08
2019-12-27 12:00:00,15.04,15.20,0.08
2019-12-27 14:00:00,15.14,15.53,0.08
2019-12-27 16:00:00,15.34,15.50,0.08
2019-12-27 18:00:00,15.34,15.46,0.08
2019-12-27 20:00:00,15.45,15.75,0.08
2019-12-29 22:00:00,15.68,15.76,0.08
2019-12-30 00:00:00,15.60,15.68,0.08
2019-12-30 02:00:00,15.59,15.64,0.08
2019-12-30 04:00:00,15.56,15.61,0.08
2019-12-30 06:00:00,15.60,15.70,0.08
2019-12-30 08:00:00,15.65,15.70,0.08
2019-12-30 10:00:00,15.69,15.82,0.08
2019-12-30 12:00:00,15.74,15.79,0.08
2019-12-30 14:00:00,15.74,16.40,0.08
2019-12-30 16:00:00,15.88,16.27,0.08
2019-12-30 18:00:00,15.95,16.31,0.08
2019-12-30 20:00:00,16.10,16.35,0.08
2019-12-31 00:00:00,16.15,16.25,0.08
2019-12-31 02:00:00,16.15,16.20,0.08
2019-12-31 04:00:00,16.16,16.21,0.08
2019-12-31 06:00:00,16.21,16.21,0.08
2019-12-31 08:00:00,16.16,16.27,0.08
2019-12-31 10:00:00,16.17,16.30,0.08
2019-12-31 12:00:00,16.25,16.40,0.08
2019-12-31 14:00:00,16.23,16.53,0.08
2019-12-31 16:00:00,16.18,16.41,0.08
2019-12-31 18:00:00,15.73,16.23,0.08
2019-12-31 20:00:00,15.43,15.81,0.08
2020-01-01 22:00:00,15.39,15.59,0.08
2020-01-02 00:00:00,15.36,15.47,0.08
2020-01-02 02:00:00,15.32,15.45,0.08
2020-01-02 04:00:00,15.32,15.38,0.08
2020-01-02 06:00:00,15.30,15.38,0.08
2020-01-02 08:00:00,15.26,15.33,0.08
2020-01-02 10:00:00,15.26,15.32,0.08
2020-01-02 12:00:00,15.20,15.29,0.08
2020-01-02 14:00:00,15.20,15.65,0.08
2020-01-02 16:00:00,15.23,15.51,0.08
2020-01-02 18:00:00,15.19,15.31,0.08
2020-01-02 20:00:00,15.04,15.26,0.08
2020-01-03 00:00:00,15.07,15.33,0.08
2020-01-03 02:00:00,15.28,16.16,0.08
2020-01-03 04:00:00,15.96,16.31,0.08
2020-01-03 06:00:00,16.17,16.39,0.08
2020-01-03 08:00:00,16.19,16.52,0.08
2020-01-03 10:00:00,16.35,16.72,0.08
2020-01-03 12:00:00,16.00,16.55,0.08
2020-01-03 14:00:00,15.68,16.40,0.08
2020-01-03 16:00:00,15.61,15.93,0.08
2020-01-03 18:00:00,15.66,16.04,0.08
2020-01-03 20:00:00,15.74,16.00,0.08
2020-01-05 22:00:00,16.35,16.49,0.08
2020-01-06 00:00:00,16.30,16.52,0.08
2020-01-06 02:00:00,16.37,16.52,0.08
2020-01-06 04:00:00,16.25,16.40,0.08
2020-01-06 06:00:00,16.29,16.55,0.08
2020-01-06 08:00:00,16.31,16.79,0.08
2020-01-06 10:00:00,16.48,16.66,0.08
2020-01-06 12:00:00,16.30,16.54,0.08
2020-01-06 14:00:00,16.11,16.58,0.08
2020-01-06 16:00:00,16.04,16.20,0.08
2020-01-06 18:00:00,15.92,16.09,0.08
2020-01-06 20:00:00,15.89,16.07,0.08
2020-01-07 00:00:00,15.80,16.03,0.08
2020-01-07 02:00:00,15.77,15.87,0.08
2020-01-07 04:00:00,15.78,15.90,0.08
2020-01-07 06:00:00,15.83,16.08,0.08
2020-01-07 08:00:00,15.80,16.07,0.08
2020-01-07 10:00:00,15.93,16.07,0.08
2020-01-07 12:00:00,15.95,16.12,0.08
2020-01-07 14:00:00,15.85,16.21,0.08
2020-01-07 16:00:00,15.78,15.91,0.08
2020-01-07 18:00:00,15.74,15.91,0.08
2020-01-07 20:00:00,15.74,16.11,0.08
2020-01-08 00:00:00,16.82,17.81,0.08
2020-01-08 02:00:00,16.42,17.25,0.08
2020-01-08 04:00:00,16.40,16.71,0.08
2020-01-08 06:00:00,16.36,16.71,0.08
2020-01-08 08:00:00,16.16,16.43,0.08
2020-01-08 10:00:00,15.90,16.26,0.08
2020-01-08 12:00:00,15.71,16.07,0.08
2020-01-08 14:00:00,15.60,15.91,0.08
2020-01-08 16:00:00,15.29,15.81,0.08
2020-01-08 18:00:00,15.31,15.43,0.08
2020-01-08 20:00:00,15.25,15.67,0.08
2020-01-09 00:00:00,15.34,15.47,0.08
2020-01-09 02:00:00,15.38,15.53,0.08
2020-01-09 04:00:00,15.35,15.47,0.08
2020-01-09 06:00:00,15.24,15.41,0.08
2020-01-09 08:00:00,15.24,15.35,0.08
2020-01-09 10:00:00,15.31,15.37,0.08
2020-01-09 12:00:00,15.31,15.44,0.08
2020-01-09 14:00:00,15.24,15.46,0.08
2020-01-09 16:00:00,15.26,15.45,0.08
2020-01-09 18:00:00,15.27,15.44,0.08
2020-01-09 20:00:00,15.06,15.27,0.08
2020-01-10 00:00:00,15.00,15.10,0.08
2020-01-10 02:00:00,15.01,15.06,0.08
2020-01-10 04:00:00,15.01,15.03,0.08
2020-01-10 06:00:00,15.02,15.03,0.08
2020-01-10 08:00:00,15.03,15.14,0.08
2020-01-10 10:00:00,15.03,15.08,0.08
2020-01-10 12:00:00,15.04,15.15,0.08
2020-01-10 14:00:00,14.94,15.15,0.08
2020-01-10 16:00:00,14.99,15.17,0.08
2020-01-10 18:00:00,14.95,15.07,0.08
2020-01-10 20:00:00,15.07,15.28,0.08
2020-01-12 22:00:00,15.17,15.23,0.08
2020-01-13 00:00:00,15.08,15.22,0.08
2020-01-13 02:00:00,15.08,15.14,0.08
2020-01-13 04:00:00,15.09,15.14,0.08
2020-01-13 06:00:00,15.09,15.15,0.08
2020-01-13 08:00:00,15.05,15.15,0.08
2020-01-13 10:00:00,15.04,15.11,0.08
2020-01-13 12:00:00,15.05,15.12,0.08
2020-01-13 14:00:00,15.06,15.24,0.08
2020-01-13 16:00:00,15.03,15.15,0.08
2020-01-13 18:00:00,14.98,15.00,0.08
2020-01-13 20:00:00,14.89,15.00,0.08
2020-01-14 00:00:00,14.82,14.88,0.08
2020-01-14 02:00:00,14.84,14.91,0.08
2020-01-14 04:00:00,14.90,14.91,0.08
2020-01-14 06:00:00,14.90,14.98,0.08
2020-01-14 08:00:00,14.90,15.20,0.08
2020-01-14 10:00:00,14.90,15.08,0.08
2020-01-14 12:00:00,14.88,14.99,0.08
2020-01-14 14:00:00,14.87,15.04,0.08
2020-01-14 16:00:00,14.73,14.88,0.08
2020-01-14 18:00:00,14.72,15.11,0.08
2020-01-14 20:00:00,14.84,15.01,0.08
2020-01-15 00:00:00,14.82,15.03,0.08
2020-01-15 02:00:00,14.88,14.98,0.08
2020-01-15 04:00:00,14.93,14.99,0.08
2020-01-15 06:00:00,14.88,14.99,0.08
2020-01-15 08:00:00,14.82,14.99,0.08
2020-01-15 10:00:00,14.79,14.88,0.08
2020-01-15 12:00:00,14.79,14.96,0.08
2020-01-15 14:00:00,14.77,15.00,0.08
2020-01-15 16:00:00,14.78,14.90,0.08
2020-01-15 18:00:00,14.84,14.95,0.08
2020-01-15 20:00:00,14.85,14.97,0.08
2020-01-16 00:00:00,14.80,14.83,0.08
2020-01-16 02:00:00,14.80,14.86,0.08
2020-01-16 04:00:00,14.76,14.82,0.08
2020-01-16 06:00:00,14.77,14.82,0.08
2020-01-16 08:00:00,14.71,14.81,0.08
2020-01-16 10:00:00,14.78,14.83,0.08
2020-01-16 12:00:00,14.73,14.83,0.08
2020-01-16 14:00:00,14.65,14.79,0.08
2020-01-16 16:00:00,14.68,14.74,0.08
2020-01-16 18:00:00,14.61,14.71,0.08
2020-01-16 20:00:00,14.56,14.66,0.08
2020-01-17 00:00:00,14.57,14.66,0.08
2020-01-17 02:00:00,14.58,14.58,0.08
2020-01-17 04:00:00,14.58,14.64,0.08
2020-01-17 08:00:00,14.54,14.59,0.08
2020-01-17 10:00:00,14.54,14.60,0.08
2020-01-17 12:00:00,14.54,14.65,0.08
2020-01-17 14:00:00,14.59,14.81,0.08
2020-01-17 16:00:00,14.75,14.96,0.08
2020-01-17 18:00:00,14.81,14.87,0.08
2020-01-17 20:00:00,14.67,14.82,0.08
2020-01-19 22:00:00,14.81,14.86,0.08
2020-01-20 00:00:00,14.76,14.81,0.08
2020-01-20 02:00:00,14.82,14.82,0.08
2020-01-20 06:00:00,14.83,14.88,0.08
2020-01-20 08:00:00,14.88,14.98,0.08
2020-01-20 10:00:00,14.84,14.84,0.08
2020-01-20 12:00:00,14.84,14.90,0.08
2020-01-20 14:00:00,14.85,14.90,0.08
2020-01-20 16:00:00,14.85,14.85,0.08
2020-01-20 22:00:00,14.80,14.88,0.08
2020-01-21 00:00:00,14.93,15.13,0.08
2020-01-21 02:00:00,15.08,15.18,0.08
2020-01-21 04:00:00,15.13,15.18,0.08
2020-01-21 06:00:00,15.18,15.28,0.08
2020-01-21 08:00:00,15.23,15.38,0.08
2020-01-21 10:00:00,15.18,15.33,0.08
2020-01-21 12:00:00,15.13,15.23,0.08
2020-01-21 14:00:00,14.79,15.18,0.08
2020-01-21 16:00:00,14.74,14.89,0.08
2020-01-21 18:00:00,14.79,15.14,0.08
2020-01-21 20:00:00,14.94,15.19,0.08
2020-01-22 00:00:00,14.94,15.04,0.08
2020-01-22 02:00:00,14.75,14.95,0.08
2020-01-22 04:00:00,14.75,14.80,0.08
2020-01-22 06:00:00,14.75,14.80,0.08
2020-01-22 08:00:00,14.70,14.85,0.08
2020-01-22 10:00:00,14.81,14.90,0.08
2020-01-22 12:00:00,14.76,14.86,0.08
2020-01-22 14:00:00,14.81,15.05,0.08
2020-01-22 16:00:00,14.96,15.11,0.08
2020-01-22 18:00:00,14.86,15.01,0.08
2020-01-22 20:00:00,15.01,15.31,0.08
2020-01-23 00:00:00,15.21,15.36,0.08
2020-01-23 02:00:00,15.17,15.41,0.08
2020-01-23 04:00:00,15.31,15.46,0.08
2020-01-23 06:00:00,15.27,15.51,0.08
2020-01-23 08:00:00,15.27,15.47,0.08
2020-01-23 10:00:00,15.22,15.37,0.08
2020-01-23 12:00:00,15.27,15.47,0.08
2020-01-23 14:00:00,15.27,15.67,0.08
2020-01-23 16:00:00,15.32,15.66,0.08
2020-01-23 18:00:00,15.13,15.37,0.08
2020-01-23 20:00:00,15.08,15.23,0.08
2020-01-24 00:00:00,15.00,15.19,0.08
2020-01-24 02:00:00,15.07,15.10,0.08
2020-01-24 04:00:00,15.00,15.05,0.08
2020-01-24 06:00:00,14.95,15.05,0.08
2020-01-24 08:00:00,14.77,15.00,0.08
2020-01-24 10:00:00,14.77,14.90,0.08
2020-01-24 12:00:00,14.77,14.95,0.08
2020-01-24 14:00:00,14.90,15.39,0.08
2020-01-24 16:00:00,15.15,16.10,0.08
2020-01-24 18:00:00,15.63,16.35,0.08
2020-01-24 20:00:00,15.82,16.34,0.08
2020-01-26 22:00:00,16.68,17.30,0.16
2020-01-27 00:00:00,16.64,17.23,0.08
2020-01-27 02:00:00,16.75,17.14,0.08
2020-01-27 04:00:00,16.88,17.16,0.08
2020-01-27 06:00:00,16.98,17.16,0.08
2020-01-27 08:00:00,16.75,17.30,0.08
2020-01-27 10:00:00,17.09,17.61,0.08
2020-01-27 12:00:00,16.94,17.41,0.08
2020-01-27 14:00:00,16.99,17.58,0.08
2020-01-27 16:00:00,16.99,17.57,0.08
2020-01-27 18:00:00,16.99,17.35,0.08
2020-01-27 20:00:00,17.14,17.80,0.08
2020-01-28 00:00:00,17.29,17.55,0.08
2020-01-28 02:00:00,17.34,17.49,0.08
2020-01-28 04:00:00,17.01,17.34,0.08
2020-01-28 06:00:00,16.87,17.10,0.08
2020-01-28 08:00:00,16.95,17.49,0.08
2020-01-28 10:00:00,17.12,17.54,0.08
2020-01-28 12:00:00,16.99,17.26,0.08
2020-01-28 14:00:00,16.71,17.34,0.08
2020-01-28 16:00:00,16.68,16.88,0.08
2020-01-28 18:00:00,16.63,16.93,0.08
2020-01-28 20:00:00,16.58,16.76,0.08
2020-01-29 00:00:00,16.50,16.91,0.08
2020-01-29 02:00:00,16.45,16.60,0.08
2020-01-29 04:00:00,16.46,16.60,0.08
2020-01-29 06:00:00,16.55,16.69,0.08
2020-01-29 08:00:00,16.47,16.74,0.08
2020-01-29 10:00:00,16.42,16.69,0.08
2020-01-29 12:00:00,16.37,16.51,0.08
2020-01-29 14:00:00,16.32,16.94,0.08
2020-01-29 16:00:00,16.42,16.63,0.08
2020-01-29 18:00:00,16.24,16.51,0.08
2020-01-29 20:00:00,16.34,16.84,0.08
2020-01-30 00:00:00,16.57,16.89,0.08
2020-01-30 02:00:00,16.81,17.28,0.08
2020-01-30 04:00:00,17.06,17.23,0.08
2020-01-30 06:00:00,17.05,17.49,0.08
2020-01-30 08:00:00,16.99,17.49,0.08
2020-01-30 10:00:00,17.08,17.44,0.08
2020-01-30 12:00:00,17.14,17.41,0.08
2020-01-30 14:00:00,16.91,17.67,0.08
2020-01-30 16:00:00,17.06,17.67,0.08
2020-01-30 18:00:00,16.94,17.56,0.08
2020-01-30 20:00:00,16.13,17.13,0.08
2020-01-31 00:00:00,16.05,16.40,0.08
2020-01-31 02:00:00,16.10,16.32,0.08
2020-01-31 04:00:00,16.18,16.32,0.08
2020-01-31 06:00:00,16.32,16.58,0.08
2020-01-31 08:00:00,16.55,16.72,0.08
2020-01-31 10:00:00,16.68,17.11,0.08
2020-01-31 12:00:00,16.66,16.89,0.08
2020-01-31 14:00:00,16.75,17.69,0.08
2020-01-31 16:00:00,17.47,18.13,0.08
2020-01-31 18:00:00,17.74,18.34,0.08
2020-01-31 20:00:00,18.00,18.78,0.08
2020-02-02 22:00:00,17.74,18.02,0.08
2020-02-03 00:00:00,17.43,17.97,0.08
2020-02-03 02:00:00,17.38,17.66,0.08
2020-02-03 04:00:00,17.30,17.56,0.08
2020-02-03 06:00:00,17.33,17.58,0.08
2020-02-03 08:00:00,17.39,17.94,0.08
2020-02-03 10:00:00,17.71,17.96,0.08
2020-02-03 12:00:00,17.50,17.83,0.08
2020-02-03 14:00:00,17.13,17.81,0.08
2020-02-03 16:00:00,17.40,17.96,0.08
2020-02-03 18:00:00,17.60,17.86,0.08
2020-02-03 20:00:00,17.45,17.73,0.08
2020-02-04 00:00:00,17.22,17.78,0.08
2020-02-04 02:00:00,17.07,17.45,0.08
2020-02-04 04:00:00,17.02,17.15,0.08
2020-02-04 06:00:00,16.90,17.10,0.08
2020-02-04 08:00:00,16.70,17.00,0.08
2020-02-04 10:00:00,16.72,16.85,0.08
2020-02-04 12:00:00,16.62,16.85,0.08
2020-02-04 14:00:00,16.62,16.82,0.08
2020-02-04 16:00:00,16.50,16.77,0.08
2020-02-04 18:00:00,16.43,16.62,0.08
2020-02-04 20:00:00,16.38,16.67,0.08
2020-02-05 00:00:00,16.62,16.87,0.08
2020-02-05 02:00:00,16.67,16.82,0.08
2020-02-05 04:00:00,16.69,16.82,0.08
2020-02-05 06:00:00,16.69,16.87,0.08
2020-02-05 08:00:00,16.09,16.84,0.08
2020-02-05 10:00:00,16.05,16.27,0.08
2020-02-05 12:00:00,16.09,16.32,0.08
2020-02-05 14:00:00,15.95,16.50,0.08
2020-02-05 16:00:00,16.06,16.33,0.08
2020-02-05 18:00:00,15.99,16.18,0.08
2020-02-05 20:00:00,15.90,16.11,0.08
2020-02-06 00:00:00,15.75,16.00,0.08
2020-02-06 02:00:00,15.76,15.88,0.08
2020-02-06 04:00:00,15.66,15.83,0.08
2020-02-06 06:00:00,15.64,15.83,0.08
2020-02-06 08:00:00,15.71,15.95,0.08
2020-02-06 10:00:00,15.76,15.97,0.08
2020-02-06 12:00:00,15.71,15.85,0.08
2020-02-06 14:00:00,15.78,16.14,0.08
2020-02-06 16:00:00,15.74,15.93,0.08
2020-02-06 18:00:00,15.76,15.99,0.08
2020-02-06 20:00:00,15.77,15.92,0.08
2020-02-07 00:00:00,15.75,16.01,0.08
2020-02-07 02:00:00,15.87,15.99,0.08
2020-02-07 04:00:00,15.92,16.04,0.08
2020-02-07 06:00:00,15.82,16.02,0.08
2020-02-07 08:00:00,15.92,16.11,0.08
2020-02-07 10:00:00,16.06,16.31,0.08
2020-02-07 12:00:00,15.91,16.25,0.08
2020-02-07 14:00:00,16.06,16.44,0.08
2020-02-07 16:00:00,15.90,16.22,0.08
2020-02-07 18:00:00,16.00,16.49,0.08
2020-02-07 20:00:00,16.04,16.27,0.08
2020-02-09 22:00:00,16.10,16.65,0.08
2020-02-10 00:00:00,16.07,16.53,0.08
2020-02-10 02:00:00,16.01,16.18,0.08
2020-02-10 04:00:00,16.10,16.23,0.08
2020-02-10 06:00:00,16.02,16.18,0.08
2020-02-10 08:00:00,16.06,16.35,0.08
2020-02-10 10:00:00,16.01,16.28,0.08
2020-02-10 12:00:00,16.02,16.24,0.08
2020-02-10 14:00:00,15.81,16.31,0.08
2020-02-10 16:00:00,15.91,16.02,0.08
2020-02-10 18:00:00,15.95,16.07,0.08
2020-02-10 20:00:00,15.89,16.01,0.08
2020-02-11 00:00:00,15.71,15.99,0.08
2020-02-11 02:00:00,15.66,15.78,0.08
2020-02-11 04:00:00,15.73,15.78,0.08
2020-02-11 06:00:00,15.73,15.79,0.08
2020-02-11 08:00:00,15.68,15.84,0.08
2020-02-11 10:00:00,15.67,15.73,0.08
2020-02-11 12:00:00,15.67,15.77,0.08
2020-02-11 14:00:00,15.56,15.73,0.08
2020-02-11 16:00:00,15.56,15.74,0.08
2020-02-11 18:00:00,15.56,15.80,0.08
2020-02-11 20:00:00,15.74,15.96,0.08
2020-02-12 00:00:00,15.79,15.91,0.08
2020-02-12 02:00:00,15.75,15.85,0.08
2020-02-12 04:00:00,15.74,15.79,0.08
2020-02-12 06:00:00,15.68,15.74,0.08
2020-02-12 08:00:00,15.58,15.74,0.08
2020-02-12 10:00:00,15.63,15.70,0.08
2020-02-12 12:00:00,15.63,15.70,0.08
2020-02-12 14:00:00,15.58,15.73,0.08
2020-02-12 16:00:00,15.44,15.62,0.08
2020-02-12 18:00:00,15.19,15.52,0.08
2020-02-12 20:00:00,15.10,15.30,0.08
2020-02-13 00:00:00,15.28,15.52,0.08
2020-02-13 02:00:00,15.29,15.40,0.08
2020-02-13 04:00:00,15.40,15.46,0.08
2020-02-13 06:00:00,15.46,15.63,0.08
2020-02-13 08:00:00,15.51,15.91,0.08
2020-02-13 10:00:00,15.83,16.12,0.08
2020-02-13 12:00:00,15.64,15.92,0.08
2020-02-13 14:00:00,15.37,15.80,0.08
2020-02-13 16:00:00,15.35,15.47,0.08
2020-02-13 18:00:00,15.30,15.52,0.08
2020-02-13 20:00:00,15.32,15.54,0.08
2020-02-14 00:00:00,15.42,15.63,0.08
2020-02-14 02:00:00,15.26,15.47,0.08
2020-02-14 04:00:00,15.32,15.37,0.08
2020-02-14 06:00:00,15.32,15.43,0.08
2020-02-14 08:00:00,15.32,15.43,0.08
2020-02-14 10:00:00,15.32,15.37,0.08
2020-02-14 12:00:00,15.27,15.43,0.08
2020-02-14 14:00:00,15.33,15.50,0.08
2020-02-14 16:00:00,15.28,15.59,0.08
2020-02-14 18:00:00,15.37,15.65,0.08
2020-02-14 20:00:00,15.27,15.49,0.08
2020-02-16 22:00:00,15.24,15.34,0.08
2020-02-17 00:00:00,15.20,15.34,0.08
2020-02-17 02:00:00,15.15,15.20,0.08
2020-02-17 06:00:00,15.15,15.20,0.08
2020-02-17 08:00:00,15.15,15.21,0.08
2020-02-17 12:00:00,15.21,15.26,0.08
2020-02-17 14:00:00,15.07,15.19,0.08
2020-02-17 16:00:00,15.02,15.12,0.08
2020-02-17 22:00:00,15.12,15.37,0.08
2020-02-18 00:00:00,15.33,15.48,0.08
2020-02-18 02:00:00,15.43,15.48,0.08
2020-02-18 04:00:00,15.48,15.53,0.08
2020-02-18 06:00:00,15.48,15.73,0.08
2020-02-18 08:00:00,15.53,15.78,0.08
2020-02-18 10:00:00,15.64,15.78,0.08
2020-02-18 12:00:00,15.59,15.74,0.08
2020-02-18 14:00:00,15.49,15.79,0.08
2020-02-18 16:00:00,15.69,15.99,0.08
2020-02-18 18:00:00,15.65,15.85,0.08
2020-02-18 20:00:00,15.65,15.85,0.08
2020-02-19 00:00:00,15.54,15.76,0.12
2020-02-19 02:00:00,15.49,15.66,0.12
2020-02-19 04:00:00,15.52,15.61,0.16
2020-02-19 06:00:00,15.52,15.61,0.08
2020-02-19 08:00:00,15.52,15.70,0.16
2020-02-19 10:00:00,15.52,15.62,0.08
2020-02-19 12:00:00,15.42,15.57,0.08
2020-02-19 14:00:00,15.38,15.63,0.08
2020-02-19 16:00:00,15.48,15.63,0.08
2020-02-19 18:00:00,15.48,15.63,0.08
2020-02-19 20:00:00,15.44,15.58,0.08
2020-02-20 00:00:00,15.29,15.49,0.08
2020-02-20 02:00:00,15.44,15.73,0.08
2020-02-20 04:00:00,15.64,15.73,0.08
2020-02-20 06:00:00,15.45,15.69,0.08
2020-02-20 08:00:00,15.49,15.69,0.08
2020-02-20 10:00:00,15.54,15.74,0.08
2020-02-20 12:00:00,15.60,15.74,0.08
2020-02-20 14:00:00,15.51,15.70,0.08
2020-02-20 16:00:00,15.55,16.62,0.08
2020-02-20 18:00:00,16.00,16.43,0.08
2020-02-20 20:00:00,16.05,16.43,0.08
2020-02-21 00:00:00,16.25,16.45,0.08
2020-02-21 02:00:00,16.35,16.49,0.08
2020-02-21 04:00:00,16.39,16.64,0.08
2020-02-21 06:00:00,16.59,16.79,0.08
2020-02-21 08:00:00,16.59,16.97,0.08
2020-02-21 10:00:00,16.54,16.79,0.08
2020-02-21 12:00:00,16.45,16.70,0.08
2020-02-21 14:00:00,16.50,17.26,0.08
2020-02-21 16:00:00,16.76,17.17,0.08
2020-02-21 18:00:00,16.89,17.45,0.08
2020-02-21 20:00:00,16.94,17.55,0.08
2020-02-23 22:00:00,18.00,18.51,0.08
2020-02-24 00:00:00,18.11,18.39,0.08
2020-02-24 02:00:00,18.28,18.70,0.08
2020-02-24 04:00:00,18.28,18.51,0.08
2020-02-24 06:00:00,18.38,18.79,0.08
2020-02-24 08:00:00,18.75,19.47,0.08
2020-02-24 10:00:00,18.85,19.30,0.08
2020-02-24 12:00:00,18.89,19.52,0.08
2020-02-24 14:00:00,18.79,19.79,0.08
2020-02-24 16:00:00,19.03,20.03,0.08
2020-02-24 18:00:00,19.47,20.32,0.08
2020-02-24 20:00:00,19.34,20.44,0.08
2020-02-25 00:00:00,18.92,19.70,0.08
2020-02-25 02:00:00,18.97,19.24,0.08
2020-02-25 04:00:00,18.92,19.15,0.08
2020-02-25 06:00:00,18.78,19.09,0.08
2020-02-25 08:00:00,18.83,19.57,0.08
2020-02-25 10:00:00,19.47,19.88,0.08
2020-02-25 12:00:00,19.34,19.79,0.08
2020-02-25 14:00:00,19.40,20.80,0.08
2020-02-25 16:00:00,20.36,21.15,0.08
2020-02-25 18:00:00,20.88,22.66,0.08
2020-02-25 20:00:00,21.44,22.61,0.08
2020-02-26 00:00:00,21.16,21.79,0.08
2020-02-26 02:00:00,20.96,21.60,0.08
2020-02-26 04:00:00,21.05,21.41,0.08
2020-02-26 06:00:00,21.20,21.76,0.08
2020-02-26 08:00:00,21.13,22.70,0.08
2020-02-26 10:00:00,21.29,22.11,0.08
2020-02-26 12:00:00,21.27,21.95,0.08
2020-02-26 14:00:00,20.60,21.54,0.08
2020-02-26 16:00:00,20.68,21.81,0.08
2020-02-26 18:00:00,21.33,22.36,0.08
2020-02-26 20:00:00,21.51,22.25,0.08
2020-02-27 00:00:00,21.71,22.49,0.08
2020-02-27 02:00:00,22.14,22.62,0.08
2020-02-27 04:00:00,22.53,22.85,0.08
2020-02-27 06:00:00,21.78,22.85,0.08
2020-02-27 08:00:00,21.69,22.39,0.08
2020-02-27 10:00:00,21.92,22.52,0.08
2020-02-27 12:00:00,22.30,23.14,0.08
2020-02-27 14:00:00,23.09,24.52,0.08
2020-02-27 16:00:00,22.83,24.24,0.08
2020-02-27 18:00:00,23.06,24.35,0.08
2020-02-27 20:00:00,23.74,25.66,0.08
2020-02-28 00:00:00,24.99,25.60,0.08
2020-02-28 02:00:00,24.76,26.58,0.08
2020-02-28 04:00:00,25.65,27.20,0.08
2020-02-28 06:00:00,26.22,27.41,0.08
2020-02-28 08:00:00,26.19,28.27,0.08
2020-02-28 10:00:00,26.23,27.91,0.08
2020-02-28 12:00:00,26.18,27.35,0.08
2020-02-28 14:00:00,26.57,28.24,0.08
2020-02-28 16:00:00,25.65,27.94,0.08
2020-02-28 18:00:00,26.35,27.85,0.08
2020-02-28 20:00:00,24.71,28.15,0.08
2020-03-01 22:00:00,26.57,27.88,0.08
2020-03-02 00:00:00,24.84,26.73,0.08
2020-03-02 02:00:00,24.48,25.55,0.08
2020-03-02 04:00:00,24.72,25.18,0.08
2020-03-02 06:00:00,23.57,25.14,0.08
2020-03-02 08:00:00,23.49,24.98,0.08
2020-03-02 10:00:00,24.54,26.65,0.08
2020-03-02 12:00:00,25.15,26.62,0.08
2020-03-02 14:00:00,24.50,26.23,0.08
2020-03-02 16:00:00,24.43,25.72,0.08
2020-03-02 18:00:00,24.58,26.07,0.08
2020-03-02 20:00:00,24.36,25.95,0.08
2020-03-03 00:00:00,24.17,24.57,0.08
2020-03-03 02:00:00,24.34,24.76,0.08
2020-03-03 04:00:00,24.56,25.31,0.08
2020-03-03 06:00:00,24.87,25.61,0.08
2020-03-03 08:00:00,24.13,25.33,0.08
2020-03-03 10:00:00,24.03,24.93,0.08
2020-03-03 12:00:00,24.38,25.32,0.08
2020-03-03 14:00:00,23.48,25.38,0.08
2020-03-03 16:00:00,24.49,25.94,0.08
2020-03-03 18:00:00,25.74,27.76,0.08
2020-03-03 20:00:00,26.49,27.65,0.08
2020-03-04 00:00:00,26.53,27.34,0.08
2020-03-04 02:00:00,26.14,26.95,0.08
2020-03-04 04:00:00,25.99,26.53,0.08
2020-03-04 06:00:00,25.74,26.31,0.08
2020-03-04 08:00:00,25.46,26.34,0.08
2020-03-04 10:00:00,25.48,25.79,0.08
2020-03-04 12:00:00,25.34,25.95,0.08
2020-03-04 14:00:00,25.56,26.79,0.08
2020-03-04 16:00:00,25.40,26.31,0.08
2020-03-04 18:00:00,25.13,26.03,0.08
2020-03-04 20:00:00,25.38,25.93,0.08
2020-03-05 00:00:00,25.97,26.49,0.08
2020-03-05 02:00:00,26.32,26.79,0.08
2020-03-05 04:00:00,26.28,26.77,0.08
2020-03-05 06:00:00,26.38,26.85,0.08
2020-03-05 08:00:00,26.44,27.00,0.08
2020-03-05 10:00:00,26.84,27.83,0.08
2020-03-05 12:00:00,27.24,27.84,0.08
2020-03-05 14:00:00,27.39,28.10,0.08
2020-03-05 16:00:00,27.11,28.96,0.08
2020-03-05 18:00:00,28.77,29.80,0.08
2020-03-05 20:00:00,29.11,30.39,0.08
2020-03-06 00:00:00,28.75,29.94,0.08
2020-03-06 02:00:00,29.92,30.75,0.08
2020-03-06 04:00:00,30.51,31.17,0.08
2020-03-06 06:00:00,30.42,31.06,0.08
2020-03-06 08:00:00,30.15,31.73,0.08
2020-03-06 10:00:00,31.61,32.84,0.08
2020-03-06 12:00:00,32.36,35.30,0.08
2020-03-06 14:00:00,32.74,35.30,0.08
2020-03-06 16:00:00,33.21,34.96,0.08
2020-03-06 18:00:00,33.83,35.28,0.08
2020-03-06 20:00:00,31.88,35.60,0.08
2020-03-08 22:00:00,34.56,38.93,0.14
2020-03-09 00:00:00,37.48,38.88,0.08
2020-03-09 02:00:00,37.99,41.09,0.17
2020-03-09 04:00:00,37.87,39.46,0.14
2020-03-09 06:00:00,38.48,42.78,0.17
2020-03-09 08:00:00,39.16,43.25,0.17
2020-03-09 10:00:00,40.36,43.76,0.17
2020-03-09 12:00:00,38.76,44.95,0.12
2020-03-09 14:00:00,37.61,41.30,0.08
2020-03-09 16:00:00,37.59,40.00,0.08
2020-03-09 18:00:00,38.14,40.56,0.08
2020-03-09 20:00:00,38.28,39.83,0.08
2020-03-10 00:00:00,34.43,37.36,0.08
2020-03-10 02:00:00,34.70,35.67,0.10
2020-03-10 04:00:00,33.25,34.94,0.14
2020-03-10 06:00:00,33.53,34.96,0.08
2020-03-10 08:00:00,32.60,35.41,0.08
2020-03-10 10:00:00,32.36,33.66,0.08
2020-03-10 12:00:00,33.48,36.36,0.08
2020-03-10 14:00:00,35.33,39.36,0.08
2020-03-10 16:00:00,37.06,38.82,0.08
2020-03-10 18:00:00,35.95,38.87,0.08
2020-03-10 20:00:00,35.84,36.42,0.08
2020-03-11 00:00:00,37.31,38.51,0.08
2020-03-11 02:00:00,37.88,38.58,0.08
2020-03-11 04:00:00,38.17,39.58,0.08
2020-03-11 06:00:00,38.19,39.47,0.08
2020-03-11 08:00:00,37.48,39.15,0.13
2020-03-11 10:00:00,38.42,39.50,0.08
2020-03-11 12:00:00,38.39,39.92,0.08
2020-03-11 14:00:00,38.38,39.63,0.08
2020-03-11 16:00:00,38.32,40.23,0.08
2020-03-11 18:00:00,39.83,41.52,0.08
2020-03-11 20:00:00,39.93,40.77,0.08
2020-03-12 00:00:00,40.09,45.36,0.08
2020-03-12 02:00:00,44.27,46.42,0.14
2020-03-12 04:00:00,43.11,45.27,0.15
2020-03-12 06:00:00,43.84,45.20,0.16
2020-03-12 08:00:00,43.98,46.16,0.22
2020-03-12 10:00:00,45.12,46.03,0.11
2020-03-12 12:00:00,45.76,51.13,0.16
2020-03-12 14:00:00,45.57,48.69,0.08
2020-03-12 16:00:00,43.62,49.59,0.08
2020-03-12 18:00:00,47.00,49.56,0.08
2020-03-12 20:00:00,47.46,50.12,0.08
2020-03-13 00:00:00,50.07,52.52,0.14
2020-03-13 02:00:00,51.96,52.90,0.16
2020-03-13 04:00:00,46.60,52.83,0.18
2020-03-13 06:00:00,47.07,51.07,0.18
2020-03-13 08:00:00,46.73,49.07,0.19
2020-03-13 10:00:00,44.99,47.66,0.17
2020-03-13 12:00:00,42.34,48.17,0.20
2020-03-13 14:00:00,45.70,51.09,0.16
2020-03-13 16:00:00,46.49,50.20,0.11
2020-03-13 18:00:00,43.91,48.58,0.08
2020-03-13 20:00:00,43.49,46.05,0.08
2020-03-15 22:00:00,45.64,50.54,0.30
2020-03-16 00:00:00,48.90,51.53,0.14
2020-03-16 02:00:00,50.16,51.03,0.19
2020-03-16 04:00:00,50.81,52.77,0.14
2020-03-16 06:00:00,52.53,54.20,0.12
2020-03-16 08:00:00,52.45,57.92,0.25
2020-03-16 10:00:00,54.98,57.73,0.14
2020-03-16 12:00:00,52.20,57.85,0.21
2020-03-16 14:00:00,52.90,55.16,0.16
2020-03-16 16:00:00,53.38,56.47,0.17
2020-03-16 18:00:00,55.84,63.08,0.17
2020-03-16 20:00:00,58.12,62.05,0.16
2020-03-17 00:00:00,50.00,58.92,0.30
2020-03-17 02:00:00,52.59,55.38,0.30
2020-03-17 04:00:00,52.61,54.24,0.09
2020-03-17 06:00:00,52.68,54.38,0.14
2020-03-17 08:00:00,52.76,59.23,0.30
2020-03-17 10:00:00,55.55,59.09,0.29
2020-03-17 12:00:00,57.06,62.27,0.19
2020-03-17 14:00:00,57.05,62.80,0.19
2020-03-17 16:00:00,54.47,60.42,0.19
2020-03-17 18:00:00,56.20,60.74,0.16
2020-03-17 20:00:00,58.20,60.99,0.11
2020-03-18 00:00:00,60.24,63.11,0.30
2020-03-18 02:00:00,59.64,61.45,0.30
2020-03-18 04:00:00,60.96,66.14,0.30
2020-03-18 06:00:00,64.55,68.08,0.30
2020-03-18 08:00:00,63.15,66.33,0.30
2020-03-18 10:00:00,65.35,67.13,0.30
2020-03-18 12:00:00,63.83,66.41,0.08
2020-03-18 14:00:00,62.19,66.99,0.08
2020-03-18 16:00:00,65.92,79.72,0.08
2020-03-18 18:00:00,67.96,78.79,0.20
2020-03-18 20:00:00,67.70,71.56,0.21
2020-03-19 00:00:00,66.67,72.38,0.18
2020-03-19 02:00:00,72.21,78.88,0.18
2020-03-19 04:00:00,76.62,78.71,0.29
2020-03-19 06:00:00,72.75,77.24,0.25
2020-03-19 08:00:00,69.61,74.53,0.19
2020-03-19 10:00:00,70.88,73.47,0.25
2020-03-19 12:00:00,72.51,76.74,0.16
2020-03-19 14:00:00,67.63,75.76,0.16
2020-03-19 16:00:00,65.60,71.27,0.16
2020-03-19 18:00:00,56.14,67.28,0.16
2020-03-19 20:00:00,60.81,67.83,0.16
2020-03-20 00:00:00,64.59,67.36,0.18
2020-03-20 02:00:00,64.89,66.23,0.16
2020-03-20 04:00:00,61.99,65.07,0.25
2020-03-20 06:00:00,58.08,62.30,0.23
2020-03-20 08:00:00,55.83,58.20,0.16
2020-03-20 10:00:00,56.17,60.75,0.21
2020-03-20 12:00:00,58.66,62.89,0.16
2020-03-20 14:00:00,52.43,60.02,0.16
2020-03-20 16:00:00,56.17,61.02,0.16
2020-03-20 18:00:00,56.35,61.92,0.16
2020-03-20 20:00:00,60.27,61.89,0.16
2020-03-22 22:00:00,64.38,70.50,0.30
2020-03-23 00:00:00,66.43,70.16,0.22
2020-03-23 02:00:00,64.76,68.41,0.22
2020-03-23 04:00:00,62.52,66.24,0.23
2020-03-23 06:00:00,63.47,66.31,0.25
2020-03-23 08:00:00,62.11,65.90,0.17
2020-03-23 10:00:00,61.86,63.30,0.19
2020-03-23 12:00:00,53.08,62.52,0.16
2020-03-23 14:00:00,51.28,55.89,0.16
2020-03-23 16:00:00,52.17,55.30,0.16
2020-03-23 18:00:00,48.76,55.02,0.16
2020-03-23 20:00:00,47.57,51.28,0.22
2020-03-24 00:00:00,43.43,46.92,0.18
2020-03-24 02:00:00,43.27,45.35,0.23
2020-03-24 04:00:00,43.41,45.45,0.16
2020-03-24 06:00:00,43.09,45.43,0.18
2020-03-24 08:00:00,44.20,45.69,0.26
2020-03-24 10:00:00,41.69,44.37,0.17
2020-03-24 12:00:00,38.98,43.67,0.16
2020-03-24 14:00:00,39.86,45.21,0.16
2020-03-24 16:00:00,43.44,45.81,0.16
2020-03-24 18:00:00,41.63,46.88,0.16
2020-03-24 20:00:00,44.36,46.83,0.21
2020-03-25 00:00:00,43.33,45.30,0.19
2020-03-25 02:00:00,43.80,44.95,0.23
2020-03-25 04:00:00,42.77,46.09,0.19
2020-03-25 06:00:00,42.62,44.52,0.17
2020-03-25 08:00:00,42.34,45.07,0.20
2020-03-25 10:00:00,44.09,50.34,0.20
2020-03-25 12:00:00,46.78,49.51,0.16
2020-03-25 14:00:00,48.04,51.34,0.16
2020-03-25 16:00:00,47.56,49.48,0.16
2020-03-25 18:00:00,46.58,50.03,0.16
2020-03-25 20:00:00,48.30,49.51,0.16
2020-03-26 00:00:00,48.47,51.08,0.19
2020-03-26 02:00:00,49.50,50.91,0.18
2020-03-26 04:00:00,49.73,52.09,0.17
2020-03-26 06:00:00,51.29,52.77,0.22
2020-03-26 08:00:00,51.34,52.78,0.23
2020-03-26 10:00:00,50.06,52.05,0.18
2020-03-26 12:00:00,46.81,53.12,0.22
2020-03-26 14:00:00,44.74,47.32,0.16
2020-03-26 16:00:00,44.99,46.33,0.16
2020-03-26 18:00:00,44.27,46.04,0.16
2020-03-26 20:00:00,43.56,44.96,0.16
2020-03-27 00:00:00,43.38,47.08,0.19
2020-03-27 02:00:00,46.30,47.39,0.22
2020-03-27 04:00:00,46.54,48.58,0.16
2020-03-27 06:00:00,46.58,47.62,0.16
2020-03-27 08:00:00,46.92,48.19,0.17
2020-03-27 10:00:00,47.12,48.51,0.17
2020-03-27 12:00:00,46.83,49.36,0.16
2020-03-27 14:00:00,47.48,48.73,0.16
2020-03-27 16:00:00,47.44,49.04,0.16
2020-03-27 18:00:00,47.01,48.88,0.16
2020-03-27 20:00:00,48.42,50.24,0.16
2020-03-29 21:00:00,49.70,51.45,0.23
2020-03-29 23:00:00,48.49,51.30,0.20
2020-03-30 01:00:00,49.82,51.26,0.22
2020-03-30 03:00:00,47.23,50.73,0.17
2020-03-30 05:00:00,46.29,48.34,0.16
2020-03-30 07:00:00,47.41,49.86,0.30
2020-03-30 09:00:00,47.09,49.00,0.19
2020-03-30 11:00:00,47.43,48.53,0.16
2020-03-30 13:00:00,47.06,49.24,0.16
2020-03-30 15:00:00,47.43,48.13,0.16
2020-03-30 17:00:00,46.98,47.85,0.16
2020-03-30 19:00:00,46.05,47.30,0.16
2020-03-30 23:00:00,45.21,46.69,0.16
2020-03-31 01:00:00,45.05,45.89,0.16
2020-03-31 03:00:00,45.58,47.20,0.17
2020-03-31 05:00:00,45.73,47.19,0.16
2020-03-31 07:00:00,44.94,46.23,0.16
2020-03-31 09:00:00,45.03,46.29,0.18
2020-03-31 11:00:00,45.91,47.56,0.18
2020-03-31 13:00:00,43.25,46.79,0.16
2020-03-31 15:00:00,43.01,45.14,0.16
2020-03-31 17:00:00,43.04,44.95,0.16
2020-03-31 19:00:00,42.93,44.61,0.16
2020-03-31 23:00:00,44.27,45.49,0.16
2020-04-01 01:00:00,44.57,45.41,0.16
2020-04-01 03:00:00,45.00,45.55,0.16
2020-04-01 05:00:00,45.02,46.74,0.16
2020-04-01 07:00:00,45.93,47.27,0.16
2020-04-01 09:00:00,46.08,46.87,0.16
2020-04-01 11:00:00,46.13,47.01,0.16
2020-04-01 13:00:00,44.31,46.73,0.16
2020-04-01 15:00:00,44.51,47.19,0.16
2020-04-01 17:00:00,46.21,47.35,0.16
2020-04-01 19:00:00,46.74,47.87,0.16
2020-04-01 23:00:00,45.76,47.07,0.18
2020-04-02 01:00:00,44.98,46.53,0.16
2020-04-02 03:00:00,44.64,45.65,0.16
2020-04-02 05:00:00,44.74,45.69,0.16
2020-04-02 07:00:00,44.59,45.25,0.16
2020-04-02 09:00:00,44.76,45.20,0.16
2020-04-02 11:00:00,44.95,46.52,0.16
2020-04-02 13:00:00,44.45,47.19,0.16
2020-04-02 15:00:00,44.47,45.64,0.16
2020-04-02 17:00:00,44.65,45.87,0.16
2020-04-02 19:00:00,44.00,45.14,0.16
2020-04-02 23:00:00,44.12,45.04,0.19
2020-04-03 01:00:00,44.33,45.07,0.16
2020-04-03 03:00:00,44.55,45.33,0.16
2020-04-03 05:00:00,44.39,45.45,0.16
2020-04-03 07:00:00,44.30,45.27,0.16
2020-04-03 09:00:00,44.39,45.08,0.16
2020-04-03 11:00:00,43.62,44.84,0.17
2020-04-03 13:00:00,42.88,44.29,0.16
2020-04-03 15:00:00,43.54,44.61,0.16
2020-04-03 17:00:00,42.93,44.16,0.16
2020-04-03 19:00:00,41.90,43.42,0.16
2020-04-05 21:00:00,40.19,41.25,0.22
2020-04-05 23:00:00,39.39,40.88,0.16
2020-04-06 01:00:00,39.81,40.65,0.16
2020-04-06 03:00:00,38.75,40.12,0.16
2020-04-06 05:00:00,37.85,38.79,0.16
2020-04-06 07:00:00,38.41,39.15,0.16
2020-04-06 09:00:00,38.52,39.16,0.16
2020-04-06 11:00:00,39.02,39.72,0.16
2020-04-06 13:00:00,38.71,39.79,0.16
2020-04-06 15:00:00,38.63,39.69,0.16
2020-04-06 17:00:00,38.74,39.15,0.16
2020-04-06 19:00:00,38.31,39.31,0.16
2020-04-06 23:00:00,38.32,39.47,0.16
2020-04-07 01:00:00,38.31,39.14,0.16
2020-04-07 03:00:00,38.59,39.31,0.16
2020-04-07 05:00:00,37.72,38.92,0.16
2020-04-07 07:00:00,37.49,38.46,0.16
2020-04-07 09:00:00,37.30,37.89,0.16
2020-04-07 11:00:00,37.51,38.17,0.16
2020-04-07 13:00:00,37.53,39.90,0.16
2020-04-07 15:00:00,38.15,39.91,0.16
2020-04-07 17:00:00,38.33,40.11,0.16
2020-04-07 19:00:00,39.00,40.83,0.16
2020-04-07 23:00:00,39.66,40.95,0.17
2020-04-08 01:00:00,40.19,41.16,0.16
2020-04-08 03:00:00,39.52,40.66,0.16
2020-04-08 05:00:00,39.02,40.59,0.16
2020-04-08 07:00:00,39.73,40.84,0.25
2020-04-08 09:00:00,39.93,40.78,0.16
2020-04-08 11:00:00,39.42,40.15,0.16
2020-04-08 13:00:00,39.03,40.07,0.16
2020-04-08 15:00:00,38.43,39.26,0.16
2020-04-08 17:00:00,38.58,39.26,0.16
2020-04-08 19:00:00,38.48,39.18,0.16
2020-04-08 23:00:00,38.74,39.42,0.16
2020-04-09 01:00:00,38.81,39.59,0.16
2020-04-09 03:00:00,39.14,39.53,0.16
2020-04-09 05:00:00,38.61,39.42,0.16
2020-04-09 07:00:00,38.27,39.27,0.16
2020-04-09 09:00:00,39.06,39.83,0.16
2020-04-09 11:00:00,38.45,40.07,0.16
2020-04-09 13:00:00,37.94,39.08,0.16
2020-04-09 15:00:00,38.29,39.16,0.16
2020-04-09 17:00:00,38.09,38.73,0.16
2020-04-09 19:00:00,37.45,38.66,0.16
2020-04-12 21:00:00,36.89,38.65,0.30
2020-04-12 23:00:00,37.44,38.21,0.26
2020-04-13 01:00:00,37.56,38.28,0.23
2020-04-13 03:00:00,37.62,38.18,0.21
2020-04-13 05:00:00,37.71,38.12,0.18
2020-04-13 07:00:00,37.77,38.19,0.25
2020-04-13 09:00:00,37.94,38.20,0.20
2020-04-13 11:00:00,36.94,38.00,0.16
2020-04-13 13:00:00,36.69,37.64,0.16
2020-04-13 15:00:00,37.07,37.99,0.16
2020-04-13 17:00:00,37.21,37.67,0.16
2020-04-13 19:00:00,36.09,37.45,0.16
2020-04-13 23:00:00,36.00,36.48,0.20
2020-04-14 01:00:00,35.37,36.39,0.16
2020-04-14 03:00:00,34.61,35.51,0.16
2020-04-14 05:00:00,34.54,35.16,0.20
2020-04-14 07:00:00,34.76,35.25,0.16
2020-04-14 09:00:00,34.75,35.35,0.16
2020-04-14 11:00:00,34.74,35.30,0.16
2020-04-14 13:00:00,33.20,34.79,0.16
2020-04-14 15:00:00,33.35,34.25,0.16
2020-04-14 17:00:00,33.25,33.74,0.16
2020-04-14 19:00:00,32.97,33.67,0.16
2020-04-14 23:00:00,33.17,33.55,0.26
2020-04-15 01:00:00,33.28,33.69,0.18
2020-04-15 03:00:00,33.22,33.56,0.21
2020-04-15 05:00:00,33.20,33.73,0.23
2020-04-15 07:00:00,33.34,34.70,0.25
2020-04-15 09:00:00,34.59,35.21,0.27
2020-04-15 11:00:00,34.61,36.27,0.30
2020-04-15 13:00:00,35.15,36.98,0.16
2020-04-15 15:00:00,36.03,36.78,0.16
2020-04-15 17:00:00,35.78,36.52,0.16
2020-04-15 19:00:00,35.75,36.61,0.16
2020-04-15 23:00:00,36.86,37.84,0.16
2020-04-16 01:00:00,36.50,37.14,0.16
2020-04-16 03:00:00,36.54,36.94,0.16
2020-04-16 05:00:00,35.65,36.79,0.16
2020-04-16 07:00:00,35.59,36.14,0.16
2020-04-16 09:00:00,35.93,36.42,0.16
2020-04-16 11:00:00,36.03,37.04,0.16
2020-04-16 13:00:00,35.86,37.38,0.16
2020-04-16 15:00:00,36.17,37.38,0.16
2020-04-16 17:00:00,36.45,37.04,0.16
2020-04-16 19:00:00,35.44,36.84,0.16
2020-04-16 23:00:00,34.02,34.71,0.16
2020-04-17 01:00:00,34.27,34.67,0.16
2020-04-17 03:00:00,34.50,35.05,0.16
2020-04-17 05:00:00,34.40,34.90,0.16
2020-04-17 07:00:00,34.35,35.04,0.16
2020-04-17 09:00:00,34.29,34.86,0.16
2020-04-17 11:00:00,34.11,34.89,0.16
2020-04-17 13:00:00,34.74,35.91,0.16
2020-04-17 15:00:00,35.40,36.00,0.16
2020-04-17 17:00:00,35.21,35.54,0.16
2020-04-17 19:00:00,34.32,35.26,0.16
2020-04-19 21:00:00,34.59,35.22,0.16
2020-04-19 23:00:00,34.57,35.05,0.16
2020-04-20 01:00:00,34.69,35.43,0.16
2020-04-20 03:00:00,34.66,35.14,0.16
2020-04-20 05:00:00,34.79,35.43,0.16
2020-04-20 07:00:00,35.29,35.92,0.16
2020-04-20 09:00:00,35.67,36.52,0.16
2020-04-20 11:00:00,36.37,37.35,0.16
2020-04-20 13:00:00,35.70,36.98,0.16
2020-04-20 15:00:00,35.61,35.94,0.16
2020-04-20 17:00:00,35.85,37.69,0.16
2020-04-20 19:00:00,37.33,38.61,0.16
2020-04-20 23:00:00,37.39,38.09,0.16
2020-04-21 01:00:00,36.90,39.25,0.16
2020-04-21 03:00:00,38.38,39.12,0.16
2020-04-21 05:00:00,38.26,39.07,0.16
2020-04-21 07:00:00,37.99,38.99,0.16
2020-04-21 09:00:00,38.32,39.79,0.16
2020-04-21 11:00:00,39.41,41.31,0.16
2020-04-21 13:00:00,40.42,41.79,0.16
2020-04-21 15:00:00,41.51,42.52,0.16
2020-04-21 17:00:00,40.86,41.98,0.16
2020-04-21 19:00:00,40.48,41.80,0.16
2020-04-21 23:00:00,40.46,41.46,0.16
2020-04-22 01:00:00,40.88,41.61,0.16
2020-04-22 03:00:00,40.79,41.35,0.16
2020-04-22 05:00:00,39.79,41.23,0.16
2020-04-22 07:00:00,39.76,40.64,0.16
2020-04-22 09:00:00,39.58,40.39,0.16
2020-04-22 11:00:00,39.49,40.24,0.16
2020-04-22 13:00:00,39.17,40.21,0.16
2020-04-22 15:00:00,38.59,39.73,0.16
2020-04-22 17:00:00,38.66,38.90,0.16
2020-04-22 19:00:00,38.67,39.15,0.16
2020-04-22 23:00:00,38.70,39.38,0.16
2020-04-23 01:00:00,38.49,39.52,0.16
2020-04-23 03:00:00,38.83,39.50,0.16
2020-04-23 05:00:00,38.56,39.21,0.16
2020-04-23 07:00:00,38.74,39.67,0.16
2020-04-23 09:00:00,38.78,39.42,0.16
2020-04-23 11:00:00,37.93,39.25,0.16
2020-04-23 13:00:00,37.76,38.55,0.16
2020-04-23 15:00:00,37.67,39.55,0.16
2020-04-23 17:00:00,38.31,39.55,0.16
2020-04-23 19:00:00,38.43,39.26,0.16
2020-04-23 23:00:00,38.99,39.84,0.16
2020-04-24 01:00:00,39.45,39.94,0.16
2020-04-24 03:00:00,39.32,39.66,0.16
2020-04-24 05:00:00,39.31,39.89,0.16
2020-04-24 07:00:00,39.12,39.68,0.16
2020-04-24 09:00:00,37.74,39.26,0.16
2020-04-24 11:00:00,37.77,38.51,0.16
2020-04-24 13:00:00,37.89,38.49,0.16
2020-04-24 15:00:00,37.76,38.55,0.16
2020-04-24 17:00:00,36.84,37.93,0.16
2020-04-24 19:00:00,36.30,37.16,0.16
2020-04-26 21:00:00,35.83,36.53,0.25
2020-04-26 23:00:00,36.09,36.59,0.16
2020-04-27 01:00:00,36.09,36.65,0.16
2020-04-27 03:00:00,35.61,36.27,0.16
2020-04-27 05:00:00,35.37,36.13,0.16
2020-04-27 07:00:00,35.61,36.16,0.16
2020-04-27 09:00:00,35.43,35.79,0.16
2020-04-27 11:00:00,35.20,35.72,0.16
2020-04-27 13:00:00,33.59,35.56,0.16
2020-04-27 15:00:00,33.36,33.95,0.16
2020-04-27 17:00:00,33.42,34.04,0.16
2020-04-27 19:00:00,33.50,33.93,0.16
2020-04-27 23:00:00,33.59,33.92,0.16
2020-04-28 01:00:00,33.79,34.43,0.16
2020-04-28 03:00:00,34.25,34.53,0.16
2020-04-28 05:00:00,33.66,34.41,0.16
2020-04-28 07:00:00,33.24,33.83,0.16
2020-04-28 09:00:00,32.64,33.42,0.16
2020-04-28 11:00:00,32.62,33.07,0.16
2020-04-28 13:00:00,32.49,34.67,0.16
2020-04-28 15:00:00,33.52,34.72,0.16
2020-04-28 17:00:00,33.41,34.07,0.16
2020-04-28 19:00:00,33.73,34.49,0.16
2020-04-28 23:00:00,33.47,33.95,0.16
2020-04-29 01:00:00,33.09,33.75,0.16
2020-04-29 03:00:00,33.14,33.47,0.16
2020-04-29 05:00:00,33.14,33.67,0.16
2020-04-29 07:00:00,33.09,33.77,0.16
2020-04-29 09:00:00,33.07,33.60,0.16
2020-04-29 11:00:00,32.18,33.54,0.16
2020-04-29 13:00:00,31.52,32.53,0.16
2020-04-29 15:00:00,31.67,31.98,0.16
2020-04-29 17:00:00,31.60,32.14,0.16
2020-04-29 19:00:00,31.68,32.31,0.16
2020-04-29 23:00:00,31.66,32.14,0.16
2020-04-30 01:00:00,31.89,32.21,0.16
2020-04-30 03:00:00,31.43,31.99,0.16
2020-04-30 05:00:00,31.52,32.05,0.16
2020-04-30 07:00:00,31.76,32.21,0.16
2020-04-30 09:00:00,31.83,32.37,0.16
2020-04-30 11:00:00,32.19,33.09,0.16
2020-04-30 13:00:00,32.87,34.02,0.16
2020-04-30 15:00:00,33.32,34.45,0.16
2020-04-30 17:00:00,33.66,34.24,0.16
2020-04-30 19:00:00,33.06,34.20,0.16
2020-04-30 23:00:00,34.31,34.77,0.16
2020-05-01 01:00:00,34.26,35.36,0.16
2020-05-01 03:00:00,35.01,35.51,0.16
2020-05-01 05:00:00,35.11,36.01,0.16
2020-05-01 07:00:00,35.81,36.66,0.16
2020-05-01 09:00:00,35.80,36.25,0.16
2020-05-01 11:00:00,35.87,36.56,0.16
2020-05-01 13:00:00,35.37,36.30,0.16
2020-05-01 15:00:00,35.64,36.89,0.16
2020-05-01 17:00:00,36.26,36.79,0.16
2020-05-01 19:00:00,35.96,36.87,0.16
2020-05-03 21:00:00,37.30,38.32,0.21
2020-05-03 23:00:00,37.82,38.53,0.16
2020-05-04 01:00:00,36.95,38.04,0.16
2020-05-04 03:00:00,36.65,37.18,0.16
2020-05-04 05:00:00,36.56,37.33,0.16
2020-05-04 07:00:00,36.63,37.48,0.16
2020-05-04 09:00:00,36.87,37.75,0.16
2020-05-04 11:00:00,36.97,37.56,0.16
2020-05-04 13:00:00,36.35,37.59,0.16
2020-05-04 15:00:00,35.80,36.89,0.16
2020-05-04 17:00:00,35.67,36.42,0.16
2020-05-04 19:00:00,35.20,35.81,0.16
2020-05-04 23:00:00,34.92,35.34,0.16
2020-05-05 01:00:00,34.67,34.99,0.16
2020-05-05 03:00:00,34.66,35.04,0.16
2020-05-05 05:00:00,34.59,34.89,0.16
2020-05-05 07:00:00,34.23,35.51,0.16
2020-05-05 09:00:00,34.66,35.56,0.16
2020-05-05 11:00:00,34.04,34.75,0.16
2020-05-05 13:00:00,33.53,34.21,0.16
2020-05-05 15:00:00,33.44,33.78,0.16
2020-05-05 17:00:00,33.14,33.86,0.16
2020-05-05 19:00:00,32.91,34.12,0.16
2020-05-05 23:00:00,33.68,34.54,0.16
2020-05-06 01:00:00,34.34,34.78,0.16
2020-05-06 03:00:00,34.12,34.45,0.16
2020-05-06 05:00:00,33.50,34.33,0.16
2020-05-06 07:00:00,33.38,33.85,0.16
2020-05-06 09:00:00,33.16,33.53,0.16
2020-05-06 11:00:00,33.17,33.73,0.16
2020-05-06 13:00:00,33.01,34.36,0.16
2020-05-06 15:00:00,33.27,34.16,0.16
2020-05-06 17:00:00,33.24,33.76,0.16
2020-05-06 19:00:00,33.38,34.69,0.16
2020-05-06 23:00:00,34.22,34.79,0.16
2020-05-07 01:00:00,34.06,34.33,0.16
2020-05-07 03:00:00,33.73,34.09,0.16
2020-05-07 05:00:00,33.59,34.03,0.16
2020-05-07 07:00:00,33.09,33.74,0.16
2020-05-07 09:00:00,32.88,33.39,0.16
2020-05-07 11:00:00,32.86,33.31,0.16
2020-05-07 13:00:00,32.70,33.35,0.16
2020-05-07 15:00:00,32.57,33.16,0.16
2020-05-07 17:00:00,32.62,33.16,0.16
2020-05-07 19:00:00,32.43,33.21,0.16
2020-05-07 23:00:00,31.82,32.47,0.16
2020-05-08 01:00:00,31.81,32.11,0.16
2020-05-08 03:00:00,31.81,32.00,0.16
2020-05-08 05:00:00,31.83,32.24,0.16
2020-05-08 07:00:00,31.99,32.28,0.16
2020-05-08 09:00:00,31.83,32.21,0.16
2020-05-08 11:00:00,31.70,32.18,0.16
2020-05-08 13:00:00,31.64,32.18,0.16
2020-05-08 15:00:00,30.99,31.83,0.16
2020-05-08 17:00:00,30.99,31.45,0.16
2020-05-08 19:00:00,30.22,31.19,0.16
2020-05-10 21:00:00,30.39,30.81,0.16
2020-05-10 23:00:00,29.97,30.47,0.16
2020-05-11 01:00:00,29.82,30.09,0.16
2020-05-11 03:00:00,29.89,30.10,0.16
2020-05-11 05:00:00,30.04,30.52,0.16
2020-05-11 07:00:00,29.94,30.62,0.16
2020-05-11 09:00:00,30.55,31.40,0.16
2020-05-11 11:00:00,31.09,31.98,0.16
2020-05-11 13:00:00,30.39,31.75,0.16
2020-05-11 15:00:00,29.11,30.56,0.16
2020-05-11 17:00:00,28.70,29.33,0.16
2020-05-11 19:00:00,28.54,29.04,0.16
2020-05-11 23:00:00,28.90,29.52,0.16
2020-05-12 01:00:00,29.47,29.93,0.16
2020-05-12 03:00:00,29.58,30.20,0.16
2020-05-12 05:00:00,29.50,30.15,0.16
2020-05-12 07:00:00,29.15,29.79,0.16
2020-05-12 09:00:00,28.83,29.56,0.16
2020-05-12 11:00:00,27.93,28.88,0.16
2020-05-12 13:00:00,27.71,28.93,0.16
2020-05-12 15:00:00,28.19,29.00,0.16
2020-05-12 17:00:00,28.69,29.86,0.16
2020-05-12 19:00:00,29.64,33.17,0.16
2020-05-12 23:00:00,32.84,33.63,0.16
2020-05-13 01:00:00,32.22,33.25,0.16
2020-05-13 03:00:00,31.84,32.44,0.16
2020-05-13 05:00:00,31.53,32.45,0.16
2020-05-13 07:00:00,31.49,32.45,0.16
2020-05-13 09:00:00,30.78,31.93,0.16
2020-05-13 11:00:00,30.99,31.66,0.16
2020-05-13 13:00:00,31.33,33.43,0.16
2020-05-13 15:00:00,32.26,34.91,0.16
2020-05-13 17:00:00,33.91,35.24,0.16
2020-05-13 19:00:00,34.21,36.16,0.16
2020-05-13 23:00:00,33.70,34.88,0.16
2020-05-14 01:00:00,34.00,34.95,0.16
2020-05-14 03:00:00,34.20,34.84,0.16
2020-05-14 05:00:00,34.73,35.41,0.16
2020-05-14 07:00:00,34.30,35.30,0.16
2020-05-14 09:00:00,34.61,35.24,0.16
2020-05-14 11:00:00,34.93,36.93,0.16
2020-05-14 13:00:00,35.67,37.67,0.16
2020-05-14 15:00:00,34.75,36.29,0.16
2020-05-14 17:00:00,34.23,35.52,0.16
2020-05-14 19:00:00,32.74,34.99,0.16
2020-05-14 23:00:00,32.66,33.26,0.16
2020-05-15 01:00:00,32.95,33.74,0.16
2020-05-15 03:00:00,33.06,33.67,0.16
2020-05-15 05:00:00,32.95,33.54,0.16
2020-05-15 07:00:00,32.54,33.28,0.16
2020-05-15 09:00:00,32.69,34.16,0.16
2020-05-15 11:00:00,34.06,34.99,0.16
2020-05-15 13:00:00,32.90,35.16,0.16
2020-05-15 15:00:00,33.09,34.53,0.16
2020-05-15 17:00:00,32.62,33.42,0.16
2020-05-15 19:00:00,32.22,33.14,0.16
2020-05-17 21:00:00,31.81,32.72,0.16
2020-05-17 23:00:00,31.76,32.16,0.16
2020-05-18 01:00:00,31.66,32.26,0.16
2020-05-18 03:00:00,31.61,31.81,0.16
2020-05-18 05:00:00,31.41,31.91,0.16
2020-05-18 07:00:00,31.11,31.54,0.16
2020-05-18 09:00:00,30.97,31.52,0.16
2020-05-18 11:00:00,29.76,31.12,0.16
2020-05-18 13:00:00,29.81,30.81,0.16
2020-05-18 15:00:00,30.26,30.71,0.16
2020-05-18 17:00:00,30.07,30.46,0.16
2020-05-18 19:00:00,30.07,30.42,0.16
2020-05-18 23:00:00,30.08,30.53,0.16
2020-05-19 01:00:00,30.38,30.83,0.16
2020-05-19 03:00:00,30.28,30.78,0.16
2020-05-19 05:00:00,29.53,30.63,0.16
2020-05-19 07:00:00,29.63,30.78,0.16
2020-05-19 09:00:00,30.33,30.93,0.16
2020-05-19 11:00:00,30.13,30.73,0.16
2020-05-19 13:00:00,29.98,30.68,0.16
2020-05-19 15:00:00,29.88,30.28,0.16
2020-05-19 17:00:00,29.73,30.57,0.16
2020-05-19 19:00:00,29.98,32.12,0.16
2020-05-19 23:00:00,31.32,31.94,0.16
2020-05-20 01:00:00,31.12,31.42,0.16
2020-05-20 03:00:00,31.07,31.52,0.16
2020-05-20 05:00:00,31.17,31.76,0.16
2020-05-20 07:00:00,30.53,31.52,0.16
2020-05-20 09:00:00,30.25,30.75,0.16
2020-05-20 11:00:00,30.33,30.68,0.16
2020-05-20 13:00:00,30.03,30.48,0.16
2020-05-20 15:00:00,29.99,30.88,0.16
2020-05-20 17:00:00,30.19,30.98,0.16
2020-05-20 19:00:00,29.58,30.49,0.16
2020-05-20 23:00:00,29.68,30.17,0.16
2020-05-21 01:00:00,29.98,30.52,0.16
2020-05-21 03:00:00,30.27,30.57,0.16
2020-05-21 05:00:00,30.32,30.67,0.16
2020-05-21 07:00:00,30.28,30.82,0.16
2020-05-21 09:00:00,30.23,30.58,0.16
2020-05-21 11:00:00,29.70,30.42,0.16
2020-05-21 13:00:00,29.55,30.74,0.16
2020-05-21 15:00:00,30.29,31.31,0.16
2020-05-21 17:00:00,30.25,30.97,0.16
2020-05-21 19:00:00,30.49,31.18,0.16
2020-05-21 23:00:00,30.26,30.65,0.16
2020-05-22 01:00:00,30.55,31.60,0.16
2020-05-22 03:00:00,31.43,31.96,0.16
2020-05-22 05:00:00,31.77,32.30,0.16
2020-05-22 07:00:00,31.67,32.54,0.16
2020-05-22 09:00:00,31.51,31.88,0.16
2020-05-22 11:00:00,30.58,31.56,0.16
2020-05-22 13:00:00,30.63,31.40,0.16
2020-05-22 15:00:00,30.62,31.25,0.16
2020-05-22 17:00:00,30.35,30.78,0.16
2020-05-22 19:00:00,30.22,30.92,0.16
2020-05-24 21:00:00,30.05,30.56,0.16
2020-05-24 23:00:00,30.04,30.38,0.16
2020-05-25 01:00:00,30.33,30.76,0.16
2020-05-25 03:00:00,30.34,30.57,0.16
2020-05-25 05:00:00,30.09,30.45,0.16
2020-05-25 07:00:00,29.82,30.62,0.16
2020-05-25 09:00:00,29.80,30.12,0.16
2020-05-25 11:00:00,29.80,29.99,0.16
2020-05-25 13:00:00,29.67,29.89,0.16
2020-05-25 15:00:00,29.66,29.77,0.16
2020-05-25 21:00:00,29.67,29.96,0.16
2020-05-25 23:00:00,29.70,29.96,0.16
2020-05-26 01:00:00,29.63,29.83,0.16
2020-05-26 03:00:00,29.04,29.73,0.16
2020-05-26 05:00:00,28.95,29.31,0.16
2020-05-26 07:00:00,29.05,29.30,0.16
2020-05-26 09:00:00,29.01,29.27,0.16
2020-05-26 11:00:00,29.03,29.35,0.16
2020-05-26 13:00:00,28.98,29.54,0.16
2020-05-26 15:00:00,29.11,29.57,0.16
2020-05-26 17:00:00,29.19,29.55,0.16
2020-05-26 19:00:00,29.41,30.31,0.16
2020-05-26 23:00:00,29.86,30.33,0.16
2020-05-27 01:00:00,29.49,29.96,0.16
2020-05-27 03:00:00,29.30,29.62,0.16
2020-05-27 05:00:00,29.39,29.64,0.16
2020-05-27 07:00:00,29.17,29.77,0.16
2020-05-27 09:00:00,28.92,29.36,0.16
2020-05-27 11:00:00,28.98,29.40,0.16
2020-05-27 13:00:00,29.22,31.42,0.16
2020-05-27 15:00:00,29.99,31.10,0.16
2020-05-27 17:00:00,29.69,30.34,0.16
2020-05-27 19:00:00,29.34,30.03,0.16
2020-05-27 23:00:00,29.07,29.58,0.16
2020-05-28 01:00:00,29.12,29.48,0.16
2020-05-28 03:00:00,29.36,29.87,0.16
2020-05-28 05:00:00,29.44,29.88,0.16
2020-05-28 07:00:00,29.48,30.16,0.16
2020-05-28 09:00:00,29.63,30.21,0.16
2020-05-28 11:00:00,29.62,30.00,0.16
2020-05-28 13:00:00,29.53,30.20,0.16
2020-05-28 15:00:00,29.76,30.22,0.16
2020-05-28 17:00:00,29.56,30.07,0.16
2020-05-28 19:00:00,29.69,31.02,0.16
2020-05-28 23:00:00,30.56,31.16,0.16
2020-05-29 01:00:00,30.55,31.14,0.16
2020-05-29 03:00:00,30.55,30.93,0.16
2020-05-29 05:00:00,30.49,31.00,0.16
2020-05-29 07:00:00,30.60,31.22,0.16
2020-05-29 09:00:00,30.61,31.12,0.16
2020-05-29 11:00:00,30.46,30.92,0.16
2020-05-29 13:00:00,30.43,31.28,0.16
2020-05-29 15:00:00,30.60,31.41,0.16
2020-05-29 17:00:00,30.13,31.28,0.16
2020-05-29 19:00:00,29.33,30.25,0.16
2020-05-31 21:00:00,29.94,30.48,0.16
2020-05-31 23:00:00,29.70,30.32,0.16
2020-06-01 01:00:00,29.74,30.19,0.16
2020-06-01 03:00:00,29.74,29.97,0.16
2020-06-01 05:00:00,29.52,29.97,0.16
2020-06-01 07:00:00,29.53,30.83,0.16
2020-06-01 09:00:00,30.15,30.58,0.16
2020-06-01 11:00:00,29.84,30.43,0.16
2020-06-01 13:00:00,30.04,30.63,0.16
2020-06-01 15:00:00,29.84,30.32,0.16
2020-06-01 17:00:00,29.81,30.07,0.16
2020-06-01 19:00:00,29.89,30.25,0.16
2020-06-01 23:00:00,30.20,30.53,0.16
2020-06-02 01:00:00,30.15,30.48,0.16
2020-06-02 03:00:00,30.26,30.43,0.16
2020-06-02 05:00:00,30.14,30.34,0.16
2020-06-02 07:00:00,29.65,30.22,0.16
2020-06-02 09:00:00,29.45,29.80,0.16
2020-06-02 11:00:00,29.55,29.88,0.16
2020-06-02 13:00:00,29.59,29.98,0.16
2020-06-02 15:00:00,29.67,30.23,0.16
2020-06-02 17:00:00,29.37,29.68,0.16
2020-06-02 19:00:00,29.03,29.67,0.16
2020-06-02 23:00:00,28.99,29.21,0.16
2020-06-03 01:00:00,29.02,29.22,0.16
2020-06-03 03:00:00,29.06,29.18,0.16
2020-06-03 05:00:00,28.91,29.18,0.16
2020-06-03 07:00:00,28.92,29.19,0.16
2020-06-03 09:00:00,28.80,29.12,0.16
2020-06-03 11:00:00,28.81,29.12,0.16
2020-06-03 13:00:00,28.44,28.91,0.16
2020-06-03 15:00:00,28.39,28.66,0.16
2020-06-03 17:00:00,27.99,28.52,0.16
2020-06-03 19:00:00,27.97,28.30,0.16
2020-06-03 23:00:00,28.14,28.52,0.16
2020-06-04 01:00:00,28.33,28.69,0.16
2020-06-04 03:00:00,28.55,28.69,0.16
2020-06-04 05:00:00,28.48,28.73,0.16
2020-06-04 07:00:00,28.35,28.73,0.16
2020-06-04 09:00:00,28.47,28.73,0.16
2020-06-04 11:00:00,28.11,28.70,0.16
2020-06-04 13:00:00,27.13,28.51,0.16
2020-06-04 15:00:00,27.19,28.14,0.16
2020-06-04 17:00:00,27.66,28.20,0.16
2020-06-04 19:00:00,27.78,28.60,0.16
2020-06-04 23:00:00,27.84,28.11,0.16
2020-06-05 01:00:00,27.73,28.07,0.16
2020-06-05 03:00:00,27.54,27.80,0.16
2020-06-05 05:00:00,27.31,27.59,0.16
2020-06-05 07:00:00,27.13,27.44,0.16
2020-06-05 09:00:00,27.26,27.51,0.16
2020-06-05 11:00:00,26.26,27.47,0.16
2020-06-05 13:00:00,26.18,26.66,0.16
2020-06-05 15:00:00,26.37,26.70,0.16
2020-06-05 17:00:00,26.31,26.79,0.16
2020-06-05 19:00:00,26.42,26.87,0.16
2020-06-07 21:00:00,26.24,26.53,0.16
2020-06-07 23:00:00,26.25,26.62,0.16
2020-06-08 01:00:00,26.52,26.75,0.16
2020-06-08 03:00:00,26.56,26.64,0.16
2020-06-08 05:00:00,26.48,26.66,0.16
2020-06-08 07:00:00,26.41,26.82,0.16
2020-06-08 09:00:00,26.33,26.61,0.16
2020-06-08 11:00:00,26.34,26.56,0.16
2020-06-08 13:00:00,26.39,27.24,0.16
2020-06-08 15:00:00,26.75,27.11,0.16
2020-06-08 17:00:00,26.84,27.05,0.16
2020-06-08 19:00:00,26.90,27.52,0.16
2020-06-08 23:00:00,27.37,27.59,0.16
2020-06-09 01:00:00,27.53,27.69,0.16
2020-06-09 03:00:00,27.54,27.65,0.16
2020-06-09 05:00:00,27.38,27.59,0.16
2020-06-09 07:00:00,27.40,28.42,0.16
2020-06-09 09:00:00,28.03,28.42,0.16
2020-06-09 11:00:00,27.76,28.22,0.16
2020-06-09 13:00:00,27.93,28.77,0.16
2020-06-09 15:00:00,28.21,28.75,0.16
2020-06-09 17:00:00,28.10,28.54,0.16
2020-06-09 19:00:00,28.31,29.18,0.16
2020-06-09 23:00:00,28.52,28.98,0.16
2020-06-10 01:00:00,28.38,28.58,0.16
2020-06-10 03:00:00,28.43,28.59,0.16
2020-06-10 05:00:00,28.39,28.70,0.16
2020-06-10 07:00:00,28.39,28.69,0.16
2020-06-10 09:00:00,28.65,29.27,0.16
2020-06-10 11:00:00,28.69,28.89,0.16
2020-06-10 13:00:00,28.69,29.48,0.16
2020-06-10 15:00:00,28.21,29.18,0.16
2020-06-10 17:00:00,27.51,28.66,0.16
2020-06-10 19:00:00,27.90,28.88,0.16
2020-06-10 23:00:00,28.84,29.36,0.16
2020-06-11 01:00:00,28.97,29.39,0.16
2020-06-11 03:00:00,29.38,30.13,0.16
2020-06-11 05:00:00,30.01,30.70,0.16
2020-06-11 07:00:00,30.39,30.98,0.16
2020-06-11 09:00:00,30.33,30.88,0.16
2020-06-11 11:00:00,30.55,32.11,0.16
2020-06-11 13:00:00,30.46,31.97,0.16
2020-06-11 15:00:00,31.30,34.59,0.16
2020-06-11 17:00:00,33.01,36.85,0.16
2020-06-11 19:00:00,35.72,39.94,0.16
2020-06-11 23:00:00,37.29,38.86,0.16
2020-06-12 01:00:00,35.67,37.79,0.16
2020-06-12 03:00:00,35.29,36.40,0.16
2020-06-12 05:00:00,35.07,36.74,0.16
2020-06-12 07:00:00,34.55,36.74,0.16
2020-06-12 09:00:00,34.58,35.76,0.16
2020-06-12 11:00:00,34.99,36.84,0.16
2020-06-12 13:00:00,34.29,39.75,0.16
2020-06-12 15:00:00,37.26,41.25,0.16
2020-06-12 17:00:00,37.18,40.86,0.16
2020-06-12 19:00:00,34.85,37.79,0.16
2020-06-14 21:00:00,35.90,37.19,0.16
2020-06-14 23:00:00,36.00,37.08,0.16
2020-06-15 01:00:00,36.49,37.15,0.16
2020-06-15 03:00:00,36.70,37.99,0.16
2020-06-15 05:00:00,37.89,40.46,0.16
2020-06-15 07:00:00,38.45,40.24,0.16
2020-06-15 09:00:00,38.19,39.15,0.16
2020-06-15 11:00:00,38.34,39.50,0.16
2020-06-15 13:00:00,36.48,39.84,0.16
2020-06-15 15:00:00,35.43,36.98,0.16
2020-06-15 17:00:00,34.23,36.08,0.16
2020-06-15 19:00:00,33.98,35.98,0.16
2020-06-15 23:00:00,32.87,34.15,0.16
2020-06-16 01:00:00,32.42,33.57,0.16
2020-06-16 03:00:00,32.42,32.92,0.16
2020-06-16 05:00:00,32.50,33.64,0.20
2020-06-16 07:00:00,33.27,34.11,0.16
2020-06-16 09:00:00,33.22,33.86,0.16
2020-06-16 11:00:00,31.92,33.41,0.16
2020-06-16 13:00:00,32.07,34.55,0.16
2020-06-16 15:00:00,33.16,35.70,0.16
2020-06-16 17:00:00,33.21,34.51,0.16
2020-06-16 19:00:00,33.41,35.15,0.16
2020-06-16 23:00:00,33.29,34.36,0.30
2020-06-17 01:00:00,33.36,34.76,0.27
2020-06-17 03:00:00,33.71,34.46,0.30
2020-06-17 05:00:00,33.54,34.30,0.30
2020-06-17 07:00:00,33.02,33.98,0.16
2020-06-17 09:00:00,33.30,34.11,0.28
2020-06-17 11:00:00,33.21,33.83,0.30
2020-06-17 13:00:00,33.31,34.84,0.30
2020-06-17 15:00:00,33.71,34.34,0.16
2020-06-17 17:00:00,33.36,33.90,0.16
2020-06-17 19:00:00,33.46,34.49,0.16
2020-06-17 23:00:00,33.65,34.46,0.16
2020-06-18 01:00:00,34.23,35.30,0.16
2020-06-18 03:00:00,34.38,34.97,0.16
2020-06-18 05:00:00,34.03,35.04,0.16
2020-06-18 07:00:00,33.54,34.38,0.16
2020-06-18 09:00:00,33.54,34.18,0.16
2020-06-18 11:00:00,33.88,34.77,0.16
2020-06-18 13:00:00,33.70,34.77,0.16
2020-06-18 15:00:00,33.65,34.34,0.16
2020-06-18 17:00:00,33.41,33.95,0.16
2020-06-18 19:00:00,33.21,33.95,0.16
2020-06-18 23:00:00,33.11,34.04,0.16
2020-06-19 01:00:00,33.67,34.28,0.16
2020-06-19 03:00:00,33.64,33.94,0.16
2020-06-19 05:00:00,32.91,33.84,0.16
2020-06-19 07:00:00,32.68,33.39,0.16
2020-06-19 09:00:00,32.28,32.86,0.16
2020-06-19 11:00:00,32.13,32.74,0.16
2020-06-19 13:00:00,32.23,32.91,0.16
2020-06-19 15:00:00,32.43,34.58,0.16
2020-06-19 17:00:00,33.61,34.93,0.16
2020-06-19 19:00:00,33.51,35.26,0.16
2020-06-21 21:00:00,35.28,36.44,0.16
2020-06-21 23:00:00,34.66,35.71,0.16
2020-06-22 01:00:00,34.26,34.66,0.16
2020-06-22 03:00:00,34.13,34.56,0.16
2020-06-22 05:00:00,34.13,34.87,0.16
2020-06-22 07:00:00,33.40,34.60,0.16
2020-06-22 09:00:00,33.37,34.09,0.16
2020-06-22 11:00:00,33.88,34.47,0.16
2020-06-22 13:00:00,33.46,34.45,0.16
2020-06-22 15:00:00,32.14,34.11,0.16
2020-06-22 17:00:00,32.08,32.57,0.16
2020-06-22 19:00:00,31.63,32.88,0.16
2020-06-22 23:00:00,31.24,31.82,0.16
2020-06-23 01:00:00,31.73,34.23,0.16
2020-06-23 03:00:00,32.13,32.58,0.16
2020-06-23 05:00:00,31.85,32.65,0.16
2020-06-23 07:00:00,31.03,32.10,0.16
2020-06-23 09:00:00,30.83,31.45,0.16
2020-06-23 11:00:00,30.42,31.13,0.16
2020-06-23 13:00:00,30.50,31.48,0.16
2020-06-23 15:00:00,30.75,31.34,0.16
2020-06-23 17:00:00,30.66,31.27,0.16
2020-06-23 19:00:00,31.13,32.01,0.16
2020-06-23 23:00:00,31.59,32.06,0.16
2020-06-24 01:00:00,31.69,32.21,0.16
2020-06-24 03:00:00,31.68,32.05,0.16
2020-06-24 05:00:00,31.69,32.06,0.16
2020-06-24 07:00:00,31.50,32.97,0.16
2020-06-24 09:00:00,32.48,33.34,0.16
2020-06-24 11:00:00,32.16,32.74,0.16
2020-06-24 13:00:00,31.79,33.46,0.16
2020-06-24 15:00:00,33.13,35.14,0.16
2020-06-24 17:00:00,33.56,34.84,0.16
2020-06-24 19:00:00,33.19,34.32,0.16
2020-06-24 23:00:00,33.35,34.20,0.16
2020-06-25 01:00:00,33.28,34.77,0.16
2020-06-25 03:00:00,34.06,34.62,0.16
2020-06-25 05:00:00,33.96,34.53,0.16
2020-06-25 07:00:00,33.55,35.32,0.16
2020-06-25 09:00:00,33.33,33.97,0.16
2020-06-25 11:00:00,33.75,34.59,0.16
2020-06-25 13:00:00,33.36,34.93,0.16
2020-06-25 15:00:00,32.85,34.17,0.16
2020-06-25 17:00:00,32.99,33.61,0.16
2020-06-25 19:00:00,32.07,33.41,0.16
2020-06-25 23:00:00,32.09,32.72,0.16
2020-06-26 01:00:00,32.30,32.67,0.16
2020-06-26 03:00:00,32.18,32.62,0.16
2020-06-26 05:00:00,32.30,32.87,0.16
2020-06-26 07:00:00,32.58,33.23,0.16
2020-06-26 09:00:00,32.15,32.82,0.16
2020-06-26 11:00:00,31.98,32.77,0.16
2020-06-26 13:00:00,32.39,34.72,0.16
2020-06-26 15:00:00,33.58,34.40,0.16
2020-06-26 17:00:00,33.58,34.71,0.16
2020-06-26 19:00:00,33.89,34.73,0.16
2020-06-28 21:00:00,34.49,35.10,0.16
2020-06-28 23:00:00,34.00,34.78,0.16
2020-06-29 01:00:00,33.53,34.09,0.16
2020-06-29 03:00:00,33.91,34.51,0.16
2020-06-29 05:00:00,33.93,34.55,0.16
2020-06-29 07:00:00,33.61,34.23,0.16
2020-06-29 09:00:00,33.51,33.93,0.16
2020-06-29 11:00:00,33.19,33.83,0.16
2020-06-29 13:00:00,33.43,34.92,0.16
2020-06-29 15:00:00,33.07,33.86,0.16
2020-06-29 17:00:00,32.93,33.45,0.16
2020-06-29 19:00:00,32.32,33.53,0.16
2020-06-29 23:00:00,32.44,32.86,0.16
2020-06-30 01:00:00,32.58,32.86,0.16
2020-06-30 03:00:00,32.63,32.81,0.16
2020-06-30 05:00:00,32.58,33.14,0.16
2020-06-30 07:00:00,32.64,33.29,0.16
2020-06-30 09:00:00,32.68,33.34,0.16
2020-06-30 11:00:00,32.47,33.13,0.16
2020-06-30 13:00:00,31.89,33.18,0.16
2020-06-30 15:00:00,31.60,32.03,0.16
2020-06-30 17:00:00,31.21,32.12,0.16
2020-06-30 19:00:00,30.85,31.54,0.16
2020-06-30 23:00:00,31.19,31.36,0.16
2020-07-01 01:00:00,31.32,31.58,0.16
2020-07-01 03:00:00,31.45,31.58,0.16
2020-07-01 05:00:00,31.55,31.91,0.16
2020-07-01 07:00:00,31.40,31.70,0.16
2020-07-01 09:00:00,31.32,32.01,0.16
2020-07-01 11:00:00,31.18,32.19,0.16
2020-07-01 13:00:00,30.46,31.28,0.16
2020-07-01 15:00:00,30.38,31.16,0.16
2020-07-01 17:00:00,30.33,30.61,0.16
2020-07-01 19:00:00,30.05,30.51,0.16
2020-07-01 23:00:00,30.18,30.56,0.16
2020-07-02 01:00:00,30.23,30.76,0.16
2020-07-02 03:00:00,30.21,30.54,0.16
2020-07-02 05:00:00,30.11,30.51,0.16
2020-07-02 07:00:00,29.69,30.24,0.16
2020-07-02 09:00:00,29.84,30.09,0.16
2020-07-02 11:00:00,28.89,29.90,0.16
2020-07-02 13:00:00,28.57,29.60,0.16
2020-07-02 15:00:00,29.00,29.70,0.16
2020-07-02 17:00:00,29.03,29.33,0.16
2020-07-02 19:00:00,29.16,29.96,0.16
2020-07-05 21:00:00,29.38,29.70,0.16
2020-07-05 23:00:00,29.20,29.53,0.16
2020-07-06 01:00:00,28.81,29.24,0.16
2020-07-06 03:00:00,28.81,29.05,0.16
2020-07-06 05:00:00,28.76,29.01,0.16
2020-07-06 07:00:00,28.76,29.11,0.16
2020-07-06 09:00:00,28.88,29.26,0.16
2020-07-06 11:00:00,28.63,29.07,0.16
2020-07-06 13:00:00,28.66,29.48,0.16
2020-07-06 15:00:00,29.18,29.64,0.16
2020-07-06 17:00:00,29.56,30.03,0.16
2020-07-06 19:00:00,29.73,30.14,0.16
2020-07-06 23:00:00,29.53,29.88,0.16
2020-07-07 01:00:00,29.60,30.34,0.16
2020-07-07 03:00:00,30.00,30.34,0.16
2020-07-07 05:00:00,30.16,30.50,0.16
2020-07-07 07:00:00,29.99,30.49,0.16
2020-07-07 09:00:00,30.20,30.60,0.16
2020-07-07 11:00:00,30.05,30.44,0.16
2020-07-07 13:00:00,29.41,30.15,0.16
2020-07-07 15:00:00,29.30,29.79,0.16
2020-07-07 17:00:00,29.59,30.32,0.16
2020-07-07 19:00:00,30.17,30.99,0.16
2020-07-07 23:00:00,30.65,31.03,0.16
2020-07-08 01:00:00,30.49,30.82,0.16
2020-07-08 03:00:00,30.49,30.84,0.16
2020-07-08 05:00:00,30.66,30.99,0.16
2020-07-08 07:00:00,30.07,30.78,0.16
2020-07-08 09:00:00,30.32,30.73,0.16
2020-07-08 11:00:00,30.26,30.63,0.16
2020-07-08 13:00:00,30.01,30.72,0.16
2020-07-08 15:00:00,30.57,31.35,0.16
2020-07-08 17:00:00,30.70,31.20,0.16
2020-07-08 19:00:00,30.00,30.80,0.16
2020-07-08 23:00:00,29.90,30.09,0.16
2020-07-09 01:00:00,30.02,30.32,0.16
2020-07-09 03:00:00,29.91,30.17,0.16
2020-07-09 05:00:00,30.02,30.29,0.16
2020-07-09 07:00:00,30.08,30.39,0.16
2020-07-09 09:00:00,30.06,30.39,0.16
2020-07-09 11:00:00,29.86,30.11,0.16
2020-07-09 13:00:00,29.95,31.63,0.16
2020-07-09 15:00:00,30.92,31.93,0.16
2020-07-09 17:00:00,30.42,31.15,0.16
2020-07-09 19:00:00,30.21,31.05,0.16
2020-07-09 23:00:00,30.46,30.93,0.16
2020-07-10 01:00:00,30.62,31.03,0.16
2020-07-10 03:00:00,30.77,31.08,0.16
2020-07-10 05:00:00,31.03,31.70,0.16
2020-07-10 07:00:00,31.04,31.69,0.16
2020-07-10 09:00:00,30.99,31.40,0.16
2020-07-10 11:00:00,30.81,31.41,0.16
2020-07-10 13:00:00,30.66,31.46,0.16
2020-07-10 15:00:00,30.40,31.01,0.16
2020-07-10 17:00:00,30.09,30.48,0.16
2020-07-10 19:00:00,29.79,30.19,0.16
2020-07-12 21:00:00,29.50,29.74,0.16
2020-07-12 23:00:00,29.53,30.00,0.16
2020-07-13 01:00:00,29.72,30.03,0.16
2020-07-13 03:00:00,29.68,29.83,0.16
2020-07-13 05:00:00,29.54,29.78,0.16
2020-07-13 07:00:00,29.63,30.02,0.16
2020-07-13 09:00:00,29.63,29.86,0.16
2020-07-13 11:00:00,29.50,29.68,0.16
2020-07-13 13:00:00,29.52,30.02,0.16
2020-07-13 15:00:00,29.82,30.34,0.16
2020-07-13 17:00:00,30.17,30.88,0.16
2020-07-13 19:00:00,30.65,33.18,0.16
2020-07-13 21:00:00,32.33,32.74,0.16
2020-07-13 23:00:00,32.01,32.60,0.16
2020-07-14 01:00:00,31.77,32.19,0.16
2020-07-14 03:00:00,31.93,32.29,0.16
2020-07-14 05:00:00,31.78,32.24,0.16
2020-07-14 07:00:00,31.75,32.31,0.16
2020-07-14 09:00:00,31.69,32.03,0.16
2020-07-14 11:00:00,31.71,32.66,0.16
2020-07-14 13:00:00,31.69,33.48,0.16
2020-07-14 15:00:00,31.40,32.30,0.16
2020-07-14 17:00:00,31.19,32.24,0.16
2020-07-14 19:00:00,30.90,31.76,0.16
2020-07-14 21:00:00,30.19,30.77,0.16
2020-07-14 23:00:00,30.20,30.55,0.16
2020-07-15 01:00:00,30.45,30.72,0.16
2020-07-15 03:00:00,30.62,30.73,0.16
2020-07-15 05:00:00,30.62,30.79,0.16
2020-07-15 07:00:00,30.72,30.93,0.16
2020-07-15 09:00:00,30.27,30.93,0.16
2020-07-15 11:00:00,29.93,30.38,0.16
2020-07-15 13:00:00,29.93,30.78,0.16
2020-07-15 15:00:00,30.57,31.45,0.16
2020-07-15 17:00:00,30.26,30.87,0.16
2020-07-15 19:00:00,30.03,30.62,0.16
2020-07-15 23:00:00,30.19,30.49,0.16
2020-07-16 01:00:00,30.33,30.81,0.16
2020-07-16 03:00:00,30.61,30.81,0.16
2020-07-16 05:00:00,30.61,30.90,0.16
2020-07-16 07:00:00,30.70,31.29,0.16
2020-07-16 09:00:00,31.06,31.51,0.16
2020-07-16 11:00:00,30.92,31.18,0.16
2020-07-16 13:00:00,30.02,31.08,0.16
2020-07-16 15:00:00,29.90,30.42,0.16
2020-07-16 17:00:00,29.64,30.09,0.16
2020-07-16 19:00:00,29.68,30.13,0.16
2020-07-16 21:00:00,29.92,30.05,0.16
2020-07-16 23:00:00,29.82,29.98,0.16
2020-07-17 01:00:00,29.87,30.03,0.16
2020-07-17 03:00:00,29.88,30.04,0.16
2020-07-17 05:00:00,29.78,30.04,0.16
2020-07-17 07:00:00,29.83,30.05,0.16
2020-07-17 09:00:00,29.74,30.00,0.16
2020-07-17 11:00:00,29.44,29.95,0.16
2020-07-17 13:00:00,29.40,29.77,0.16
2020-07-17 15:00:00,29.14,29.56,0.16
2020-07-17 17:00:00,28.77,29.30,0.16
2020-07-17 19:00:00,28.63,28.91,0.16
2020-07-19 21:00:00,28.70,28.90,0.16
2020-07-19 23:00:00,28.71,29.01,0.16
2020-07-20 01:00:00,29.01,29.41,0.16
2020-07-20 03:00:00,29.21,29.36,0.16
2020-07-20 05:00:00,29.17,29.42,0.16
2020-07-20 07:00:00,28.83,29.53,0.16
2020-07-20 09:00:00,28.68,28.91,0.16
2020-07-20 11:00:00,28.54,28.84,0.16
2020-07-20 13:00:00,27.80,28.75,0.16
2020-07-20 15:00:00,27.35,28.00,0.16
2020-07-20 17:00:00,27.21,27.51,0.16
2020-07-20 19:00:00,27.29,27.66,0.16
2020-07-20 23:00:00,27.43,27.63,0.16
2020-07-21 01:00:00,27.38,27.63,0.16
2020-07-21 03:00:00,27.39,27.49,0.16
2020-07-21 05:00:00,27.14,27.39,0.16
2020-07-21 07:00:00,27.00,27.39,0.16
2020-07-21 09:00:00,26.95,27.15,0.16
2020-07-21 11:00:00,26.88,27.18,0.16
2020-07-21 13:00:00,26.71,27.56,0.16
2020-07-21 15:00:00,27.26,28.11,0.16
2020-07-21 17:00:00,27.57,27.92,0.16
2020-07-21 19:00:00,27.67,28.32,0.16
2020-07-21 23:00:00,27.68,27.96,0.23
2020-07-22 01:00:00,27.64,27.98,0.30
2020-07-22 03:00:00,27.70,28.00,0.27
2020-07-22 05:00:00,27.78,28.02,0.20
2020-07-22 07:00:00,27.73,28.58,0.23
2020-07-22 09:00:00,28.30,28.74,0.23
2020-07-22 11:00:00,28.08,28.40,0.25
2020-07-22 13:00:00,27.87,28.61,0.16
2020-07-22 15:00:00,27.78,28.52,0.16
2020-07-22 17:00:00,27.78,28.27,0.16
2020-07-22 19:00:00,27.39,28.03,0.16
2020-07-22 23:00:00,27.51,27.76,0.16
2020-07-23 01:00:00,27.56,27.81,0.16
2020-07-23 03:00:00,27.57,27.76,0.16
2020-07-23 05:00:00,27.21,27.67,0.16
2020-07-23 07:00:00,26.94,27.42,0.16
2020-07-23 09:00:00,27.14,27.34,0.16
2020-07-23 11:00:00,27.18,27.69,0.16
2020-07-23 13:00:00,27.39,27.93,0.16
2020-07-23 15:00:00,27.40,28.19,0.16
2020-07-23 17:00:00,27.85,29.21,0.16
2020-07-23 19:00:00,28.44,29.27,0.16
2020-07-23 23:00:00,28.50,28.84,0.16
2020-07-24 01:00:00,28.45,28.84,0.16
2020-07-24 03:00:00,28.70,29.34,0.16
2020-07-24 05:00:00,29.14,29.77,0.16
2020-07-24 07:00:00,29.33,29.98,0.16
2020-07-24 09:00:00,29.04,29.43,0.16
2020-07-24 11:00:00,29.14,29.53,0.16
2020-07-24 13:00:00,29.12,30.02,0.16
2020-07-24 15:00:00,28.97,29.72,0.16
2020-07-24 17:00:00,29.02,30.04,0.16
2020-07-24 19:00:00,28.75,29.48,0.16
2020-07-26 21:00:00,28.96,29.24,0.16
2020-07-26 23:00:00,28.78,29.39,0.16
2020-07-27 01:00:00,28.64,28.97,0.16
2020-07-27 03:00:00,28.64,28.84,0.16
2020-07-27 05:00:00,28.69,28.93,0.16
2020-07-27 07:00:00,28.66,28.98,0.16
2020-07-27 09:00:00,28.62,28.85,0.16
2020-07-27 11:00:00,28.54,28.77,0.16
2020-07-27 13:00:00,28.36,28.82,0.16
2020-07-27 15:00:00,28.46,29.05,0.16
2020-07-27 17:00:00,28.49,28.78,0.16
2020-07-27 19:00:00,28.06,28.65,0.16
2020-07-27 23:00:00,27.89,28.13,0.16
2020-07-28 01:00:00,27.79,28.07,0.16
2020-07-28 03:00:00,27.98,28.32,0.16
2020-07-28 05:00:00,28.10,28.37,0.16
2020-07-28 07:00:00,28.00,28.34,0.16
2020-07-28 09:00:00,28.18,28.70,0.16
2020-07-28 11:00:00,28.28,28.64,0.16
2020-07-28 13:00:00,27.87,28.60,0.16
2020-07-28 15:00:00,27.54,28.11,0.16
2020-07-28 17:00:00,27.34,27.67,0.16
2020-07-28 19:00:00,27.54,28.39,0.16
2020-07-28 23:00:00,28.02,28.25,0.16
2020-07-29 01:00:00,28.11,28.41,0.16
2020-07-29 03:00:00,28.22,28.57,0.16
2020-07-29 05:00:00,28.19,28.59,0.16
2020-07-29 07:00:00,27.92,28.20,0.16
2020-07-29 09:00:00,27.98,28.21,0.16
2020-07-29 11:00:00,27.84,28.17,0.16
2020-07-29 13:00:00,27.79,28.23,0.16
2020-07-29 15:00:00,28.00,28.20,0.16
2020-07-29 17:00:00,27.61,28.16,0.16
2020-07-29 19:00:00,27.50,28.00,0.16
2020-07-29 23:00:00,27.56,27.75,0.16
2020-07-30 01:00:00,27.67,27.81,0.16
2020-07-30 03:00:00,27.67,27.81,0.16
2020-07-30 05:00:00,27.72,27.93,0.16
2020-07-30 07:00:00,27.89,28.85,0.16
2020-07-30 09:00:00,28.59,29.29,0.16
2020-07-30 11:00:00,28.58,29.22,0.16
2020-07-30 13:00:00,28.73,30.43,0.16
2020-07-30 15:00:00,28.38,29.69,0.16
2020-07-30 17:00:00,28.26,28.68,0.16
2020-07-30 19:00:00,27.70,28.74,0.16
2020-07-30 23:00:00,27.71,28.10,0.16
2020-07-31 01:00:00,27.82,28.21,0.16
2020-07-31 03:00:00,28.03,28.35,0.16
2020-07-31 05:00:00,27.99,28.55,0.16
2020-07-31 07:00:00,28.00,28.40,0.16
2020-07-31 09:00:00,27.97,28.29,0.16
2020-07-31 11:00:00,27.78,28.15,0.16
2020-07-31 13:00:00,27.75,28.98,0.16
2020-07-31 15:00:00,28.11,29.25,0.16
2020-07-31 17:00:00,28.35,29.22,0.16
2020-07-31 19:00:00,27.89,28.45,0.16
2020-08-02 21:00:00,28.21,28.39,0.16
2020-08-02 23:00:00,28.12,28.44,0.16
2020-08-03 01:00:00,28.14,28.42,0.16
2020-08-03 03:00:00,28.27,28.38,0.16
2020-08-03 05:00:00,28.19,28.43,0.16
2020-08-03 07:00:00,28.20,28.56,0.16
2020-08-03 09:00:00,27.87,28.44,0.16
2020-08-03 11:00:00,27.87,27.98,0.16
2020-08-03 13:00:00,27.91,28.39,0.16
2020-08-03 15:00:00,28.08,28.34,0.16
2020-08-03 17:00:00,27.78,28.08,0.16
2020-08-03 19:00:00,27.79,28.21,0.16
2020-08-03 23:00:00,27.98,28.20,0.16
2020-08-04 01:00:00,27.91,28.06,0.16
2020-08-04 03:00:00,28.03,28.13,0.16
2020-08-04 05:00:00,27.76,28.10,0.16
2020-08-04 07:00:00,27.71,28.14,0.16
2020-08-04 09:00:00,27.79,28.05,0.16
2020-08-04 11:00:00,27.85,28.13,0.16
2020-08-04 13:00:00,27.29,28.13,0.16
2020-08-04 15:00:00,27.37,27.67,0.16
2020-08-04 17:00:00,27.39,27.85,0.16
2020-08-04 19:00:00,27.23,27.63,0.16
2020-08-04 23:00:00,27.24,27.43,0.16
2020-08-05 01:00:00,27.26,27.47,0.16
2020-08-05 03:00:00,27.21,27.31,0.16
2020-08-05 05:00:00,26.92,27.29,0.16
2020-08-05 07:00:00,26.84,27.08,0.16
2020-08-05 09:00:00,26.79,26.91,0.16
2020-08-05 11:00:00,26.82,27.07,0.16
2020-08-05 13:00:00,26.85,27.21,0.16
2020-08-05 15:00:00,27.02,27.36,0.16
2020-08-05 17:00:00,26.83,27.09,0.16
2020-08-05 19:00:00,26.83,27.11,0.16
2020-08-05 23:00:00,26.67,26.93,0.16
2020-08-06 01:00:00,26.66,26.96,0.16
2020-08-06 03:00:00,26.89,27.02,0.16
2020-08-06 05:00:00,26.80,26.91,0.16
2020-08-06 07:00:00,26.64,27.07,0.16
2020-08-06 09:00:00,26.95,27.35,0.16
2020-08-06 11:00:00,26.93,27.45,0.16
2020-08-06 13:00:00,26.82,27.23,0.16
2020-08-06 15:00:00,26.80,27.26,0.16
2020-08-06 17:00:00,26.67,26.90,0.16
2020-08-06 19:00:00,26.60,26.84,0.16
2020-08-06 23:00:00,26.58,26.76,0.16
2020-08-07 01:00:00,26.65,26.92,0.16
2020-08-07 03:00:00,26.75,27.13,0.16
2020-08-07 05:00:00,26.94,27.20,0.16
2020-08-07 07:00:00,26.84,27.22,0.16
2020-08-07 09:00:00,27.17,27.39,0.16
2020-08-07 11:00:00,26.70,27.18,0.16
2020-08-07 13:00:00,26.60,27.19,0.16
2020-08-07 15:00:00,26.38,26.86,0.16
2020-08-07 17:00:00,26.49,27.20,0.16
2020-08-07 19:00:00,26.60,27.10,0.16
2020-08-09 21:00:00,26.86,27.11,0.16
2020-08-09 23:00:00,26.87,27.08,0.16
2020-08-10 01:00:00,26.86,27.07,0.16
2020-08-10 03:00:00,26.85,26.92,0.16
2020-08-10 05:00:00,26.77,26.82,0.16
2020-08-10 07:00:00,26.65,26.92,0.16
2020-08-10 09:00:00,26.64,26.76,0.16
2020-08-10 11:00:00,26.57,26.78,0.16
2020-08-10 13:00:00,26.33,26.86,0.16
2020-08-10 15:00:00,26.28,26.96,0.16
2020-08-10 17:00:00,26.16,26.37,0.16
2020-08-10 19:00:00,26.14,26.36,0.16
2020-08-10 23:00:00,26.26,26.36,0.16
2020-08-11 01:00:00,25.97,26.31,0.16
2020-08-11 03:00:00,26.01,26.17,0.16
2020-08-11 05:00:00,25.97,26.17,0.16
2020-08-11 07:00:00,25.51,26.08,0.16
2020-08-11 09:00:00,25.39,25.57,0.16
2020-08-11 11:00:00,25.40,25.65,0.16
2020-08-11 13:00:00,25.50,26.09,0.16
2020-08-11 15:00:00,25.57,25.97,0.16
2020-08-11 17:00:00,25.81,26.41,0.16
2020-08-11 19:00:00,26.19,27.68,0.16
2020-08-11 23:00:00,26.96,27.40,0.16
2020-08-12 01:00:00,27.18,27.58,0.16
2020-08-12 03:00:00,27.29,27.45,0.16
2020-08-12 05:00:00,26.85,27.51,0.16
2020-08-12 07:00:00,26.51,26.95,0.16
2020-08-12 09:00:00,26.42,26.63,0.16
2020-08-12 11:00:00,26.54,26.79,0.16
2020-08-12 13:00:00,26.14,26.70,0.16
2020-08-12 15:00:00,26.03,26.38,0.16
2020-08-12 17:00:00,26.04,26.49,0.16
2020-08-12 19:00:00,26.01,26.43,0.16
2020-08-12 23:00:00,26.10,26.37,0.16
2020-08-13 01:00:00,26.16,26.41,0.16
2020-08-13 03:00:00,26.21,26.28,0.16
2020-08-13 05:00:00,26.23,26.44,0.16
2020-08-13 07:00:00,26.18,26.50,0.16
2020-08-13 09:00:00,26.30,26.50,0.16
2020-08-13 11:00:00,26.26,26.51,0.16
2020-08-13 13:00:00,26.01,26.48,0.16
2020-08-13 15:00:00,25.72,26.11,0.16
2020-08-13 17:00:00,25.73,26.65,0.16
2020-08-13 19:00:00,26.15,26.65,0.16
2020-08-13 21:00:00,26.25,26.39,0.22
2020-08-13 23:00:00,26.16,26.31,0.16
2020-08-14 01:00:00,26.26,26.42,0.16
2020-08-14 03:00:00,26.28,26.38,0.16
2020-08-14 05:00:00,26.14,26.35,0.16
2020-08-14 07:00:00,26.30,27.24,0.16
2020-08-14 09:00:00,26.89,27.24,0.16
2020-08-14 11:00:00,26.43,26.99,0.16
2020-08-14 13:00:00,26.44,26.80,0.16
