timestamp, low_ask, low_bid, high_ask, high_bid
2019-06-30T21:00:00,2964.36,2964.96,2972.99,2973.59
2019-06-30T23:00:00,2958.74,2959.34,2967.99,2968.59
2019-07-01T01:00:00,2959.99,2960.59,2965.49,2966.09
2019-07-01T03:00:00,2963.74,2964.34,2967.49,2968.09
2019-07-01T05:00:00,2966.49,2967.09,2974.49,2975.09
2019-07-01T07:00:00,2970.99,2971.59,2975.99,2976.59
2019-07-01T09:00:00,2969.49,2970.09,2974.99,2975.59
2019-07-01T11:00:00,2970.99,2971.59,2975.49,2976.09
2019-07-01T13:00:00,2963.13,2963.53,2977.34,2977.74
2019-07-01T15:00:00,2954.63,2955.03,2967.63,2968.03
2019-07-01T17:00:00,2951.64,2952.04,2958.39,2958.79
2019-07-01T19:00:00,2951.89,2952.29,2966.11,2966.51
2019-07-01T21:00:00,2955.89,2956.49,2964.89,2965.49
2019-07-01T23:00:00,2958.14,2958.74,2964.14,2964.74
2019-07-02T01:00:00,2962.64,2963.24,2966.64,2967.24
2019-07-02T03:00:00,2964.14,2964.74,2967.64,2968.24
2019-07-02T05:00:00,2964.14,2964.74,2967.89,2968.49
2019-07-02T07:00:00,2957.39,2957.99,2967.64,2968.24
2019-07-02T09:00:00,2958.14,2958.74,2962.89,2963.49
2019-07-02T11:00:00,2959.14,2959.74,2963.14,2963.74
2019-07-02T13:00:00,2959.24,2959.64,2969.24,2969.64
2019-07-02T15:00:00,2954.74,2955.14,2967.49,2967.89
2019-07-02T17:00:00,2956.99,2957.39,2966.49,2966.89
2019-07-02T19:00:00,2962.49,2962.89,2975.29,2976.3
2019-07-02T21:00:00,2971.92,2972.52,2975.04,2975.72
2019-07-02T23:00:00,2971.42,2972.02,2974.17,2974.77
2019-07-03T01:00:00,2969.17,2969.77,2972.17,2972.77
2019-07-03T03:00:00,2969.42,2970.02,2971.67,2972.27
2019-07-03T05:00:00,2970.67,2971.27,2973.67,2974.27
2019-07-03T07:00:00,2972.17,2972.77,2981.67,2982.27
2019-07-03T09:00:00,2981.29,2981.89,2983.42,2984.02
2019-07-03T11:00:00,2979.42,2980.02,2982.92,2983.52
2019-07-03T13:00:00,2977.02,2977.42,2988.0,2988.4
2019-07-03T15:00:00,2984.38,2984.78,2995.65,2996.05
2019-07-03T17:00:00,2994.15,2994.55,2997.15,2997.55
2019-07-03T19:00:00,2995.54,2997.04,2997.16,2998.66
2019-07-03T21:00:00,2995.85,2996.9,2999.92,3000.52
2019-07-03T23:00:00,2994.8,2995.4,2996.8,2997.4
2019-07-04T01:00:00,2993.8,2994.4,2996.05,2996.65
2019-07-04T03:00:00,2993.8,2994.4,2995.8,2996.4
2019-07-04T05:00:00,2993.3,2993.9,2996.17,2996.77
2019-07-04T07:00:00,2993.55,2994.15,2996.05,2996.65
2019-07-04T09:00:00,2994.55,2995.15,2996.17,2996.77
2019-07-04T11:00:00,2995.55,2996.15,2999.05,2999.65
2019-07-04T13:00:00,2997.4,2997.8,2999.65,3000.05
2019-07-04T15:00:00,2997.9,2998.3,2999.4,2999.8
2019-07-04T17:00:00,2998.08,2999.58,2998.89,3000.39
2019-07-04T19:00:00,2998.48,2999.98,2998.92,3000.42
2019-07-04T21:00:00,2997.85,2998.45,2998.98,2999.58
2019-07-04T23:00:00,2996.48,2997.08,2998.73,2999.33
2019-07-05T01:00:00,2995.98,2996.58,2999.1,2999.7
2019-07-05T03:00:00,2998.23,2998.83,2999.48,3000.08
2019-07-05T05:00:00,2996.98,2997.58,2999.73,3000.33
2019-07-05T07:00:00,2989.48,2990.08,2997.48,2998.08
2019-07-05T09:00:00,2988.98,2989.58,2991.73,2992.33
2019-07-05T11:00:00,2979.73,2980.33,2992.73,2993.33
2019-07-05T13:00:00,2967.08,2967.48,2983.23,2983.83
2019-07-05T15:00:00,2970.58,2970.98,2985.92,2986.32
2019-07-05T17:00:00,2982.67,2983.07,2993.92,2994.32
2019-07-05T19:00:00,2984.73,2985.13,2993.92,2994.32
2019-07-05T21:00:00,2987.58,2989.08,2987.58,2989.08
2019-07-07T21:00:00,2987.83,2988.43,2990.58,2991.18
2019-07-07T23:00:00,2982.58,2983.18,2988.83,2989.43
2019-07-08T01:00:00,2980.33,2980.93,2985.58,2986.18
2019-07-08T03:00:00,2979.08,2979.68,2983.08,2983.68
2019-07-08T05:00:00,2974.83,2975.43,2980.08,2980.68
2019-07-08T07:00:00,2978.58,2979.18,2984.95,2985.55
2019-07-08T09:00:00,2978.58,2979.18,2982.7,2983.3
2019-07-08T11:00:00,2978.08,2978.68,2982.33,2982.93
2019-07-08T13:00:00,2971.93,2972.33,2980.84,2981.24
2019-07-08T15:00:00,2970.84,2971.24,2977.84,2978.24
2019-07-08T17:00:00,2969.5,2969.9,2975.5,2975.9
2019-07-08T19:00:00,2972.02,2972.62,2978.37,2978.77
2019-07-08T21:00:00,2971.9,2972.5,2974.65,2975.25
2019-07-08T23:00:00,2969.9,2970.5,2974.4,2975.0
2019-07-09T01:00:00,2966.77,2967.37,2971.65,2972.25
2019-07-09T03:00:00,2960.4,2961.0,2967.15,2967.75
2019-07-09T05:00:00,2962.15,2962.75,2966.15,2966.75
2019-07-09T07:00:00,2958.9,2959.5,2964.9,2965.5
2019-07-09T09:00:00,2958.9,2959.5,2963.9,2964.5
2019-07-09T11:00:00,2961.65,2962.25,2964.65,2965.25
2019-07-09T13:00:00,2961.15,2961.65,2973.5,2973.9
2019-07-09T15:00:00,2970.5,2970.9,2975.13,2975.53
2019-07-09T17:00:00,2972.63,2973.03,2976.38,2976.78
2019-07-09T19:00:00,2972.18,2972.58,2981.93,2982.33
2019-07-09T21:00:00,2976.67,2977.27,2978.55,2979.15
2019-07-09T23:00:00,2976.05,2976.65,2982.92,2983.52
2019-07-10T01:00:00,2977.55,2978.15,2982.55,2983.15
2019-07-10T03:00:00,2976.3,2976.9,2979.3,2979.9
2019-07-10T05:00:00,2970.3,2970.9,2977.55,2978.15
2019-07-10T07:00:00,2969.55,2970.15,2975.3,2975.9
2019-07-10T09:00:00,2967.05,2967.65,2975.3,2975.9
2019-07-10T11:00:00,2970.05,2970.65,2992.05,2992.65
2019-07-10T13:00:00,2988.8,2989.4,3003.4,3003.8
2019-07-10T15:00:00,2984.24,2984.64,2994.12,2994.52
2019-07-10T17:00:00,2989.62,2990.02,2999.12,2999.52
2019-07-10T19:00:00,2989.32,2989.72,2994.07,2994.47
2019-07-10T21:00:00,2990.22,2991.56,2995.46,2996.06
2019-07-10T23:00:00,2992.21,2992.81,2996.58,2997.18
2019-07-11T01:00:00,2994.46,2995.06,3000.21,3000.81
2019-07-11T03:00:00,2998.71,2999.31,3001.96,3002.56
2019-07-11T05:00:00,2998.46,2999.06,3001.71,3002.31
2019-07-11T07:00:00,2996.71,2997.31,2999.71,3000.31
2019-07-11T09:00:00,2996.96,2997.56,3002.21,3002.81
2019-07-11T11:00:00,2994.96,2995.56,3001.46,3002.06
2019-07-11T13:00:00,2991.93,2992.33,3001.81,3002.21
2019-07-11T15:00:00,2993.68,2994.08,3001.93,3002.33
2019-07-11T17:00:00,2988.51,2988.91,3000.26,3000.66
2019-07-11T19:00:00,2993.76,2994.16,3000.62,3001.22
2019-07-11T21:00:00,2997.86,2998.97,3000.12,3000.79
2019-07-11T23:00:00,2998.12,2998.72,3007.62,3008.22
2019-07-12T01:00:00,3003.62,3004.22,3007.87,3008.47
2019-07-12T03:00:00,3005.87,3006.47,3008.12,3008.72
2019-07-12T05:00:00,3004.12,3004.72,3007.62,3008.22
2019-07-12T07:00:00,3003.62,3004.22,3007.37,3007.97
2019-07-12T09:00:00,3004.62,3005.22,3008.37,3008.97
2019-07-12T11:00:00,3004.37,3004.97,3007.37,3007.97
2019-07-12T13:00:00,3001.62,3002.02,3006.37,3006.97
2019-07-12T15:00:00,3001.62,3002.02,3007.37,3007.77
2019-07-12T17:00:00,3005.62,3006.02,3010.12,3010.52
2019-07-12T19:00:00,3008.12,3008.52,3013.69,3014.09
2019-07-14T21:00:00,3010.09,3010.69,3012.59,3013.19
2019-07-14T23:00:00,3008.59,3009.19,3011.59,3012.19
2019-07-15T01:00:00,3006.59,3007.19,3014.59,3015.19
2019-07-15T03:00:00,3013.34,3013.94,3014.84,3015.44
2019-07-15T05:00:00,3012.84,3013.44,3015.59,3016.19
2019-07-15T07:00:00,3013.34,3013.94,3019.34,3019.94
2019-07-15T09:00:00,3012.46,3013.06,3016.59,3017.19
2019-07-15T11:00:00,3015.59,3016.19,3018.34,3018.94
2019-07-15T13:00:00,3009.95,3010.35,3018.09,3018.69
2019-07-15T15:00:00,3008.5,3008.9,3013.7,3014.1
2019-07-15T17:00:00,3008.5,3008.9,3014.0,3014.4
2019-07-15T19:00:00,3010.5,3010.9,3014.44,3015.04
2019-07-15T21:00:00,3011.75,3012.54,3013.44,3014.17
2019-07-15T23:00:00,3012.56,3013.16,3016.44,3017.04
2019-07-16T01:00:00,3012.94,3013.54,3015.94,3016.54
2019-07-16T03:00:00,3014.69,3015.29,3016.19,3016.79
2019-07-16T05:00:00,3013.69,3014.29,3016.44,3017.04
2019-07-16T07:00:00,3012.19,3012.79,3015.44,3016.04
2019-07-16T09:00:00,3011.94,3012.54,3015.69,3016.29
2019-07-16T11:00:00,3012.44,3013.04,3017.44,3018.04
2019-07-16T13:00:00,3010.04,3010.44,3014.97,3015.37
2019-07-16T15:00:00,3000.72,3001.12,3013.72,3014.12
2019-07-16T17:00:00,3000.79,3001.19,3009.54,3009.94
2019-07-16T19:00:00,3001.02,3001.62,3007.54,3007.94
2019-07-16T21:00:00,3000.27,3000.87,3003.15,3003.75
2019-07-16T23:00:00,3001.15,3001.75,3003.4,3004.0
2019-07-17T01:00:00,2999.52,3000.12,3005.15,3005.75
2019-07-17T03:00:00,3003.4,3004.0,3005.4,3006.0
2019-07-17T05:00:00,3003.9,3004.5,3005.9,3006.5
2019-07-17T07:00:00,3004.65,3005.25,3008.9,3009.5
2019-07-17T09:00:00,3004.4,3005.0,3008.65,3009.25
2019-07-17T11:00:00,3001.65,3002.25,3005.65,3006.25
2019-07-17T13:00:00,2989.57,2989.97,3005.25,3005.65
2019-07-17T15:00:00,2992.82,2993.22,2998.82,2999.22
2019-07-17T17:00:00,2991.02,2991.42,2997.77,2998.17
2019-07-17T19:00:00,2976.77,2977.37,2993.02,2993.42
2019-07-17T21:00:00,2976.46,2977.37,2980.27,2980.87
2019-07-17T23:00:00,2970.9,2971.5,2979.4,2980.0
2019-07-18T01:00:00,2970.9,2971.5,2976.15,2976.75
2019-07-18T03:00:00,2972.9,2973.5,2976.65,2977.25
2019-07-18T05:00:00,2971.9,2972.5,2976.15,2976.75
2019-07-18T07:00:00,2972.9,2973.5,2977.15,2977.75
2019-07-18T09:00:00,2974.15,2974.75,2980.15,2980.75
2019-07-18T11:00:00,2978.4,2979.0,2983.15,2983.75
2019-07-18T13:00:00,2975.75,2976.15,2987.1,2987.5
2019-07-18T15:00:00,2973.1,2973.5,2985.6,2986.0
2019-07-18T17:00:00,2980.12,2980.52,2995.37,2995.77
2019-07-18T19:00:00,2989.7,2990.1,3001.98,3002.58
2019-07-18T21:00:00,2993.11,2993.71,3006.11,3006.71
2019-07-18T23:00:00,2993.11,2993.71,3002.86,3003.46
2019-07-19T01:00:00,3001.86,3002.46,3005.36,3005.96
2019-07-19T03:00:00,3001.86,3002.46,3005.11,3005.71
2019-07-19T05:00:00,3000.61,3001.21,3005.11,3005.71
2019-07-19T07:00:00,3000.36,3000.96,3005.11,3005.71
2019-07-19T09:00:00,2994.86,2995.46,3002.86,3003.46
2019-07-19T11:00:00,2994.36,2994.96,3002.86,3003.46
2019-07-19T13:00:00,2995.22,2995.62,3006.36,3006.96
2019-07-19T15:00:00,2990.47,2990.87,3001.22,3001.62
2019-07-19T17:00:00,2985.34,2985.74,2999.34,2999.74
2019-07-19T19:00:00,2966.73,2967.33,2988.34,2988.74
2019-07-21T21:00:00,2969.86,2970.46,2974.86,2975.46
2019-07-21T23:00:00,2972.61,2973.21,2977.61,2978.21
2019-07-22T01:00:00,2971.61,2972.21,2975.61,2976.21
2019-07-22T03:00:00,2973.11,2973.71,2974.61,2975.21
2019-07-22T05:00:00,2973.61,2974.21,2980.86,2981.46
2019-07-22T07:00:00,2976.36,2976.96,2982.86,2983.46
2019-07-22T09:00:00,2979.86,2980.46,2984.86,2985.46
2019-07-22T11:00:00,2978.73,2979.33,2985.36,2985.96
2019-07-22T13:00:00,2976.27,2976.67,2986.71,2987.11
2019-07-22T15:00:00,2976.27,2976.67,2986.77,2987.17
2019-07-22T17:00:00,2983.52,2983.92,2987.02,2987.42
2019-07-22T19:00:00,2982.52,2982.92,2991.02,2991.42
2019-07-22T21:00:00,2985.87,2986.47,2988.24,2988.84
2019-07-22T23:00:00,2985.12,2985.72,2990.62,2991.22
2019-07-23T01:00:00,2988.62,2989.22,2992.37,2992.97
2019-07-23T03:00:00,2988.87,2989.47,2990.37,2990.97
2019-07-23T05:00:00,2986.62,2987.22,2989.87,2990.47
2019-07-23T07:00:00,2988.62,2989.22,2993.87,2994.47
2019-07-23T09:00:00,2992.37,2992.97,2995.87,2996.47
2019-07-23T11:00:00,2994.37,2994.97,2998.37,2998.97
2019-07-23T13:00:00,2988.5,2988.9,2998.12,2998.72
2019-07-23T15:00:00,2988.0,2988.4,2994.75,2995.15
2019-07-23T17:00:00,2993.09,2993.49,3004.59,3004.99
2019-07-23T19:00:00,2997.99,2998.59,3005.99,3006.87
2019-07-23T21:00:00,2999.65,3000.59,3002.37,3002.97
2019-07-23T23:00:00,3000.12,3000.72,3003.12,3003.72
2019-07-24T01:00:00,3001.37,3001.97,3005.62,3006.22
2019-07-24T03:00:00,3003.87,3004.47,3005.87,3006.47
2019-07-24T05:00:00,3001.87,3002.47,3003.99,3004.59
2019-07-24T07:00:00,2994.12,2994.72,3002.62,3003.22
2019-07-24T09:00:00,2993.62,2994.22,2999.12,2999.72
2019-07-24T11:00:00,2996.12,2996.72,2999.99,3000.59
2019-07-24T13:00:00,2996.22,2996.62,3010.47,3010.87
2019-07-24T15:00:00,3002.47,3002.87,3010.22,3010.62
2019-07-24T17:00:00,3007.97,3008.37,3014.97,3015.37
2019-07-24T19:00:00,3013.72,3014.12,3020.03,3020.63
2019-07-24T21:00:00,3014.54,3016.04,3018.28,3018.88
2019-07-24T23:00:00,3017.03,3017.63,3019.53,3020.13
2019-07-25T01:00:00,3017.28,3017.88,3020.03,3020.63
2019-07-25T03:00:00,3019.15,3019.75,3020.78,3021.38
2019-07-25T05:00:00,3020.03,3020.63,3022.53,3023.13
2019-07-25T07:00:00,3018.53,3019.13,3022.28,3022.88
2019-07-25T09:00:00,3017.03,3017.63,3021.15,3021.75
2019-07-25T11:00:00,3017.53,3018.13,3025.53,3026.13
2019-07-25T13:00:00,3003.03,3003.43,3021.03,3021.63
2019-07-25T15:00:00,2996.78,2997.18,3014.56,3014.96
2019-07-25T17:00:00,2998.03,2998.43,3008.78,3009.18
2019-07-25T19:00:00,2999.03,2999.43,3007.69,3008.29
2019-07-25T21:00:00,3002.8,3004.3,3006.57,3007.66
2019-07-25T23:00:00,3005.57,3006.17,3009.07,3009.67
2019-07-26T01:00:00,3007.57,3008.17,3012.07,3012.67
2019-07-26T03:00:00,3010.82,3011.42,3013.07,3013.67
2019-07-26T05:00:00,3010.32,3010.92,3012.82,3013.42
2019-07-26T07:00:00,3008.82,3009.42,3011.82,3012.42
2019-07-26T09:00:00,3010.32,3010.92,3015.57,3016.17
2019-07-26T11:00:00,3008.57,3009.17,3014.32,3014.92
2019-07-26T13:00:00,3011.82,3012.32,3019.17,3019.57
2019-07-26T15:00:00,3016.72,3017.12,3023.72,3024.12
2019-07-26T17:00:00,3022.07,3022.47,3026.57,3026.97
2019-07-26T19:00:00,3021.19,3021.79,3027.93,3028.33
2019-07-28T21:00:00,3022.07,3022.67,3024.32,3024.92
2019-07-28T23:00:00,3019.57,3020.17,3022.82,3023.42
2019-07-29T01:00:00,3018.57,3019.17,3021.82,3022.42
2019-07-29T03:00:00,3019.07,3019.67,3020.32,3020.92
2019-07-29T05:00:00,3018.57,3019.17,3020.57,3021.17
2019-07-29T07:00:00,3018.82,3019.42,3023.82,3024.42
2019-07-29T09:00:00,3020.57,3021.17,3023.32,3023.92
2019-07-29T11:00:00,3021.07,3021.67,3025.82,3026.42
2019-07-29T13:00:00,3014.31,3014.71,3025.07,3025.67
2019-07-29T15:00:00,3017.31,3017.71,3022.31,3022.71
2019-07-29T17:00:00,3018.89,3019.29,3022.64,3023.04
2019-07-29T19:00:00,3018.89,3019.29,3022.9,3023.3
2019-07-29T21:00:00,3020.02,3020.97,3023.25,3023.85
2019-07-29T23:00:00,3022.5,3023.1,3024.75,3025.35
2019-07-30T01:00:00,3022.5,3023.1,3025.75,3026.35
2019-07-30T03:00:00,3023.5,3024.1,3025.25,3025.85
2019-07-30T05:00:00,3021.75,3022.35,3024.5,3025.1
2019-07-30T07:00:00,3012.75,3013.35,3022.25,3022.85
2019-07-30T09:00:00,3010.0,3010.6,3014.5,3015.1
2019-07-30T11:00:00,3002.5,3003.1,3013.75,3014.35
2019-07-30T13:00:00,2999.85,3000.25,3012.38,3012.78
2019-07-30T15:00:00,3008.15,3008.55,3014.15,3014.55
2019-07-30T17:00:00,3008.65,3009.05,3016.65,3017.05
2019-07-30T19:00:00,3009.47,3009.87,3014.91,3015.31
2019-07-30T21:00:00,3012.82,3014.13,3015.65,3016.25
2019-07-30T23:00:00,3012.4,3013.0,3016.78,3017.38
2019-07-31T01:00:00,3012.53,3013.13,3016.53,3017.13
2019-07-31T03:00:00,3015.03,3015.63,3018.28,3018.88
2019-07-31T05:00:00,3013.03,3013.63,3019.28,3019.88
2019-07-31T07:00:00,3012.53,3013.13,3019.03,3019.63
2019-07-31T09:00:00,3014.03,3014.63,3018.28,3018.88
2019-07-31T11:00:00,3015.03,3015.63,3018.03,3018.63
2019-07-31T13:00:00,3008.13,3008.53,3016.78,3017.38
2019-07-31T15:00:00,3011.65,3012.05,3017.4,3017.8
2019-07-31T17:00:00,2957.16,2957.56,3016.16,3016.56
2019-07-31T19:00:00,2971.59,2972.19,2997.87,2998.27
2019-07-31T21:00:00,2965.22,2965.82,2973.39,2974.89
2019-07-31T23:00:00,2969.72,2970.32,2975.22,2975.82
2019-08-01T01:00:00,2973.97,2974.57,2983.22,2983.82
2019-08-01T03:00:00,2979.22,2979.82,2983.72,2984.32
2019-08-01T05:00:00,2972.47,2973.07,2980.72,2981.32
2019-08-01T07:00:00,2971.97,2972.57,2983.22,2983.82
2019-08-01T09:00:00,2980.97,2981.57,2988.22,2988.82
2019-08-01T11:00:00,2979.47,2980.07,2986.97,2987.57
2019-08-01T13:00:00,2976.72,2977.32,3008.2,3008.6
2019-08-01T15:00:00,3005.2,3005.6,3013.95,3014.35
2019-08-01T17:00:00,2943.97,2944.37,3010.2,3010.6
2019-08-01T19:00:00,2946.97,2947.57,2964.72,2965.12
2019-08-01T21:00:00,2941.85,2942.45,2951.6,2952.2
2019-08-01T23:00:00,2938.6,2939.2,2950.85,2951.45
2019-08-02T01:00:00,2939.85,2940.45,2949.1,2949.7
2019-08-02T03:00:00,2940.1,2940.7,2948.6,2949.2
2019-08-02T05:00:00,2945.6,2946.2,2950.1,2950.7
2019-08-02T07:00:00,2934.85,2935.45,2950.1,2950.7
2019-08-02T09:00:00,2933.6,2934.2,2946.85,2947.45
2019-08-02T11:00:00,2933.1,2933.7,2944.97,2945.57
2019-08-02T13:00:00,2914.43,2914.83,2960.85,2961.45
2019-08-02T15:00:00,2913.68,2914.08,2933.43,2933.83
2019-08-02T17:00:00,2916.53,2916.93,2931.28,2931.68
2019-08-02T19:00:00,2921.53,2921.93,2945.1,2945.5
2019-08-04T21:00:00,2925.86,2926.46,2931.61,2932.21
2019-08-04T23:00:00,2925.36,2925.96,2931.86,2932.46
2019-08-05T01:00:00,2898.86,2899.46,2933.61,2934.21
2019-08-05T03:00:00,2894.11,2894.71,2902.61,2903.21
2019-08-05T05:00:00,2896.48,2897.08,2904.11,2904.71
2019-08-05T07:00:00,2889.61,2890.21,2905.61,2906.21
2019-08-05T09:00:00,2887.36,2887.96,2901.86,2902.46
2019-08-05T11:00:00,2885.36,2885.96,2895.36,2895.96
2019-08-05T13:00:00,2861.48,2861.88,2888.36,2888.96
2019-08-05T15:00:00,2846.5,2846.9,2877.48,2877.88
2019-08-05T17:00:00,2830.16,2830.56,2859.0,2859.4
2019-08-05T19:00:00,2821.29,2821.69,2851.98,2852.38
2019-08-05T21:00:00,2783.66,2784.26,2826.79,2828.29
2019-08-05T23:00:00,2776.91,2777.51,2798.91,2799.51
2019-08-06T01:00:00,2794.66,2795.26,2824.03,2824.63
2019-08-06T03:00:00,2809.91,2810.51,2851.03,2851.63
2019-08-06T05:00:00,2833.16,2833.76,2842.16,2842.76
2019-08-06T07:00:00,2834.91,2835.51,2855.91,2856.51
2019-08-06T09:00:00,2852.41,2853.01,2860.66,2861.26
2019-08-06T11:00:00,2852.66,2853.26,2865.91,2866.51
2019-08-06T13:00:00,2851.26,2851.66,2873.26,2873.66
2019-08-06T15:00:00,2847.17,2847.57,2864.17,2864.57
2019-08-06T17:00:00,2855.42,2855.82,2884.2,2884.6
2019-08-06T19:00:00,2871.76,2872.16,2884.51,2884.91
2019-08-06T21:00:00,2873.33,2873.93,2876.62,2878.12
2019-08-06T23:00:00,2864.83,2865.43,2873.58,2874.18
2019-08-07T01:00:00,2855.83,2856.43,2874.83,2875.43
2019-08-07T03:00:00,2855.58,2856.18,2864.33,2864.93
2019-08-07T05:00:00,2859.33,2859.93,2873.83,2874.43
2019-08-07T07:00:00,2867.58,2868.18,2886.33,2886.93
2019-08-07T09:00:00,2882.08,2882.68,2889.83,2890.43
2019-08-07T11:00:00,2846.08,2846.68,2885.45,2886.05
2019-08-07T13:00:00,2823.93,2824.33,2868.83,2869.23
2019-08-07T15:00:00,2846.08,2846.48,2867.83,2868.23
2019-08-07T17:00:00,2860.9,2861.3,2885.65,2886.05
2019-08-07T19:00:00,2876.9,2877.3,2892.4,2892.8
2019-08-07T21:00:00,2876.32,2876.92,2883.82,2884.42
2019-08-07T23:00:00,2872.57,2873.17,2885.82,2886.42
2019-08-08T01:00:00,2870.82,2871.42,2893.07,2893.67
2019-08-08T03:00:00,2883.57,2884.17,2894.82,2895.42
2019-08-08T05:00:00,2890.82,2891.42,2896.57,2897.17
2019-08-08T07:00:00,2881.32,2881.92,2895.07,2895.67
2019-08-08T09:00:00,2886.57,2887.17,2894.07,2894.67
2019-08-08T11:00:00,2883.44,2884.04,2893.57,2894.17
2019-08-08T13:00:00,2892.92,2893.32,2918.38,2918.78
2019-08-08T15:00:00,2912.63,2913.03,2932.38,2932.78
2019-08-08T17:00:00,2924.93,2925.33,2934.13,2934.53
2019-08-08T19:00:00,2926.93,2927.33,2940.63,2941.32
2019-08-08T21:00:00,2915.76,2916.36,2938.83,2940.33
2019-08-08T23:00:00,2920.76,2921.36,2935.51,2936.11
2019-08-09T01:00:00,2924.76,2925.36,2931.76,2932.36
2019-08-09T03:00:00,2923.01,2923.61,2928.76,2929.36
2019-08-09T05:00:00,2925.26,2925.86,2930.26,2930.86
2019-08-09T07:00:00,2922.51,2923.11,2930.26,2930.86
2019-08-09T09:00:00,2920.51,2921.11,2929.51,2930.11
2019-08-09T11:00:00,2917.76,2918.36,2927.01,2927.61
2019-08-09T13:00:00,2907.61,2908.01,2935.36,2935.76
2019-08-09T15:00:00,2899.7,2900.1,2923.63,2924.03
2019-08-09T17:00:00,2913.38,2913.78,2928.13,2928.53
2019-08-09T19:00:00,2916.79,2917.39,2932.64,2933.04
2019-08-11T21:00:00,2919.54,2920.14,2926.04,2926.64
2019-08-11T23:00:00,2912.54,2913.14,2921.29,2921.89
2019-08-12T01:00:00,2917.29,2917.89,2927.29,2927.89
2019-08-12T03:00:00,2921.29,2921.89,2927.29,2927.89
2019-08-12T05:00:00,2920.79,2921.39,2927.54,2928.14
2019-08-12T07:00:00,2904.29,2904.89,2930.29,2930.89
2019-08-12T09:00:00,2895.04,2895.64,2908.54,2909.14
2019-08-12T11:00:00,2892.54,2893.14,2905.79,2906.39
2019-08-12T13:00:00,2893.14,2893.54,2907.84,2908.24
2019-08-12T15:00:00,2888.09,2888.49,2902.34,2902.74
2019-08-12T17:00:00,2872.52,2872.92,2896.02,2896.42
2019-08-12T19:00:00,2875.02,2875.42,2884.86,2885.26
2019-08-12T21:00:00,2879.97,2880.57,2884.47,2885.07
2019-08-12T23:00:00,2881.47,2882.07,2888.22,2888.82
2019-08-13T01:00:00,2880.72,2881.32,2889.22,2889.82
2019-08-13T03:00:00,2883.72,2884.32,2886.97,2887.57
2019-08-13T05:00:00,2870.97,2871.57,2887.22,2887.82
2019-08-13T07:00:00,2870.47,2871.07,2882.47,2883.07
2019-08-13T09:00:00,2866.22,2866.82,2880.47,2881.07
2019-08-13T11:00:00,2867.47,2868.07,2880.22,2880.82
2019-08-13T13:00:00,2871.72,2872.32,2943.93,2944.33
2019-08-13T15:00:00,2917.43,2917.83,2937.18,2937.58
2019-08-13T17:00:00,2922.25,2922.65,2935.5,2935.9
2019-08-13T19:00:00,2923.19,2923.59,2932.62,2933.22
2019-08-13T21:00:00,2926.75,2927.35,2931.75,2932.35
2019-08-13T23:00:00,2926.25,2926.85,2932.75,2933.35
2019-08-14T01:00:00,2921.75,2922.35,2934.75,2935.35
2019-08-14T03:00:00,2922.75,2923.35,2930.75,2931.35
2019-08-14T05:00:00,2926.5,2927.1,2931.5,2932.1
2019-08-14T07:00:00,2916.75,2917.35,2928.25,2928.85
2019-08-14T09:00:00,2900.5,2901.1,2920.0,2920.6
2019-08-14T11:00:00,2884.25,2884.85,2906.0,2906.6
2019-08-14T13:00:00,2867.35,2867.75,2893.75,2894.35
2019-08-14T15:00:00,2843.37,2843.77,2869.1,2869.5
2019-08-14T17:00:00,2840.87,2841.27,2861.12,2861.52
2019-08-14T19:00:00,2834.12,2835.21,2857.12,2857.52
2019-08-14T21:00:00,2832.74,2833.34,2839.74,2840.34
2019-08-14T23:00:00,2834.24,2834.84,2848.49,2849.09
2019-08-15T01:00:00,2844.24,2844.84,2856.24,2856.84
2019-08-15T03:00:00,2843.74,2844.34,2854.99,2855.59
2019-08-15T05:00:00,2849.24,2849.84,2863.74,2864.34
2019-08-15T07:00:00,2849.49,2850.09,2863.49,2864.09
2019-08-15T09:00:00,2816.74,2817.34,2858.74,2859.34
2019-08-15T11:00:00,2827.49,2828.09,2870.49,2871.09
2019-08-15T13:00:00,2833.59,2833.99,2859.74,2860.34
2019-08-15T15:00:00,2834.23,2834.63,2855.23,2855.63
2019-08-15T17:00:00,2824.57,2824.97,2850.82,2851.22
2019-08-15T19:00:00,2842.57,2842.97,2854.78,2855.18
2019-08-15T21:00:00,2848.12,2849.31,2856.71,2857.31
2019-08-15T23:00:00,2848.46,2849.06,2860.46,2861.06
2019-08-16T01:00:00,2858.21,2858.81,2864.46,2865.06
2019-08-16T03:00:00,2860.71,2861.31,2866.96,2867.56
2019-08-16T05:00:00,2860.71,2861.31,2868.21,2868.81
2019-08-16T07:00:00,2860.21,2860.81,2875.96,2876.56
2019-08-16T09:00:00,2870.71,2871.31,2877.21,2877.81
2019-08-16T11:00:00,2870.21,2870.81,2877.21,2877.81
2019-08-16T13:00:00,2861.71,2862.31,2890.78,2891.18
2019-08-16T15:00:00,2882.53,2882.93,2891.53,2891.93
2019-08-16T17:00:00,2883.88,2884.28,2892.03,2892.43
2019-08-16T19:00:00,2884.44,2884.84,2893.69,2894.09
2019-08-18T21:00:00,2894.17,2894.77,2905.54,2906.14
2019-08-18T23:00:00,2899.67,2900.27,2905.92,2906.52
2019-08-19T01:00:00,2901.92,2902.52,2905.67,2906.27
2019-08-19T03:00:00,2904.42,2905.02,2905.67,2906.27
2019-08-19T05:00:00,2905.17,2905.77,2916.67,2917.27
2019-08-19T07:00:00,2909.67,2910.27,2919.67,2920.27
2019-08-19T09:00:00,2910.17,2910.77,2921.92,2922.52
2019-08-19T11:00:00,2916.67,2917.27,2927.17,2927.77
2019-08-19T13:00:00,2914.59,2914.99,2924.77,2925.17
2019-08-19T15:00:00,2921.09,2921.49,2927.34,2927.74
2019-08-19T17:00:00,2924.29,2924.69,2931.04,2931.44
2019-08-19T19:00:00,2919.61,2920.21,2929.31,2929.71
2019-08-19T21:00:00,2918.24,2918.84,2921.74,2922.34
2019-08-19T23:00:00,2914.86,2915.46,2921.49,2922.09
2019-08-20T01:00:00,2914.74,2915.34,2925.24,2925.84
2019-08-20T03:00:00,2923.24,2923.84,2926.99,2927.59
2019-08-20T05:00:00,2923.74,2924.34,2930.99,2931.59
2019-08-20T07:00:00,2922.49,2923.09,2929.49,2930.09
2019-08-20T09:00:00,2921.24,2921.84,2927.24,2927.84
2019-08-20T11:00:00,2918.99,2919.59,2927.74,2928.34
2019-08-20T13:00:00,2903.09,2903.49,2921.99,2922.59
2019-08-20T15:00:00,2913.34,2913.74,2923.09,2923.49
2019-08-20T17:00:00,2903.09,2903.49,2918.09,2918.49
2019-08-20T19:00:00,2893.03,2893.63,2909.34,2909.74
2019-08-20T21:00:00,2892.03,2892.63,2898.41,2899.01
2019-08-20T23:00:00,2895.41,2896.01,2902.66,2903.26
2019-08-21T01:00:00,2900.16,2900.76,2905.66,2906.26
2019-08-21T03:00:00,2903.16,2903.76,2905.66,2906.26
2019-08-21T05:00:00,2903.91,2904.51,2907.16,2907.76
2019-08-21T07:00:00,2906.16,2906.76,2918.91,2919.51
2019-08-21T09:00:00,2915.66,2916.26,2919.53,2920.13
2019-08-21T11:00:00,2915.66,2916.26,2923.16,2923.76
2019-08-21T13:00:00,2919.75,2920.15,2928.26,2928.66
2019-08-21T15:00:00,2920.75,2921.15,2928.5,2928.9
2019-08-21T17:00:00,2917.48,2917.88,2927.25,2927.65
2019-08-21T19:00:00,2918.48,2918.88,2931.37,2932.15
2019-08-21T21:00:00,2929.62,2930.22,2937.62,2938.22
2019-08-21T23:00:00,2929.5,2930.1,2936.25,2936.85
2019-08-22T01:00:00,2925.0,2925.6,2933.5,2934.1
2019-08-22T03:00:00,2924.0,2924.6,2927.25,2927.85
2019-08-22T05:00:00,2921.5,2922.1,2927.25,2927.85
2019-08-22T07:00:00,2921.5,2922.1,2934.25,2934.85
2019-08-22T09:00:00,2917.5,2918.1,2925.5,2926.1
2019-08-22T11:00:00,2922.5,2923.1,2936.25,2936.85
2019-08-22T13:00:00,2903.89,2904.29,2938.6,2939.0
2019-08-22T15:00:00,2905.39,2905.79,2923.2,2923.6
2019-08-22T17:00:00,2920.07,2920.47,2929.45,2929.85
2019-08-22T19:00:00,2919.25,2919.85,2932.37,2932.77
2019-08-22T21:00:00,2919.15,2920.1,2923.38,2923.98
2019-08-22T23:00:00,2918.13,2918.73,2927.63,2928.23
2019-08-23T01:00:00,2925.13,2925.73,2932.38,2932.98
2019-08-23T03:00:00,2930.38,2930.98,2933.13,2933.73
2019-08-23T05:00:00,2930.88,2931.48,2936.13,2936.73
2019-08-23T07:00:00,2930.25,2930.85,2935.88,2936.48
2019-08-23T09:00:00,2926.63,2927.23,2934.88,2935.48
2019-08-23T11:00:00,2902.13,2902.73,2933.38,2933.98
2019-08-23T13:00:00,2900.73,2901.13,2927.7,2928.1
2019-08-23T15:00:00,2863.45,2863.85,2920.7,2921.1
2019-08-23T17:00:00,2853.44,2853.84,2869.45,2869.85
2019-08-23T19:00:00,2834.46,2834.86,2862.69,2863.09
2019-08-23T21:00:00,2851.18,2852.68,2851.18,2852.68
2019-08-25T21:00:00,2810.51,2811.11,2827.38,2827.98
2019-08-25T23:00:00,2818.76,2819.36,2833.76,2834.36
2019-08-26T01:00:00,2823.51,2824.11,2842.76,2843.36
2019-08-26T03:00:00,2832.26,2832.86,2842.51,2843.11
2019-08-26T05:00:00,2828.51,2829.11,2855.01,2855.61
2019-08-26T07:00:00,2852.51,2853.11,2880.51,2881.11
2019-08-26T09:00:00,2864.51,2865.11,2888.01,2888.61
2019-08-26T11:00:00,2865.76,2866.36,2880.51,2881.11
2019-08-26T13:00:00,2855.7,2856.1,2877.51,2878.11
2019-08-26T15:00:00,2862.7,2863.1,2878.7,2879.1
2019-08-26T17:00:00,2864.14,2864.54,2877.89,2878.29
2019-08-26T19:00:00,2866.44,2866.84,2883.57,2884.48
2019-08-26T21:00:00,2880.07,2880.67,2884.32,2884.92
2019-08-26T23:00:00,2875.07,2875.67,2881.07,2881.67
2019-08-27T01:00:00,2877.57,2878.17,2886.82,2887.42
2019-08-27T03:00:00,2880.94,2881.54,2886.57,2887.17
2019-08-27T05:00:00,2872.82,2873.42,2883.07,2883.67
2019-08-27T07:00:00,2869.32,2869.92,2878.57,2879.17
2019-08-27T09:00:00,2873.57,2874.17,2886.32,2886.92
2019-08-27T11:00:00,2882.32,2882.92,2895.82,2896.42
2019-08-27T13:00:00,2882.52,2882.92,2899.17,2899.57
2019-08-27T15:00:00,2860.48,2860.88,2885.77,2886.17
2019-08-27T17:00:00,2860.23,2860.63,2877.48,2877.88
2019-08-27T19:00:00,2862.01,2862.61,2881.48,2881.88
2019-08-27T21:00:00,2864.55,2865.61,2872.89,2873.49
2019-08-27T23:00:00,2867.89,2868.49,2875.89,2876.49
2019-08-28T01:00:00,2869.64,2870.24,2876.89,2877.49
2019-08-28T03:00:00,2871.89,2872.49,2876.39,2876.99
2019-08-28T05:00:00,2872.89,2873.49,2876.14,2876.74
2019-08-28T07:00:00,2862.64,2863.24,2876.14,2876.74
2019-08-28T09:00:00,2865.14,2865.74,2873.89,2874.49
2019-08-28T11:00:00,2853.39,2853.99,2868.89,2869.49
2019-08-28T13:00:00,2851.49,2851.89,2881.54,2881.94
2019-08-28T15:00:00,2875.04,2875.44,2887.66,2888.06
2019-08-28T17:00:00,2879.55,2879.95,2889.55,2889.95
2019-08-28T19:00:00,2880.46,2881.06,2890.3,2890.7
2019-08-28T21:00:00,2881.73,2882.69,2886.96,2887.63
2019-08-28T23:00:00,2881.09,2881.69,2885.34,2885.94
2019-08-29T01:00:00,2874.59,2875.19,2882.34,2882.94
2019-08-29T03:00:00,2877.84,2878.44,2881.59,2882.19
2019-08-29T05:00:00,2880.09,2880.69,2884.84,2885.44
2019-08-29T07:00:00,2878.84,2879.44,2909.84,2910.44
2019-08-29T09:00:00,2908.59,2909.19,2918.09,2918.69
2019-08-29T11:00:00,2913.09,2913.69,2918.84,2919.44
2019-08-29T13:00:00,2904.69,2905.09,2924.69,2925.09
2019-08-29T15:00:00,2914.44,2914.84,2928.1,2928.5
2019-08-29T17:00:00,2924.1,2924.5,2930.35,2930.75
2019-08-29T19:00:00,2921.46,2921.86,2927.21,2927.61
2019-08-29T21:00:00,2920.84,2921.44,2923.72,2924.92
2019-08-29T23:00:00,2919.97,2920.57,2925.97,2926.57
2019-08-30T01:00:00,2923.97,2924.57,2933.47,2934.07
2019-08-30T03:00:00,2930.22,2930.82,2932.84,2933.44
2019-08-30T05:00:00,2921.97,2922.57,2930.97,2931.57
2019-08-30T07:00:00,2923.09,2923.69,2940.72,2941.32
2019-08-30T09:00:00,2939.09,2939.69,2945.97,2946.57
2019-08-30T11:00:00,2940.22,2940.82,2945.22,2945.82
2019-08-30T13:00:00,2929.25,2929.65,2942.97,2943.57
2019-08-30T15:00:00,2912.87,2913.27,2930.5,2930.9
2019-08-30T17:00:00,2918.49,2918.89,2928.24,2928.64
2019-08-30T19:00:00,2915.49,2915.89,2929.24,2929.64
2019-08-30T21:00:00,2922.65,2924.15,2922.65,2924.15
2019-09-01T21:00:00,2895.81,2896.41,2907.31,2907.91
2019-09-01T23:00:00,2904.44,2905.04,2910.94,2911.54
2019-09-02T01:00:00,2906.69,2907.29,2914.94,2915.54
2019-09-02T03:00:00,2905.69,2906.29,2912.69,2913.29
2019-09-02T05:00:00,2909.69,2910.29,2914.44,2915.04
2019-09-02T07:00:00,2910.94,2911.54,2919.44,2920.04
2019-09-02T09:00:00,2914.94,2915.54,2925.94,2926.54
2019-09-02T11:00:00,2916.69,2917.29,2924.19,2924.79
2019-09-02T13:00:00,2910.44,2911.04,2918.44,2919.04
2019-09-02T15:00:00,2888.69,2889.29,2917.69,2918.29
2019-09-02T17:00:00,2898.78,2900.28,2900.23,2901.73
2019-09-02T19:00:00,2900.02,2901.52,2900.83,2902.33
2019-09-02T21:00:00,2897.86,2898.46,2908.49,2909.09
2019-09-02T23:00:00,2901.49,2902.09,2907.74,2908.34
2019-09-03T01:00:00,2902.99,2903.59,2914.49,2915.09
2019-09-03T03:00:00,2906.99,2907.59,2911.49,2912.09
2019-09-03T05:00:00,2896.74,2897.34,2913.24,2913.84
2019-09-03T07:00:00,2893.99,2894.59,2910.24,2910.84
2019-09-03T09:00:00,2893.74,2894.34,2908.24,2908.84
2019-09-03T11:00:00,2900.99,2901.59,2911.99,2912.59
2019-09-03T13:00:00,2890.59,2890.99,2913.84,2914.24
2019-09-03T15:00:00,2896.38,2896.78,2909.13,2909.53
2019-09-03T17:00:00,2894.48,2894.88,2903.98,2904.38
2019-09-03T19:00:00,2898.48,2898.88,2908.99,2909.39
2019-09-03T21:00:00,2902.76,2903.36,2907.14,2907.74
2019-09-03T23:00:00,2901.89,2902.49,2907.51,2908.11
2019-09-04T01:00:00,2906.64,2907.24,2917.89,2918.49
2019-09-04T03:00:00,2912.89,2913.49,2924.64,2925.24
2019-09-04T05:00:00,2922.14,2922.74,2932.39,2932.99
2019-09-04T07:00:00,2926.39,2926.99,2935.89,2936.49
2019-09-04T09:00:00,2926.39,2926.99,2934.64,2935.24
2019-09-04T11:00:00,2927.14,2927.74,2933.14,2933.74
2019-09-04T13:00:00,2921.54,2921.94,2933.14,2933.74
2019-09-04T15:00:00,2925.04,2925.44,2934.16,2934.56
2019-09-04T17:00:00,2928.66,2929.06,2934.91,2935.31
2019-09-04T19:00:00,2934.16,2934.56,2938.66,2939.09
2019-09-04T21:00:00,2935.62,2936.22,2938.37,2938.97
2019-09-04T23:00:00,2936.12,2936.72,2944.12,2944.72
2019-09-05T01:00:00,2940.62,2941.22,2970.87,2971.47
2019-09-05T03:00:00,2963.62,2964.22,2967.62,2968.22
2019-09-05T05:00:00,2956.12,2956.72,2969.62,2970.22
2019-09-05T07:00:00,2949.62,2950.22,2960.37,2960.97
2019-09-05T09:00:00,2957.62,2958.22,2965.87,2966.47
2019-09-05T11:00:00,2960.12,2960.72,2965.12,2965.77
2019-09-05T13:00:00,2963.59,2965.09,2985.77,2986.17
2019-09-05T15:00:00,2973.36,2973.76,2981.52,2981.92
2019-09-05T17:00:00,2971.77,2972.17,2977.52,2977.92
2019-09-05T19:00:00,2968.59,2969.29,2980.53,2980.93
2019-09-05T21:00:00,2967.86,2969.36,2973.82,2974.42
2019-09-05T23:00:00,2973.07,2973.67,2980.07,2980.67
2019-09-06T01:00:00,2974.82,2975.42,2981.32,2981.92
2019-09-06T03:00:00,2975.82,2976.42,2979.82,2980.42
2019-09-06T05:00:00,2973.32,2973.92,2979.57,2980.17
2019-09-06T07:00:00,2976.82,2977.42,2982.82,2983.42
2019-09-06T09:00:00,2976.07,2976.67,2984.82,2985.42
2019-09-06T11:00:00,2977.44,2978.04,2987.32,2987.92
2019-09-06T13:00:00,2971.67,2972.07,2983.58,2983.98
2019-09-06T15:00:00,2975.31,2975.71,2982.58,2982.98
2019-09-06T17:00:00,2979.31,2979.71,2984.81,2985.21
2019-09-06T19:00:00,2976.25,2976.65,2984.75,2985.15
2019-09-08T21:00:00,2980.91,2981.51,2984.41,2985.01
2019-09-08T23:00:00,2979.91,2980.51,2986.66,2987.26
2019-09-09T01:00:00,2981.66,2982.26,2987.91,2988.51
2019-09-09T03:00:00,2984.41,2985.01,2986.66,2987.26
2019-09-09T05:00:00,2983.66,2984.26,2986.91,2987.51
2019-09-09T07:00:00,2983.66,2984.26,2987.66,2988.26
2019-09-09T09:00:00,2985.16,2985.76,2988.66,2989.26
2019-09-09T11:00:00,2986.16,2986.76,2990.41,2991.01
2019-09-09T13:00:00,2980.01,2980.41,2990.66,2991.26
2019-09-09T15:00:00,2968.53,2968.93,2985.91,2986.31
2019-09-09T17:00:00,2971.03,2971.43,2976.78,2977.18
2019-09-09T19:00:00,2971.78,2972.18,2979.53,2979.93
2019-09-09T21:00:00,2976.75,2978.25,2980.69,2981.29
2019-09-09T23:00:00,2979.69,2980.29,2983.94,2984.54
2019-09-10T01:00:00,2974.19,2974.79,2983.44,2984.04
2019-09-10T03:00:00,2974.19,2974.79,2976.69,2977.29
2019-09-10T05:00:00,2971.19,2971.79,2974.44,2975.04
2019-09-10T07:00:00,2964.69,2965.29,2976.19,2976.79
2019-09-10T09:00:00,2967.44,2968.04,2974.19,2974.79
2019-09-10T11:00:00,2970.44,2971.04,2977.44,2978.04
2019-09-10T13:00:00,2956.36,2956.76,2971.69,2972.29
2019-09-10T15:00:00,2957.36,2957.76,2974.36,2974.76
2019-09-10T17:00:00,2961.86,2962.26,2973.11,2973.51
2019-09-10T19:00:00,2963.8,2964.2,2979.92,2980.52
2019-09-10T21:00:00,2975.3,2975.9,2978.67,2979.68
2019-09-10T23:00:00,2973.55,2974.15,2977.8,2978.4
2019-09-11T01:00:00,2971.3,2971.9,2975.8,2976.4
2019-09-11T03:00:00,2975.3,2975.9,2986.05,2986.65
2019-09-11T05:00:00,2978.8,2979.4,2984.05,2984.65
2019-09-11T07:00:00,2976.3,2976.9,2983.8,2984.4
2019-09-11T09:00:00,2974.8,2975.4,2980.3,2980.9
2019-09-11T11:00:00,2976.8,2977.4,2983.55,2984.15
2019-09-11T13:00:00,2974.15,2974.55,2987.72,2988.12
2019-09-11T15:00:00,2985.97,2986.37,2995.67,2996.07
2019-09-11T17:00:00,2990.17,2990.57,2995.92,2996.32
2019-09-11T19:00:00,2991.67,2992.07,3002.79,3003.39
2019-09-11T21:00:00,2999.95,3000.77,3001.79,3002.39
2019-09-11T23:00:00,3000.42,3001.02,3018.67,3019.27
2019-09-12T01:00:00,3010.17,3010.77,3017.42,3018.02
2019-09-12T03:00:00,3011.42,3012.02,3017.17,3017.77
2019-09-12T05:00:00,3005.42,3006.02,3012.67,3013.27
2019-09-12T07:00:00,3004.17,3004.77,3011.42,3012.02
2019-09-12T09:00:00,3002.92,3003.52,3006.67,3007.27
2019-09-12T11:00:00,3001.42,3002.02,3011.42,3012.02
2019-09-12T13:00:00,3000.02,3000.42,3019.68,3020.08
2019-09-12T15:00:00,3003.18,3003.58,3017.63,3018.03
2019-09-12T17:00:00,3015.51,3015.91,3020.76,3021.16
2019-09-12T19:00:00,3006.47,3007.07,3018.51,3018.91
2019-09-12T21:00:00,3006.77,3008.27,3013.35,3013.95
2019-09-12T23:00:00,3010.1,3010.7,3014.6,3015.2
2019-09-13T01:00:00,3010.85,3011.45,3015.35,3015.95
2019-09-13T03:00:00,3013.35,3013.95,3016.1,3016.7
2019-09-13T05:00:00,3014.35,3014.95,3017.1,3017.7
2019-09-13T07:00:00,3014.1,3014.7,3019.85,3020.45
2019-09-13T09:00:00,3014.1,3014.7,3021.85,3022.45
2019-09-13T11:00:00,3015.1,3015.7,3022.35,3022.95
2019-09-13T13:00:00,3008.07,3008.47,3015.7,3016.2
2019-09-13T15:00:00,3008.57,3008.97,3017.07,3017.47
2019-09-13T17:00:00,3005.98,3006.38,3011.73,3012.13
2019-09-13T19:00:00,3002.23,3002.63,3009.87,3010.27
2019-09-13T21:00:00,3005.27,3006.77,3005.27,3006.77
2019-09-15T21:00:00,2984.3,2984.9,2996.18,2996.78
2019-09-15T23:00:00,2979.93,2980.53,2995.68,2996.28
2019-09-16T01:00:00,2982.43,2983.03,2988.18,2988.78
2019-09-16T03:00:00,2985.18,2985.78,2989.68,2990.28
2019-09-16T05:00:00,2985.93,2986.53,2992.93,2993.53
2019-09-16T07:00:00,2989.18,2989.78,2995.93,2996.53
2019-09-16T09:00:00,2987.93,2988.53,2994.93,2995.53
2019-09-16T11:00:00,2990.43,2991.03,2997.18,2997.78
2019-09-16T13:00:00,2992.53,2992.93,3001.78,3002.18
2019-09-16T15:00:00,2990.34,2990.74,3001.34,3001.74
2019-09-16T17:00:00,2993.73,2994.13,2999.48,2999.88
2019-09-16T19:00:00,2995.53,2995.93,3001.54,3002.58
2019-09-16T21:00:00,3000.07,3000.77,3003.67,3004.27
2019-09-16T23:00:00,2997.17,2997.77,3003.17,3003.77
2019-09-17T01:00:00,2993.42,2994.02,3000.67,3001.27
2019-09-17T03:00:00,2995.42,2996.02,2997.17,2997.77
2019-09-17T05:00:00,2992.42,2993.02,2995.92,2996.52
2019-09-17T07:00:00,2992.17,2992.77,3000.17,3000.77
2019-09-17T09:00:00,2992.67,2993.27,2998.67,2999.27
2019-09-17T11:00:00,2990.67,2991.27,2999.17,2999.77
2019-09-17T13:00:00,2991.17,2991.77,2999.77,3000.17
2019-09-17T15:00:00,2995.15,2995.55,3001.31,3001.71
2019-09-17T17:00:00,2995.15,2995.55,3001.9,3002.3
2019-09-17T19:00:00,2997.4,2997.8,3005.79,3006.19
2019-09-17T21:00:00,3002.8,3003.4,3005.55,3006.15
2019-09-17T23:00:00,3001.68,3002.28,3004.68,3005.28
2019-09-18T01:00:00,3000.93,3001.53,3003.18,3003.78
2019-09-18T03:00:00,2999.93,3000.53,3002.68,3003.28
2019-09-18T05:00:00,2999.43,3000.03,3001.43,3002.03
2019-09-18T07:00:00,2999.18,2999.78,3003.68,3004.28
2019-09-18T09:00:00,2999.43,3000.03,3001.43,3002.03
2019-09-18T11:00:00,2997.18,2997.78,3002.18,3002.78
2019-09-18T13:00:00,2994.53,2994.93,3002.18,3002.78
2019-09-18T15:00:00,2995.61,2996.01,2998.36,2998.76
2019-09-18T17:00:00,2977.78,2978.18,3001.78,3002.18
2019-09-18T19:00:00,2983.53,2983.93,3009.81,3010.41
2019-09-18T21:00:00,3005.44,3006.04,3007.81,3008.71
2019-09-18T23:00:00,3002.44,3003.04,3007.69,3008.29
2019-09-19T01:00:00,2997.94,2998.54,3006.19,3006.79
2019-09-19T03:00:00,2994.44,2995.04,2998.94,2999.54
2019-09-19T05:00:00,2994.69,2995.29,2998.94,2999.54
2019-09-19T07:00:00,2988.19,2988.79,3002.44,3003.04
2019-09-19T09:00:00,2996.94,2997.54,3002.19,3002.79
2019-09-19T11:00:00,2996.94,2997.54,3011.69,3012.29
2019-09-19T13:00:00,3009.94,3010.44,3021.06,3021.46
2019-09-19T15:00:00,3011.31,3011.71,3022.06,3022.46
2019-09-19T17:00:00,3007.38,3007.78,3016.63,3017.03
2019-09-19T19:00:00,3002.54,3002.94,3012.04,3012.44
2019-09-19T21:00:00,3002.65,3004.15,3008.29,3008.89
2019-09-19T23:00:00,3003.29,3003.89,3009.04,3009.64
2019-09-20T01:00:00,3007.04,3007.64,3009.79,3010.39
2019-09-20T03:00:00,3007.04,3007.64,3009.04,3009.64
2019-09-20T05:00:00,3004.54,3005.14,3010.29,3010.89
2019-09-20T07:00:00,3007.04,3007.64,3011.29,3011.89
2019-09-20T09:00:00,3007.54,3008.14,3013.79,3014.39
2019-09-20T11:00:00,3007.54,3008.14,3012.29,3012.89
2019-09-20T13:00:00,3009.39,3009.79,3015.39,3015.79
2019-09-20T15:00:00,3006.55,3006.95,3012.14,3012.54
2019-09-20T17:00:00,2983.71,2984.11,3009.96,3010.36
2019-09-20T19:00:00,2985.25,2985.85,3000.96,3001.36
2019-09-22T21:00:00,2996.88,2997.48,3005.88,3006.48
2019-09-22T23:00:00,3000.13,3000.73,3003.63,3004.23
2019-09-23T01:00:00,2997.63,2998.23,3004.38,3004.98
2019-09-23T03:00:00,2998.38,2998.98,3000.13,3000.73
2019-09-23T05:00:00,2998.0,2998.6,3002.25,3002.85
2019-09-23T07:00:00,2980.38,2980.98,3003.88,3004.48
2019-09-23T09:00:00,2980.88,2981.48,2990.13,2990.73
2019-09-23T11:00:00,2984.63,2985.23,2989.88,2990.48
2019-09-23T13:00:00,2981.98,2982.38,2992.98,2993.38
2019-09-23T15:00:00,2986.09,2986.49,2996.34,2996.74
2019-09-23T17:00:00,2992.96,2993.36,2997.21,2997.61
2019-09-23T19:00:00,2991.19,2991.59,2999.35,2999.95
2019-09-23T21:00:00,2998.11,2999.33,3001.1,3001.7
2019-09-23T23:00:00,3000.98,3001.58,3009.98,3010.58
2019-09-24T01:00:00,3001.73,3002.33,3006.98,3007.58
2019-09-24T03:00:00,3001.73,3002.33,3005.23,3005.83
2019-09-24T05:00:00,3000.48,3001.08,3006.48,3007.08
2019-09-24T07:00:00,2999.48,3000.08,3003.48,3004.08
2019-09-24T09:00:00,3002.23,3002.83,3005.35,3005.95
2019-09-24T11:00:00,3000.48,3001.08,3007.48,3008.08
2019-09-24T13:00:00,2995.49,2995.89,3007.08,3007.48
2019-09-24T15:00:00,2960.06,2960.46,2998.49,2998.89
2019-09-24T17:00:00,2957.06,2957.46,2978.06,2978.46
2019-09-24T19:00:00,2959.41,2959.81,2972.06,2972.66
2019-09-24T21:00:00,2965.81,2966.41,2971.81,2972.41
2019-09-24T23:00:00,2966.56,2967.16,2975.06,2975.66
2019-09-25T01:00:00,2969.06,2969.66,2977.31,2977.91
2019-09-25T03:00:00,2973.81,2974.41,2976.06,2976.66
2019-09-25T05:00:00,2967.93,2968.53,2975.81,2976.41
2019-09-25T07:00:00,2958.68,2959.28,2971.56,2972.16
2019-09-25T09:00:00,2955.06,2955.66,2964.06,2964.66
2019-09-25T11:00:00,2961.06,2961.66,2970.06,2970.66
2019-09-25T13:00:00,2952.41,2952.81,2974.95,2975.35
2019-09-25T15:00:00,2970.32,2970.72,2978.2,2978.6
2019-09-25T17:00:00,2972.55,2972.95,2984.55,2984.95
2019-09-25T19:00:00,2983.05,2983.45,2989.92,2990.32
2019-09-25T21:00:00,2983.07,2983.99,2986.89,2987.49
2019-09-25T23:00:00,2979.89,2980.49,2984.64,2985.24
2019-09-26T01:00:00,2980.14,2980.74,2983.89,2984.49
2019-09-26T03:00:00,2979.14,2979.74,2982.64,2983.24
2019-09-26T05:00:00,2976.89,2977.49,2982.39,2982.99
2019-09-26T07:00:00,2977.89,2978.49,2993.39,2993.99
2019-09-26T09:00:00,2987.89,2988.49,2991.14,2991.74
2019-09-26T11:00:00,2984.64,2985.24,2991.89,2992.49
2019-09-26T13:00:00,2971.23,2971.63,2988.64,2989.24
2019-09-26T15:00:00,2963.23,2963.63,2976.73,2977.13
2019-09-26T17:00:00,2969.71,2970.11,2984.21,2984.61
2019-09-26T19:00:00,2975.72,2976.12,2987.22,2987.62
2019-09-26T21:00:00,2976.75,2978.17,2981.2,2981.8
2019-09-26T23:00:00,2972.45,2973.05,2980.2,2980.8
2019-09-27T01:00:00,2969.95,2970.55,2976.2,2976.8
2019-09-27T03:00:00,2972.45,2973.05,2975.45,2976.05
2019-09-27T05:00:00,2974.45,2975.05,2984.2,2984.8
2019-09-27T07:00:00,2979.95,2980.55,2987.2,2987.8
2019-09-27T09:00:00,2983.45,2984.05,2991.2,2991.8
2019-09-27T11:00:00,2984.95,2985.55,2989.07,2989.67
2019-09-27T13:00:00,2971.57,2971.97,2987.95,2988.55
2019-09-27T15:00:00,2957.32,2957.72,2985.32,2985.72
2019-09-27T17:00:00,2945.17,2945.57,2964.57,2964.97
2019-09-27T19:00:00,2946.42,2946.82,2967.75,2968.35
2019-09-27T21:00:00,2966.44,2967.94,2966.44,2967.94
2019-09-29T21:00:00,2964.38,2964.98,2978.88,2979.48
2019-09-29T23:00:00,2966.38,2966.98,2971.13,2971.73
2019-09-30T01:00:00,2969.63,2970.23,2976.88,2977.48
2019-09-30T03:00:00,2971.75,2972.35,2976.13,2976.73
2019-09-30T05:00:00,2970.38,2970.98,2975.88,2976.48
2019-09-30T07:00:00,2970.88,2971.48,2977.25,2977.85
2019-09-30T09:00:00,2968.38,2968.98,2975.63,2976.23
2019-09-30T11:00:00,2963.38,2963.98,2972.13,2972.73
2019-09-30T13:00:00,2963.63,2964.23,2976.31,2976.71
2019-09-30T15:00:00,2971.31,2971.71,2983.18,2983.58
2019-09-30T17:00:00,2978.84,2979.24,2983.59,2983.99
2019-09-30T19:00:00,2974.08,2974.48,2984.72,2985.33
2019-09-30T21:00:00,2981.35,2981.95,2985.35,2985.95
2019-09-30T23:00:00,2980.6,2981.2,2986.6,2987.2
2019-10-01T01:00:00,2986.22,2986.82,2990.6,2991.2
2019-10-01T03:00:00,2986.85,2987.45,2990.1,2990.7
2019-10-01T05:00:00,2987.35,2987.95,2991.85,2992.45
2019-10-01T07:00:00,2983.35,2983.95,2992.85,2993.45
2019-10-01T09:00:00,2981.6,2982.2,2986.1,2986.7
2019-10-01T11:00:00,2981.1,2981.7,2987.35,2987.95
2019-10-01T13:00:00,2961.55,2961.95,2992.45,2992.85
2019-10-01T15:00:00,2946.3,2946.7,2964.3,2964.7
2019-10-01T17:00:00,2937.88,2938.28,2949.63,2950.03
2019-10-01T19:00:00,2936.42,2937.02,2949.88,2950.28
2019-10-01T21:00:00,2938.92,2939.52,2944.55,2945.15
2019-10-01T23:00:00,2942.3,2942.9,2948.3,2948.9
2019-10-02T01:00:00,2940.05,2940.65,2945.8,2946.4
2019-10-02T03:00:00,2942.05,2942.65,2944.8,2945.4
2019-10-02T05:00:00,2938.05,2938.65,2945.05,2945.65
2019-10-02T07:00:00,2921.55,2922.15,2941.55,2942.15
2019-10-02T09:00:00,2916.55,2917.15,2925.8,2926.4
2019-10-02T11:00:00,2918.3,2918.9,2927.05,2927.65
2019-10-02T13:00:00,2887.31,2887.71,2923.55,2924.15
2019-10-02T15:00:00,2874.03,2874.43,2895.93,2896.33
2019-10-02T17:00:00,2875.16,2875.56,2893.16,2893.56
2019-10-02T19:00:00,2879.03,2879.63,2897.73,2898.13
2019-10-02T21:00:00,2882.41,2883.01,2887.16,2887.76
2019-10-02T23:00:00,2881.66,2882.26,2890.66,2891.26
2019-10-03T01:00:00,2883.66,2884.26,2891.91,2892.51
2019-10-03T03:00:00,2885.66,2886.26,2890.91,2891.51
2019-10-03T05:00:00,2881.16,2881.76,2892.16,2892.76
2019-10-03T07:00:00,2886.66,2887.26,2894.16,2894.76
2019-10-03T09:00:00,2884.91,2885.51,2892.66,2893.26
2019-10-03T11:00:00,2877.91,2878.51,2887.91,2888.51
2019-10-03T13:00:00,2855.01,2855.41,2891.51,2891.91
2019-10-03T15:00:00,2878.25,2878.65,2903.44,2903.84
2019-10-03T17:00:00,2899.19,2899.59,2909.69,2910.09
2019-10-03T19:00:00,2898.49,2898.89,2912.99,2913.88
2019-10-03T21:00:00,2909.37,2909.97,2912.62,2913.24
2019-10-03T23:00:00,2906.37,2906.97,2910.37,2910.97
2019-10-04T01:00:00,2905.87,2906.47,2910.12,2910.72
2019-10-04T03:00:00,2906.62,2907.22,2910.87,2911.47
2019-10-04T05:00:00,2904.87,2905.47,2918.37,2918.97
2019-10-04T07:00:00,2903.87,2904.47,2910.37,2910.97
2019-10-04T09:00:00,2898.62,2899.22,2905.87,2906.47
2019-10-04T11:00:00,2899.87,2900.47,2921.62,2922.22
2019-10-04T13:00:00,2917.12,2917.72,2934.47,2934.87
2019-10-04T15:00:00,2924.1,2924.5,2938.85,2939.25
2019-10-04T17:00:00,2934.86,2935.26,2944.61,2945.01
2019-10-04T19:00:00,2942.61,2943.01,2953.51,2953.91
2019-10-04T21:00:00,2950.71,2952.21,2950.71,2952.21
2019-10-06T21:00:00,2931.02,2931.62,2941.15,2941.75
2019-10-06T23:00:00,2936.4,2937.0,2943.15,2943.75
2019-10-07T01:00:00,2935.4,2936.0,2939.15,2939.75
2019-10-07T03:00:00,2936.65,2937.25,2940.15,2940.75
2019-10-07T05:00:00,2937.9,2938.5,2941.65,2942.25
2019-10-07T07:00:00,2935.4,2936.0,2943.15,2943.75
2019-10-07T09:00:00,2935.65,2936.25,2946.65,2947.25
2019-10-07T11:00:00,2942.65,2943.25,2946.9,2947.5
2019-10-07T13:00:00,2934.75,2935.15,2949.05,2949.45
2019-10-07T15:00:00,2947.8,2948.2,2955.8,2956.2
2019-10-07T17:00:00,2939.69,2940.09,2959.69,2960.09
2019-10-07T19:00:00,2935.6,2936.2,2949.02,2949.42
2019-10-07T21:00:00,2934.48,2935.08,2938.23,2938.83
2019-10-07T23:00:00,2936.48,2937.08,2943.48,2944.08
2019-10-08T01:00:00,2940.73,2941.33,2947.73,2948.33
2019-10-08T03:00:00,2946.73,2947.33,2949.98,2950.58
2019-10-08T05:00:00,2944.48,2945.08,2950.48,2951.08
2019-10-08T07:00:00,2933.23,2933.83,2946.48,2947.08
2019-10-08T09:00:00,2918.98,2919.58,2936.73,2937.33
2019-10-08T11:00:00,2911.1,2911.7,2923.48,2924.08
2019-10-08T13:00:00,2897.58,2897.98,2921.98,2922.58
2019-10-08T15:00:00,2895.58,2895.98,2917.83,2918.23
2019-10-08T17:00:00,2904.14,2904.54,2925.64,2926.04
2019-10-08T19:00:00,2890.82,2891.42,2918.39,2918.79
2019-10-08T21:00:00,2889.32,2889.92,2895.82,2896.42
2019-10-08T23:00:00,2888.82,2889.42,2900.07,2900.67
2019-10-09T01:00:00,2897.32,2897.92,2903.32,2903.92
2019-10-09T03:00:00,2896.82,2897.42,2903.32,2903.92
2019-10-09T05:00:00,2893.07,2893.67,2901.19,2901.79
2019-10-09T07:00:00,2892.32,2892.92,2908.32,2908.92
2019-10-09T09:00:00,2905.82,2906.42,2930.82,2931.42
2019-10-09T11:00:00,2913.07,2913.67,2921.32,2921.92
2019-10-09T13:00:00,2907.92,2908.32,2918.67,2919.07
2019-10-09T15:00:00,2906.93,2907.33,2919.8,2920.2
2019-10-09T17:00:00,2916.0,2916.4,2926.75,2927.15
2019-10-09T19:00:00,2914.94,2915.54,2929.35,2929.75
2019-10-09T21:00:00,2881.69,2882.29,2923.19,2923.79
2019-10-09T23:00:00,2882.94,2883.54,2917.19,2917.79
2019-10-10T01:00:00,2895.44,2896.04,2922.19,2922.79
2019-10-10T03:00:00,2910.69,2911.29,2915.94,2916.54
2019-10-10T05:00:00,2912.94,2913.54,2918.94,2919.54
2019-10-10T07:00:00,2906.69,2907.29,2920.19,2920.79
2019-10-10T09:00:00,2912.94,2913.54,2922.94,2923.54
2019-10-10T11:00:00,2909.19,2909.79,2917.19,2917.79
2019-10-10T13:00:00,2913.94,2914.54,2944.47,2944.87
2019-10-10T15:00:00,2933.97,2934.37,2948.72,2949.12
2019-10-10T17:00:00,2926.63,2927.03,2942.88,2943.28
2019-10-10T19:00:00,2933.63,2934.03,2953.68,2954.28
2019-10-10T21:00:00,2944.06,2944.66,2957.06,2957.66
2019-10-10T23:00:00,2941.81,2942.41,2948.81,2949.41
2019-10-11T01:00:00,2943.06,2943.66,2948.31,2948.91
2019-10-11T03:00:00,2947.18,2947.78,2954.31,2954.91
2019-10-11T05:00:00,2948.06,2948.66,2955.81,2956.41
2019-10-11T07:00:00,2949.56,2950.16,2965.81,2966.41
2019-10-11T09:00:00,2965.56,2966.16,2972.06,2972.66
2019-10-11T11:00:00,2965.81,2966.41,2973.81,2974.41
2019-10-11T13:00:00,2966.06,2966.66,2985.66,2986.06
2019-10-11T15:00:00,2967.33,2967.73,2993.33,2993.73
2019-10-11T17:00:00,2977.29,2977.69,2990.79,2991.19
2019-10-11T19:00:00,2963.28,2963.88,2992.13,2992.53
2019-10-13T21:00:00,2968.53,2969.13,2978.78,2979.38
2019-10-13T23:00:00,2973.78,2974.38,2981.78,2982.38
2019-10-14T01:00:00,2968.53,2969.13,2977.78,2978.38
2019-10-14T03:00:00,2975.03,2975.63,2979.78,2980.38
2019-10-14T05:00:00,2971.78,2972.38,2976.78,2977.38
2019-10-14T07:00:00,2964.03,2964.63,2974.28,2974.88
2019-10-14T09:00:00,2953.53,2954.13,2969.28,2969.88
2019-10-14T11:00:00,2959.28,2959.88,2967.78,2968.38
2019-10-14T13:00:00,2960.53,2961.13,2971.38,2971.78
2019-10-14T15:00:00,2965.38,2965.78,2971.88,2972.28
2019-10-14T17:00:00,2964.38,2964.78,2970.63,2971.03
2019-10-14T19:00:00,2963.02,2963.62,2969.13,2969.53
2019-10-14T21:00:00,2964.82,2966.32,2969.02,2969.62
2019-10-14T23:00:00,2967.02,2967.62,2973.02,2973.62
2019-10-15T01:00:00,2968.77,2969.37,2973.02,2973.62
2019-10-15T03:00:00,2969.02,2969.62,2973.27,2973.87
2019-10-15T05:00:00,2971.77,2972.37,2981.52,2982.12
2019-10-15T07:00:00,2975.02,2975.62,2981.77,2982.37
2019-10-15T09:00:00,2971.02,2971.62,2979.52,2980.12
2019-10-15T11:00:00,2971.77,2972.37,2977.52,2978.12
2019-10-15T13:00:00,2972.77,2973.37,2999.87,3000.27
2019-10-15T15:00:00,2995.3,2995.7,3001.55,3001.95
2019-10-15T17:00:00,2997.8,2998.2,3003.8,3004.2
2019-10-15T19:00:00,2994.57,2995.17,3000.62,3001.02
2019-10-15T21:00:00,2994.32,2994.92,2997.32,2998.18
2019-10-15T23:00:00,2988.07,2988.67,2996.32,2996.92
2019-10-16T01:00:00,2988.32,2988.92,2993.07,2993.67
2019-10-16T03:00:00,2986.32,2986.92,2991.32,2991.92
2019-10-16T05:00:00,2987.07,2987.67,2995.32,2995.92
2019-10-16T07:00:00,2986.32,2986.92,2994.07,2994.67
2019-10-16T09:00:00,2984.57,2985.17,2991.82,2992.42
2019-10-16T11:00:00,2988.07,2988.67,2996.82,2997.42
2019-10-16T13:00:00,2984.67,2985.07,2996.12,2996.52
2019-10-16T15:00:00,2987.71,2988.11,2997.5,2997.9
2019-10-16T17:00:00,2985.71,2986.11,2992.96,2993.36
2019-10-16T19:00:00,2987.21,2987.61,2992.27,2993.17
2019-10-16T21:00:00,2988.15,2988.75,2992.52,2993.44
2019-10-16T23:00:00,2985.65,2986.25,2990.15,2990.75
2019-10-17T01:00:00,2988.15,2988.75,2992.4,2993.0
2019-10-17T03:00:00,2988.9,2989.5,2990.9,2991.5
2019-10-17T05:00:00,2985.15,2985.75,2990.27,2990.87
2019-10-17T07:00:00,2985.65,2986.25,2997.15,2997.75
2019-10-17T09:00:00,2991.65,2992.25,3006.4,3007.0
2019-10-17T11:00:00,2996.4,2997.0,3003.65,3004.25
2019-10-17T13:00:00,2997.68,2998.08,3008.18,3008.58
2019-10-17T15:00:00,2990.93,2991.33,3001.43,3001.83
2019-10-17T17:00:00,2996.08,2996.48,3002.33,3002.73
2019-10-17T19:00:00,2996.74,2997.14,3002.58,3002.98
2019-10-17T21:00:00,2995.56,2996.16,2998.84,3000.34
2019-10-17T23:00:00,2994.06,2994.66,2998.81,2999.41
2019-10-18T01:00:00,2993.56,2994.16,2999.56,3000.16
2019-10-18T03:00:00,2992.31,2992.91,2995.56,2996.16
2019-10-18T05:00:00,2990.31,2990.91,2995.06,2995.66
2019-10-18T07:00:00,2989.56,2990.16,2997.56,2998.16
2019-10-18T09:00:00,2994.81,2995.41,2999.68,3000.28
2019-10-18T11:00:00,2998.06,2998.66,3001.31,3001.91
2019-10-18T13:00:00,2987.41,2987.81,2999.66,3000.06
2019-10-18T15:00:00,2975.91,2976.31,2995.41,2995.81
2019-10-18T17:00:00,2984.16,2984.56,2992.85,2993.25
2019-10-18T19:00:00,2985.23,2985.83,2995.1,2995.5
2019-10-18T21:00:00,2989.15,2990.65,2989.15,2990.65
2019-10-20T21:00:00,2984.23,2984.83,2991.23,2991.83
2019-10-20T23:00:00,2987.98,2988.58,2995.73,2996.33
2019-10-21T01:00:00,2993.98,2994.58,2997.48,2998.08
2019-10-21T03:00:00,2994.98,2995.58,2996.23,2996.83
2019-10-21T05:00:00,2991.98,2992.58,2995.48,2996.08
2019-10-21T07:00:00,2989.98,2990.58,2997.73,2998.33
2019-10-21T09:00:00,2992.48,2993.08,2997.73,2998.33
2019-10-21T11:00:00,2994.48,2995.08,3002.23,3002.83
2019-10-21T13:00:00,2995.08,2995.48,3004.08,3004.48
2019-10-21T15:00:00,2999.64,3000.04,3005.13,3005.53
2019-10-21T17:00:00,3001.63,3002.03,3006.38,3006.78
2019-10-21T19:00:00,3003.9,3004.3,3007.78,3008.18
2019-10-21T21:00:00,3005.33,3005.93,3007.2,3008.36
2019-10-21T23:00:00,3005.33,3005.93,3013.58,3014.18
2019-10-22T01:00:00,3010.08,3010.68,3014.08,3014.68
2019-10-22T03:00:00,3010.33,3010.93,3012.83,3013.43
2019-10-22T05:00:00,3008.58,3009.18,3012.83,3013.43
2019-10-22T07:00:00,3001.2,3001.8,3009.83,3010.43
2019-10-22T09:00:00,3003.33,3003.93,3007.7,3008.3
2019-10-22T11:00:00,3006.83,3007.43,3012.33,3012.93
2019-10-22T13:00:00,3008.12,3008.52,3014.37,3014.77
2019-10-22T15:00:00,3007.37,3007.77,3014.37,3014.77
2019-10-22T17:00:00,3000.07,3000.47,3013.57,3013.97
2019-10-22T19:00:00,2988.43,2989.03,3005.27,3005.67
2019-10-22T21:00:00,2989.54,2991.04,2994.31,2994.91
2019-10-22T23:00:00,2982.31,2982.91,2993.81,2994.41
2019-10-23T01:00:00,2984.56,2985.16,2989.81,2990.41
2019-10-23T03:00:00,2984.81,2985.41,2989.81,2990.41
2019-10-23T05:00:00,2988.06,2988.66,2991.81,2992.41
2019-10-23T07:00:00,2987.81,2988.41,2995.43,2996.03
2019-10-23T09:00:00,2987.06,2987.66,2997.56,2998.16
2019-10-23T11:00:00,2984.06,2984.66,2993.31,2993.91
2019-10-23T13:00:00,2990.16,2990.56,3001.22,3001.62
2019-10-23T15:00:00,2997.97,2998.37,3003.22,3003.62
2019-10-23T17:00:00,2993.38,2993.78,3000.38,3000.78
2019-10-23T19:00:00,2994.88,2995.28,3006.54,3007.55
2019-10-23T21:00:00,3005.69,3007.19,3010.42,3011.02
2019-10-23T23:00:00,3005.42,3006.02,3008.92,3009.52
2019-10-24T01:00:00,3004.42,3005.02,3007.92,3008.52
2019-10-24T03:00:00,3005.42,3006.02,3006.92,3007.52
2019-10-24T05:00:00,3003.92,3004.52,3008.92,3009.52
2019-10-24T07:00:00,3003.67,3004.27,3012.67,3013.27
2019-10-24T09:00:00,3007.67,3008.27,3010.42,3011.02
2019-10-24T11:00:00,3009.17,3009.77,3013.42,3014.02
2019-10-24T13:00:00,2999.52,2999.92,3015.77,3016.17
2019-10-24T15:00:00,3000.68,3001.08,3012.68,3013.08
2019-10-24T17:00:00,3001.53,3001.93,3007.78,3008.18
2019-10-24T19:00:00,3003.04,3003.64,3012.07,3012.47
2019-10-24T21:00:00,3002.87,3003.77,3005.42,3006.02
2019-10-24T23:00:00,3001.17,3001.77,3006.92,3007.52
2019-10-25T01:00:00,3002.17,3002.77,3006.67,3007.27
2019-10-25T03:00:00,3004.17,3004.77,3005.92,3006.52
2019-10-25T05:00:00,3005.17,3005.77,3008.92,3009.52
2019-10-25T07:00:00,3005.29,3005.89,3010.42,3011.02
2019-10-25T09:00:00,3005.54,3006.14,3009.17,3009.77
2019-10-25T11:00:00,3001.92,3002.52,3009.17,3009.77
2019-10-25T13:00:00,3001.17,3001.77,3019.56,3019.96
2019-10-25T15:00:00,3017.69,3018.09,3027.69,3028.09
2019-10-25T17:00:00,3018.13,3018.53,3024.88,3025.28
2019-10-25T19:00:00,3019.71,3020.31,3024.06,3024.46
2019-10-25T21:00:00,3020.27,3021.77,3020.27,3021.77
2019-10-27T22:00:00,3023.83,3024.43,3026.96,3027.56
2019-10-28T00:00:00,3023.96,3024.56,3027.21,3027.81
2019-10-28T02:00:00,3025.21,3025.81,3026.96,3027.56
2019-10-28T04:00:00,3025.21,3025.81,3027.21,3027.81
2019-10-28T06:00:00,3024.96,3025.56,3028.21,3028.81
2019-10-28T08:00:00,3025.21,3025.81,3029.96,3030.56
2019-10-28T10:00:00,3026.21,3026.81,3030.21,3030.81
2019-10-28T12:00:00,3028.96,3029.56,3041.81,3042.21
2019-10-28T14:00:00,3036.17,3036.57,3043.81,3044.21
2019-10-28T16:00:00,3037.17,3037.57,3040.92,3041.32
2019-10-28T18:00:00,3038.22,3038.62,3042.22,3042.62
2019-10-28T20:00:00,3036.33,3036.93,3040.45,3041.05
2019-10-28T22:00:00,3037.58,3038.18,3040.33,3040.93
2019-10-29T00:00:00,3038.83,3039.43,3041.83,3042.43
2019-10-29T02:00:00,3038.58,3039.18,3040.33,3040.93
2019-10-29T04:00:00,3038.33,3038.93,3039.83,3040.43
2019-10-29T06:00:00,3038.33,3038.93,3039.83,3040.43
2019-10-29T08:00:00,3032.83,3033.43,3039.33,3039.93
2019-10-29T10:00:00,3031.58,3032.18,3036.08,3036.68
2019-10-29T12:00:00,3030.83,3031.43,3040.93,3041.33
2019-10-29T14:00:00,3035.68,3036.08,3047.18,3047.58
2019-10-29T16:00:00,3034.93,3035.33,3045.43,3045.83
2019-10-29T18:00:00,3034.85,3035.25,3043.05,3043.45
2019-10-29T20:00:00,3034.66,3036.1,3038.37,3038.97
2019-10-29T22:00:00,3035.75,3036.35,3038.75,3039.35
2019-10-30T00:00:00,3033.5,3034.1,3038.0,3038.6
2019-10-30T02:00:00,3033.5,3034.1,3036.12,3036.72
2019-10-30T04:00:00,3033.5,3034.1,3036.0,3036.6
2019-10-30T06:00:00,3033.75,3034.35,3036.0,3036.6
2019-10-30T08:00:00,3034.25,3034.85,3037.25,3037.85
2019-10-30T10:00:00,3035.25,3035.85,3039.25,3039.85
2019-10-30T12:00:00,3031.85,3032.25,3040.25,3040.85
2019-10-30T14:00:00,3024.85,3025.25,3035.85,3036.25
2019-10-30T16:00:00,3029.63,3030.03,3036.6,3037.0
2019-10-30T18:00:00,3027.26,3027.66,3050.26,3050.66
2019-10-30T20:00:00,3045.96,3046.56,3056.58,3057.18
2019-10-30T22:00:00,3049.33,3049.93,3053.58,3054.18
2019-10-31T00:00:00,3046.96,3047.56,3051.46,3052.06
2019-10-31T02:00:00,3046.21,3046.81,3049.96,3050.56
2019-10-31T04:00:00,3048.71,3049.31,3050.21,3050.81
2019-10-31T06:00:00,3047.96,3048.56,3051.46,3052.06
2019-10-31T08:00:00,3035.46,3036.06,3052.96,3053.56
2019-10-31T10:00:00,3036.96,3037.56,3041.96,3042.56
2019-10-31T12:00:00,3037.56,3037.96,3047.46,3048.06
2019-10-31T14:00:00,3021.81,3022.21,3037.56,3037.96
2019-10-31T16:00:00,3023.53,3023.93,3032.18,3032.58
2019-10-31T18:00:00,3023.15,3023.55,3039.03,3039.43
2019-10-31T20:00:00,3036.46,3037.26,3040.16,3040.76
2019-10-31T22:00:00,3034.87,3035.47,3037.74,3038.34
2019-11-01T00:00:00,3036.12,3036.72,3044.87,3045.47
2019-11-01T02:00:00,3043.37,3043.97,3045.24,3045.84
2019-11-01T04:00:00,3043.62,3044.22,3046.37,3046.97
2019-11-01T06:00:00,3041.87,3042.47,3046.12,3046.72
2019-11-01T08:00:00,3041.12,3041.72,3045.37,3045.97
2019-11-01T10:00:00,3040.37,3040.97,3044.62,3045.22
2019-11-01T12:00:00,3039.87,3040.47,3058.47,3058.87
2019-11-01T14:00:00,3052.72,3053.12,3063.72,3064.12
2019-11-01T16:00:00,3055.31,3055.71,3064.93,3065.33
2019-11-01T18:00:00,3060.18,3060.58,3066.43,3066.83
2019-11-01T20:00:00,3063.59,3064.64,3066.54,3067.14
2019-11-03T22:00:00,3066.54,3067.14,3070.54,3071.14
2019-11-04T00:00:00,3068.29,3068.89,3070.54,3071.14
2019-11-04T02:00:00,3069.29,3069.89,3073.29,3073.89
2019-11-04T04:00:00,3071.29,3071.89,3072.04,3072.64
2019-11-04T06:00:00,3070.29,3070.89,3073.29,3073.89
2019-11-04T08:00:00,3071.29,3071.89,3078.29,3078.89
2019-11-04T10:00:00,3078.04,3078.64,3081.54,3082.14
2019-11-04T12:00:00,3078.29,3078.89,3085.29,3085.89
2019-11-04T14:00:00,3078.14,3078.54,3084.64,3085.04
2019-11-04T16:00:00,3077.21,3077.61,3083.04,3083.44
2019-11-04T18:00:00,3078.58,3078.98,3081.21,3081.61
2019-11-04T20:00:00,3074.46,3074.86,3080.0,3080.4
2019-11-04T22:00:00,3075.88,3076.48,3086.88,3087.48
2019-11-05T00:00:00,3078.88,3079.48,3084.38,3084.98
2019-11-05T02:00:00,3080.13,3080.73,3085.13,3085.73
2019-11-05T04:00:00,3081.5,3082.1,3084.88,3085.48
2019-11-05T06:00:00,3080.38,3080.98,3084.75,3085.35
2019-11-05T08:00:00,3081.38,3081.98,3085.63,3086.23
2019-11-05T10:00:00,3080.63,3081.23,3086.38,3086.98
2019-11-05T12:00:00,3082.88,3083.48,3085.38,3085.98
2019-11-05T14:00:00,3071.73,3072.13,3085.88,3086.48
2019-11-05T16:00:00,3071.98,3072.38,3077.73,3078.13
2019-11-05T18:00:00,3076.4,3076.8,3079.9,3080.3
2019-11-05T20:00:00,3072.05,3073.27,3078.9,3079.3
2019-11-05T22:00:00,3069.8,3071.3,3074.55,3075.15
2019-11-06T00:00:00,3069.3,3069.9,3074.55,3075.15
2019-11-06T02:00:00,3070.3,3070.9,3072.55,3073.15
2019-11-06T04:00:00,3071.55,3072.15,3074.3,3074.9
2019-11-06T06:00:00,3071.05,3071.65,3074.8,3075.4
2019-11-06T08:00:00,3069.8,3070.4,3077.3,3077.9
2019-11-06T10:00:00,3070.8,3071.4,3074.55,3075.15
2019-11-06T12:00:00,3073.55,3074.15,3078.8,3079.4
2019-11-06T14:00:00,3069.15,3069.55,3077.3,3077.9
2019-11-06T16:00:00,3065.42,3065.82,3078.67,3079.07
2019-11-06T18:00:00,3067.81,3068.21,3076.31,3076.71
2019-11-06T20:00:00,3073.29,3073.69,3078.62,3079.22
2019-11-06T22:00:00,3074.5,3075.1,3078.12,3078.8
2019-11-07T00:00:00,3071.0,3071.6,3076.37,3076.97
2019-11-07T02:00:00,3071.25,3071.85,3073.75,3074.35
2019-11-07T04:00:00,3072.25,3072.85,3074.25,3074.85
2019-11-07T06:00:00,3074.0,3074.6,3093.25,3093.85
2019-11-07T08:00:00,3086.0,3086.6,3091.5,3092.1
2019-11-07T10:00:00,3087.75,3088.35,3091.5,3092.1
2019-11-07T12:00:00,3085.5,3086.1,3089.25,3089.85
2019-11-07T14:00:00,3086.87,3087.47,3097.52,3097.92
2019-11-07T16:00:00,3091.02,3091.42,3098.02,3098.42
2019-11-07T18:00:00,3082.58,3082.98,3094.33,3094.73
2019-11-07T20:00:00,3079.84,3080.24,3088.58,3088.98
2019-11-07T22:00:00,3084.93,3085.53,3087.43,3088.03
2019-11-08T00:00:00,3079.93,3080.53,3090.68,3091.28
2019-11-08T02:00:00,3077.68,3078.28,3081.43,3082.03
2019-11-08T04:00:00,3077.18,3077.78,3080.93,3081.53
2019-11-08T06:00:00,3077.93,3078.53,3083.68,3084.28
2019-11-08T08:00:00,3080.93,3081.53,3084.93,3085.53
2019-11-08T10:00:00,3082.43,3083.03,3085.93,3086.53
2019-11-08T12:00:00,3081.43,3082.03,3088.43,3089.03
2019-11-08T14:00:00,3073.03,3073.43,3085.4,3085.8
2019-11-08T16:00:00,3080.03,3080.43,3086.78,3087.18
2019-11-08T18:00:00,3083.04,3083.44,3086.03,3086.43
2019-11-08T20:00:00,3084.79,3085.19,3092.84,3093.51
2019-11-10T22:00:00,3089.34,3089.94,3092.59,3093.19
2019-11-11T00:00:00,3083.59,3084.19,3089.84,3090.44
2019-11-11T02:00:00,3082.09,3082.69,3085.09,3085.69
2019-11-11T04:00:00,3081.59,3082.19,3083.59,3084.19
2019-11-11T06:00:00,3077.34,3077.94,3082.34,3082.94
2019-11-11T08:00:00,3078.96,3079.56,3083.71,3084.31
2019-11-11T10:00:00,3077.59,3078.19,3081.09,3081.69
2019-11-11T12:00:00,3078.09,3078.69,3080.59,3081.19
2019-11-11T14:00:00,3075.19,3075.59,3084.19,3084.59
2019-11-11T16:00:00,3080.94,3081.34,3086.33,3086.73
2019-11-11T18:00:00,3085.58,3085.98,3088.08,3088.48
2019-11-11T20:00:00,3083.82,3084.22,3088.68,3089.55
2019-11-11T22:00:00,3085.56,3086.16,3088.93,3089.53
2019-11-12T00:00:00,3083.06,3083.66,3087.06,3087.66
2019-11-12T02:00:00,3082.06,3082.66,3084.31,3084.91
2019-11-12T04:00:00,3083.31,3083.91,3092.06,3092.66
2019-11-12T06:00:00,3090.06,3090.66,3094.56,3095.16
2019-11-12T08:00:00,3085.81,3086.41,3092.06,3092.66
2019-11-12T10:00:00,3087.93,3088.53,3092.31,3092.91
2019-11-12T12:00:00,3087.06,3087.66,3090.31,3090.91
2019-11-12T14:00:00,3088.16,3088.56,3102.6,3103.0
2019-11-12T16:00:00,3092.27,3092.67,3101.35,3101.75
2019-11-12T18:00:00,3084.02,3084.42,3098.77,3099.17
2019-11-12T20:00:00,3086.27,3086.67,3093.09,3093.9
2019-11-12T22:00:00,3088.47,3089.07,3092.47,3093.07
2019-11-13T00:00:00,3083.97,3084.57,3089.72,3090.32
2019-11-13T02:00:00,3082.97,3083.57,3085.97,3086.57
2019-11-13T04:00:00,3082.72,3083.32,3085.47,3086.07
2019-11-13T06:00:00,3082.97,3083.57,3087.22,3087.82
2019-11-13T08:00:00,3076.72,3077.32,3088.72,3089.32
2019-11-13T10:00:00,3078.22,3078.82,3081.47,3082.07
2019-11-13T12:00:00,3078.97,3079.57,3084.72,3085.32
2019-11-13T14:00:00,3079.07,3079.47,3092.75,3093.15
2019-11-13T16:00:00,3089.25,3089.65,3096.9,3097.3
2019-11-13T18:00:00,3086.9,3087.3,3098.15,3098.55
2019-11-13T20:00:00,3091.23,3091.63,3096.72,3097.71
2019-11-13T22:00:00,3093.85,3094.45,3096.72,3097.67
2019-11-14T00:00:00,3091.85,3092.45,3099.85,3100.45
2019-11-14T02:00:00,3088.47,3089.07,3097.1,3097.7
2019-11-14T04:00:00,3089.1,3089.7,3094.6,3095.2
2019-11-14T06:00:00,3087.85,3088.45,3093.35,3093.95
2019-11-14T08:00:00,3087.85,3088.45,3093.6,3094.2
2019-11-14T10:00:00,3089.35,3089.95,3096.85,3097.45
2019-11-14T12:00:00,3087.6,3088.2,3093.6,3094.2
2019-11-14T14:00:00,3088.2,3088.6,3095.7,3096.1
2019-11-14T16:00:00,3082.68,3083.08,3095.18,3095.58
2019-11-14T18:00:00,3084.29,3084.69,3094.79,3095.19
2019-11-14T20:00:00,3092.79,3093.19,3098.47,3099.07
2019-11-14T22:00:00,3096.22,3096.82,3099.47,3100.07
2019-11-15T00:00:00,3097.47,3098.07,3109.47,3110.07
2019-11-15T02:00:00,3106.84,3107.44,3110.72,3111.32
2019-11-15T04:00:00,3107.22,3107.82,3108.47,3109.07
2019-11-15T06:00:00,3106.47,3107.07,3108.97,3109.57
2019-11-15T08:00:00,3103.97,3104.57,3107.72,3108.32
2019-11-15T10:00:00,3102.72,3103.32,3107.97,3108.57
2019-11-15T12:00:00,3103.97,3104.57,3107.97,3108.57
2019-11-15T14:00:00,3103.82,3104.22,3111.57,3112.07
2019-11-15T16:00:00,3110.54,3110.94,3116.17,3116.57
2019-11-15T18:00:00,3112.42,3112.82,3116.92,3117.32
2019-11-15T20:00:00,3112.92,3113.32,3120.14,3120.84
2019-11-17T22:00:00,3114.52,3115.12,3118.02,3118.62
2019-11-18T00:00:00,3114.27,3114.87,3118.27,3118.87
2019-11-18T02:00:00,3116.77,3117.37,3119.02,3119.62
2019-11-18T04:00:00,3116.77,3117.37,3119.27,3119.87
2019-11-18T06:00:00,3119.02,3119.62,3128.27,3128.87
2019-11-18T08:00:00,3122.52,3123.12,3126.77,3127.37
2019-11-18T10:00:00,3122.27,3122.87,3125.02,3125.62
2019-11-18T12:00:00,3114.27,3114.87,3126.02,3126.62
2019-11-18T14:00:00,3111.87,3112.27,3119.12,3119.52
2019-11-18T16:00:00,3116.12,3116.52,3121.13,3121.53
2019-11-18T18:00:00,3119.74,3120.14,3124.11,3124.51
2019-11-18T20:00:00,3117.91,3118.31,3123.24,3123.64
2019-11-18T22:00:00,3119.33,3119.93,3121.95,3123.01
2019-11-19T00:00:00,3116.08,3116.68,3123.08,3123.68
2019-11-19T02:00:00,3121.08,3121.68,3125.08,3125.68
2019-11-19T04:00:00,3122.2,3122.8,3125.08,3125.68
2019-11-19T06:00:00,3123.58,3124.18,3126.58,3127.18
2019-11-19T08:00:00,3124.33,3124.93,3132.33,3132.93
2019-11-19T10:00:00,3129.08,3129.68,3132.58,3133.18
2019-11-19T12:00:00,3127.33,3127.93,3130.58,3131.18
2019-11-19T14:00:00,3113.32,3113.72,3129.58,3130.18
2019-11-19T16:00:00,3114.32,3114.72,3125.57,3125.97
2019-11-19T18:00:00,3118.2,3118.6,3124.95,3125.35
2019-11-19T20:00:00,3116.28,3117.31,3124.45,3124.85
2019-11-19T22:00:00,3110.59,3111.19,3116.61,3118.11
2019-11-20T00:00:00,3108.09,3108.69,3116.59,3117.19
2019-11-20T02:00:00,3108.59,3109.19,3113.09,3113.69
2019-11-20T04:00:00,3111.59,3112.19,3114.84,3115.44
2019-11-20T06:00:00,3109.34,3109.94,3116.09,3116.69
2019-11-20T08:00:00,3104.84,3105.44,3111.59,3112.19
2019-11-20T10:00:00,3104.59,3105.19,3110.84,3111.44
2019-11-20T12:00:00,3108.59,3109.19,3112.59,3113.19
2019-11-20T14:00:00,3108.59,3109.19,3118.44,3118.84
2019-11-20T16:00:00,3095.95,3096.35,3118.19,3118.59
2019-11-20T18:00:00,3091.2,3091.6,3107.45,3107.85
2019-11-20T20:00:00,3101.99,3102.39,3109.74,3110.3
2019-11-20T22:00:00,3093.57,3094.17,3108.37,3109.87
2019-11-21T00:00:00,3091.2,3091.8,3103.45,3104.05
2019-11-21T02:00:00,3092.7,3093.3,3107.45,3108.05
2019-11-21T04:00:00,3100.2,3100.8,3105.45,3106.05
2019-11-21T06:00:00,3100.45,3101.05,3107.95,3108.55
2019-11-21T08:00:00,3098.45,3099.05,3105.7,3106.3
2019-11-21T10:00:00,3103.95,3104.55,3112.2,3112.8
2019-11-21T12:00:00,3105.45,3106.05,3114.32,3114.92
2019-11-21T14:00:00,3093.8,3094.2,3110.95,3111.55
2019-11-21T16:00:00,3097.3,3097.7,3106.05,3106.45
2019-11-21T18:00:00,3101.3,3101.7,3108.05,3108.45
2019-11-21T20:00:00,3098.8,3099.2,3107.3,3107.7
2019-11-21T22:00:00,3101.79,3102.39,3105.04,3105.8
2019-11-22T00:00:00,3101.04,3101.64,3110.04,3110.64
2019-11-22T02:00:00,3107.04,3107.64,3109.66,3110.26
2019-11-22T04:00:00,3107.04,3107.64,3110.04,3110.64
2019-11-22T06:00:00,3106.29,3106.89,3108.29,3108.89
2019-11-22T08:00:00,3106.66,3107.26,3115.04,3115.64
2019-11-22T10:00:00,3105.79,3106.39,3111.54,3112.14
2019-11-22T12:00:00,3106.29,3106.89,3112.04,3112.64
2019-11-22T14:00:00,3102.13,3102.53,3112.39,3112.79
2019-11-22T16:00:00,3098.75,3099.15,3109.36,3109.76
2019-11-22T18:00:00,3107.36,3107.76,3110.11,3110.51
2019-11-22T20:00:00,3106.33,3106.73,3112.23,3113.28
2019-11-24T22:00:00,3116.86,3117.46,3119.61,3120.21
2019-11-25T00:00:00,3118.61,3119.21,3121.36,3121.96
2019-11-25T02:00:00,3119.48,3120.08,3120.86,3121.46
2019-11-25T04:00:00,3118.11,3118.71,3120.61,3121.21
2019-11-25T06:00:00,3118.86,3119.46,3120.86,3121.46
2019-11-25T08:00:00,3117.86,3118.46,3120.11,3120.71
2019-11-25T10:00:00,3118.11,3118.71,3120.11,3120.71
2019-11-25T12:00:00,3117.11,3117.71,3121.11,3121.71
2019-11-25T14:00:00,3119.61,3120.21,3131.35,3131.75
2019-11-25T16:00:00,3127.1,3127.5,3129.85,3130.25
2019-11-25T18:00:00,3128.3,3128.7,3130.8,3131.2
2019-11-25T20:00:00,3129.3,3129.7,3133.61,3134.03
2019-11-25T22:00:00,3130.68,3131.28,3132.43,3133.31
2019-11-26T00:00:00,3131.68,3132.28,3144.93,3145.53
2019-11-26T02:00:00,3132.93,3133.53,3139.93,3140.53
2019-11-26T04:00:00,3133.18,3133.78,3135.8,3136.4
2019-11-26T06:00:00,3131.68,3132.28,3134.68,3135.28
2019-11-26T08:00:00,3128.18,3128.78,3134.05,3134.65
2019-11-26T10:00:00,3129.68,3130.28,3133.43,3134.03
2019-11-26T12:00:00,3130.93,3131.53,3135.18,3135.78
2019-11-26T14:00:00,3130.03,3130.43,3138.03,3138.43
2019-11-26T16:00:00,3135.03,3135.43,3141.15,3141.55
2019-11-26T18:00:00,3134.78,3135.18,3140.28,3140.68
2019-11-26T20:00:00,3134.28,3134.68,3144.35,3144.95
2019-11-26T22:00:00,3142.23,3142.83,3143.85,3144.93
2019-11-27T00:00:00,3141.73,3142.33,3145.48,3146.08
2019-11-27T02:00:00,3142.73,3143.33,3146.23,3146.83
2019-11-27T04:00:00,3144.23,3144.83,3146.23,3146.83
2019-11-27T06:00:00,3144.23,3144.83,3147.73,3148.33
2019-11-27T08:00:00,3144.98,3145.58,3149.73,3150.33
2019-11-27T10:00:00,3146.6,3147.2,3149.98,3150.58
2019-11-27T12:00:00,3145.48,3146.08,3148.98,3149.58
2019-11-27T14:00:00,3142.33,3142.73,3146.98,3147.38
2019-11-27T16:00:00,3144.48,3144.88,3149.64,3150.04
2019-11-27T18:00:00,3148.89,3149.29,3154.14,3154.54
2019-11-27T20:00:00,3152.07,3152.52,3154.57,3155.17
2019-11-27T22:00:00,3142.57,3143.17,3154.69,3155.44
2019-11-28T00:00:00,3140.82,3141.42,3146.07,3146.67
2019-11-28T02:00:00,3144.07,3144.67,3146.32,3146.92
2019-11-28T04:00:00,3143.57,3144.17,3145.32,3145.92
2019-11-28T06:00:00,3143.07,3143.67,3146.32,3146.92
2019-11-28T08:00:00,3142.57,3143.17,3145.32,3145.92
2019-11-28T10:00:00,3143.82,3144.42,3148.32,3148.92
2019-11-28T12:00:00,3146.57,3147.17,3149.07,3149.67
2019-11-28T14:00:00,3146.07,3146.67,3149.17,3149.57
2019-11-28T16:00:00,3147.92,3148.32,3150.67,3151.07
2019-11-28T18:00:00,3148.94,3150.44,3149.78,3151.28
2019-11-28T20:00:00,3149.78,3151.28,3150.18,3151.68
2019-11-28T22:00:00,3149.68,3150.29,3151.32,3151.92
2019-11-29T00:00:00,3145.57,3146.17,3151.07,3151.67
2019-11-29T02:00:00,3144.07,3144.67,3147.57,3148.17
2019-11-29T04:00:00,3142.32,3142.92,3145.44,3146.04
2019-11-29T06:00:00,3141.57,3142.17,3144.57,3145.17
2019-11-29T08:00:00,3141.57,3142.17,3147.82,3148.42
2019-11-29T10:00:00,3145.57,3146.17,3147.82,3148.42
2019-11-29T12:00:00,3146.82,3147.42,3149.19,3149.79
2019-11-29T14:00:00,3144.67,3145.07,3149.92,3150.32
2019-11-29T16:00:00,3139.52,3139.92,3147.56,3147.96
2019-11-29T18:00:00,3141.91,3142.31,3144.66,3145.06
2019-11-29T20:00:00,3141.96,3143.46,3144.28,3145.78
2019-12-01T22:00:00,3144.06,3144.66,3147.56,3148.16
2019-12-02T00:00:00,3147.06,3147.66,3153.31,3153.91
2019-12-02T02:00:00,3152.06,3152.66,3154.06,3154.66
2019-12-02T04:00:00,3151.81,3152.41,3154.06,3154.66
2019-12-02T06:00:00,3150.18,3150.78,3152.81,3153.41
2019-12-02T08:00:00,3150.06,3150.66,3157.56,3158.16
2019-12-02T10:00:00,3146.06,3146.66,3156.31,3156.91
2019-12-02T12:00:00,3143.31,3143.91,3148.81,3149.41
2019-12-02T14:00:00,3111.34,3111.74,3146.81,3147.41
2019-12-02T16:00:00,3110.09,3110.49,3121.09,3121.49
2019-12-02T18:00:00,3112.59,3112.99,3124.54,3124.94
2019-12-02T20:00:00,3112.52,3113.12,3123.04,3123.44
2019-12-02T22:00:00,3108.65,3109.25,3115.15,3115.75
2019-12-03T00:00:00,3109.9,3110.5,3118.4,3119.0
2019-12-03T02:00:00,3115.9,3116.5,3121.9,3122.5
2019-12-03T04:00:00,3119.15,3119.75,3121.65,3122.25
2019-12-03T06:00:00,3116.9,3117.5,3121.4,3122.0
2019-12-03T08:00:00,3115.4,3116.0,3121.15,3121.75
2019-12-03T10:00:00,3101.65,3102.25,3120.15,3120.75
2019-12-03T12:00:00,3087.52,3088.12,3107.15,3107.75
2019-12-03T14:00:00,3069.75,3070.15,3088.4,3089.0
2019-12-03T16:00:00,3074.35,3074.75,3083.6,3084.0
2019-12-03T18:00:00,3082.03,3082.43,3090.03,3090.43
2019-12-03T20:00:00,3083.78,3084.18,3095.06,3095.46
2019-12-03T22:00:00,3091.0,3091.6,3094.88,3095.48
2019-12-04T00:00:00,3088.13,3088.73,3096.38,3096.98
2019-12-04T02:00:00,3090.13,3090.73,3094.13,3094.73
2019-12-04T04:00:00,3092.38,3092.98,3094.38,3094.98
2019-12-04T06:00:00,3082.38,3082.98,3094.5,3095.1
2019-12-04T08:00:00,3081.88,3082.48,3108.13,3108.73
2019-12-04T10:00:00,3101.88,3102.48,3106.88,3107.48
2019-12-04T12:00:00,3101.13,3101.73,3107.38,3107.98
2019-12-04T14:00:00,3101.48,3101.88,3117.48,3117.88
2019-12-04T16:00:00,3111.48,3111.88,3117.98,3118.38
2019-12-04T18:00:00,3112.6,3113.0,3119.35,3119.75
2019-12-04T20:00:00,3107.34,3107.94,3118.6,3119.0
2019-12-04T22:00:00,3108.34,3108.94,3111.59,3112.19
2019-12-05T00:00:00,3106.21,3106.81,3114.09,3114.69
2019-12-05T02:00:00,3107.34,3107.94,3110.84,3111.44
2019-12-05T04:00:00,3108.09,3108.69,3110.34,3110.94
2019-12-05T06:00:00,3108.34,3108.94,3118.09,3118.69
2019-12-05T08:00:00,3112.59,3113.19,3118.09,3118.69
2019-12-05T10:00:00,3116.34,3116.94,3123.59,3124.19
2019-12-05T12:00:00,3116.59,3117.19,3122.34,3122.94
2019-12-05T14:00:00,3102.44,3102.84,3119.19,3119.69
2019-12-05T16:00:00,3106.94,3107.34,3112.69,3113.09
2019-12-05T18:00:00,3108.8,3109.2,3117.3,3117.7
2019-12-05T20:00:00,3113.05,3113.45,3119.18,3119.58
2019-12-05T22:00:00,3116.68,3117.28,3118.93,3119.53
2019-12-06T00:00:00,3118.18,3118.78,3122.68,3123.28
2019-12-06T02:00:00,3118.93,3119.53,3122.18,3122.78
2019-12-06T04:00:00,3119.43,3120.03,3121.43,3122.03
2019-12-06T06:00:00,3119.93,3120.53,3126.93,3127.53
2019-12-06T08:00:00,3120.93,3121.53,3125.93,3126.53
2019-12-06T10:00:00,3123.18,3123.78,3125.93,3126.53
2019-12-06T12:00:00,3120.43,3121.03,3138.43,3139.03
2019-12-06T14:00:00,3136.18,3136.78,3148.03,3148.43
2019-12-06T16:00:00,3146.03,3146.43,3150.53,3150.93
2019-12-06T18:00:00,3147.03,3147.43,3150.78,3151.18
2019-12-06T20:00:00,3144.28,3144.68,3150.28,3150.68
2019-12-08T22:00:00,3145.67,3146.27,3147.92,3148.52
2019-12-09T00:00:00,3139.17,3139.77,3145.42,3146.02
2019-12-09T02:00:00,3139.67,3140.27,3142.92,3143.52
2019-12-09T04:00:00,3139.67,3140.27,3141.42,3142.02
2019-12-09T06:00:00,3140.17,3140.77,3144.92,3145.52
2019-12-09T08:00:00,3139.67,3140.27,3144.92,3145.52
2019-12-09T10:00:00,3140.42,3141.02,3144.92,3145.52
2019-12-09T12:00:00,3140.92,3141.52,3144.17,3144.77
2019-12-09T14:00:00,3140.92,3141.52,3148.82,3149.22
2019-12-09T16:00:00,3140.15,3140.55,3147.32,3147.72
2019-12-09T18:00:00,3136.4,3136.8,3142.65,3143.05
2019-12-09T20:00:00,3130.44,3131.04,3141.28,3141.68
2019-12-09T22:00:00,3131.05,3132.55,3135.07,3135.67
2019-12-10T00:00:00,3131.57,3132.17,3135.57,3136.17
2019-12-10T02:00:00,3133.07,3133.67,3137.57,3138.17
2019-12-10T04:00:00,3135.19,3135.79,3136.57,3137.17
2019-12-10T06:00:00,3135.57,3136.17,3137.82,3138.42
2019-12-10T08:00:00,3120.57,3121.17,3136.82,3137.42
2019-12-10T10:00:00,3115.57,3116.17,3127.32,3127.92
2019-12-10T12:00:00,3121.82,3122.42,3140.82,3141.42
2019-12-10T14:00:00,3124.92,3125.32,3141.17,3141.57
2019-12-10T16:00:00,3132.47,3132.87,3142.17,3142.57
2019-12-10T18:00:00,3134.47,3134.87,3138.47,3138.87
2019-12-10T20:00:00,3127.21,3127.61,3137.22,3137.62
2019-12-10T22:00:00,3132.58,3133.18,3137.33,3137.93
2019-12-11T00:00:00,3128.95,3129.55,3134.58,3135.18
2019-12-11T02:00:00,3130.33,3130.93,3133.95,3134.55
2019-12-11T04:00:00,3132.33,3132.93,3135.08,3135.68
2019-12-11T06:00:00,3132.33,3132.93,3135.83,3136.43
2019-12-11T08:00:00,3130.58,3131.18,3142.58,3143.18
2019-12-11T10:00:00,3131.58,3132.18,3136.58,3137.18
2019-12-11T12:00:00,3135.08,3135.68,3140.33,3140.93
2019-12-11T14:00:00,3133.93,3134.33,3142.18,3142.58
2019-12-11T16:00:00,3132.9,3133.3,3137.6,3138.0
2019-12-11T18:00:00,3132.65,3133.05,3143.4,3143.8
2019-12-11T20:00:00,3137.69,3138.09,3143.65,3144.05
2019-12-11T22:00:00,3141.48,3142.98,3145.27,3145.87
2019-12-12T00:00:00,3142.02,3142.62,3146.02,3146.62
2019-12-12T02:00:00,3144.52,3145.12,3146.52,3147.12
2019-12-12T04:00:00,3144.02,3144.62,3145.52,3146.12
2019-12-12T06:00:00,3143.77,3144.37,3146.27,3146.87
2019-12-12T08:00:00,3144.39,3144.99,3149.52,3150.12
2019-12-12T10:00:00,3143.27,3143.87,3148.77,3149.37
2019-12-12T12:00:00,3136.27,3136.87,3145.27,3145.87
2019-12-12T14:00:00,3137.87,3138.27,3176.32,3176.72
2019-12-12T16:00:00,3149.57,3149.97,3170.57,3170.97
2019-12-12T18:00:00,3154.23,3154.63,3169.73,3170.13
2019-12-12T20:00:00,3162.56,3163.0,3173.21,3173.61
2019-12-12T22:00:00,3167.68,3169.18,3181.06,3181.66
2019-12-13T00:00:00,3174.68,3175.28,3181.31,3181.91
2019-12-13T02:00:00,3178.06,3178.66,3183.31,3183.91
2019-12-13T04:00:00,3177.56,3178.16,3180.56,3181.16
2019-12-13T06:00:00,3177.81,3178.41,3181.56,3182.16
2019-12-13T08:00:00,3176.56,3177.16,3181.06,3181.66
2019-12-13T10:00:00,3178.06,3178.66,3183.68,3184.28
2019-12-13T12:00:00,3161.31,3161.91,3179.68,3180.28
2019-12-13T14:00:00,3158.81,3159.41,3182.03,3182.43
2019-12-13T16:00:00,3155.66,3156.06,3170.78,3171.18
2019-12-13T18:00:00,3166.66,3167.06,3171.41,3171.81
2019-12-13T20:00:00,3167.32,3167.72,3171.25,3171.99
2019-12-15T22:00:00,3172.63,3173.23,3175.63,3176.23
2019-12-16T00:00:00,3173.88,3174.48,3178.13,3178.73
2019-12-16T02:00:00,3177.63,3178.23,3180.38,3180.98
2019-12-16T04:00:00,3178.38,3178.98,3180.38,3180.98
2019-12-16T06:00:00,3177.38,3177.98,3180.88,3181.48
2019-12-16T08:00:00,3178.38,3178.98,3182.63,3183.23
2019-12-16T10:00:00,3179.13,3179.73,3183.38,3183.98
2019-12-16T12:00:00,3181.63,3182.23,3188.38,3188.98
2019-12-16T14:00:00,3187.38,3187.88,3196.83,3197.23
2019-12-16T16:00:00,3193.58,3193.98,3197.83,3198.23
2019-12-16T18:00:00,3193.04,3193.44,3197.79,3198.19
2019-12-16T20:00:00,3190.45,3191.05,3195.54,3195.94
2019-12-16T22:00:00,3189.45,3190.05,3192.7,3193.84
2019-12-17T00:00:00,3187.95,3188.55,3190.7,3191.3
2019-12-17T02:00:00,3188.45,3189.05,3193.2,3193.8
2019-12-17T04:00:00,3192.7,3193.3,3195.7,3196.3
2019-12-17T06:00:00,3194.45,3195.05,3197.2,3197.8
2019-12-17T08:00:00,3189.95,3190.55,3196.45,3197.05
2019-12-17T10:00:00,3186.95,3187.55,3192.45,3193.05
2019-12-17T12:00:00,3190.95,3191.55,3198.2,3198.8
2019-12-17T14:00:00,3191.05,3191.45,3198.3,3198.7
2019-12-17T16:00:00,3191.34,3191.74,3196.09,3196.49
2019-12-17T18:00:00,3192.09,3192.49,3195.59,3195.99
2019-12-17T20:00:00,3188.02,3188.62,3195.27,3195.67
2019-12-17T22:00:00,3187.38,3188.87,3190.65,3191.25
2019-12-18T00:00:00,3188.9,3189.5,3191.65,3192.25
2019-12-18T02:00:00,3189.15,3189.75,3191.4,3192.0
2019-12-18T04:00:00,3189.4,3190.0,3191.15,3191.75
2019-12-18T06:00:00,3187.27,3187.87,3190.15,3190.75
2019-12-18T08:00:00,3188.15,3188.75,3194.15,3194.75
2019-12-18T10:00:00,3191.15,3191.75,3194.4,3195.0
2019-12-18T12:00:00,3189.65,3190.25,3194.15,3194.75
2019-12-18T14:00:00,3190.75,3191.15,3197.5,3197.9
2019-12-18T16:00:00,3193.78,3194.18,3198.78,3199.18
2019-12-18T18:00:00,3194.23,3194.63,3196.73,3197.13
2019-12-18T20:00:00,3191.11,3191.71,3196.73,3197.13
2019-12-18T22:00:00,3193.36,3193.96,3195.36,3195.96
2019-12-19T00:00:00,3192.11,3192.71,3196.61,3197.21
2019-12-19T02:00:00,3191.61,3192.21,3193.36,3193.96
2019-12-19T04:00:00,3192.11,3192.71,3193.61,3194.21
2019-12-19T06:00:00,3193.11,3193.71,3194.36,3194.96
2019-12-19T08:00:00,3190.86,3191.46,3196.61,3197.21
2019-12-19T10:00:00,3193.86,3194.46,3196.61,3197.21
2019-12-19T12:00:00,3189.61,3190.21,3195.36,3195.96
2019-12-19T14:00:00,3190.86,3191.46,3197.71,3198.11
2019-12-19T16:00:00,3196.46,3196.86,3203.95,3204.35
2019-12-19T18:00:00,3200.95,3201.35,3206.2,3206.6
2019-12-19T20:00:00,3200.97,3201.37,3209.07,3209.67
2019-12-19T22:00:00,3207.2,3207.8,3208.82,3209.45
2019-12-20T00:00:00,3205.45,3206.05,3208.7,3209.3
2019-12-20T02:00:00,3206.2,3206.8,3207.45,3208.05
2019-12-20T04:00:00,3205.57,3206.17,3207.07,3207.67
2019-12-20T06:00:00,3203.95,3204.55,3206.2,3206.8
2019-12-20T08:00:00,3204.45,3205.05,3207.2,3207.8
2019-12-20T10:00:00,3204.7,3205.3,3209.2,3209.8
2019-12-20T12:00:00,3205.95,3206.55,3211.2,3211.8
2019-12-20T14:00:00,3210.95,3211.55,3220.05,3220.45
2019-12-20T16:00:00,3219.05,3219.45,3224.05,3224.45
2019-12-20T18:00:00,3220.42,3220.82,3224.8,3225.2
2019-12-20T20:00:00,3218.99,3219.49,3224.05,3224.45
2019-12-20T22:00:00,3220.41,3221.91,3220.41,3221.91
2019-12-22T22:00:00,3220.99,3221.59,3224.99,3225.59
2019-12-23T00:00:00,3222.99,3223.59,3224.74,3225.34
2019-12-23T02:00:00,3223.49,3224.09,3224.74,3225.34
2019-12-23T04:00:00,3223.74,3224.34,3224.49,3225.09
2019-12-23T06:00:00,3222.49,3223.09,3223.99,3224.59
2019-12-23T08:00:00,3222.49,3223.09,3224.74,3225.34
2019-12-23T10:00:00,3223.99,3224.59,3226.74,3227.34
2019-12-23T12:00:00,3226.24,3226.84,3230.24,3230.84
2019-12-23T14:00:00,3222.84,3223.24,3227.49,3228.09
2019-12-23T16:00:00,3223.79,3224.19,3227.54,3227.94
2019-12-23T18:00:00,3224.04,3224.44,3226.04,3226.44
2019-12-23T20:00:00,3221.85,3222.25,3225.29,3225.96
2019-12-23T22:00:00,3224.02,3224.62,3226.27,3226.87
2019-12-24T00:00:00,3223.27,3223.87,3225.77,3226.37
2019-12-24T02:00:00,3223.27,3223.87,3225.02,3225.62
2019-12-24T04:00:00,3224.52,3225.12,3225.77,3226.37
2019-12-24T06:00:00,3225.02,3225.62,3226.02,3226.62
2019-12-24T08:00:00,3224.52,3225.12,3226.77,3227.37
2019-12-24T10:00:00,3225.77,3226.37,3227.02,3227.62
2019-12-24T12:00:00,3225.27,3225.87,3228.27,3228.87
2019-12-24T14:00:00,3219.87,3220.27,3226.02,3226.62
2019-12-24T16:00:00,3221.12,3221.52,3223.98,3224.38
2019-12-24T18:00:00,3222.43,3222.83,3224.18,3224.58
2019-12-25T22:00:00,3222.22,3223.72,3225.33,3225.93
2019-12-26T00:00:00,3224.33,3224.93,3228.08,3228.68
2019-12-26T02:00:00,3226.83,3227.43,3227.58,3228.18
2019-12-26T04:00:00,3226.83,3227.43,3227.33,3227.93
2019-12-26T06:00:00,3226.83,3227.43,3228.33,3228.93
2019-12-26T08:00:00,3226.58,3227.18,3228.08,3228.68
2019-12-26T10:00:00,3227.58,3228.18,3228.33,3228.93
2019-12-26T12:00:00,3226.83,3227.43,3229.83,3230.43
2019-12-26T14:00:00,3226.58,3227.08,3234.08,3234.48
2019-12-26T16:00:00,3230.58,3230.98,3235.2,3235.6
2019-12-26T18:00:00,3232.69,3233.09,3235.44,3235.84
2019-12-26T20:00:00,3230.95,3231.35,3241.8,3242.42
2019-12-26T22:00:00,3238.68,3239.28,3240.93,3241.53
2019-12-27T00:00:00,3239.93,3240.53,3245.93,3246.53
2019-12-27T02:00:00,3245.43,3246.03,3246.93,3247.53
2019-12-27T04:00:00,3245.18,3245.78,3246.93,3247.53
2019-12-27T06:00:00,3244.93,3245.53,3246.43,3247.03
2019-12-27T08:00:00,3245.18,3245.78,3248.93,3249.53
2019-12-27T10:00:00,3246.43,3247.03,3250.93,3251.53
2019-12-27T12:00:00,3247.43,3248.03,3250.93,3251.53
2019-12-27T14:00:00,3235.83,3236.23,3248.43,3249.03
2019-12-27T16:00:00,3240.83,3241.23,3245.45,3245.85
2019-12-27T18:00:00,3239.25,3239.65,3243.75,3244.15
2019-12-27T20:00:00,3233.93,3234.33,3243.0,3243.4
2019-12-29T22:00:00,3236.58,3237.18,3239.58,3240.18
2019-12-30T00:00:00,3237.83,3238.43,3241.58,3242.18
2019-12-30T02:00:00,3240.83,3241.43,3242.33,3242.93
2019-12-30T04:00:00,3240.08,3240.68,3242.08,3242.68
2019-12-30T06:00:00,3239.08,3239.68,3241.33,3241.93
2019-12-30T08:00:00,3239.08,3239.68,3242.58,3243.18
2019-12-30T10:00:00,3234.83,3235.43,3239.83,3240.43
2019-12-30T12:00:00,3237.08,3237.68,3240.58,3241.18
2019-12-30T14:00:00,3216.08,3216.48,3241.58,3242.18
2019-12-30T16:00:00,3218.86,3219.26,3230.48,3230.88
2019-12-30T18:00:00,3221.11,3221.51,3229.11,3229.51
2019-12-30T20:00:00,3217.11,3217.51,3224.11,3224.51
2019-12-30T22:00:00,3220.31,3220.91,3223.06,3223.66
2019-12-31T00:00:00,3222.06,3222.66,3226.31,3226.91
2019-12-31T02:00:00,3224.81,3225.41,3226.31,3226.91
2019-12-31T04:00:00,3224.81,3225.41,3226.06,3226.66
2019-12-31T06:00:00,3222.68,3223.28,3225.81,3226.41
2019-12-31T08:00:00,3221.31,3221.91,3224.56,3225.16
2019-12-31T10:00:00,3221.31,3221.91,3226.06,3226.66
2019-12-31T12:00:00,3215.06,3215.66,3222.81,3223.41
2019-12-31T14:00:00,3211.41,3211.81,3225.16,3225.56
2019-12-31T16:00:00,3212.8,3213.2,3218.55,3218.95
2019-12-31T18:00:00,3216.43,3216.83,3220.93,3221.33
2019-12-31T20:00:00,3218.93,3219.33,3234.34,3234.94
2019-12-31T22:00:00,3232.93,3234.43,3233.3,3234.8
2020-01-01T22:00:00,3232.86,3233.57,3238.72,3239.32
2020-01-02T00:00:00,3234.22,3234.82,3238.47,3239.07
2020-01-02T02:00:00,3236.09,3236.69,3238.97,3239.57
2020-01-02T04:00:00,3236.72,3237.32,3238.72,3239.32
2020-01-02T06:00:00,3237.47,3238.07,3241.72,3242.32
2020-01-02T08:00:00,3240.47,3241.07,3247.72,3248.32
2020-01-02T10:00:00,3245.47,3246.07,3248.97,3249.57
2020-01-02T12:00:00,3245.34,3245.94,3249.97,3250.57
2020-01-02T14:00:00,3234.82,3235.22,3249.47,3250.07
2020-01-02T16:00:00,3234.23,3234.63,3243.45,3243.85
2020-01-02T18:00:00,3239.33,3239.73,3248.58,3248.98
2020-01-02T20:00:00,3247.2,3247.6,3260.65,3261.66
2020-01-02T22:00:00,3259.61,3260.25,3263.78,3265.28
2020-01-03T00:00:00,3251.03,3251.63,3261.53,3262.13
2020-01-03T02:00:00,3230.03,3230.63,3253.28,3253.88
2020-01-03T04:00:00,3229.53,3230.13,3239.03,3239.63
2020-01-03T06:00:00,3225.28,3225.88,3233.78,3234.38
2020-01-03T08:00:00,3219.53,3220.13,3229.78,3230.38
2020-01-03T10:00:00,3205.78,3206.38,3224.78,3225.38
2020-01-03T12:00:00,3213.15,3213.75,3230.78,3231.38
2020-01-03T14:00:00,3219.88,3220.28,3239.63,3240.03
2020-01-03T16:00:00,3229.88,3230.28,3246.06,3246.46
2020-01-03T18:00:00,3233.06,3233.46,3245.06,3245.46
2020-01-03T20:00:00,3233.29,3233.89,3245.06,3245.46
2020-01-03T22:00:00,3234.87,3236.37,3234.87,3236.37
2020-01-05T22:00:00,3216.29,3216.89,3223.54,3224.14
2020-01-06T00:00:00,3218.79,3219.39,3224.79,3225.39
2020-01-06T02:00:00,3219.04,3219.64,3225.29,3225.89
2020-01-06T04:00:00,3224.04,3224.64,3229.54,3230.14
2020-01-06T06:00:00,3220.54,3221.14,3228.29,3228.89
2020-01-06T08:00:00,3208.54,3209.14,3225.29,3225.89
2020-01-06T10:00:00,3212.79,3213.39,3217.54,3218.14
2020-01-06T12:00:00,3215.29,3215.89,3222.54,3223.14
2020-01-06T14:00:00,3213.14,3213.54,3234.39,3234.79
2020-01-06T16:00:00,3230.39,3230.79,3235.4,3235.8
2020-01-06T18:00:00,3233.31,3233.71,3241.56,3241.96
2020-01-06T20:00:00,3238.81,3239.21,3248.94,3249.54
2020-01-06T22:00:00,3240.72,3241.79,3244.19,3244.79
2020-01-07T00:00:00,3241.44,3242.04,3249.19,3249.79
2020-01-07T02:00:00,3247.69,3248.29,3250.94,3251.54
2020-01-07T04:00:00,3248.69,3249.29,3252.94,3253.54
2020-01-07T06:00:00,3242.44,3243.04,3251.44,3252.04
2020-01-07T08:00:00,3243.94,3244.54,3253.94,3254.54
2020-01-07T10:00:00,3242.94,3243.54,3249.44,3250.04
2020-01-07T12:00:00,3238.44,3239.04,3246.94,3247.54
2020-01-07T14:00:00,3231.29,3231.69,3242.98,3243.38
2020-01-07T16:00:00,3236.48,3236.88,3244.98,3245.38
2020-01-07T18:00:00,3235.78,3236.18,3241.03,3241.43
2020-01-07T20:00:00,3225.56,3226.16,3242.78,3243.18
2020-01-07T22:00:00,3195.69,3196.29,3233.19,3233.79
2020-01-08T00:00:00,3180.69,3181.29,3212.19,3212.79
2020-01-08T02:00:00,3204.19,3204.79,3229.19,3229.79
2020-01-08T04:00:00,3221.69,3222.29,3229.06,3229.66
2020-01-08T06:00:00,3221.94,3222.54,3232.19,3232.79
2020-01-08T08:00:00,3227.19,3227.79,3234.69,3235.29
2020-01-08T10:00:00,3230.94,3231.54,3245.69,3246.29
2020-01-08T12:00:00,3237.44,3238.04,3245.94,3246.54
2020-01-08T14:00:00,3235.79,3236.19,3249.08,3249.48
2020-01-08T16:00:00,3240.08,3240.48,3261.83,3262.23
2020-01-08T18:00:00,3255.33,3255.73,3262.08,3262.48
2020-01-08T20:00:00,3251.43,3251.83,3266.93,3267.33
2020-01-08T22:00:00,3257.47,3258.07,3262.97,3263.57
2020-01-09T00:00:00,3258.72,3259.32,3263.72,3264.32
2020-01-09T02:00:00,3255.97,3256.57,3262.47,3263.07
2020-01-09T04:00:00,3259.22,3259.82,3265.22,3265.82
2020-01-09T06:00:00,3262.47,3263.07,3270.97,3271.57
2020-01-09T08:00:00,3267.22,3267.82,3271.97,3272.57
2020-01-09T10:00:00,3267.34,3267.94,3270.47,3271.07
2020-01-09T12:00:00,3265.47,3266.07,3271.22,3271.82
2020-01-09T14:00:00,3264.07,3264.47,3273.89,3274.29
2020-01-09T16:00:00,3263.63,3264.03,3274.64,3275.04
2020-01-09T18:00:00,3265.88,3266.28,3275.88,3276.28
2020-01-09T20:00:00,3269.63,3270.03,3275.5,3276.1
2020-01-09T22:00:00,3272.44,3273.94,3277.62,3278.22
2020-01-10T00:00:00,3276.5,3277.1,3282.0,3282.6
2020-01-10T02:00:00,3279.5,3280.1,3282.25,3282.85
2020-01-10T04:00:00,3281.0,3281.6,3283.25,3283.85
2020-01-10T06:00:00,3281.0,3281.6,3284.25,3284.85
2020-01-10T08:00:00,3278.25,3278.85,3282.75,3283.35
2020-01-10T10:00:00,3281.75,3282.35,3285.75,3286.35
2020-01-10T12:00:00,3276.75,3277.35,3284.0,3284.6
2020-01-10T14:00:00,3273.85,3274.25,3282.6,3283.0
2020-01-10T16:00:00,3267.91,3268.31,3281.41,3281.81
2020-01-10T18:00:00,3268.58,3268.98,3277.21,3277.61
2020-01-10T20:00:00,3260.25,3260.65,3271.21,3271.61
2020-01-12T22:00:00,3265.39,3265.99,3270.64,3271.24
2020-01-13T00:00:00,3266.14,3266.74,3273.14,3273.74
2020-01-13T02:00:00,3269.64,3270.24,3273.39,3273.99
2020-01-13T04:00:00,3272.39,3272.99,3273.89,3274.49
2020-01-13T06:00:00,3271.89,3272.49,3274.14,3274.74
2020-01-13T08:00:00,3272.39,3272.99,3277.39,3277.99
2020-01-13T10:00:00,3270.89,3271.49,3277.39,3277.99
2020-01-13T12:00:00,3270.64,3271.24,3276.64,3277.24
2020-01-13T14:00:00,3267.49,3267.89,3277.57,3277.97
2020-01-13T16:00:00,3276.07,3276.47,3284.07,3284.47
2020-01-13T18:00:00,3279.74,3280.14,3284.24,3284.64
2020-01-13T20:00:00,3281.92,3282.32,3289.87,3290.47
2020-01-13T22:00:00,3286.41,3287.91,3293.0,3293.6
2020-01-14T00:00:00,3291.25,3291.85,3295.5,3296.1
2020-01-14T02:00:00,3286.5,3287.1,3292.5,3293.1
2020-01-14T04:00:00,3286.5,3287.1,3289.5,3290.1
2020-01-14T06:00:00,3284.25,3284.85,3289.25,3289.85
2020-01-14T08:00:00,3274.25,3274.85,3291.25,3291.85
2020-01-14T10:00:00,3280.25,3280.85,3290.75,3291.35
2020-01-14T12:00:00,3283.0,3283.6,3288.5,3289.1
2020-01-14T14:00:00,3278.1,3278.5,3287.75,3288.35
2020-01-14T16:00:00,3282.6,3283.0,3292.31,3292.71
2020-01-14T18:00:00,3276.81,3277.21,3294.31,3294.71
2020-01-14T20:00:00,3278.31,3278.71,3287.77,3288.39
2020-01-14T22:00:00,3277.9,3278.5,3287.52,3288.12
2020-01-15T00:00:00,3277.15,3277.75,3285.52,3286.12
2020-01-15T02:00:00,3277.4,3278.0,3283.65,3284.25
2020-01-15T04:00:00,3278.4,3279.0,3281.9,3282.5
2020-01-15T06:00:00,3280.15,3280.75,3284.9,3285.5
2020-01-15T08:00:00,3279.9,3280.5,3285.65,3286.25
2020-01-15T10:00:00,3282.27,3282.87,3286.65,3287.25
2020-01-15T12:00:00,3278.4,3279.0,3287.65,3288.25
2020-01-15T14:00:00,3278.4,3279.0,3297.33,3297.73
2020-01-15T16:00:00,3289.19,3289.59,3298.58,3298.98
2020-01-15T18:00:00,3285.44,3285.84,3294.69,3295.09
2020-01-15T20:00:00,3280.61,3281.01,3293.26,3294.03
2020-01-15T22:00:00,3292.17,3293.67,3298.64,3299.24
2020-01-16T00:00:00,3293.64,3294.24,3296.89,3297.49
2020-01-16T02:00:00,3293.89,3294.49,3296.89,3297.49
2020-01-16T04:00:00,3295.39,3295.99,3298.89,3299.49
2020-01-16T06:00:00,3296.89,3297.49,3298.89,3299.49
2020-01-16T08:00:00,3298.64,3299.24,3306.64,3307.24
2020-01-16T10:00:00,3299.89,3300.49,3304.39,3304.99
2020-01-16T12:00:00,3301.64,3302.24,3304.64,3305.24
2020-01-16T14:00:00,3301.99,3302.39,3308.44,3308.84
2020-01-16T16:00:00,3302.94,3303.34,3308.19,3308.59
2020-01-16T18:00:00,3306.44,3306.84,3309.44,3309.84
2020-01-16T20:00:00,3307.14,3307.54,3317.61,3318.21
2020-01-16T22:00:00,3315.78,3316.46,3322.74,3323.34
2020-01-17T00:00:00,3316.49,3317.09,3319.49,3320.09
2020-01-17T02:00:00,3317.24,3317.84,3319.99,3320.59
2020-01-17T04:00:00,3316.99,3317.59,3318.49,3319.09
2020-01-17T06:00:00,3317.49,3318.09,3320.74,3321.34
2020-01-17T08:00:00,3320.24,3320.84,3324.74,3325.34
2020-01-17T10:00:00,3323.24,3323.84,3326.49,3327.09
2020-01-17T12:00:00,3322.24,3322.84,3328.24,3328.84
2020-01-17T14:00:00,3319.84,3320.24,3326.53,3327.09
2020-01-17T16:00:00,3318.78,3319.18,3326.28,3326.68
2020-01-17T18:00:00,3323.06,3323.46,3325.81,3326.21
2020-01-17T20:00:00,3321.06,3321.46,3329.69,3330.09
2020-01-19T22:00:00,3322.59,3323.19,3327.34,3327.94
2020-01-20T00:00:00,3325.34,3325.94,3327.84,3328.44
2020-01-20T02:00:00,3325.34,3325.94,3326.84,3327.44
2020-01-20T04:00:00,3324.59,3325.19,3326.34,3326.94
2020-01-20T06:00:00,3321.34,3321.94,3326.34,3326.94
2020-01-20T08:00:00,3318.09,3318.69,3322.34,3322.94
2020-01-20T10:00:00,3318.84,3319.44,3322.34,3322.94
2020-01-20T12:00:00,3320.34,3320.94,3322.84,3323.44
2020-01-20T14:00:00,3319.81,3320.21,3322.44,3322.84
2020-01-20T16:00:00,3321.44,3321.84,3325.19,3325.59
2020-01-20T18:00:00,3324.38,3325.88,3324.81,3326.31
2020-01-20T20:00:00,3324.38,3325.88,3325.63,3327.13
2020-01-20T22:00:00,3322.03,3322.63,3325.15,3326.47
2020-01-21T00:00:00,3310.78,3311.38,3323.28,3323.88
2020-01-21T02:00:00,3308.28,3308.88,3313.78,3314.38
2020-01-21T04:00:00,3309.53,3310.13,3312.03,3312.63
2020-01-21T06:00:00,3308.65,3309.25,3315.28,3315.88
2020-01-21T08:00:00,3306.78,3307.38,3314.53,3315.13
2020-01-21T10:00:00,3309.78,3310.38,3314.53,3315.13
2020-01-21T12:00:00,3313.03,3313.63,3316.03,3316.63
2020-01-21T14:00:00,3313.4,3314.0,3322.63,3323.03
2020-01-21T16:00:00,3318.63,3319.03,3329.83,3330.23
2020-01-21T18:00:00,3316.27,3316.67,3329.02,3329.42
2020-01-21T20:00:00,3317.94,3318.34,3325.52,3325.92
2020-01-21T22:00:00,3318.84,3319.57,3321.72,3322.32
2020-01-22T00:00:00,3319.97,3320.57,3326.47,3327.07
2020-01-22T02:00:00,3323.84,3324.44,3335.97,3336.57
2020-01-22T04:00:00,3333.47,3334.07,3335.72,3336.32
2020-01-22T06:00:00,3333.47,3334.07,3335.72,3336.32
2020-01-22T08:00:00,3329.47,3330.07,3334.72,3335.32
2020-01-22T10:00:00,3330.47,3331.07,3333.09,3333.69
2020-01-22T12:00:00,3329.97,3330.57,3334.47,3335.07
2020-01-22T14:00:00,3327.57,3327.97,3337.07,3337.47
2020-01-22T16:00:00,3324.45,3324.85,3331.57,3331.97
2020-01-22T18:00:00,3327.28,3327.68,3331.78,3332.18
2020-01-22T20:00:00,3315.21,3315.81,3328.28,3328.68
2020-01-22T22:00:00,3313.84,3314.44,3319.09,3319.69
2020-01-23T00:00:00,3312.84,3313.44,3320.09,3320.69
2020-01-23T02:00:00,3314.34,3314.94,3321.09,3321.69
2020-01-23T04:00:00,3312.34,3312.94,3318.09,3318.69
2020-01-23T06:00:00,3312.09,3312.69,3320.59,3321.19
2020-01-23T08:00:00,3315.84,3316.44,3320.34,3320.94
2020-01-23T10:00:00,3317.34,3317.94,3321.34,3321.94
2020-01-23T12:00:00,3312.84,3313.44,3321.09,3321.69
2020-01-23T14:00:00,3301.44,3301.84,3316.11,3316.51
2020-01-23T16:00:00,3303.86,3304.26,3314.36,3314.76
2020-01-23T18:00:00,3309.75,3310.15,3325.0,3325.4
2020-01-23T20:00:00,3322.13,3322.53,3327.38,3327.79
2020-01-23T22:00:00,3325.57,3326.66,3332.19,3332.79
2020-01-24T00:00:00,3325.44,3326.04,3330.94,3331.54
2020-01-24T02:00:00,3326.44,3327.04,3328.69,3329.29
2020-01-24T04:00:00,3327.94,3328.54,3330.69,3331.29
2020-01-24T06:00:00,3327.69,3328.29,3330.44,3331.04
2020-01-24T08:00:00,3328.19,3328.79,3337.19,3337.79
2020-01-24T10:00:00,3331.69,3332.29,3334.94,3335.54
2020-01-24T12:00:00,3331.94,3332.54,3335.44,3336.04
2020-01-24T14:00:00,3316.09,3316.49,3333.69,3334.29
2020-01-24T16:00:00,3294.34,3294.74,3323.09,3323.49
2020-01-24T18:00:00,3281.14,3281.54,3305.14,3305.54
2020-01-24T20:00:00,3286.06,3286.46,3300.31,3300.71
2020-01-26T22:00:00,3252.96,3253.56,3268.71,3269.31
2020-01-27T00:00:00,3257.96,3258.56,3269.46,3270.06
2020-01-27T02:00:00,3258.46,3259.06,3266.96,3267.56
2020-01-27T04:00:00,3259.71,3260.31,3265.71,3266.31
2020-01-27T06:00:00,3258.96,3259.56,3263.71,3264.31
2020-01-27T08:00:00,3249.96,3250.56,3266.96,3267.56
2020-01-27T10:00:00,3236.21,3236.81,3253.46,3254.06
2020-01-27T12:00:00,3241.46,3242.06,3253.46,3254.06
2020-01-27T14:00:00,3233.81,3234.21,3254.06,3254.46
2020-01-27T16:00:00,3240.16,3240.56,3258.16,3258.56
2020-01-27T18:00:00,3246.51,3246.91,3258.26,3258.66
2020-01-27T20:00:00,3238.61,3239.21,3253.02,3253.42
2020-01-27T22:00:00,3239.73,3240.33,3249.86,3250.46
2020-01-28T00:00:00,3245.61,3246.21,3254.61,3255.21
2020-01-28T02:00:00,3246.48,3247.08,3251.61,3252.21
2020-01-28T04:00:00,3250.36,3250.96,3260.86,3261.46
2020-01-28T06:00:00,3257.98,3258.58,3264.61,3265.21
2020-01-28T08:00:00,3245.86,3246.46,3262.86,3263.46
2020-01-28T10:00:00,3243.11,3243.71,3256.86,3257.46
2020-01-28T12:00:00,3253.86,3254.46,3263.61,3264.21
2020-01-28T14:00:00,3252.96,3253.36,3277.88,3278.28
2020-01-28T16:00:00,3272.13,3272.53,3282.38,3282.78
2020-01-28T18:00:00,3273.93,3274.33,3285.93,3286.33
2020-01-28T20:00:00,3276.07,3276.64,3285.19,3285.79
2020-01-28T22:00:00,3274.57,3275.17,3284.82,3286.32
2020-01-29T00:00:00,3274.07,3274.67,3289.94,3290.54
2020-01-29T02:00:00,3286.07,3286.67,3291.57,3292.17
2020-01-29T04:00:00,3287.44,3288.04,3290.57,3291.17
2020-01-29T06:00:00,3283.57,3284.17,3288.57,3289.17
2020-01-29T08:00:00,3282.32,3282.92,3290.82,3291.42
2020-01-29T10:00:00,3283.57,3284.17,3292.07,3292.67
2020-01-29T12:00:00,3286.32,3286.92,3292.82,3293.42
2020-01-29T14:00:00,3271.55,3271.95,3292.17,3292.57
2020-01-29T16:00:00,3283.55,3283.95,3288.3,3288.7
2020-01-29T18:00:00,3284.21,3284.61,3293.46,3293.86
2020-01-29T20:00:00,3265.73,3266.33,3286.21,3286.61
2020-01-29T22:00:00,3270.53,3271.33,3277.98,3278.58
2020-01-30T00:00:00,3264.11,3264.71,3274.98,3275.58
2020-01-30T02:00:00,3252.11,3252.71,3266.36,3266.96
2020-01-30T04:00:00,3250.61,3251.21,3257.36,3257.96
2020-01-30T06:00:00,3240.36,3240.96,3256.61,3257.21
2020-01-30T08:00:00,3241.61,3242.21,3259.11,3259.71
2020-01-30T10:00:00,3243.36,3243.96,3254.61,3255.21
2020-01-30T12:00:00,3244.11,3244.71,3257.11,3257.71
2020-01-30T14:00:00,3241.46,3241.86,3264.96,3265.36
2020-01-30T16:00:00,3243.25,3243.65,3264.0,3264.4
2020-01-30T18:00:00,3247.57,3247.97,3268.82,3269.22
2020-01-30T20:00:00,3264.57,3264.97,3296.06,3296.66
2020-01-30T22:00:00,3288.55,3290.04,3294.31,3295.81
2020-01-31T00:00:00,3285.69,3286.29,3298.19,3298.79
2020-01-31T02:00:00,3288.69,3289.29,3297.19,3297.79
2020-01-31T04:00:00,3291.06,3291.66,3297.19,3297.79
2020-01-31T06:00:00,3282.44,3283.04,3291.06,3291.66
2020-01-31T08:00:00,3275.69,3276.29,3284.69,3285.29
2020-01-31T10:00:00,3266.69,3267.29,3279.69,3280.29
2020-01-31T12:00:00,3273.44,3274.04,3281.19,3281.79
2020-01-31T14:00:00,3244.18,3244.58,3280.69,3281.29
2020-01-31T16:00:00,3227.43,3227.83,3249.93,3250.33
2020-01-31T18:00:00,3223.18,3223.58,3238.83,3239.23
2020-01-31T20:00:00,3214.24,3214.64,3233.83,3234.23
2020-02-02T22:00:00,3225.02,3225.62,3236.52,3237.12
2020-02-03T00:00:00,3230.27,3230.87,3249.02,3249.62
2020-02-03T02:00:00,3240.27,3240.87,3250.77,3251.37
2020-02-03T04:00:00,3243.14,3243.74,3250.27,3250.87
2020-02-03T06:00:00,3240.89,3241.49,3248.27,3248.87
2020-02-03T08:00:00,3233.77,3234.37,3247.02,3247.62
2020-02-03T10:00:00,3233.27,3233.87,3242.27,3242.87
2020-02-03T12:00:00,3236.27,3236.87,3248.02,3248.62
2020-02-03T14:00:00,3238.37,3238.77,3268.27,3268.67
2020-02-03T16:00:00,3243.77,3244.17,3261.89,3262.29
2020-02-03T18:00:00,3246.02,3246.42,3255.52,3255.92
2020-02-03T20:00:00,3243.41,3244.01,3256.52,3256.92
2020-02-03T22:00:00,3237.16,3237.76,3245.77,3247.27
2020-02-04T00:00:00,3241.91,3242.51,3259.91,3260.51
2020-02-04T02:00:00,3253.91,3254.51,3267.41,3268.01
2020-02-04T04:00:00,3262.66,3263.26,3269.91,3270.51
2020-02-04T06:00:00,3265.03,3265.63,3273.41,3274.01
2020-02-04T08:00:00,3269.16,3269.76,3285.66,3286.26
2020-02-04T10:00:00,3279.16,3279.76,3285.41,3286.01
2020-02-04T12:00:00,3280.41,3281.01,3290.66,3291.26
2020-02-04T14:00:00,3283.51,3283.91,3300.36,3300.76
2020-02-04T16:00:00,3295.36,3295.76,3305.61,3306.01
2020-02-04T18:00:00,3297.92,3298.32,3306.67,3307.07
2020-02-04T20:00:00,3295.46,3295.86,3305.46,3305.86
2020-02-04T22:00:00,3295.04,3295.64,3302.3,3303.8
2020-02-05T00:00:00,3289.79,3290.39,3299.54,3300.14
2020-02-05T02:00:00,3291.79,3292.39,3298.66,3299.26
2020-02-05T04:00:00,3290.54,3291.14,3297.29,3297.89
2020-02-05T06:00:00,3291.54,3292.14,3296.29,3296.89
2020-02-05T08:00:00,3292.29,3292.89,3332.54,3333.14
2020-02-05T10:00:00,3321.29,3321.89,3332.04,3332.64
2020-02-05T12:00:00,3321.04,3321.64,3330.04,3330.64
2020-02-05T14:00:00,3313.39,3313.79,3330.64,3331.04
2020-02-05T16:00:00,3318.14,3318.54,3329.39,3329.79
2020-02-05T18:00:00,3322.85,3323.25,3333.85,3334.25
2020-02-05T20:00:00,3328.78,3329.18,3338.87,3339.47
2020-02-05T22:00:00,3334.5,3335.1,3340.12,3340.72
2020-02-06T00:00:00,3333.25,3333.85,3347.75,3348.35
2020-02-06T02:00:00,3342.25,3342.85,3349.25,3349.85
2020-02-06T04:00:00,3345.62,3346.22,3356.25,3356.85
2020-02-06T06:00:00,3348.75,3349.35,3358.25,3358.85
2020-02-06T08:00:00,3343.0,3343.6,3354.87,3355.47
2020-02-06T10:00:00,3341.5,3342.1,3350.75,3351.35
2020-02-06T12:00:00,3343.75,3344.35,3350.75,3351.35
2020-02-06T14:00:00,3333.85,3334.25,3347.25,3347.85
2020-02-06T16:00:00,3339.1,3339.5,3347.16,3347.56
2020-02-06T18:00:00,3341.16,3341.56,3347.91,3348.31
2020-02-06T20:00:00,3341.04,3341.44,3348.9,3349.95
2020-02-06T22:00:00,3347.95,3348.63,3350.53,3351.53
2020-02-07T00:00:00,3337.03,3337.63,3350.53,3351.13
2020-02-07T02:00:00,3340.28,3340.88,3345.03,3345.63
2020-02-07T04:00:00,3338.53,3339.13,3343.28,3343.88
2020-02-07T06:00:00,3339.53,3340.13,3348.28,3348.88
2020-02-07T08:00:00,3335.53,3336.13,3345.03,3345.63
2020-02-07T10:00:00,3328.28,3328.88,3337.53,3338.13
2020-02-07T12:00:00,3330.78,3331.38,3345.03,3345.63
2020-02-07T14:00:00,3324.88,3325.28,3337.13,3337.53
2020-02-07T16:00:00,3331.38,3331.78,3341.53,3341.93
2020-02-07T18:00:00,3321.95,3322.35,3337.7,3338.1
2020-02-07T20:00:00,3323.03,3323.64,3331.77,3332.17
2020-02-07T22:00:00,3323.05,3324.55,3323.05,3324.55
2020-02-09T22:00:00,3303.92,3304.52,3329.42,3330.02
2020-02-10T00:00:00,3311.67,3312.27,3328.42,3329.02
2020-02-10T02:00:00,3323.92,3324.52,3334.67,3335.27
2020-02-10T04:00:00,3324.29,3324.89,3330.04,3330.64
2020-02-10T06:00:00,3326.92,3327.52,3332.92,3333.52
2020-02-10T08:00:00,3318.92,3319.52,3330.17,3330.77
2020-02-10T10:00:00,3320.17,3320.77,3329.92,3330.52
2020-02-10T12:00:00,3319.67,3320.27,3328.92,3329.52
2020-02-10T14:00:00,3315.17,3315.77,3341.77,3342.17
2020-02-10T16:00:00,3333.94,3334.34,3342.02,3342.42
2020-02-10T18:00:00,3335.06,3335.46,3343.31,3343.71
2020-02-10T20:00:00,3342.81,3343.21,3353.9,3354.58
2020-02-10T22:00:00,3350.28,3350.88,3353.28,3353.88
2020-02-11T00:00:00,3349.78,3350.38,3363.03,3363.63
2020-02-11T02:00:00,3361.28,3361.88,3365.03,3365.63
2020-02-11T04:00:00,3361.28,3361.88,3365.03,3365.63
2020-02-11T06:00:00,3358.78,3359.38,3364.78,3365.38
2020-02-11T08:00:00,3355.53,3356.13,3362.78,3363.38
2020-02-11T10:00:00,3359.15,3359.75,3363.28,3363.88
2020-02-11T12:00:00,3359.53,3360.13,3365.78,3366.38
2020-02-11T14:00:00,3359.88,3360.28,3375.56,3375.96
2020-02-11T16:00:00,3361.81,3362.21,3372.56,3372.96
2020-02-11T18:00:00,3358.43,3358.83,3370.31,3370.71
2020-02-11T20:00:00,3352.36,3352.76,3362.31,3362.71
2020-02-11T22:00:00,3358.26,3359.76,3362.97,3363.57
2020-02-12T00:00:00,3355.97,3356.57,3362.72,3363.32
2020-02-12T02:00:00,3358.97,3359.57,3363.22,3363.82
2020-02-12T04:00:00,3362.09,3362.69,3366.72,3367.32
2020-02-12T06:00:00,3364.72,3365.32,3367.97,3368.57
2020-02-12T08:00:00,3363.97,3364.57,3373.22,3373.82
2020-02-12T10:00:00,3367.72,3368.32,3371.97,3372.57
2020-02-12T12:00:00,3367.97,3368.57,3372.72,3373.32
2020-02-12T14:00:00,3369.07,3369.47,3377.32,3377.72
2020-02-12T16:00:00,3370.86,3371.26,3377.36,3377.76
2020-02-12T18:00:00,3370.26,3370.66,3378.01,3378.41
2020-02-12T20:00:00,3374.26,3374.66,3381.33,3381.73
2020-02-12T22:00:00,3363.4,3364.0,3381.9,3382.5
2020-02-13T00:00:00,3364.4,3365.0,3372.77,3373.37
2020-02-13T02:00:00,3368.15,3368.75,3372.15,3372.75
2020-02-13T04:00:00,3366.65,3367.25,3370.52,3371.12
2020-02-13T06:00:00,3362.4,3363.0,3369.4,3370.0
2020-02-13T08:00:00,3354.15,3354.75,3366.65,3367.25
2020-02-13T10:00:00,3348.15,3348.75,3358.9,3359.5
2020-02-13T12:00:00,3353.9,3354.5,3364.9,3365.5
2020-02-13T14:00:00,3359.0,3359.4,3374.25,3374.65
2020-02-13T16:00:00,3372.25,3372.65,3380.5,3380.9
2020-02-13T18:00:00,3373.37,3373.77,3385.2,3385.6
2020-02-13T20:00:00,3371.95,3372.35,3384.2,3384.6
2020-02-13T22:00:00,3372.39,3372.99,3379.76,3380.61
2020-02-14T00:00:00,3372.14,3372.74,3380.89,3381.49
2020-02-14T02:00:00,3378.39,3378.99,3388.64,3389.24
2020-02-14T04:00:00,3382.89,3383.49,3385.89,3386.49
2020-02-14T06:00:00,3381.64,3382.24,3385.64,3386.24
2020-02-14T08:00:00,3378.64,3379.24,3384.64,3385.24
2020-02-14T10:00:00,3381.14,3381.74,3384.39,3384.99
2020-02-14T12:00:00,3376.14,3376.74,3386.39,3386.99
2020-02-14T14:00:00,3370.58,3370.98,3380.89,3381.49
2020-02-14T16:00:00,3370.16,3370.56,3380.83,3381.23
2020-02-14T18:00:00,3365.41,3365.81,3375.91,3376.31
2020-02-14T20:00:00,3368.91,3369.31,3381.97,3382.57
2020-02-14T22:00:00,3380.36,3381.86,3380.36,3381.86
2020-02-16T22:00:00,3382.72,3383.32,3389.1,3389.7
2020-02-17T00:00:00,3382.35,3382.95,3389.35,3389.95
2020-02-17T02:00:00,3387.1,3387.7,3389.1,3389.7
2020-02-17T04:00:00,3386.6,3387.2,3389.6,3390.2
2020-02-17T06:00:00,3387.72,3388.32,3392.1,3392.7
2020-02-17T08:00:00,3386.35,3386.95,3390.6,3391.2
2020-02-17T10:00:00,3387.97,3388.57,3390.1,3390.7
2020-02-17T12:00:00,3385.97,3386.57,3389.85,3390.45
2020-02-17T14:00:00,3385.35,3385.95,3388.2,3388.6
2020-02-17T16:00:00,3387.45,3387.85,3389.2,3389.6
2020-02-17T18:00:00,3387.22,3388.72,3388.07,3389.57
2020-02-17T20:00:00,3384.51,3386.01,3388.07,3389.57
2020-02-17T22:00:00,3371.85,3372.45,3384.01,3385.51
2020-02-18T00:00:00,3370.6,3371.2,3375.85,3376.45
2020-02-18T02:00:00,3367.1,3367.7,3373.6,3374.2
2020-02-18T04:00:00,3368.6,3369.2,3372.35,3372.95
2020-02-18T06:00:00,3363.1,3363.7,3372.1,3372.7
2020-02-18T08:00:00,3361.1,3361.7,3371.35,3371.95
2020-02-18T10:00:00,3362.35,3362.95,3369.6,3370.2
2020-02-18T12:00:00,3363.35,3363.95,3370.1,3370.7
2020-02-18T14:00:00,3362.45,3362.85,3373.95,3374.35
2020-02-18T16:00:00,3355.43,3355.83,3367.93,3368.33
2020-02-18T18:00:00,3362.88,3363.28,3373.26,3373.66
2020-02-18T20:00:00,3367.44,3367.84,3375.01,3375.41
2020-02-18T22:00:00,3369.45,3370.86,3377.38,3377.98
2020-02-19T00:00:00,3371.76,3372.36,3378.76,3379.36
2020-02-19T02:00:00,3375.76,3376.36,3381.01,3381.61
2020-02-19T04:00:00,3377.76,3378.36,3381.26,3381.86
2020-02-19T06:00:00,3376.76,3377.36,3380.01,3380.61
2020-02-19T08:00:00,3373.51,3374.11,3379.26,3379.86
2020-02-19T10:00:00,3374.51,3375.11,3377.51,3378.11
2020-02-19T12:00:00,3376.51,3377.11,3380.01,3380.61
2020-02-19T14:00:00,3377.36,3377.76,3388.11,3388.51
2020-02-19T16:00:00,3387.11,3387.51,3391.9,3392.3
2020-02-19T18:00:00,3387.65,3388.05,3393.4,3393.8
2020-02-19T20:00:00,3385.16,3385.56,3392.15,3392.55
2020-02-19T22:00:00,3386.38,3387.88,3391.4,3392.0
2020-02-20T00:00:00,3388.02,3388.62,3396.9,3397.5
2020-02-20T02:00:00,3376.4,3377.0,3389.4,3390.0
2020-02-20T04:00:00,3376.15,3376.75,3384.4,3385.0
2020-02-20T06:00:00,3382.65,3383.25,3390.9,3391.5
2020-02-20T08:00:00,3379.65,3380.25,3389.15,3389.75
2020-02-20T10:00:00,3377.9,3378.5,3385.9,3386.5
2020-02-20T12:00:00,3374.9,3375.5,3382.15,3382.75
2020-02-20T14:00:00,3377.5,3377.9,3388.69,3389.09
2020-02-20T16:00:00,3339.44,3339.84,3386.44,3386.84
2020-02-20T18:00:00,3357.08,3357.48,3373.58,3373.98
2020-02-20T20:00:00,3363.58,3363.98,3374.9,3375.3
2020-02-20T22:00:00,3353.18,3353.78,3368.93,3369.53
2020-02-21T00:00:00,3355.55,3356.15,3365.43,3366.03
2020-02-21T02:00:00,3354.68,3355.28,3360.68,3361.28
2020-02-21T04:00:00,3352.18,3352.78,3359.93,3360.53
2020-02-21T06:00:00,3347.93,3348.53,3355.18,3355.78
2020-02-21T08:00:00,3344.93,3345.53,3358.93,3359.53
2020-02-21T10:00:00,3352.18,3352.78,3359.18,3359.78
2020-02-21T12:00:00,3354.68,3355.28,3361.93,3362.53
2020-02-21T14:00:00,3332.51,3332.91,3360.43,3361.03
2020-02-21T16:00:00,3339.01,3339.41,3350.26,3350.66
2020-02-21T18:00:00,3328.44,3328.84,3344.94,3345.34
2020-02-21T20:00:00,3328.29,3328.69,3341.29,3341.69
2020-02-23T22:00:00,3289.27,3289.87,3311.39,3311.99
2020-02-24T00:00:00,3293.52,3294.12,3303.27,3303.87
2020-02-24T02:00:00,3285.52,3286.12,3299.27,3299.87
2020-02-24T04:00:00,3290.27,3290.87,3296.02,3296.62
2020-02-24T06:00:00,3281.02,3281.62,3293.02,3293.62
2020-02-24T08:00:00,3244.02,3244.62,3283.77,3284.37
2020-02-24T10:00:00,3241.52,3242.12,3262.02,3262.62
2020-02-24T12:00:00,3244.52,3245.12,3265.52,3266.12
2020-02-24T14:00:00,3229.62,3230.02,3259.62,3260.02
2020-02-24T16:00:00,3222.9,3223.3,3250.27,3250.67
2020-02-24T18:00:00,3214.24,3214.64,3250.24,3250.64
2020-02-24T20:00:00,3221.02,3221.62,3253.49,3253.89
2020-02-24T22:00:00,3215.89,3216.49,3241.52,3242.12
2020-02-25T00:00:00,3237.77,3238.37,3259.77,3260.37
2020-02-25T02:00:00,3245.77,3246.37,3257.02,3257.62
2020-02-25T04:00:00,3248.02,3248.62,3255.02,3255.62
2020-02-25T06:00:00,3249.02,3249.62,3258.27,3258.87
2020-02-25T08:00:00,3234.77,3235.37,3257.02,3257.62
2020-02-25T10:00:00,3221.02,3221.62,3239.52,3240.12
2020-02-25T12:00:00,3229.77,3230.37,3246.02,3246.62
2020-02-25T14:00:00,3186.11,3186.51,3247.62,3248.02
2020-02-25T16:00:00,3171.29,3171.69,3203.86,3204.26
2020-02-25T18:00:00,3122.04,3122.44,3178.79,3179.19
2020-02-25T20:00:00,3118.46,3118.86,3157.04,3157.44
2020-02-25T22:00:00,3132.77,3134.27,3154.34,3154.94
2020-02-26T00:00:00,3128.09,3128.69,3153.34,3153.94
2020-02-26T02:00:00,3135.59,3136.19,3159.34,3159.94
2020-02-26T04:00:00,3144.09,3144.69,3153.84,3154.44
2020-02-26T06:00:00,3132.34,3132.94,3151.59,3152.19
2020-02-26T08:00:00,3092.09,3092.69,3153.09,3153.69
2020-02-26T10:00:00,3114.59,3115.19,3145.34,3145.94
2020-02-26T12:00:00,3123.34,3123.94,3150.59,3151.19
2020-02-26T14:00:00,3140.19,3140.59,3182.76,3183.16
2020-02-26T16:00:00,3128.51,3128.91,3178.76,3179.16
2020-02-26T18:00:00,3108.25,3108.65,3149.26,3149.66
2020-02-26T20:00:00,3098.42,3099.02,3135.5,3135.9
2020-02-26T22:00:00,3092.67,3093.27,3116.92,3117.52
2020-02-27T00:00:00,3078.42,3079.02,3107.55,3108.15
2020-02-27T02:00:00,3067.55,3068.15,3086.55,3087.15
2020-02-27T04:00:00,3059.8,3060.4,3071.8,3072.4
2020-02-27T06:00:00,3061.55,3062.15,3098.05,3098.65
2020-02-27T08:00:00,3076.8,3077.4,3104.3,3104.9
2020-02-27T10:00:00,3075.8,3076.4,3095.67,3096.27
2020-02-27T12:00:00,3061.05,3061.65,3084.55,3085.15
2020-02-27T14:00:00,3006.51,3006.91,3069.15,3069.55
2020-02-27T16:00:00,3036.51,3036.91,3096.51,3096.91
2020-02-27T18:00:00,3031.22,3031.62,3093.22,3093.62
2020-02-27T20:00:00,2944.99,2945.59,3043.72,3044.12
2020-02-27T22:00:00,2935.99,2936.59,2971.62,2972.22
2020-02-28T00:00:00,2953.37,2953.97,2973.24,2973.84
2020-02-28T02:00:00,2924.37,2924.97,2981.12,2981.72
2020-02-28T04:00:00,2908.12,2908.72,2953.87,2954.47
2020-02-28T06:00:00,2901.62,2902.22,2942.62,2943.22
2020-02-28T08:00:00,2880.37,2880.97,2948.12,2948.72
2020-02-28T10:00:00,2899.24,2899.84,2940.12,2940.72
2020-02-28T12:00:00,2900.5,2901.1,2953.37,2953.97
2020-02-28T14:00:00,2854.35,2854.75,2931.35,2931.75
2020-02-28T16:00:00,2873.98,2874.38,2960.23,2960.63
2020-02-28T18:00:00,2880.3,2880.7,2950.23,2950.63
2020-02-28T20:00:00,2880.0,2880.4,2997.7,2998.3
2020-02-28T22:00:00,2989.86,2991.36,2989.86,2991.36
2020-03-01T22:00:00,2891.58,2892.18,2929.45,2930.05
2020-03-02T00:00:00,2910.83,2911.43,2966.33,2966.93
2020-03-02T02:00:00,2943.58,2944.18,2984.83,2985.43
2020-03-02T04:00:00,2956.83,2957.43,2976.83,2977.43
2020-03-02T06:00:00,2960.08,2960.68,3009.58,3010.18
2020-03-02T08:00:00,2961.33,2961.93,3022.08,3022.68
2020-03-02T10:00:00,2905.83,2906.43,2979.2,2979.8
2020-03-02T12:00:00,2908.7,2909.3,2963.33,2963.93
2020-03-02T14:00:00,2944.43,2944.83,3000.43,3000.83
2020-03-02T16:00:00,2981.55,2981.95,3040.18,3040.58
2020-03-02T18:00:00,2989.62,2990.02,3039.87,3040.27
2020-03-02T20:00:00,2999.37,2999.77,3094.42,3095.02
2020-03-02T22:00:00,3069.17,3069.77,3086.17,3086.77
2020-03-03T00:00:00,3075.17,3075.77,3096.92,3097.52
2020-03-03T02:00:00,3068.67,3069.27,3087.42,3088.02
2020-03-03T04:00:00,3055.67,3056.27,3079.42,3080.02
2020-03-03T06:00:00,3047.17,3047.77,3078.92,3079.52
2020-03-03T08:00:00,3060.42,3061.02,3101.17,3101.77
2020-03-03T10:00:00,3074.67,3075.27,3101.42,3102.02
2020-03-03T12:00:00,3052.42,3053.02,3097.54,3098.14
2020-03-03T14:00:00,3048.77,3049.17,3138.02,3138.42
2020-03-03T16:00:00,3025.43,3025.83,3106.43,3106.83
2020-03-03T18:00:00,2975.27,2975.67,3050.77,3051.17
2020-03-03T20:00:00,2991.47,2992.18,3041.72,3042.12
2020-03-03T22:00:00,2978.71,2979.31,2997.83,2998.43
2020-03-04T00:00:00,2991.46,2992.06,3027.96,3028.56
2020-03-04T02:00:00,3013.46,3014.06,3039.83,3040.43
2020-03-04T04:00:00,3026.46,3027.06,3042.96,3043.56
2020-03-04T06:00:00,3033.21,3033.81,3049.58,3050.18
2020-03-04T08:00:00,3033.21,3033.81,3062.71,3063.31
2020-03-04T10:00:00,3051.21,3051.81,3063.21,3063.81
2020-03-04T12:00:00,3045.71,3046.31,3075.96,3076.56
2020-03-04T14:00:00,3033.31,3033.71,3072.82,3073.22
2020-03-04T16:00:00,3040.82,3041.22,3079.82,3080.22
2020-03-04T18:00:00,3078.07,3078.47,3099.86,3100.26
2020-03-04T20:00:00,3091.86,3092.26,3130.47,3130.87
2020-03-04T22:00:00,3099.97,3100.57,3114.72,3115.35
2020-03-05T00:00:00,3089.47,3090.07,3109.22,3109.82
2020-03-05T02:00:00,3085.97,3086.57,3099.97,3100.57
2020-03-05T04:00:00,3085.97,3086.57,3104.22,3104.82
2020-03-05T06:00:00,3081.97,3082.57,3101.72,3102.32
2020-03-05T08:00:00,3063.47,3064.07,3089.22,3089.82
2020-03-05T10:00:00,3046.97,3047.57,3069.97,3070.57
2020-03-05T12:00:00,3038.22,3038.82,3063.97,3064.57
2020-03-05T14:00:00,3032.47,3033.07,3069.3,3069.7
2020-03-05T16:00:00,3019.75,3020.15,3084.3,3084.7
2020-03-05T18:00:00,3010.0,3010.4,3040.75,3041.15
2020-03-05T20:00:00,2999.36,2999.76,3031.36,3031.76
2020-03-05T22:00:00,3018.92,3019.52,3028.42,3029.02
2020-03-06T00:00:00,3000.17,3000.77,3038.92,3039.52
2020-03-06T02:00:00,2979.17,2979.77,3002.17,3002.77
2020-03-06T04:00:00,2973.67,2974.27,2987.42,2988.02
2020-03-06T06:00:00,2977.42,2978.02,2996.67,2997.27
2020-03-06T08:00:00,2956.67,2957.27,2998.92,2999.52
2020-03-06T10:00:00,2928.17,2928.77,2958.92,2959.52
2020-03-06T12:00:00,2917.67,2918.27,2953.29,2953.89
2020-03-06T14:00:00,2908.54,2909.14,2978.02,2978.42
2020-03-06T16:00:00,2928.27,2928.67,2973.27,2973.67
2020-03-06T18:00:00,2904.46,2904.86,2965.71,2966.11
2020-03-06T20:00:00,2900.71,2901.11,2986.21,2986.61
2020-03-06T22:00:00,2964.71,2966.21,2964.71,2966.21
2020-03-08T22:00:00,2820.88,2822.98,2904.25,2906.35
2020-03-09T00:00:00,2819.88,2821.98,2840.63,2842.73
2020-03-09T02:00:00,2820.63,2822.73,2830.38,2832.48
2020-03-09T04:00:00,2820.38,2822.48,2820.63,2822.73
2020-03-09T06:00:00,2818.75,2820.85,2820.63,2822.73
2020-03-09T08:00:00,2818.75,2820.25,2825.48,2826.73
2020-03-09T10:00:00,2819.35,2820.25,2821.23,2822.13
2020-03-09T12:00:00,2717.45,2718.15,2821.45,2822.25
2020-03-09T14:00:00,2777.73,2778.63,2838.76,2839.66
2020-03-09T16:00:00,2750.63,2751.53,2839.13,2840.03
2020-03-09T18:00:00,2731.96,2732.86,2789.96,2790.86
2020-03-09T20:00:00,2724.53,2725.63,2756.4,2757.5
2020-03-09T22:00:00,2698.78,2699.88,2812.65,2813.75
2020-03-10T00:00:00,2770.53,2771.63,2833.28,2834.38
2020-03-10T02:00:00,2801.53,2802.63,2822.78,2823.38
2020-03-10T04:00:00,2815.15,2815.75,2853.28,2853.88
2020-03-10T06:00:00,2814.78,2815.38,2852.28,2852.88
2020-03-10T08:00:00,2809.03,2809.63,2881.15,2881.75
2020-03-10T10:00:00,2856.45,2857.05,2884.32,2884.92
2020-03-10T12:00:00,2809.01,2809.41,2868.7,2869.3
2020-03-10T14:00:00,2732.93,2733.33,2847.51,2847.91
2020-03-10T16:00:00,2753.43,2753.83,2807.18,2807.58
2020-03-10T18:00:00,2759.68,2760.08,2885.05,2885.45
2020-03-10T20:00:00,2863.75,2864.35,2887.75,2888.35
2020-03-10T22:00:00,2815.25,2815.85,2873.0,2873.6
2020-03-11T00:00:00,2796.12,2796.72,2842.5,2843.1
2020-03-11T02:00:00,2796.25,2796.85,2821.87,2822.47
2020-03-11T04:00:00,2782.12,2782.72,2815.0,2815.6
2020-03-11T06:00:00,2781.62,2782.22,2814.37,2814.97
2020-03-11T08:00:00,2791.87,2792.47,2839.75,2840.35
2020-03-11T10:00:00,2783.75,2784.35,2824.37,2824.97
2020-03-11T12:00:00,2767.75,2768.35,2817.85,2818.25
2020-03-11T14:00:00,2759.57,2759.97,2812.6,2813.0
2020-03-11T16:00:00,2744.53,2744.93,2804.95,2805.35
2020-03-11T18:00:00,2706.28,2706.68,2761.53,2761.93
2020-03-11T20:00:00,2735.24,2736.23,2752.5,2753.1
2020-03-11T22:00:00,2729.88,2730.48,2775.5,2776.1
2020-03-12T00:00:00,2627.5,2628.6,2744.63,2745.23
2020-03-12T02:00:00,2609.63,2610.73,2650.25,2651.35
2020-03-12T04:00:00,2619.25,2620.35,2671.13,2671.73
2020-03-12T06:00:00,2616.13,2616.73,2649.38,2649.98
2020-03-12T08:00:00,2604.0,2604.6,2646.5,2647.1
2020-03-12T10:00:00,2604.0,2604.6,2626.13,2626.73
2020-03-12T12:00:00,2495.1,2496.0,2617.5,2618.1
2020-03-12T14:00:00,2506.69,2507.59,2584.73,2585.63
2020-03-12T16:00:00,2497.94,2498.84,2660.44,2661.34
2020-03-12T18:00:00,2472.17,2473.07,2573.44,2574.34
2020-03-12T20:00:00,2420.03,2422.03,2488.99,2490.09
2020-03-12T22:00:00,2422.49,2423.59,2487.61,2488.71
2020-03-13T00:00:00,2410.74,2411.84,2467.99,2469.09
2020-03-13T02:00:00,2397.99,2399.09,2438.74,2439.84
2020-03-13T04:00:00,2400.61,2401.71,2568.24,2569.34
2020-03-13T06:00:00,2482.74,2483.84,2595.24,2596.34
2020-03-13T08:00:00,2528.24,2529.34,2596.24,2597.34
2020-03-13T10:00:00,2562.36,2563.46,2598.36,2599.46
2020-03-13T12:00:00,2550.09,2550.99,2638.21,2639.11
2020-03-13T14:00:00,2492.17,2493.07,2611.96,2612.86
2020-03-13T16:00:00,2504.79,2505.69,2598.17,2599.07
2020-03-13T18:00:00,2528.79,2529.69,2707.38,2708.28
2020-03-13T20:00:00,2659.29,2660.39,2708.67,2709.77
2020-03-15T22:00:00,2568.67,2569.77,2663.29,2664.39
2020-03-16T12:00:00,2364.14,2365.04,2570.04,2571.14
2020-03-16T14:00:00,2418.89,2420.79,2561.89,2563.79
2020-03-16T16:00:00,2455.8,2457.2,2542.3,2544.2
2020-03-16T18:00:00,2385.68,2387.08,2504.43,2505.83
2020-03-16T20:00:00,2392.12,2393.72,2446.0,2447.6
2020-03-16T22:00:00,2404.87,2406.47,2456.37,2457.97
2020-03-17T00:00:00,2416.25,2417.85,2513.37,2514.97
2020-03-17T02:00:00,2467.37,2468.97,2512.25,2513.85
2020-03-17T04:00:00,2479.5,2481.1,2513.37,2514.97
2020-03-17T06:00:00,2495.0,2496.6,2513.37,2514.97
2020-03-17T08:00:00,2387.62,2389.22,2506.37,2507.97
2020-03-17T10:00:00,2404.12,2405.72,2496.12,2497.72
2020-03-17T12:00:00,2373.35,2374.75,2469.35,2470.75
2020-03-17T14:00:00,2367.35,2368.75,2509.85,2511.25
2020-03-17T16:00:00,2445.9,2447.3,2557.1,2558.5
2020-03-17T18:00:00,2467.18,2468.58,2544.43,2545.83
2020-03-17T20:00:00,2474.83,2477.33,2545.5,2547.1
2020-03-17T22:00:00,2409.5,2411.1,2497.12,2498.72
2020-03-18T00:00:00,2407.12,2408.72,2449.25,2450.85
2020-03-18T02:00:00,2409.12,2410.72,2459.5,2461.1
2020-03-18T04:00:00,2404.37,2405.97,2423.12,2424.72
2020-03-18T06:00:00,2404.87,2406.47,2404.87,2406.47
2020-03-18T12:00:00,2355.22,2356.62,2434.12,2435.52
2020-03-18T14:00:00,2362.37,2363.77,2451.37,2452.77
2020-03-18T16:00:00,2292.01,2293.41,2404.37,2405.77
2020-03-18T18:00:00,2272.8,2274.2,2410.93,2412.33
2020-03-18T20:00:00,2368.02,2369.62,2423.4,2425.0
2020-03-18T22:00:00,2373.9,2375.5,2469.9,2471.5
2020-03-19T00:00:00,2396.15,2397.75,2466.52,2468.12
2020-03-19T02:00:00,2290.52,2292.12,2398.15,2399.75
2020-03-19T04:00:00,2285.27,2286.87,2339.65,2341.25
2020-03-19T06:00:00,2330.02,2331.62,2407.77,2409.37
2020-03-19T08:00:00,2363.27,2364.87,2424.52,2426.12
2020-03-19T10:00:00,2342.82,2343.82,2388.57,2389.57
2020-03-19T12:00:00,2317.3,2318.1,2388.57,2389.57
2020-03-19T14:00:00,2358.8,2359.6,2457.3,2458.1
2020-03-19T16:00:00,2382.3,2383.1,2455.8,2456.6
2020-03-19T18:00:00,2398.8,2399.6,2467.05,2467.85
2020-03-19T20:00:00,2356.82,2357.82,2409.05,2409.85
2020-03-19T22:00:00,2340.82,2341.82,2374.82,2375.82
2020-03-20T00:00:00,2346.2,2347.2,2398.2,2399.2
2020-03-20T02:00:00,2357.45,2358.45,2390.82,2391.82
2020-03-20T04:00:00,2381.07,2382.07,2418.32,2419.32
2020-03-20T06:00:00,2397.2,2398.2,2469.7,2470.7
2020-03-20T08:00:00,2461.82,2462.82,2508.57,2509.57
2020-03-20T10:00:00,2435.2,2436.2,2506.95,2507.95
2020-03-20T12:00:00,2371.05,2371.85,2466.57,2467.57
2020-03-20T14:00:00,2384.3,2385.1,2451.92,2452.72
2020-03-20T16:00:00,2350.17,2350.97,2404.05,2404.85
2020-03-20T18:00:00,2291.2,2292.2,2395.3,2396.1
2020-03-20T20:00:00,2269.71,2270.91,2308.71,2309.91
2020-03-22T22:00:00,2183.59,2184.79,2238.71,2239.91
2020-03-23T00:00:00,2183.71,2184.91,2215.21,2216.41
2020-03-23T02:00:00,2184.96,2186.16,2232.71,2233.91
2020-03-23T04:00:00,2184.71,2185.91,2222.21,2223.41
2020-03-23T06:00:00,2200.46,2201.66,2239.71,2240.91
2020-03-23T08:00:00,2202.21,2203.41,2241.96,2243.16
2020-03-23T10:00:00,2213.96,2215.16,2249.09,2250.29
2020-03-23T12:00:00,2224.21,2225.41,2394.46,2395.66
2020-03-23T14:00:00,2189.12,2190.12,2294.38,2295.38
2020-03-23T16:00:00,2198.62,2199.62,2299.62,2300.62
2020-03-23T18:00:00,2195.59,2196.59,2258.22,2259.22
2020-03-23T20:00:00,2210.64,2211.84,2243.13,2245.23
2020-03-23T22:00:00,2241.76,2242.96,2294.01,2295.21
2020-03-24T00:00:00,2251.89,2253.09,2316.76,2317.96
2020-03-24T02:00:00,2280.76,2281.96,2328.26,2329.46
2020-03-24T04:00:00,2285.64,2286.84,2319.89,2321.09
2020-03-24T06:00:00,2304.39,2305.59,2339.01,2340.21
2020-03-24T08:00:00,2316.01,2317.21,2344.26,2345.46
2020-03-24T10:00:00,2326.76,2327.96,2344.01,2345.21
2020-03-24T12:00:00,2311.51,2312.71,2388.24,2389.24
2020-03-24T14:00:00,2354.76,2355.76,2413.47,2414.47
2020-03-24T16:00:00,2376.47,2377.47,2439.22,2440.22
2020-03-24T18:00:00,2358.97,2359.97,2448.62,2449.62
2020-03-24T20:00:00,2428.51,2429.71,2458.63,2459.83
2020-03-24T22:00:00,2423.51,2424.71,2480.76,2481.96
2020-03-25T00:00:00,2407.13,2408.33,2444.13,2445.33
2020-03-25T02:00:00,2408.63,2409.83,2430.26,2431.46
2020-03-25T04:00:00,2398.38,2399.58,2454.63,2455.83
2020-03-25T06:00:00,2427.26,2428.46,2478.76,2479.96
2020-03-25T08:00:00,2459.63,2460.83,2509.01,2510.21
2020-03-25T10:00:00,2398.13,2399.33,2488.13,2489.33
2020-03-25T12:00:00,2414.26,2415.46,2496.86,2497.86
2020-03-25T14:00:00,2404.36,2405.36,2474.61,2475.61
2020-03-25T16:00:00,2464.11,2465.11,2571.23,2572.23
2020-03-25T18:00:00,2465.96,2466.96,2563.46,2564.46
2020-03-25T20:00:00,2470.11,2471.31,2493.11,2494.31
2020-03-25T22:00:00,2466.24,2467.44,2500.86,2502.06
2020-03-26T00:00:00,2449.86,2451.06,2508.74,2509.94
2020-03-26T02:00:00,2441.99,2443.19,2482.24,2483.44
2020-03-26T04:00:00,2445.61,2446.81,2471.24,2472.44
2020-03-26T06:00:00,2423.49,2424.69,2459.24,2460.44
2020-03-26T08:00:00,2423.49,2424.69,2448.36,2449.56
2020-03-26T10:00:00,2430.34,2431.34,2462.96,2463.96
2020-03-26T12:00:00,2414.09,2415.09,2549.69,2550.49
2020-03-26T14:00:00,2536.94,2537.74,2598.01,2598.81
2020-03-26T16:00:00,2556.64,2557.44,2602.14,2602.94
2020-03-26T18:00:00,2563.8,2564.6,2637.3,2638.1
2020-03-26T20:00:00,2613.94,2614.94,2634.7,2636.6
2020-03-26T22:00:00,2611.69,2612.69,2644.19,2645.19
2020-03-27T00:00:00,2579.69,2580.69,2644.19,2645.19
2020-03-27T02:00:00,2573.44,2574.44,2594.31,2595.31
2020-03-27T04:00:00,2562.19,2563.19,2599.44,2600.44
2020-03-27T06:00:00,2573.44,2574.44,2612.19,2613.19
2020-03-27T08:00:00,2561.69,2562.69,2592.31,2593.31
2020-03-27T10:00:00,2540.69,2541.69,2579.94,2580.94
2020-03-27T12:00:00,2518.04,2518.84,2567.19,2568.19
2020-03-27T14:00:00,2526.79,2527.59,2570.04,2570.84
2020-03-27T16:00:00,2529.29,2530.09,2580.54,2581.34
2020-03-27T18:00:00,2534.96,2535.76,2616.54,2617.34
2020-03-27T20:00:00,2528.05,2529.05,2550.3,2551.3
2020-03-29T21:00:00,2470.88,2471.88,2510.01,2511.01
2020-03-29T23:00:00,2479.26,2480.26,2514.01,2515.01
2020-03-30T01:00:00,2493.88,2494.88,2520.63,2521.63
2020-03-30T03:00:00,2504.01,2505.01,2553.88,2554.88
2020-03-30T05:00:00,2535.51,2536.51,2579.13,2580.13
2020-03-30T07:00:00,2507.38,2508.38,2560.01,2561.01
2020-03-30T09:00:00,2519.36,2520.36,2546.99,2547.99
2020-03-30T11:00:00,2533.49,2534.49,2570.74,2571.74
2020-03-30T13:00:00,2544.46,2545.16,2593.39,2594.09
2020-03-30T15:00:00,2576.14,2576.84,2611.73,2612.38
2020-03-30T17:00:00,2587.98,2588.63,2617.98,2618.63
2020-03-30T19:00:00,2597.73,2598.38,2632.23,2632.88
2020-03-30T21:00:00,2621.12,2621.97,2633.87,2634.72
2020-03-30T23:00:00,2621.37,2622.22,2635.62,2636.47
2020-03-31T01:00:00,2627.37,2628.22,2642.12,2642.97
2020-03-31T03:00:00,2605.87,2606.72,2635.99,2636.84
2020-03-31T05:00:00,2605.87,2606.72,2637.62,2638.47
2020-03-31T07:00:00,2626.49,2627.34,2646.37,2647.22
2020-03-31T09:00:00,2617.62,2618.47,2645.12,2645.97
2020-03-31T11:00:00,2584.12,2584.97,2621.37,2622.22
2020-03-31T13:00:00,2589.72,2590.37,2640.97,2641.62
2020-03-31T15:00:00,2593.72,2594.37,2641.72,2642.37
2020-03-31T17:00:00,2587.71,2588.36,2614.71,2615.36
2020-03-31T19:00:00,2567.35,2568.2,2613.21,2613.86
2020-03-31T21:00:00,2548.48,2549.33,2577.29,2579.04
2020-03-31T23:00:00,2541.98,2542.83,2561.23,2562.08
2020-04-01T01:00:00,2544.6,2545.45,2557.48,2558.33
2020-04-01T03:00:00,2528.85,2529.7,2550.23,2551.08
2020-04-01T05:00:00,2487.98,2488.83,2539.98,2540.83
2020-04-01T07:00:00,2489.98,2490.83,2523.48,2524.33
2020-04-01T09:00:00,2495.73,2496.58,2517.23,2518.08
2020-04-01T11:00:00,2479.23,2480.08,2502.85,2503.7
2020-04-01T13:00:00,2481.23,2482.08,2515.31,2515.96
2020-04-01T15:00:00,2466.32,2466.97,2522.81,2523.46
2020-04-01T17:00:00,2465.32,2465.97,2495.32,2495.97
2020-04-01T19:00:00,2446.37,2447.02,2479.87,2480.52
2020-04-01T21:00:00,2465.15,2466.9,2486.11,2486.96
2020-04-01T23:00:00,2468.11,2468.96,2487.86,2488.71
2020-04-02T01:00:00,2469.86,2470.71,2498.11,2498.96
2020-04-02T03:00:00,2486.73,2487.58,2501.36,2502.21
2020-04-02T05:00:00,2478.98,2479.83,2502.36,2503.21
2020-04-02T07:00:00,2497.36,2498.21,2513.36,2514.21
2020-04-02T09:00:00,2491.86,2492.71,2506.36,2507.21
2020-04-02T11:00:00,2460.11,2460.96,2509.86,2510.71
2020-04-02T13:00:00,2436.61,2437.46,2534.96,2535.61
2020-04-02T15:00:00,2494.96,2495.61,2528.21,2528.86
2020-04-02T17:00:00,2466.96,2467.61,2525.96,2526.61
2020-04-02T19:00:00,2491.71,2492.36,2535.16,2536.01
2020-04-02T21:00:00,2518.41,2519.26,2534.28,2535.13
2020-04-02T23:00:00,2502.91,2503.76,2530.66,2531.51
2020-04-03T01:00:00,2500.91,2501.76,2514.91,2515.76
2020-04-03T03:00:00,2490.41,2491.26,2508.41,2509.26
2020-04-03T05:00:00,2484.66,2485.51,2508.78,2509.63
2020-04-03T07:00:00,2489.66,2490.51,2510.16,2511.01
2020-04-03T09:00:00,2487.03,2487.88,2505.16,2506.01
2020-04-03T11:00:00,2496.41,2497.26,2536.66,2537.51
2020-04-03T13:00:00,2495.01,2495.66,2539.51,2540.16
2020-04-03T15:00:00,2470.31,2470.96,2510.01,2510.66
2020-04-03T17:00:00,2459.14,2459.79,2488.39,2489.04
2020-04-03T19:00:00,2465.03,2465.68,2497.78,2498.5
2020-04-05T21:00:00,2508.77,2509.62,2529.65,2530.5
2020-04-05T23:00:00,2520.9,2521.75,2575.15,2576.0
2020-04-06T01:00:00,2551.52,2552.37,2575.15,2576.0
2020-04-06T03:00:00,2566.4,2567.25,2584.4,2585.25
2020-04-06T05:00:00,2573.9,2574.75,2596.4,2597.25
2020-04-06T07:00:00,2576.65,2577.5,2596.4,2597.25
2020-04-06T09:00:00,2580.65,2581.5,2594.4,2595.25
2020-04-06T11:00:00,2574.15,2575.0,2588.65,2589.5
2020-04-06T13:00:00,2573.75,2574.4,2616.77,2617.37
2020-04-06T15:00:00,2596.1,2596.7,2631.85,2632.45
2020-04-06T17:00:00,2620.29,2620.89,2636.91,2637.51
2020-04-06T19:00:00,2624.54,2625.14,2676.36,2676.96
2020-04-06T21:00:00,2643.23,2644.03,2657.26,2658.96
2020-04-06T23:00:00,2645.48,2646.28,2675.73,2676.53
2020-04-07T01:00:00,2640.98,2641.78,2666.73,2667.53
2020-04-07T03:00:00,2631.48,2632.28,2656.73,2657.53
2020-04-07T05:00:00,2649.23,2650.03,2700.48,2701.28
2020-04-07T07:00:00,2690.6,2691.4,2728.73,2729.53
2020-04-07T09:00:00,2713.23,2714.03,2752.73,2753.53
2020-04-07T11:00:00,2723.73,2724.53,2747.48,2748.28
2020-04-07T13:00:00,2688.06,2688.66,2755.58,2756.18
2020-04-07T15:00:00,2690.81,2691.41,2747.31,2747.91
2020-04-07T17:00:00,2669.35,2669.95,2740.06,2740.66
2020-04-07T19:00:00,2643.35,2644.15,2703.35,2703.95
2020-04-07T21:00:00,2635.97,2636.77,2651.47,2652.27
2020-04-07T23:00:00,2629.35,2630.15,2668.35,2669.15
2020-04-08T01:00:00,2630.85,2631.65,2657.35,2658.15
2020-04-08T03:00:00,2639.6,2640.4,2669.6,2670.4
2020-04-08T05:00:00,2635.85,2636.65,2688.72,2689.52
2020-04-08T07:00:00,2637.6,2638.4,2669.72,2670.52
2020-04-08T09:00:00,2641.6,2642.4,2666.22,2667.02
2020-04-08T11:00:00,2660.6,2661.4,2686.1,2686.9
2020-04-08T13:00:00,2662.2,2662.8,2696.95,2697.55
2020-04-08T15:00:00,2689.45,2690.05,2729.96,2730.56
2020-04-08T17:00:00,2707.33,2707.93,2744.71,2745.31
2020-04-08T19:00:00,2728.21,2728.81,2760.59,2761.19
2020-04-08T21:00:00,2736.38,2737.18,2747.71,2749.41
2020-04-08T23:00:00,2738.75,2739.55,2758.88,2759.68
2020-04-09T01:00:00,2730.25,2731.05,2755.38,2756.18
2020-04-09T03:00:00,2731.63,2732.43,2752.13,2752.93
2020-04-09T05:00:00,2740.63,2741.43,2767.25,2768.05
2020-04-09T07:00:00,2743.88,2744.68,2777.13,2777.93
2020-04-09T09:00:00,2725.13,2725.93,2749.88,2750.68
2020-04-09T11:00:00,2709.0,2709.8,2778.13,2778.93
2020-04-09T13:00:00,2771.38,2772.18,2811.73,2812.33
2020-04-09T15:00:00,2777.5,2778.1,2816.01,2816.61
2020-04-09T17:00:00,2761.51,2762.11,2818.51,2819.11
2020-04-09T19:00:00,2766.26,2766.86,2797.14,2797.94
2020-04-09T21:00:00,2795.41,2797.11,2795.66,2797.36
2020-04-12T21:00:00,2728.39,2729.19,2816.14,2816.94
2020-04-12T23:00:00,2740.52,2741.32,2770.27,2771.07
2020-04-13T01:00:00,2739.39,2740.19,2762.52,2763.32
2020-04-13T03:00:00,2744.27,2745.07,2759.02,2759.82
2020-04-13T05:00:00,2743.77,2744.57,2761.02,2761.82
2020-04-13T07:00:00,2747.02,2747.82,2757.02,2757.82
2020-04-13T09:00:00,2749.52,2750.32,2765.52,2766.32
2020-04-13T11:00:00,2759.77,2760.57,2785.27,2786.07
2020-04-13T13:00:00,2727.35,2727.95,2788.27,2789.07
2020-04-13T15:00:00,2720.03,2720.63,2756.53,2757.13
2020-04-13T17:00:00,2730.73,2731.33,2754.73,2755.33
2020-04-13T19:00:00,2738.73,2739.33,2770.48,2771.12
2020-04-13T21:00:00,2767.64,2769.09,2780.04,2780.84
2020-04-13T23:00:00,2761.79,2762.59,2778.04,2778.84
2020-04-14T01:00:00,2769.04,2769.84,2807.54,2808.34
2020-04-14T03:00:00,2799.41,2800.21,2816.04,2816.84
2020-04-14T05:00:00,2797.54,2798.34,2816.91,2817.71
2020-04-14T07:00:00,2790.54,2791.34,2811.29,2812.09
2020-04-14T09:00:00,2789.91,2790.71,2804.29,2805.09
2020-04-14T11:00:00,2791.04,2791.84,2814.79,2815.59
2020-04-14T13:00:00,2805.64,2806.24,2844.53,2845.13
2020-04-14T15:00:00,2807.78,2808.38,2840.03,2840.63
2020-04-14T17:00:00,2830.28,2830.88,2849.26,2849.86
2020-04-14T19:00:00,2832.01,2832.61,2852.12,2853.07
2020-04-14T21:00:00,2844.37,2845.17,2852.87,2854.34
2020-04-14T23:00:00,2831.0,2831.8,2848.12,2848.92
2020-04-15T01:00:00,2827.25,2828.05,2838.37,2839.17
2020-04-15T03:00:00,2828.87,2829.67,2842.25,2843.05
2020-04-15T05:00:00,2827.5,2828.3,2842.0,2842.8
2020-04-15T07:00:00,2797.75,2798.55,2836.0,2836.8
2020-04-15T09:00:00,2791.5,2792.3,2807.0,2807.8
2020-04-15T11:00:00,2764.25,2765.05,2806.75,2807.55
2020-04-15T13:00:00,2759.1,2759.7,2789.1,2789.7
2020-04-15T15:00:00,2760.85,2761.45,2783.35,2783.95
2020-04-15T17:00:00,2775.49,2776.09,2799.24,2799.84
2020-04-15T19:00:00,2774.95,2775.75,2800.74,2801.34
2020-04-15T21:00:00,2762.33,2763.13,2781.95,2782.75
2020-04-15T23:00:00,2756.58,2757.38,2777.08,2777.88
2020-04-16T01:00:00,2761.7,2762.5,2775.83,2776.63
2020-04-16T03:00:00,2758.58,2759.38,2777.08,2777.88
2020-04-16T05:00:00,2768.58,2769.38,2815.08,2815.88
2020-04-16T07:00:00,2795.83,2796.63,2813.08,2813.88
2020-04-16T09:00:00,2788.83,2789.63,2803.7,2804.5
2020-04-16T11:00:00,2783.08,2783.88,2809.2,2810.0
2020-04-16T13:00:00,2763.93,2764.53,2803.93,2804.53
2020-04-16T15:00:00,2764.93,2765.53,2806.93,2807.53
2020-04-16T17:00:00,2774.05,2774.65,2796.05,2796.65
2020-04-16T19:00:00,2781.55,2782.15,2839.65,2840.45
2020-04-16T21:00:00,2837.91,2839.61,2889.28,2890.08
2020-04-16T23:00:00,2869.03,2869.83,2893.78,2894.58
2020-04-17T01:00:00,2878.65,2879.45,2891.03,2891.83
2020-04-17T03:00:00,2876.78,2877.58,2889.28,2890.08
2020-04-17T05:00:00,2869.53,2870.33,2892.78,2893.58
2020-04-17T07:00:00,2859.28,2860.08,2883.65,2884.45
2020-04-17T09:00:00,2860.65,2861.45,2883.78,2884.58
2020-04-17T11:00:00,2863.78,2864.58,2886.03,2886.83
2020-04-17T13:00:00,2831.67,2832.27,2870.78,2871.58
2020-04-17T15:00:00,2829.75,2830.35,2852.57,2853.17
2020-04-17T17:00:00,2832.32,2832.92,2853.82,2854.42
2020-04-17T19:00:00,2841.32,2841.92,2881.17,2882.3
2020-04-19T21:00:00,2850.79,2851.59,2869.42,2870.22
2020-04-19T23:00:00,2854.17,2854.97,2883.42,2884.22
2020-04-20T01:00:00,2857.17,2857.97,2877.92,2878.72
2020-04-20T03:00:00,2869.17,2869.97,2882.42,2883.22
2020-04-20T05:00:00,2858.67,2859.47,2876.67,2877.47
2020-04-20T07:00:00,2849.92,2850.72,2868.67,2869.47
2020-04-20T09:00:00,2829.67,2830.47,2860.17,2860.97
2020-04-20T11:00:00,2816.92,2817.72,2838.17,2838.97
2020-04-20T13:00:00,2821.17,2821.97,2862.12,2862.52
2020-04-20T15:00:00,2853.37,2853.77,2869.55,2869.95
2020-04-20T17:00:00,2822.98,2823.38,2860.98,2861.38
2020-04-20T19:00:00,2812.93,2813.53,2836.73,2837.13
2020-04-20T21:00:00,2816.18,2816.78,2834.18,2834.78
2020-04-20T23:00:00,2817.81,2818.41,2837.31,2837.91
2020-04-21T01:00:00,2781.43,2782.03,2841.43,2842.03
2020-04-21T03:00:00,2793.06,2793.66,2807.56,2808.16
2020-04-21T05:00:00,2794.68,2795.28,2813.31,2813.91
2020-04-21T07:00:00,2792.06,2792.66,2816.31,2816.91
2020-04-21T09:00:00,2772.06,2772.66,2807.56,2808.16
2020-04-21T11:00:00,2757.31,2757.91,2781.81,2782.41
2020-04-21T13:00:00,2747.31,2747.71,2785.91,2786.31
2020-04-21T15:00:00,2726.56,2726.96,2749.56,2749.96
2020-04-21T17:00:00,2738.06,2738.46,2763.06,2763.46
2020-04-21T19:00:00,2731.81,2732.21,2761.12,2761.52
2020-04-21T21:00:00,2741.63,2743.13,2756.19,2756.79
2020-04-21T23:00:00,2726.69,2727.29,2757.69,2758.29
2020-04-22T01:00:00,2736.94,2737.54,2751.19,2751.79
2020-04-22T03:00:00,2737.44,2738.04,2752.69,2753.29
2020-04-22T05:00:00,2740.56,2741.16,2774.19,2774.79
2020-04-22T07:00:00,2757.94,2758.54,2783.19,2783.79
2020-04-22T09:00:00,2767.44,2768.04,2785.94,2786.54
2020-04-22T11:00:00,2766.19,2766.79,2792.19,2792.79
2020-04-22T13:00:00,2775.45,2775.85,2795.29,2795.69
2020-04-22T15:00:00,2778.95,2779.35,2799.45,2799.85
2020-04-22T17:00:00,2788.95,2789.35,2808.53,2808.93
2020-04-22T19:00:00,2790.51,2791.11,2816.35,2816.75
2020-04-22T21:00:00,2787.26,2787.86,2800.63,2801.23
2020-04-22T23:00:00,2781.26,2781.86,2795.38,2795.98
2020-04-23T01:00:00,2783.13,2783.73,2803.01,2803.61
2020-04-23T03:00:00,2782.63,2783.23,2796.01,2796.61
2020-04-23T05:00:00,2792.01,2792.61,2814.01,2814.61
2020-04-23T07:00:00,2785.76,2786.36,2809.51,2810.11
2020-04-23T09:00:00,2791.01,2791.61,2805.76,2806.36
2020-04-23T11:00:00,2792.51,2793.11,2814.76,2815.36
2020-04-23T13:00:00,2807.36,2807.76,2845.24,2845.64
2020-04-23T15:00:00,2794.99,2795.39,2840.24,2840.64
2020-04-23T17:00:00,2793.43,2793.83,2825.93,2826.33
2020-04-23T19:00:00,2787.69,2788.29,2820.18,2820.58
2020-04-23T21:00:00,2772.69,2773.29,2790.69,2791.89
2020-04-23T23:00:00,2765.94,2766.54,2781.94,2782.54
2020-04-24T01:00:00,2763.81,2764.41,2777.44,2778.04
2020-04-24T03:00:00,2771.44,2772.04,2778.44,2779.04
2020-04-24T05:00:00,2763.56,2764.16,2786.19,2786.79
2020-04-24T07:00:00,2776.19,2776.79,2787.94,2788.54
2020-04-24T09:00:00,2783.44,2784.04,2813.94,2814.54
2020-04-24T11:00:00,2802.19,2802.79,2819.94,2820.54
2020-04-24T13:00:00,2793.54,2793.94,2818.79,2819.19
2020-04-24T15:00:00,2790.96,2791.36,2811.21,2811.61
2020-04-24T17:00:00,2803.96,2804.36,2831.07,2831.47
2020-04-24T19:00:00,2824.32,2824.72,2842.69,2843.09
2020-04-26T21:00:00,2821.04,2821.64,2849.66,2850.26
2020-04-26T23:00:00,2822.41,2823.01,2836.29,2836.89
2020-04-27T01:00:00,2830.29,2830.89,2849.79,2850.39
2020-04-27T03:00:00,2844.54,2845.14,2867.79,2868.39
2020-04-27T05:00:00,2850.54,2851.14,2873.04,2873.64
2020-04-27T07:00:00,2850.54,2851.14,2866.79,2867.39
2020-04-27T09:00:00,2858.29,2858.89,2870.54,2871.14
2020-04-27T11:00:00,2858.29,2858.89,2871.04,2871.64
2020-04-27T13:00:00,2851.89,2852.29,2869.83,2870.23
2020-04-27T15:00:00,2860.33,2860.73,2879.83,2880.23
2020-04-27T17:00:00,2867.58,2867.98,2881.83,2882.23
2020-04-27T19:00:00,2873.3,2873.9,2888.42,2888.82
2020-04-27T21:00:00,2870.3,2870.9,2876.42,2877.06
2020-04-27T23:00:00,2870.55,2871.15,2881.55,2882.15
2020-04-28T01:00:00,2861.55,2862.15,2878.55,2879.15
2020-04-28T03:00:00,2858.55,2859.15,2868.67,2869.27
2020-04-28T05:00:00,2863.92,2864.52,2876.3,2876.9
2020-04-28T07:00:00,2869.55,2870.15,2890.05,2890.65
2020-04-28T09:00:00,2884.05,2884.65,2914.8,2915.4
2020-04-28T11:00:00,2905.55,2906.15,2920.3,2920.9
2020-04-28T13:00:00,2862.15,2862.55,2920.8,2921.4
2020-04-28T15:00:00,2861.65,2862.05,2884.08,2884.48
2020-04-28T17:00:00,2875.93,2876.33,2889.43,2889.83
2020-04-28T19:00:00,2860.24,2860.64,2886.99,2887.39
2020-04-28T21:00:00,2867.49,2868.99,2880.41,2881.01
2020-04-28T23:00:00,2868.79,2869.39,2887.54,2888.14
2020-04-29T01:00:00,2885.29,2885.89,2909.29,2909.89
2020-04-29T03:00:00,2900.54,2901.14,2912.79,2913.39
2020-04-29T05:00:00,2893.79,2894.39,2911.29,2911.89
2020-04-29T07:00:00,2891.29,2891.89,2903.54,2904.14
2020-04-29T09:00:00,2891.54,2892.14,2905.04,2905.64
2020-04-29T11:00:00,2888.29,2888.89,2930.54,2931.14
2020-04-29T13:00:00,2910.39,2910.79,2934.54,2935.14
2020-04-29T15:00:00,2925.14,2925.54,2950.1,2950.5
2020-04-29T17:00:00,2931.35,2931.75,2952.35,2952.75
2020-04-29T19:00:00,2936.49,2937.09,2967.11,2967.71
2020-04-29T21:00:00,2954.24,2954.84,2966.07,2967.57
2020-04-29T23:00:00,2939.99,2940.59,2957.99,2958.59
2020-04-30T01:00:00,2942.99,2943.59,2955.49,2956.09
2020-04-30T03:00:00,2952.74,2953.34,2972.49,2973.09
2020-04-30T05:00:00,2955.24,2955.84,2969.74,2970.34
2020-04-30T07:00:00,2946.74,2947.34,2963.24,2963.84
2020-04-30T09:00:00,2936.74,2937.34,2958.74,2959.34
2020-04-30T11:00:00,2916.74,2917.34,2943.49,2944.09
2020-04-30T13:00:00,2901.59,2901.99,2928.53,2928.93
2020-04-30T15:00:00,2892.23,2892.63,2925.48,2925.88
2020-04-30T17:00:00,2894.66,2895.06,2910.16,2910.56
2020-04-30T19:00:00,2886.64,2887.24,2917.94,2918.34
2020-04-30T21:00:00,2861.52,2862.12,2891.34,2892.84
2020-04-30T23:00:00,2873.02,2873.62,2885.77,2886.37
2020-05-01T01:00:00,2866.27,2866.87,2887.77,2888.37
2020-05-01T03:00:00,2864.27,2864.87,2874.77,2875.37
2020-05-01T05:00:00,2844.77,2845.37,2874.02,2874.62
2020-05-01T07:00:00,2839.02,2839.62,2858.77,2859.37
2020-05-01T09:00:00,2849.39,2849.99,2859.02,2859.62
2020-05-01T11:00:00,2844.52,2845.12,2855.77,2856.37
2020-05-01T13:00:00,2847.2,2847.6,2865.87,2866.27
2020-05-01T15:00:00,2821.5,2821.9,2856.45,2856.85
2020-05-01T17:00:00,2820.75,2821.15,2833.5,2833.9
2020-05-01T19:00:00,2821.92,2822.32,2839.25,2839.65
2020-05-03T21:00:00,2785.3,2785.9,2805.55,2806.15
2020-05-03T23:00:00,2780.05,2780.65,2794.8,2795.4
2020-05-04T01:00:00,2784.8,2785.4,2805.42,2806.02
2020-05-04T03:00:00,2804.05,2804.65,2816.8,2817.4
2020-05-04T05:00:00,2801.05,2801.65,2823.05,2823.65
2020-05-04T07:00:00,2802.05,2802.65,2821.55,2822.15
2020-05-04T09:00:00,2792.3,2792.9,2810.8,2811.4
2020-05-04T11:00:00,2802.55,2803.15,2816.8,2817.4
2020-05-04T13:00:00,2797.65,2798.05,2826.9,2827.3
2020-05-04T15:00:00,2811.15,2811.55,2825.9,2826.3
2020-05-04T17:00:00,2807.63,2808.03,2831.38,2831.78
2020-05-04T19:00:00,2828.13,2828.53,2844.64,2845.04
2020-05-04T21:00:00,2833.79,2834.39,2842.54,2843.14
2020-05-04T23:00:00,2834.54,2835.14,2848.29,2848.89
2020-05-05T01:00:00,2847.54,2848.14,2856.79,2857.39
2020-05-05T03:00:00,2849.29,2849.89,2860.29,2860.89
2020-05-05T05:00:00,2854.04,2854.64,2861.29,2861.89
2020-05-05T07:00:00,2842.29,2842.89,2873.79,2874.39
2020-05-05T09:00:00,2841.54,2842.14,2865.29,2865.89
2020-05-05T11:00:00,2860.54,2861.14,2873.54,2874.14
2020-05-05T13:00:00,2868.04,2868.54,2890.81,2891.21
2020-05-05T15:00:00,2884.58,2884.98,2898.83,2899.23
2020-05-05T17:00:00,2886.33,2886.73,2898.37,2898.77
2020-05-05T19:00:00,2860.62,2861.22,2898.12,2898.52
2020-05-05T21:00:00,2862.75,2863.35,2877.25,2877.85
2020-05-05T23:00:00,2852.0,2852.6,2877.5,2878.1
2020-05-06T01:00:00,2852.0,2852.6,2864.75,2865.35
2020-05-06T03:00:00,2863.75,2864.35,2872.0,2872.6
2020-05-06T05:00:00,2867.5,2868.1,2893.75,2894.35
2020-05-06T07:00:00,2879.0,2879.6,2891.5,2892.1
2020-05-06T09:00:00,2883.25,2883.85,2894.5,2895.1
2020-05-06T11:00:00,2873.75,2874.35,2892.75,2893.35
2020-05-06T13:00:00,2855.85,2856.25,2890.1,2890.5
2020-05-06T15:00:00,2860.35,2860.75,2880.85,2881.25
2020-05-06T17:00:00,2862.8,2863.2,2879.3,2879.7
2020-05-06T19:00:00,2839.73,2840.63,2871.05,2871.45
2020-05-06T21:00:00,2830.78,2831.38,2846.15,2846.75
2020-05-06T23:00:00,2832.78,2833.38,2851.03,2851.63
2020-05-07T01:00:00,2844.78,2845.38,2853.03,2853.63
2020-05-07T03:00:00,2851.03,2851.63,2862.53,2863.13
2020-05-07T05:00:00,2855.53,2856.13,2868.03,2868.63
2020-05-07T07:00:00,2862.28,2862.88,2882.78,2883.38
2020-05-07T09:00:00,2876.03,2876.63,2886.53,2887.13
2020-05-07T11:00:00,2876.78,2877.38,2889.03,2889.63
2020-05-07T13:00:00,2876.59,2876.99,2894.13,2894.53
2020-05-07T15:00:00,2880.34,2880.74,2902.34,2902.74
2020-05-07T17:00:00,2880.68,2881.08,2900.34,2900.74
2020-05-07T19:00:00,2875.79,2876.19,2891.26,2891.86
2020-05-07T21:00:00,2886.64,2887.24,2895.14,2895.74
2020-05-07T23:00:00,2890.14,2890.74,2912.89,2913.49
2020-05-08T01:00:00,2909.14,2909.74,2921.14,2921.74
2020-05-08T03:00:00,2918.14,2918.74,2923.14,2923.74
2020-05-08T05:00:00,2913.89,2914.49,2928.89,2929.49
2020-05-08T07:00:00,2908.14,2908.74,2916.89,2917.49
2020-05-08T09:00:00,2911.64,2912.24,2921.89,2922.49
2020-05-08T11:00:00,2908.64,2909.24,2924.39,2924.99
2020-05-08T13:00:00,2902.49,2902.89,2921.39,2921.99
2020-05-08T15:00:00,2908.49,2908.89,2924.24,2924.64
2020-05-08T17:00:00,2911.48,2911.88,2924.23,2924.63
2020-05-08T19:00:00,2918.98,2919.38,2939.31,2939.91
2020-05-10T21:00:00,2922.69,2923.29,2934.69,2935.29
2020-05-10T23:00:00,2930.94,2931.54,2948.44,2949.04
2020-05-11T01:00:00,2943.69,2944.29,2953.19,2953.79
2020-05-11T03:00:00,2945.19,2945.79,2951.44,2952.04
2020-05-11T05:00:00,2933.69,2934.29,2946.19,2946.79
2020-05-11T07:00:00,2928.44,2929.04,2948.44,2949.04
2020-05-11T09:00:00,2912.94,2913.54,2931.19,2931.79
2020-05-11T11:00:00,2896.44,2897.04,2918.19,2918.79
2020-05-11T13:00:00,2900.69,2901.29,2918.03,2918.43
2020-05-11T15:00:00,2912.28,2912.68,2934.83,2935.23
2020-05-11T17:00:00,2931.26,2931.66,2944.01,2944.41
2020-05-11T19:00:00,2923.69,2924.29,2944.01,2944.41
2020-05-11T21:00:00,2924.33,2925.83,2933.94,2934.54
2020-05-11T23:00:00,2909.19,2909.79,2930.44,2931.04
2020-05-12T01:00:00,2903.31,2903.91,2917.19,2917.79
2020-05-12T03:00:00,2900.94,2901.54,2915.44,2916.04
2020-05-12T05:00:00,2903.19,2903.79,2920.69,2921.29
2020-05-12T07:00:00,2909.44,2910.04,2924.81,2925.41
2020-05-12T09:00:00,2915.44,2916.04,2935.94,2936.54
2020-05-12T11:00:00,2932.19,2932.79,2942.19,2942.79
2020-05-12T13:00:00,2919.04,2919.44,2945.54,2945.94
2020-05-12T15:00:00,2922.98,2923.38,2934.73,2935.13
2020-05-12T17:00:00,2905.92,2906.32,2929.05,2929.45
2020-05-12T19:00:00,2844.2,2844.8,2914.8,2915.2
2020-05-12T21:00:00,2839.58,2840.18,2855.08,2855.68
2020-05-12T23:00:00,2831.58,2832.18,2852.08,2852.68
2020-05-13T01:00:00,2839.33,2839.93,2856.58,2857.18
2020-05-13T03:00:00,2852.58,2853.18,2865.08,2865.68
2020-05-13T05:00:00,2851.83,2852.43,2871.08,2871.68
2020-05-13T07:00:00,2852.33,2852.93,2870.33,2870.93
2020-05-13T09:00:00,2855.08,2855.68,2879.33,2879.93
2020-05-13T11:00:00,2870.58,2871.18,2882.58,2883.18
2020-05-13T13:00:00,2839.68,2840.08,2874.9,2875.3
2020-05-13T15:00:00,2799.15,2799.55,2856.9,2857.3
2020-05-13T17:00:00,2799.48,2799.88,2823.48,2823.88
2020-05-13T19:00:00,2792.23,2792.63,2825.03,2825.63
2020-05-13T21:00:00,2821.03,2821.63,2829.4,2830.0
2020-05-13T23:00:00,2809.03,2809.63,2830.28,2830.88
2020-05-14T01:00:00,2803.53,2804.13,2823.28,2823.88
2020-05-14T03:00:00,2811.28,2811.88,2824.28,2824.88
2020-05-14T05:00:00,2801.65,2802.25,2816.65,2817.25
2020-05-14T07:00:00,2807.28,2807.88,2825.28,2825.88
2020-05-14T09:00:00,2809.28,2809.88,2822.78,2823.38
2020-05-14T11:00:00,2782.53,2783.13,2818.78,2819.38
2020-05-14T13:00:00,2765.63,2766.03,2808.18,2808.58
2020-05-14T15:00:00,2792.18,2792.58,2828.56,2828.96
2020-05-14T17:00:00,2812.81,2813.21,2838.56,2838.96
2020-05-14T19:00:00,2821.56,2821.96,2859.21,2859.81
2020-05-14T21:00:00,2847.46,2848.06,2854.21,2855.38
2020-05-14T23:00:00,2847.96,2848.56,2862.96,2863.56
2020-05-15T01:00:00,2840.71,2841.31,2854.71,2855.31
2020-05-15T03:00:00,2842.96,2843.56,2858.21,2858.81
2020-05-15T05:00:00,2847.46,2848.06,2860.71,2861.31
2020-05-15T07:00:00,2852.46,2853.06,2868.46,2869.06
2020-05-15T09:00:00,2833.46,2834.06,2864.71,2865.31
2020-05-15T11:00:00,2816.46,2817.06,2835.21,2835.81
2020-05-15T13:00:00,2815.31,2815.71,2852.81,2853.21
2020-05-15T15:00:00,2820.99,2821.39,2849.82,2850.22
2020-05-15T17:00:00,2842.57,2842.97,2861.57,2861.97
2020-05-15T19:00:00,2845.82,2846.22,2865.11,2865.61
2020-05-15T21:00:00,2859.63,2861.13,2859.63,2861.13
2020-05-17T21:00:00,2855.92,2856.52,2877.92,2878.52
2020-05-17T23:00:00,2870.92,2871.52,2878.92,2879.52
2020-05-18T01:00:00,2873.04,2873.64,2888.17,2888.77
2020-05-18T03:00:00,2881.92,2882.52,2890.17,2890.77
2020-05-18T05:00:00,2879.67,2880.27,2891.42,2892.02
2020-05-18T07:00:00,2887.42,2888.02,2901.92,2902.52
2020-05-18T09:00:00,2889.92,2890.52,2900.17,2900.77
2020-05-18T11:00:00,2896.29,2896.89,2939.17,2939.77
2020-05-18T13:00:00,2929.27,2929.67,2948.88,2949.28
2020-05-18T15:00:00,2947.13,2947.53,2957.88,2958.28
2020-05-18T17:00:00,2949.46,2949.86,2962.46,2962.86
2020-05-18T19:00:00,2947.46,2948.06,2967.96,2968.36
2020-05-18T21:00:00,2945.46,2946.06,2957.96,2958.56
2020-05-18T23:00:00,2946.09,2946.69,2957.84,2958.44
2020-05-19T01:00:00,2942.59,2943.19,2951.96,2952.56
2020-05-19T03:00:00,2939.84,2940.44,2955.34,2955.94
2020-05-19T05:00:00,2947.59,2948.19,2980.34,2980.94
2020-05-19T07:00:00,2937.09,2937.69,2976.84,2977.44
2020-05-19T09:00:00,2935.34,2935.94,2949.09,2949.69
2020-05-19T11:00:00,2939.59,2940.19,2952.34,2952.94
2020-05-19T13:00:00,2936.19,2936.59,2959.44,2959.84
2020-05-19T15:00:00,2948.98,2949.38,2961.73,2962.13
2020-05-19T17:00:00,2939.5,2939.9,2964.0,2964.4
2020-05-19T19:00:00,2919.25,2919.85,2960.25,2960.65
2020-05-19T21:00:00,2913.63,2914.23,2924.13,2924.73
2020-05-19T23:00:00,2923.38,2923.98,2934.63,2935.23
2020-05-20T01:00:00,2933.13,2933.73,2942.13,2942.73
2020-05-20T03:00:00,2934.25,2934.85,2946.38,2946.98
2020-05-20T05:00:00,2930.13,2930.73,2945.63,2946.23
2020-05-20T07:00:00,2932.63,2933.23,2952.63,2953.23
2020-05-20T09:00:00,2946.75,2947.35,2959.13,2959.73
2020-05-20T11:00:00,2952.13,2952.73,2962.13,2962.73
2020-05-20T13:00:00,2957.38,2957.88,2977.23,2977.63
2020-05-20T15:00:00,2962.54,2962.94,2980.32,2980.72
2020-05-20T17:00:00,2959.79,2960.19,2975.54,2975.94
2020-05-20T19:00:00,2963.54,2963.94,2977.25,2977.85
2020-05-20T21:00:00,2970.75,2971.35,2977.75,2978.35
2020-05-20T23:00:00,2962.38,2962.98,2972.38,2972.98
2020-05-21T01:00:00,2950.38,2950.98,2967.13,2967.73
2020-05-21T03:00:00,2952.38,2952.98,2960.13,2960.73
2020-05-21T05:00:00,2951.63,2952.23,2961.88,2962.48
2020-05-21T07:00:00,2946.38,2946.98,2960.0,2960.6
2020-05-21T09:00:00,2947.88,2948.48,2958.88,2959.48
2020-05-21T11:00:00,2954.88,2955.48,2968.38,2968.98
2020-05-21T13:00:00,2954.32,2954.72,2977.67,2978.07
2020-05-21T15:00:00,2938.32,2938.72,2960.32,2960.72
2020-05-21T17:00:00,2945.17,2945.57,2959.42,2959.82
2020-05-21T19:00:00,2940.35,2941.27,2957.65,2958.05
2020-05-21T21:00:00,2938.55,2939.15,2950.3,2950.9
2020-05-21T23:00:00,2948.55,2949.15,2956.8,2957.4
2020-05-22T01:00:00,2927.67,2928.27,2953.05,2953.65
2020-05-22T03:00:00,2920.05,2920.65,2931.3,2931.9
2020-05-22T05:00:00,2914.8,2915.4,2927.55,2928.15
2020-05-22T07:00:00,2908.55,2909.15,2926.3,2926.9
2020-05-22T09:00:00,2923.3,2923.9,2933.05,2933.65
2020-05-22T11:00:00,2930.3,2930.9,2949.8,2950.4
2020-05-22T13:00:00,2933.15,2933.55,2949.8,2950.4
2020-05-22T15:00:00,2933.4,2933.8,2947.9,2948.3
2020-05-22T17:00:00,2943.65,2944.05,2954.9,2955.3
2020-05-22T19:00:00,2943.61,2944.01,2961.58,2962.18
2020-05-24T21:00:00,2954.71,2955.31,2971.83,2972.43
2020-05-24T23:00:00,2965.46,2966.06,2973.46,2974.06
2020-05-25T01:00:00,2958.71,2959.31,2969.46,2970.06
2020-05-25T03:00:00,2964.71,2965.31,2969.96,2970.56
2020-05-25T05:00:00,2967.71,2968.31,2974.21,2974.81
2020-05-25T07:00:00,2963.83,2964.43,2987.96,2988.56
2020-05-25T09:00:00,2980.96,2981.56,2989.21,2989.81
2020-05-25T11:00:00,2983.33,2983.93,2989.96,2990.56
2020-05-25T13:00:00,2987.31,2987.71,2992.81,2993.21
2020-05-25T15:00:00,2991.56,2991.96,2994.31,2994.71
2020-05-25T17:00:00,2991.54,2993.04,2992.98,2994.48
2020-05-25T19:00:00,2992.98,2994.48,2994.42,2995.92
2020-05-25T21:00:00,2987.21,2987.81,2993.83,2995.24
2020-05-25T23:00:00,2985.21,2985.81,2993.21,2993.81
2020-05-26T01:00:00,2990.46,2991.06,2999.96,3000.56
2020-05-26T03:00:00,2996.71,2997.31,3015.21,3015.81
2020-05-26T05:00:00,3006.71,3007.31,3018.33,3018.93
2020-05-26T07:00:00,3007.71,3008.31,3015.96,3016.56
2020-05-26T09:00:00,3010.46,3011.06,3019.21,3019.81
2020-05-26T11:00:00,3008.46,3009.06,3019.21,3019.81
2020-05-26T13:00:00,3005.29,3005.69,3023.96,3024.56
2020-05-26T15:00:00,2999.54,2999.94,3016.29,3016.69
2020-05-26T17:00:00,3007.92,3008.32,3015.42,3015.82
2020-05-26T19:00:00,2987.27,2987.67,3011.42,3011.82
2020-05-26T21:00:00,2991.87,2992.47,2997.62,2999.09
2020-05-26T23:00:00,2987.12,2987.72,2997.87,2998.47
2020-05-27T01:00:00,2997.24,2997.84,3011.12,3011.72
2020-05-27T03:00:00,3009.87,3010.47,3021.74,3022.34
2020-05-27T05:00:00,3011.87,3012.47,3020.12,3020.72
2020-05-27T07:00:00,3007.87,3008.47,3027.37,3027.97
2020-05-27T09:00:00,3024.12,3024.72,3038.37,3038.97
2020-05-27T11:00:00,3022.37,3022.97,3035.12,3035.72
2020-05-27T13:00:00,2969.22,2969.62,3028.12,3028.72
2020-05-27T15:00:00,2974.72,2975.12,3005.43,3005.83
2020-05-27T17:00:00,2995.73,2996.13,3018.6,3019.0
2020-05-27T19:00:00,3014.73,3015.13,3043.33,3043.93
2020-05-27T21:00:00,3034.71,3035.31,3043.21,3043.81
2020-05-27T23:00:00,3037.46,3038.06,3054.96,3055.56
2020-05-28T01:00:00,3046.46,3047.06,3056.96,3057.56
2020-05-28T03:00:00,3032.21,3032.81,3049.71,3050.31
2020-05-28T05:00:00,3036.46,3037.06,3055.08,3055.68
2020-05-28T07:00:00,3035.33,3035.93,3051.71,3052.31
2020-05-28T09:00:00,3031.96,3032.56,3048.71,3049.31
2020-05-28T11:00:00,3038.96,3039.56,3049.71,3050.31
2020-05-28T13:00:00,3034.06,3034.46,3052.71,3053.31
2020-05-28T15:00:00,3045.44,3045.84,3064.69,3065.09
2020-05-28T17:00:00,3055.4,3055.8,3069.15,3069.55
2020-05-28T19:00:00,3023.4,3023.8,3065.15,3065.55
2020-05-28T21:00:00,3032.64,3033.24,3041.64,3042.24
2020-05-28T23:00:00,3015.89,3016.49,3039.27,3039.87
2020-05-29T01:00:00,3014.27,3014.87,3036.52,3037.12
2020-05-29T03:00:00,3024.27,3024.87,3035.27,3035.87
2020-05-29T05:00:00,3021.77,3022.37,3038.02,3038.62
2020-05-29T07:00:00,3016.27,3016.87,3034.52,3035.12
2020-05-29T09:00:00,3020.02,3020.62,3036.52,3037.12
2020-05-29T11:00:00,3024.02,3024.62,3037.77,3038.37
2020-05-29T13:00:00,3006.33,3006.73,3031.37,3031.77
2020-05-29T15:00:00,2995.92,2996.32,3022.55,3022.95
2020-05-29T17:00:00,3000.8,3001.2,3036.3,3036.7
2020-05-29T19:00:00,3031.3,3031.7,3061.1,3061.7
2020-05-31T21:00:00,3011.1,3011.7,3037.23,3037.83
2020-05-31T23:00:00,3017.98,3018.58,3043.73,3044.33
2020-06-01T01:00:00,3033.23,3033.83,3050.48,3051.08
2020-06-01T03:00:00,3037.73,3038.33,3051.73,3052.33
2020-06-01T05:00:00,3039.23,3039.83,3057.23,3057.83
2020-06-01T07:00:00,3023.6,3024.2,3057.73,3058.33
2020-06-01T09:00:00,3030.23,3030.83,3043.1,3043.7
2020-06-01T11:00:00,3035.23,3035.83,3049.73,3050.33
2020-06-01T13:00:00,3030.08,3030.48,3052.58,3052.98
2020-06-01T15:00:00,3042.68,3043.08,3056.6,3057.0
2020-06-01T17:00:00,3054.85,3055.25,3061.85,3062.25
2020-06-01T19:00:00,3051.58,3052.18,3061.1,3061.5
2020-06-01T21:00:00,3045.58,3046.18,3057.58,3058.18
2020-06-01T23:00:00,3038.08,3038.68,3048.83,3049.43
2020-06-02T01:00:00,3038.08,3038.68,3048.7,3049.3
2020-06-02T03:00:00,3039.45,3040.05,3045.83,3046.43
2020-06-02T05:00:00,3044.7,3045.3,3053.83,3054.43
2020-06-02T07:00:00,3047.83,3048.43,3072.08,3072.68
2020-06-02T09:00:00,3067.83,3068.43,3078.33,3078.93
2020-06-02T11:00:00,3064.83,3065.43,3073.83,3074.43
2020-06-02T13:00:00,3054.68,3055.08,3072.68,3073.08
2020-06-02T15:00:00,3051.18,3051.58,3065.56,3065.96
2020-06-02T17:00:00,3061.81,3062.21,3071.81,3072.21
2020-06-02T19:00:00,3060.44,3060.84,3081.89,3082.49
2020-06-02T21:00:00,3077.27,3077.87,3082.27,3082.87
2020-06-02T23:00:00,3078.77,3079.37,3093.02,3093.62
2020-06-03T01:00:00,3084.02,3084.62,3095.02,3095.62
2020-06-03T03:00:00,3085.77,3086.37,3092.02,3092.62
2020-06-03T05:00:00,3088.02,3088.62,3097.52,3098.12
2020-06-03T07:00:00,3087.77,3088.37,3094.27,3094.87
2020-06-03T09:00:00,3089.52,3090.12,3098.02,3098.62
2020-06-03T11:00:00,3090.14,3090.74,3101.52,3102.12
2020-06-03T13:00:00,3098.27,3098.87,3113.35,3113.75
2020-06-03T15:00:00,3109.6,3110.0,3120.35,3120.75
2020-06-03T17:00:00,3111.35,3111.75,3123.23,3123.63
2020-06-03T19:00:00,3117.21,3117.81,3131.49,3131.89
2020-06-03T21:00:00,3113.58,3114.18,3120.58,3121.32
2020-06-03T23:00:00,3114.21,3114.81,3128.58,3129.18
2020-06-04T01:00:00,3107.46,3108.06,3120.46,3121.06
2020-06-04T03:00:00,3107.71,3108.31,3114.96,3115.56
2020-06-04T05:00:00,3107.21,3107.81,3116.71,3117.31
2020-06-04T07:00:00,3106.96,3107.56,3113.96,3114.56
2020-06-04T09:00:00,3100.83,3101.43,3109.21,3109.81
2020-06-04T11:00:00,3096.21,3096.81,3114.46,3115.06
2020-06-04T13:00:00,3101.96,3102.56,3128.56,3128.96
2020-06-04T15:00:00,3103.96,3104.36,3127.56,3127.96
2020-06-04T17:00:00,3100.46,3100.86,3115.71,3116.11
2020-06-04T19:00:00,3089.71,3090.11,3118.53,3119.13
2020-06-04T21:00:00,3113.66,3114.26,3119.53,3120.13
2020-06-04T23:00:00,3108.66,3109.26,3117.91,3118.51
2020-06-05T01:00:00,3112.91,3113.51,3123.91,3124.51
2020-06-05T03:00:00,3121.41,3122.01,3130.66,3131.26
2020-06-05T05:00:00,3126.66,3127.26,3139.66,3140.26
2020-06-05T07:00:00,3134.53,3135.13,3147.66,3148.26
2020-06-05T09:00:00,3130.41,3131.01,3143.16,3143.76
2020-06-05T11:00:00,3134.66,3135.26,3166.41,3167.01
2020-06-05T13:00:00,3160.66,3161.26,3191.19,3191.59
2020-06-05T15:00:00,3189.94,3190.34,3212.19,3212.59
2020-06-05T17:00:00,3193.25,3193.65,3206.5,3206.9
2020-06-05T19:00:00,3182.77,3183.17,3200.52,3200.92
2020-06-07T21:00:00,3189.61,3190.21,3206.36,3206.96
2020-06-07T23:00:00,3197.11,3197.71,3212.36,3212.96
2020-06-08T01:00:00,3187.86,3188.46,3199.36,3199.96
2020-06-08T03:00:00,3192.86,3193.46,3199.11,3199.71
2020-06-08T05:00:00,3189.61,3190.21,3198.11,3198.71
2020-06-08T07:00:00,3184.86,3185.46,3204.86,3205.46
2020-06-08T09:00:00,3197.11,3197.71,3208.36,3208.96
2020-06-08T11:00:00,3199.86,3200.46,3212.11,3212.71
2020-06-08T13:00:00,3195.58,3195.98,3212.36,3212.96
2020-06-08T15:00:00,3204.08,3204.48,3212.83,3213.23
2020-06-08T17:00:00,3206.66,3207.06,3220.91,3221.31
2020-06-08T19:00:00,3216.16,3216.56,3233.09,3233.49
2020-06-08T21:00:00,3223.52,3224.12,3230.39,3230.99
2020-06-08T23:00:00,3221.77,3222.37,3230.52,3231.12
2020-06-09T01:00:00,3219.02,3219.62,3227.02,3227.62
2020-06-09T03:00:00,3221.77,3222.37,3225.77,3226.37
2020-06-09T05:00:00,3222.02,3222.62,3232.52,3233.12
2020-06-09T07:00:00,3191.77,3192.37,3225.52,3226.12
2020-06-09T09:00:00,3191.77,3192.37,3204.02,3204.62
2020-06-09T11:00:00,3196.27,3196.87,3207.52,3208.12
2020-06-09T13:00:00,3192.64,3193.04,3215.64,3216.04
2020-06-09T15:00:00,3200.89,3201.29,3216.39,3216.79
2020-06-09T17:00:00,3208.57,3208.97,3221.07,3221.47
2020-06-09T19:00:00,3203.56,3204.16,3222.57,3222.97
2020-06-09T21:00:00,3205.77,3207.27,3214.44,3215.04
2020-06-09T23:00:00,3209.19,3209.79,3222.44,3223.04
2020-06-10T01:00:00,3218.44,3219.04,3229.19,3229.79
2020-06-10T03:00:00,3220.44,3221.04,3226.44,3227.04
2020-06-10T05:00:00,3214.69,3215.29,3226.94,3227.54
2020-06-10T07:00:00,3213.19,3213.79,3226.19,3226.79
2020-06-10T09:00:00,3194.94,3195.54,3213.94,3214.54
2020-06-10T11:00:00,3205.44,3206.04,3220.44,3221.04
2020-06-10T13:00:00,3181.31,3181.71,3220.69,3221.29
2020-06-10T15:00:00,3184.56,3184.96,3203.81,3204.21
2020-06-10T17:00:00,3189.21,3189.61,3222.59,3222.99
2020-06-10T19:00:00,3181.9,3182.5,3213.99,3214.39
2020-06-10T21:00:00,3169.65,3170.25,3190.15,3190.75
2020-06-10T23:00:00,3163.65,3164.25,3178.4,3179.0
2020-06-11T01:00:00,3169.9,3170.5,3182.4,3183.0
2020-06-11T03:00:00,3149.9,3150.5,3171.4,3172.0
2020-06-11T05:00:00,3139.15,3139.75,3156.15,3156.75
2020-06-11T07:00:00,3121.65,3122.25,3144.15,3144.75
2020-06-11T09:00:00,3124.15,3124.75,3146.9,3147.5
2020-06-11T11:00:00,3099.9,3100.5,3134.9,3135.5
2020-06-11T13:00:00,3087.7,3088.1,3119.18,3119.58
2020-06-11T15:00:00,3035.45,3035.85,3093.7,3094.1
2020-06-11T17:00:00,3008.43,3008.83,3056.2,3056.6
2020-06-11T19:00:00,2998.73,2999.13,3026.43,3026.83
2020-06-11T21:00:00,3004.6,3005.2,3026.48,3027.08
2020-06-11T23:00:00,3018.48,3019.08,3034.98,3035.58
2020-06-12T01:00:00,3012.98,3013.58,3046.48,3047.08
2020-06-12T03:00:00,3034.73,3035.33,3049.98,3050.58
2020-06-12T05:00:00,3028.48,3029.08,3055.23,3055.83
2020-06-12T07:00:00,3028.48,3029.08,3069.48,3070.08
2020-06-12T09:00:00,3057.23,3057.83,3075.23,3075.83
2020-06-12T11:00:00,3051.98,3052.58,3074.48,3075.08
2020-06-12T13:00:00,3024.68,3025.08,3088.83,3089.23
2020-06-12T15:00:00,3002.68,3003.08,3056.68,3057.08
2020-06-12T17:00:00,2983.65,2984.05,3037.65,3038.05
2020-06-12T19:00:00,3008.19,3008.59,3047.94,3048.34
2020-06-14T21:00:00,2981.73,2982.33,3009.48,3010.08
2020-06-14T23:00:00,2989.48,2990.08,3008.48,3009.08
2020-06-15T01:00:00,2989.48,2990.08,3004.23,3004.83
2020-06-15T03:00:00,2983.48,2984.08,3000.48,3001.08
2020-06-15T05:00:00,2936.1,2936.7,2984.73,2985.33
2020-06-15T07:00:00,2941.23,2941.83,2983.23,2983.83
2020-06-15T09:00:00,2968.35,2968.95,2993.23,2993.83
2020-06-15T11:00:00,2966.98,2967.58,2989.98,2990.58
2020-06-15T13:00:00,2964.58,2964.98,3015.09,3015.49
2020-06-15T15:00:00,3004.96,3005.36,3041.55,3041.95
2020-06-15T17:00:00,3036.05,3036.45,3080.55,3080.95
2020-06-15T19:00:00,3043.55,3043.95,3078.36,3078.96
2020-06-15T21:00:00,3072.99,3073.59,3086.99,3087.59
2020-06-15T23:00:00,3072.49,3073.09,3101.99,3102.59
2020-06-16T01:00:00,3094.36,3094.96,3125.24,3125.84
2020-06-16T03:00:00,3111.99,3112.59,3123.74,3124.34
2020-06-16T05:00:00,3097.74,3098.34,3124.49,3125.09
2020-06-16T07:00:00,3091.99,3092.59,3112.61,3113.21
2020-06-16T09:00:00,3103.61,3104.21,3118.99,3119.59
2020-06-16T11:00:00,3107.99,3108.59,3167.74,3168.34
2020-06-16T13:00:00,3088.13,3088.53,3162.49,3163.09
2020-06-16T15:00:00,3074.63,3075.03,3139.13,3139.53
2020-06-16T17:00:00,3119.17,3119.57,3140.92,3141.32
2020-06-16T19:00:00,3103.67,3104.07,3130.92,3131.32
2020-06-16T21:00:00,3110.67,3111.27,3127.12,3128.62
2020-06-16T23:00:00,3117.42,3118.02,3137.67,3138.27
2020-06-17T01:00:00,3107.67,3108.27,3134.67,3135.27
2020-06-17T03:00:00,3112.67,3113.27,3131.54,3132.14
2020-06-17T05:00:00,3117.42,3118.02,3140.92,3141.52
2020-06-17T07:00:00,3126.92,3127.52,3157.54,3158.14
2020-06-17T09:00:00,3128.17,3128.77,3153.17,3153.77
2020-06-17T11:00:00,3136.17,3136.77,3150.42,3151.02
2020-06-17T13:00:00,3109.45,3109.85,3141.92,3142.52
2020-06-17T15:00:00,3116.7,3117.1,3135.45,3135.85
2020-06-17T17:00:00,3127.57,3127.97,3141.32,3141.72
2020-06-17T19:00:00,3106.88,3107.28,3127.82,3128.22
2020-06-17T21:00:00,3108.92,3109.52,3119.42,3120.02
2020-06-17T23:00:00,3090.92,3091.52,3118.42,3119.02
2020-06-18T01:00:00,3075.92,3076.52,3101.67,3102.27
2020-06-18T03:00:00,3083.67,3084.27,3104.92,3105.52
2020-06-18T05:00:00,3092.92,3093.52,3119.92,3120.52
2020-06-18T07:00:00,3105.17,3105.77,3129.92,3130.52
2020-06-18T09:00:00,3109.42,3110.02,3130.42,3131.02
2020-06-18T11:00:00,3084.92,3085.52,3116.92,3117.52
2020-06-18T13:00:00,3091.92,3092.52,3120.43,3120.83
2020-06-18T15:00:00,3101.93,3102.33,3120.43,3120.83
2020-06-18T17:00:00,3102.43,3102.83,3117.18,3117.58
2020-06-18T19:00:00,3098.18,3098.58,3117.36,3117.76
2020-06-18T21:00:00,3108.18,3108.78,3118.56,3119.16
2020-06-18T23:00:00,3108.31,3108.91,3127.18,3127.78
2020-06-19T01:00:00,3105.81,3106.41,3118.31,3118.91
2020-06-19T03:00:00,3111.43,3112.03,3118.31,3118.91
2020-06-19T05:00:00,3111.56,3112.16,3134.93,3135.53
2020-06-19T07:00:00,3121.81,3122.41,3132.56,3133.16
2020-06-19T09:00:00,3128.06,3128.66,3141.81,3142.41
2020-06-19T11:00:00,3131.81,3132.41,3148.31,3148.91
2020-06-19T13:00:00,3131.41,3131.81,3155.56,3156.16
2020-06-19T15:00:00,3089.91,3090.31,3139.91,3140.31
2020-06-19T17:00:00,3082.49,3082.89,3114.91,3115.31
2020-06-19T19:00:00,3068.01,3068.61,3115.99,3116.39
2020-06-19T21:00:00,3068.66,3070.16,3068.66,3070.16
2020-06-21T21:00:00,3038.64,3039.24,3066.89,3067.49
2020-06-21T23:00:00,3054.39,3054.99,3070.89,3071.49
2020-06-22T01:00:00,3068.64,3069.24,3087.39,3087.99
2020-06-22T03:00:00,3081.89,3082.49,3093.39,3093.99
2020-06-22T05:00:00,3073.64,3074.24,3088.64,3089.24
2020-06-22T07:00:00,3078.64,3079.24,3103.64,3104.24
2020-06-22T09:00:00,3092.14,3092.74,3107.89,3108.49
2020-06-22T11:00:00,3085.14,3085.74,3098.14,3098.74
2020-06-22T13:00:00,3077.99,3078.39,3106.74,3107.14
2020-06-22T15:00:00,3089.08,3089.48,3118.38,3118.78
2020-06-22T17:00:00,3107.63,3108.03,3120.88,3121.28
2020-06-22T19:00:00,3103.35,3103.75,3125.6,3126.2
2020-06-22T21:00:00,3119.48,3120.08,3130.73,3131.33
2020-06-22T23:00:00,3128.23,3128.83,3136.73,3137.33
2020-06-23T01:00:00,3072.23,3072.83,3132.48,3133.08
2020-06-23T03:00:00,3117.98,3118.58,3127.23,3127.83
2020-06-23T05:00:00,3112.23,3112.83,3129.23,3129.83
2020-06-23T07:00:00,3122.23,3122.83,3145.98,3146.58
2020-06-23T09:00:00,3136.85,3137.45,3150.23,3150.83
2020-06-23T11:00:00,3142.48,3143.08,3156.73,3157.33
2020-06-23T13:00:00,3131.83,3132.23,3154.23,3154.83
2020-06-23T15:00:00,3134.58,3134.98,3152.58,3152.98
2020-06-23T17:00:00,3141.76,3142.16,3155.26,3155.66
2020-06-23T19:00:00,3122.44,3123.04,3146.26,3146.66
2020-06-23T21:00:00,3119.07,3119.67,3129.82,3130.42
2020-06-23T23:00:00,3118.32,3118.92,3135.82,3136.42
2020-06-24T01:00:00,3119.82,3120.42,3135.82,3136.42
2020-06-24T03:00:00,3126.32,3126.92,3139.07,3139.67
2020-06-24T05:00:00,3124.82,3125.42,3137.07,3137.67
2020-06-24T07:00:00,3097.07,3097.67,3135.57,3136.17
2020-06-24T09:00:00,3091.82,3092.42,3111.82,3112.42
2020-06-24T11:00:00,3104.07,3104.67,3115.82,3116.42
2020-06-24T13:00:00,3071.71,3072.11,3116.57,3117.17
2020-06-24T15:00:00,3030.71,3031.11,3078.21,3078.61
2020-06-24T17:00:00,3038.19,3038.59,3065.19,3065.59
2020-06-24T19:00:00,3046.69,3047.09,3067.19,3067.59
2020-06-24T21:00:00,3051.93,3052.53,3063.43,3064.03
2020-06-24T23:00:00,3045.43,3046.03,3066.18,3066.78
2020-06-25T01:00:00,3032.68,3033.28,3067.43,3068.03
2020-06-25T03:00:00,3036.68,3037.28,3050.18,3050.78
2020-06-25T05:00:00,3037.18,3037.78,3053.43,3054.03
2020-06-25T07:00:00,3016.93,3017.53,3058.18,3058.78
2020-06-25T09:00:00,3046.93,3047.53,3063.43,3064.03
2020-06-25T11:00:00,3029.93,3030.53,3055.18,3055.78
2020-06-25T13:00:00,3023.28,3023.68,3060.2,3060.6
2020-06-25T15:00:00,3035.7,3036.1,3063.2,3063.6
2020-06-25T17:00:00,3045.51,3045.91,3060.51,3060.91
2020-06-25T19:00:00,3050.26,3050.66,3089.89,3090.49
2020-06-25T21:00:00,3078.89,3079.49,3084.39,3085.17
2020-06-25T23:00:00,3074.14,3074.74,3090.14,3090.74
2020-06-26T01:00:00,3077.14,3077.74,3086.64,3087.24
2020-06-26T03:00:00,3076.39,3076.99,3092.14,3092.74
2020-06-26T05:00:00,3072.14,3072.74,3089.89,3090.49
2020-06-26T07:00:00,3059.39,3059.99,3078.14,3078.74
2020-06-26T09:00:00,3068.64,3069.24,3087.39,3087.99
2020-06-26T11:00:00,3068.14,3068.74,3091.14,3091.74
2020-06-26T13:00:00,3016.78,3017.18,3073.74,3074.14
2020-06-26T15:00:00,3014.53,3014.93,3038.78,3039.18
2020-06-26T17:00:00,3008.59,3008.99,3036.09,3036.49
2020-06-26T19:00:00,3004.43,3004.83,3024.93,3025.33
