2019-06-27T23:00:00,16.28,16.36,16.36,16.44
2019-06-28T01:00:00,16.36,16.44,16.46,16.54
2019-06-28T03:00:00,16.41,16.49,16.46,16.54
2019-06-28T05:00:00,16.37,16.45,16.47,16.55
2019-06-28T07:00:00,16.32,16.4,16.42,16.5
2019-06-28T09:00:00,16.34,16.42,16.4,16.48
2019-06-28T11:00:00,16.33,16.41,16.38,16.46
2019-06-28T13:00:00,16.33,16.41,16.44,16.52
2019-06-28T15:00:00,16.28,16.36,16.39,16.47
2019-06-28T17:00:00,16.31,16.39,16.39,16.47
2019-06-28T19:00:00,15.89,15.97,16.38,16.46
2019-06-30T21:00:00,15.52,15.6,15.82,15.9
2019-06-30T23:00:00,15.47,15.55,15.78,15.86
2019-07-01T01:00:00,15.7,15.78,15.8,15.88
2019-07-01T03:00:00,15.63,15.71,15.75,15.83
2019-07-01T05:00:00,15.58,15.66,15.68,15.76
2019-07-01T07:00:00,15.5,15.58,15.66,15.74
2019-07-01T09:00:00,15.59,15.67,15.66,15.74
2019-07-01T11:00:00,15.52,15.6,15.64,15.72
2019-07-01T13:00:00,15.42,15.5,15.65,15.73
2019-07-01T15:00:00,15.47,15.55,15.68,15.76
2019-07-01T17:00:00,15.6,15.68,15.78,15.86
2019-07-01T19:00:00,15.46,15.54,15.78,15.86
2019-07-01T23:00:00,15.49,15.57,15.56,15.64
2019-07-02T01:00:00,15.49,15.57,15.59,15.67
2019-07-02T03:00:00,15.49,15.57,15.55,15.63
2019-07-02T05:00:00,15.55,15.63,15.62,15.7
2019-07-02T07:00:00,15.55,15.63,15.65,15.73
2019-07-02T09:00:00,15.58,15.66,15.6,15.68
2019-07-02T11:00:00,15.54,15.62,15.59,15.67
2019-07-02T13:00:00,15.14,15.22,15.54,15.62
2019-07-02T15:00:00,15.14,15.22,15.57,15.65
2019-07-02T17:00:00,15.15,15.23,15.44,15.52
2019-07-02T19:00:00,14.88,14.96,15.17,15.25
2019-07-03T21:00:00,14.79,14.87,14.94,15.02
2019-07-03T23:00:00,14.91,14.99,14.95,15.03
2019-07-04T01:00:00,14.95,15.03,15.0,15.08
2019-07-04T03:00:00,14.95,15.03,15.0,15.08
2019-07-04T07:00:00,15.0,15.08,15.04,15.12
2019-07-04T09:00:00,15.01,15.09,15.04,15.12
2019-07-04T11:00:00,15.04,15.12,15.09,15.17
2019-07-04T13:00:00,14.96,15.04,15.04,15.12
2019-07-04T15:00:00,14.95,15.03,15.02,15.1
2019-07-04T21:00:00,15.01,15.09,15.03,15.11
2019-07-04T23:00:00,15.02,15.1,15.07,15.15
2019-07-05T01:00:00,15.02,15.1,15.07,15.15
2019-07-05T03:00:00,15.02,15.1,15.08,15.16
2019-07-05T05:00:00,15.06,15.14,15.08,15.16
2019-07-05T07:00:00,15.08,15.16,15.22,15.3
2019-07-05T09:00:00,15.18,15.26,15.23,15.31
2019-07-05T11:00:00,15.16,15.24,15.4,15.48
2019-07-05T13:00:00,15.33,15.41,15.77,15.85
2019-07-05T15:00:00,15.16,15.24,15.66,15.74
2019-07-05T17:00:00,15.01,15.09,15.26,15.34
2019-07-05T19:00:00,15.06,15.14,15.18,15.26
2019-07-07T21:00:00,15.16,15.24,15.21,15.29
2019-07-07T23:00:00,15.22,15.3,15.33,15.41
2019-07-08T01:00:00,15.22,15.3,15.4,15.48
2019-07-08T03:00:00,15.34,15.42,15.4,15.48
2019-07-08T05:00:00,15.43,15.51,15.56,15.64
2019-07-08T07:00:00,15.39,15.47,15.46,15.54
2019-07-08T09:00:00,15.46,15.54,15.51,15.59
2019-07-08T11:00:00,15.36,15.44,15.57,15.65
2019-07-08T13:00:00,15.48,15.56,15.76,15.84
2019-07-08T15:00:00,15.55,15.63,15.7,15.78
2019-07-08T17:00:00,15.52,15.6,15.65,15.73
2019-07-08T19:00:00,15.4,15.48,15.74,15.82
2019-07-08T23:00:00,15.65,15.73,15.76,15.84
2019-07-09T01:00:00,15.7,15.78,15.82,15.9
2019-07-09T03:00:00,15.82,15.9,15.99,16.07
2019-07-09T05:00:00,15.93,16.01,15.99,16.07
2019-07-09T07:00:00,15.94,16.02,16.11,16.19
2019-07-09T09:00:00,16.05,16.13,16.11,16.19
2019-07-09T11:00:00,16.05,16.13,16.1,16.18
2019-07-09T13:00:00,15.67,15.75,16.08,16.16
2019-07-09T15:00:00,15.66,15.74,15.79,15.87
2019-07-09T17:00:00,15.67,15.75,15.78,15.86
2019-07-09T19:00:00,15.67,15.75,15.77,15.85
2019-07-09T23:00:00,15.67,15.75,15.83,15.91
2019-07-10T01:00:00,15.71,15.79,15.77,15.85
2019-07-10T03:00:00,15.73,15.81,15.84,15.92
2019-07-10T05:00:00,15.78,15.86,15.9,15.98
2019-07-10T07:00:00,15.79,15.87,15.95,16.03
2019-07-10T09:00:00,15.8,15.88,15.97,16.05
2019-07-10T11:00:00,15.57,15.65,15.92,16.0
2019-07-10T13:00:00,15.27,15.35,15.58,15.66
2019-07-10T15:00:00,15.34,15.42,15.56,15.64
2019-07-10T17:00:00,15.25,15.33,15.39,15.47
2019-07-10T19:00:00,15.2,15.28,15.35,15.43
2019-07-10T23:00:00,15.21,15.29,15.32,15.4
2019-07-11T01:00:00,15.17,15.25,15.27,15.35
2019-07-11T03:00:00,15.16,15.24,15.21,15.29
2019-07-11T05:00:00,15.22,15.3,15.27,15.35
2019-07-11T07:00:00,15.23,15.31,15.31,15.39
2019-07-11T09:00:00,15.17,15.25,15.28,15.36
2019-07-11T11:00:00,15.18,15.26,15.24,15.32
2019-07-11T13:00:00,15.02,15.1,15.28,15.36
2019-07-11T15:00:00,15.02,15.1,15.18,15.26
2019-07-11T17:00:00,15.12,15.2,15.39,15.47
2019-07-11T19:00:00,15.08,15.16,15.33,15.41
2019-07-11T23:00:00,15.08,15.16,15.18,15.26
2019-07-12T01:00:00,15.08,15.16,15.14,15.22
2019-07-12T03:00:00,15.08,15.16,15.14,15.22
2019-07-12T05:00:00,15.09,15.17,15.15,15.23
2019-07-12T07:00:00,15.09,15.17,15.15,15.23
2019-07-12T09:00:00,15.06,15.14,15.15,15.23
2019-07-12T11:00:00,15.05,15.13,15.16,15.24
2019-07-12T13:00:00,15.04,15.12,15.2,15.28
2019-07-12T15:00:00,15.05,15.13,15.2,15.28
2019-07-12T17:00:00,15.01,15.09,15.11,15.19
2019-07-12T19:00:00,14.9,14.98,15.07,15.15
2019-07-14T21:00:00,15.06,15.14,15.06,15.14
2019-07-14T23:00:00,15.06,15.14,15.17,15.25
2019-07-15T01:00:00,15.02,15.1,15.22,15.3
2019-07-15T03:00:00,15.02,15.1,15.03,15.11
2019-07-15T05:00:00,15.03,15.11,15.08,15.16
2019-07-15T07:00:00,14.94,15.02,15.09,15.17
2019-07-15T09:00:00,15.04,15.12,15.1,15.18
2019-07-15T11:00:00,15.08,15.16,15.1,15.18
2019-07-15T13:00:00,15.06,15.14,15.26,15.34
2019-07-15T15:00:00,15.16,15.24,15.26,15.34
2019-07-15T17:00:00,15.12,15.2,15.22,15.3
2019-07-15T19:00:00,15.07,15.15,15.18,15.26
2019-07-15T23:00:00,15.19,15.27,15.29,15.37
2019-07-16T01:00:00,15.19,15.27,15.24,15.32
2019-07-16T07:00:00,15.14,15.22,15.19,15.27
2019-07-16T11:00:00,15.05,15.13,15.15,15.23
2019-07-16T13:00:00,14.95,15.03,15.1,15.18
2019-07-16T15:00:00,14.9,14.98,15.25,15.33
2019-07-16T17:00:00,15.06,15.14,15.31,15.39
2019-07-16T19:00:00,15.06,15.14,15.36,15.44
2019-07-16T23:00:00,15.31,15.39,15.36,15.44
2019-07-17T01:00:00,15.26,15.34,15.41,15.49
2019-07-17T03:00:00,15.22,15.3,15.32,15.4
2019-07-17T05:00:00,15.22,15.3,15.27,15.35
2019-07-17T07:00:00,15.17,15.25,15.22,15.3
2019-07-17T09:00:00,15.12,15.2,15.17,15.25
2019-07-17T11:00:00,15.03,15.11,15.22,15.3
2019-07-17T13:00:00,15.03,15.11,15.57,15.65
2019-07-17T15:00:00,15.18,15.26,15.47,15.55
2019-07-17T17:00:00,15.23,15.31,15.43,15.51
2019-07-17T19:00:00,15.33,15.41,15.83,15.91
2019-07-17T23:00:00,15.73,15.81,15.83,15.91
2019-07-18T01:00:00,15.76,15.84,15.88,15.96
2019-07-18T03:00:00,15.79,15.87,15.93,16.01
2019-07-18T05:00:00,15.86,15.94,15.98,16.06
2019-07-18T07:00:00,15.84,15.92,15.94,16.02
2019-07-18T09:00:00,15.75,15.83,15.94,16.02
2019-07-18T11:00:00,15.65,15.73,15.75,15.83
2019-07-18T13:00:00,15.55,15.63,15.75,15.83
2019-07-18T15:00:00,15.6,15.68,15.9,15.98
2019-07-18T17:00:00,15.31,15.39,15.71,15.79
2019-07-18T19:00:00,15.27,15.35,15.57,15.65
2019-07-18T23:00:00,15.26,15.34,15.42,15.5
2019-07-19T01:00:00,15.18,15.26,15.28,15.36
2019-07-19T03:00:00,15.19,15.27,15.23,15.31
2019-07-19T05:00:00,15.19,15.27,15.33,15.41
2019-07-19T07:00:00,15.19,15.27,15.33,15.41
2019-07-19T09:00:00,15.24,15.32,15.44,15.52
2019-07-19T11:00:00,15.34,15.42,15.44,15.52
2019-07-19T13:00:00,15.2,15.28,15.45,15.53
2019-07-19T15:00:00,15.2,15.28,15.5,15.58
2019-07-19T17:00:00,15.25,15.33,15.5,15.58
2019-07-19T19:00:00,15.4,15.48,15.98,16.06
2019-07-21T21:00:00,15.89,15.97,15.99,16.07
2019-07-21T23:00:00,15.84,15.92,15.89,15.97
2019-07-22T01:00:00,15.82,15.9,15.94,16.02
2019-07-22T03:00:00,15.85,15.93,15.89,15.97
2019-07-22T05:00:00,15.71,15.79,15.85,15.93
2019-07-22T07:00:00,15.67,15.75,15.81,15.89
2019-07-22T09:00:00,15.67,15.75,15.76,15.84
2019-07-22T11:00:00,15.67,15.75,15.8,15.88
2019-07-22T13:00:00,15.66,15.74,15.86,15.94
2019-07-22T15:00:00,15.54,15.62,15.82,15.9
2019-07-22T17:00:00,15.45,15.53,15.63,15.71
2019-07-22T19:00:00,15.37,15.45,15.61,15.69
2019-07-22T23:00:00,15.37,15.45,15.42,15.5
2019-07-23T01:00:00,15.33,15.41,15.42,15.5
2019-07-23T03:00:00,15.33,15.41,15.37,15.45
2019-07-23T05:00:00,15.41,15.49,15.43,15.51
2019-07-23T07:00:00,15.34,15.42,15.43,15.51
2019-07-23T09:00:00,15.33,15.41,15.38,15.46
2019-07-23T11:00:00,15.28,15.36,15.33,15.41
2019-07-23T13:00:00,15.25,15.33,15.51,15.59
2019-07-23T15:00:00,15.25,15.33,15.4,15.48
2019-07-23T17:00:00,15.08,15.16,15.26,15.34
2019-07-23T19:00:00,14.98,15.06,15.22,15.3
2019-07-23T23:00:00,15.08,15.16,15.14,15.22
2019-07-24T01:00:00,15.04,15.12,15.12,15.2
2019-07-24T05:00:00,15.06,15.14,15.1,15.18
2019-07-24T07:00:00,15.1,15.18,15.27,15.35
2019-07-24T09:00:00,15.19,15.27,15.28,15.36
2019-07-24T11:00:00,15.19,15.27,15.24,15.32
2019-07-24T13:00:00,14.83,14.91,15.21,15.29
2019-07-24T15:00:00,14.75,14.83,14.93,15.01
2019-07-24T17:00:00,14.65,14.73,14.84,14.92
2019-07-24T19:00:00,14.59,14.67,14.74,14.82
2019-07-24T23:00:00,14.75,14.83,14.76,14.84
2019-07-25T01:00:00,14.75,14.83,14.79,14.87
2019-07-25T03:00:00,14.76,14.84,14.76,14.84
2019-07-25T05:00:00,14.71,14.79,14.76,14.84
2019-07-25T07:00:00,14.71,14.79,14.8,14.88
2019-07-25T09:00:00,14.75,14.83,14.8,14.88
2019-07-25T11:00:00,14.65,14.73,14.8,14.88
2019-07-25T13:00:00,14.74,14.82,15.22,15.3
2019-07-25T15:00:00,14.96,15.04,15.41,15.49
2019-07-25T17:00:00,14.96,15.04,15.37,15.45
2019-07-25T19:00:00,14.99,15.07,15.29,15.37
2019-07-25T23:00:00,15.0,15.08,15.09,15.17
2019-07-26T01:00:00,14.99,15.07,15.04,15.12
2019-07-26T03:00:00,14.96,15.04,15.01,15.09
2019-07-26T05:00:00,15.0,15.08,15.01,15.09
2019-07-26T07:00:00,14.86,14.94,15.05,15.13
2019-07-26T09:00:00,14.83,14.91,14.92,15.0
2019-07-26T11:00:00,14.87,14.95,15.01,15.09
2019-07-26T13:00:00,14.73,14.81,14.96,15.04
2019-07-26T15:00:00,14.69,14.77,14.83,14.91
2019-07-26T17:00:00,14.7,14.78,14.78,14.86
2019-07-26T19:00:00,14.68,14.76,14.87,14.95
2019-07-28T21:00:00,14.87,14.95,14.92,15.0
2019-07-28T23:00:00,14.91,14.99,15.01,15.09
2019-07-29T01:00:00,14.96,15.04,15.04,15.12
2019-07-29T03:00:00,15.02,15.1,15.02,15.1
2019-07-29T05:00:00,15.02,15.1,15.06,15.14
2019-07-29T07:00:00,14.94,15.02,15.0,15.08
2019-07-29T09:00:00,14.92,15.0,14.98,15.06
2019-07-29T11:00:00,14.93,15.01,14.98,15.06
2019-07-29T13:00:00,14.9,14.98,15.16,15.24
2019-07-29T15:00:00,14.88,14.96,15.06,15.14
2019-07-29T17:00:00,14.91,14.99,15.01,15.09
2019-07-29T19:00:00,14.91,14.99,15.05,15.13
2019-07-29T23:00:00,14.94,15.02,14.97,15.05
2019-07-30T01:00:00,14.92,15.0,14.92,15.0
2019-07-30T03:00:00,14.92,15.0,14.98,15.06
2019-07-30T05:00:00,14.96,15.04,15.01,15.09
2019-07-30T07:00:00,15.01,15.09,15.19,15.27
2019-07-30T09:00:00,15.11,15.19,15.24,15.32
2019-07-30T11:00:00,15.17,15.25,15.43,15.51
2019-07-30T13:00:00,15.2,15.28,15.48,15.56
2019-07-30T15:00:00,15.2,15.28,15.45,15.53
2019-07-30T17:00:00,15.18,15.26,15.45,15.53
2019-07-30T19:00:00,15.31,15.39,15.62,15.7
2019-07-30T23:00:00,15.44,15.52,15.49,15.57
2019-07-31T01:00:00,15.42,15.5,15.5,15.58
2019-07-31T03:00:00,15.4,15.48,15.45,15.53
2019-07-31T05:00:00,15.4,15.48,15.53,15.61
2019-07-31T07:00:00,15.35,15.43,15.48,15.56
2019-07-31T09:00:00,15.34,15.42,15.43,15.51
2019-07-31T11:00:00,15.34,15.42,15.42,15.5
2019-07-31T13:00:00,15.39,15.47,15.62,15.7
2019-07-31T15:00:00,15.29,15.37,15.47,15.55
2019-07-31T17:00:00,15.19,15.27,16.84,16.92
2019-07-31T19:00:00,15.77,15.85,16.69,16.77
2019-07-31T23:00:00,16.52,16.6,16.67,16.75
2019-08-01T01:00:00,16.29,16.37,16.55,16.63
2019-08-01T03:00:00,16.27,16.35,16.4,16.48
2019-08-01T05:00:00,16.25,16.33,16.4,16.48
2019-08-01T07:00:00,16.07,16.15,16.4,16.48
2019-08-01T09:00:00,16.0,16.08,16.18,16.26
2019-08-01T11:00:00,16.0,16.08,16.28,16.36
2019-08-01T13:00:00,15.75,15.83,16.41,16.49
2019-08-01T15:00:00,15.66,15.74,15.91,15.99
2019-08-01T17:00:00,15.76,15.84,18.11,18.19
2019-08-01T19:00:00,16.9,16.98,17.73,17.81
2019-08-01T23:00:00,17.43,17.51,17.68,17.76
2019-08-02T01:00:00,17.38,17.46,17.65,17.73
2019-08-02T03:00:00,17.38,17.46,17.58,17.66
2019-08-02T05:00:00,17.31,17.39,17.43,17.51
2019-08-02T07:00:00,17.41,17.49,17.94,18.02
2019-08-02T09:00:00,17.4,17.48,17.81,17.89
2019-08-02T11:00:00,17.49,17.57,17.89,17.97
2019-08-02T13:00:00,17.24,17.32,18.46,18.54
2019-08-02T15:00:00,17.74,17.82,18.51,18.59
2019-08-02T17:00:00,17.86,17.94,18.41,18.49
2019-08-02T19:00:00,17.48,17.56,18.21,18.29
2019-08-04T21:00:00,17.5,17.58,17.65,17.73
2019-08-04T23:00:00,17.53,17.61,17.65,17.73
2019-08-05T01:00:00,17.48,17.56,18.4,18.48
2019-08-05T03:00:00,18.33,18.41,18.54,18.62
2019-08-05T05:00:00,18.23,18.31,18.48,18.56
2019-08-05T07:00:00,18.28,18.36,18.83,18.91
2019-08-05T09:00:00,18.54,18.62,18.92,19.0
2019-08-05T11:00:00,18.84,18.92,19.13,19.21
2019-08-05T13:00:00,18.9,18.98,19.38,19.46
2019-08-05T15:00:00,18.93,19.01,19.7,19.78
2019-08-05T17:00:00,19.24,19.32,20.1,20.18
2019-08-05T19:00:00,19.76,19.84,21.08,21.16
2019-08-05T23:00:00,21.41,21.49,22.3,22.38
2019-08-06T01:00:00,20.46,20.54,21.48,21.56
2019-08-06T03:00:00,19.49,19.57,20.65,20.73
2019-08-06T05:00:00,19.61,19.69,19.98,20.06
2019-08-06T07:00:00,19.52,19.6,19.99,20.07
2019-08-06T09:00:00,19.44,19.52,19.72,19.8
2019-08-06T11:00:00,19.43,19.51,19.83,19.91
2019-08-06T13:00:00,19.17,19.25,20.14,20.22
2019-08-06T15:00:00,19.86,19.94,20.44,20.52
2019-08-06T17:00:00,19.31,19.39,20.18,20.26
2019-08-06T19:00:00,18.97,19.05,19.6,19.68
2019-08-06T23:00:00,19.39,19.47,19.76,19.84
2019-08-07T01:00:00,19.41,19.49,20.04,20.12
2019-08-07T03:00:00,19.66,19.74,20.04,20.12
2019-08-07T05:00:00,19.39,19.47,19.85,19.93
2019-08-07T07:00:00,19.19,19.27,19.61,19.69
2019-08-07T09:00:00,19.14,19.22,19.36,19.44
2019-08-07T11:00:00,19.29,19.37,20.29,20.37
2019-08-07T13:00:00,19.53,19.61,20.73,20.81
2019-08-07T15:00:00,19.68,19.76,20.34,20.42
2019-08-07T17:00:00,19.32,19.4,19.95,20.03
2019-08-07T19:00:00,18.99,19.07,19.54,19.62
2019-08-07T23:00:00,19.09,19.17,19.45,19.53
2019-08-08T01:00:00,18.87,18.95,19.47,19.55
2019-08-08T03:00:00,18.87,18.95,19.16,19.24
2019-08-08T05:00:00,18.8,18.88,18.97,19.05
2019-08-08T07:00:00,18.87,18.95,19.34,19.42
2019-08-08T09:00:00,18.92,19.0,19.15,19.23
2019-08-08T11:00:00,18.83,18.91,19.18,19.26
2019-08-08T13:00:00,18.2,18.28,18.93,19.01
2019-08-08T15:00:00,18.09,18.17,18.42,18.5
2019-08-08T17:00:00,18.0,18.08,18.32,18.4
2019-08-08T19:00:00,17.82,17.9,18.2,18.28
2019-08-08T23:00:00,18.01,18.09,18.37,18.45
2019-08-09T01:00:00,18.07,18.15,18.25,18.33
2019-08-09T03:00:00,18.15,18.23,18.32,18.4
2019-08-09T05:00:00,18.14,18.22,18.29,18.37
2019-08-09T07:00:00,18.21,18.29,18.37,18.45
2019-08-09T09:00:00,18.24,18.32,18.49,18.57
2019-08-09T11:00:00,18.33,18.41,18.54,18.62
2019-08-09T13:00:00,18.08,18.16,18.81,18.89
2019-08-09T15:00:00,18.44,18.52,18.97,19.05
2019-08-09T17:00:00,18.21,18.29,18.63,18.71
2019-08-09T19:00:00,18.11,18.19,18.65,18.73
2019-08-11T21:00:00,18.31,18.39,18.54,18.62
2019-08-11T23:00:00,18.42,18.5,18.7,18.78
2019-08-12T01:00:00,18.4,18.48,18.64,18.72
2019-08-12T03:00:00,18.4,18.48,18.52,18.6
2019-08-12T05:00:00,18.35,18.43,18.52,18.6
2019-08-12T07:00:00,18.14,18.22,18.87,18.95
2019-08-12T09:00:00,18.76,18.84,19.1,19.18
2019-08-12T11:00:00,18.82,18.9,19.17,19.25
2019-08-12T13:00:00,18.81,18.89,19.25,19.33
2019-08-12T15:00:00,19.0,19.08,19.25,19.33
2019-08-12T17:00:00,19.15,19.23,19.97,20.05
2019-08-12T19:00:00,19.73,19.81,20.17,20.25
2019-08-12T23:00:00,19.68,19.76,19.96,20.04
2019-08-13T01:00:00,19.57,19.65,19.75,19.83
2019-08-13T03:00:00,19.63,19.71,19.74,19.82
2019-08-13T05:00:00,19.64,19.72,20.04,20.12
2019-08-13T07:00:00,19.7,19.78,20.09,20.17
2019-08-13T09:00:00,19.78,19.86,20.15,20.23
2019-08-13T11:00:00,19.77,19.85,20.26,20.34
2019-08-13T13:00:00,18.46,18.54,20.24,20.32
2019-08-13T15:00:00,18.46,18.54,19.1,19.18
2019-08-13T17:00:00,18.45,18.53,18.79,18.87
2019-08-13T19:00:00,18.36,18.44,18.66,18.74
2019-08-13T23:00:00,18.43,18.51,18.53,18.61
2019-08-14T01:00:00,18.36,18.44,18.59,18.67
2019-08-14T03:00:00,18.38,18.46,18.54,18.62
2019-08-14T05:00:00,18.38,18.46,18.49,18.57
2019-08-14T07:00:00,18.45,18.53,18.71,18.79
2019-08-14T09:00:00,18.65,18.73,19.22,19.3
2019-08-14T11:00:00,19.1,19.18,19.64,19.72
2019-08-14T13:00:00,19.35,19.43,20.11,20.19
2019-08-14T15:00:00,20.01,20.09,20.85,20.93
2019-08-14T17:00:00,20.15,20.23,20.85,20.93
2019-08-14T19:00:00,20.25,20.33,21.1,21.18
2019-08-14T23:00:00,20.21,20.29,20.7,20.78
2019-08-15T01:00:00,20.05,20.13,20.27,20.35
2019-08-15T03:00:00,20.1,20.18,20.37,20.45
2019-08-15T05:00:00,19.87,19.95,20.2,20.28
2019-08-15T07:00:00,19.92,20.0,20.36,20.44
2019-08-15T09:00:00,20.2,20.28,21.45,21.53
2019-08-15T11:00:00,20.04,20.12,21.12,21.2
2019-08-15T13:00:00,20.29,20.37,21.01,21.09
2019-08-15T15:00:00,20.25,20.33,20.79,20.87
2019-08-15T17:00:00,20.46,20.54,21.34,21.42
2019-08-15T19:00:00,20.32,20.4,20.69,20.77
2019-08-15T23:00:00,20.19,20.27,20.51,20.59
2019-08-16T01:00:00,20.13,20.21,20.29,20.37
2019-08-16T03:00:00,20.03,20.11,20.19,20.27
2019-08-16T05:00:00,19.98,20.06,20.14,20.22
2019-08-16T07:00:00,19.65,19.73,20.14,20.22
2019-08-16T09:00:00,19.65,19.73,19.82,19.9
2019-08-16T11:00:00,19.71,19.79,20.01,20.09
2019-08-16T13:00:00,19.46,19.54,20.12,20.2
2019-08-16T15:00:00,19.4,19.48,19.7,19.78
2019-08-16T17:00:00,19.46,19.54,19.62,19.7
2019-08-16T19:00:00,19.24,19.32,19.5,19.58
2019-08-18T21:00:00,18.97,19.05,19.07,19.15
2019-08-18T23:00:00,18.97,19.05,19.07,19.15
2019-08-19T01:00:00,18.92,19.0,19.02,19.1
2019-08-19T05:00:00,18.72,18.8,18.97,19.05
2019-08-19T07:00:00,18.67,18.75,18.82,18.9
2019-08-19T09:00:00,18.52,18.6,18.72,18.8
2019-08-19T11:00:00,18.37,18.45,18.62,18.7
2019-08-19T13:00:00,18.42,18.5,18.63,18.71
2019-08-19T15:00:00,18.28,18.36,18.48,18.56
2019-08-19T17:00:00,18.08,18.16,18.33,18.41
2019-08-19T19:00:00,17.93,18.01,18.18,18.26
2019-08-19T23:00:00,18.04,18.12,18.29,18.37
2019-08-20T01:00:00,18.09,18.17,18.34,18.42
2019-08-20T03:00:00,18.04,18.12,18.09,18.17
2019-08-20T05:00:00,17.94,18.02,18.09,18.17
2019-08-20T07:00:00,17.94,18.02,18.09,18.17
2019-08-20T09:00:00,18.04,18.12,18.19,18.27
2019-08-20T11:00:00,18.04,18.12,18.24,18.32
2019-08-20T13:00:00,18.09,18.17,18.49,18.57
2019-08-20T15:00:00,18.04,18.12,18.29,18.37
2019-08-20T17:00:00,18.09,18.17,18.54,18.62
2019-08-20T19:00:00,18.29,18.37,18.59,18.67
2019-08-20T23:00:00,18.29,18.37,18.47,18.55
2019-08-21T01:00:00,18.25,18.33,18.4,18.48
2019-08-21T03:00:00,18.25,18.33,18.35,18.43
2019-08-21T05:00:00,18.15,18.23,18.27,18.35
2019-08-21T07:00:00,17.81,17.89,18.22,18.3
2019-08-21T09:00:00,17.81,17.89,17.91,17.99
2019-08-21T11:00:00,17.66,17.74,17.95,18.03
2019-08-21T13:00:00,17.51,17.59,17.86,17.94
2019-08-21T15:00:00,17.61,17.69,17.76,17.84
2019-08-21T17:00:00,17.62,17.7,17.77,17.85
2019-08-21T19:00:00,17.33,17.41,17.72,17.8
2019-08-21T23:00:00,17.33,17.41,17.48,17.56
2019-08-22T01:00:00,17.43,17.51,17.57,17.65
2019-08-22T03:00:00,17.52,17.6,17.58,17.66
2019-08-22T05:00:00,17.53,17.61,17.63,17.71
2019-08-22T07:00:00,17.34,17.42,17.67,17.75
2019-08-22T09:00:00,17.58,17.66,17.77,17.85
2019-08-22T11:00:00,17.34,17.42,17.7,17.78
2019-08-22T13:00:00,17.34,17.42,18.36,18.44
2019-08-22T15:00:00,17.83,17.91,18.31,18.39
2019-08-22T17:00:00,17.78,17.86,18.07,18.15
2019-08-22T19:00:00,17.73,17.81,18.03,18.11
2019-08-22T23:00:00,17.73,17.81,17.92,18.0
2019-08-23T01:00:00,17.64,17.72,17.82,17.9
2019-08-23T03:00:00,17.64,17.72,17.73,17.81
2019-08-23T05:00:00,17.64,17.72,17.73,17.81
2019-08-23T07:00:00,17.59,17.67,17.73,17.81
2019-08-23T09:00:00,17.64,17.72,17.78,17.86
2019-08-23T11:00:00,17.69,17.77,18.6,18.68
2019-08-23T13:00:00,17.69,17.77,18.7,18.78
2019-08-23T15:00:00,17.94,18.02,19.88,19.96
2019-08-23T17:00:00,19.56,19.64,19.99,20.07
2019-08-23T19:00:00,19.61,19.69,20.47,20.55
2019-08-25T21:00:00,20.47,20.55,20.95,21.03
2019-08-25T23:00:00,20.02,20.1,20.72,20.8
2019-08-26T01:00:00,19.65,19.73,20.21,20.29
2019-08-26T03:00:00,19.74,19.82,19.97,20.05
2019-08-26T05:00:00,19.41,19.49,20.11,20.19
2019-08-26T07:00:00,19.0,19.08,19.8,19.88
2019-08-26T09:00:00,18.82,18.9,19.46,19.54
2019-08-26T11:00:00,18.94,19.02,19.41,19.49
2019-08-26T13:00:00,19.04,19.12,20.09,20.17
2019-08-26T15:00:00,19.51,19.59,19.9,19.98
2019-08-26T17:00:00,19.54,19.62,19.91,19.99
2019-08-26T19:00:00,19.31,19.39,19.95,20.03
2019-08-26T23:00:00,19.44,19.52,19.61,19.69
2019-08-27T01:00:00,19.29,19.37,19.56,19.64
2019-08-27T03:00:00,19.29,19.37,19.42,19.5
2019-08-27T05:00:00,19.4,19.48,19.7,19.78
2019-08-27T07:00:00,19.56,19.64,19.8,19.88
2019-08-27T09:00:00,19.34,19.42,19.7,19.78
2019-08-27T11:00:00,19.11,19.19,19.34,19.42
2019-08-27T13:00:00,19.1,19.18,19.62,19.7
2019-08-27T15:00:00,19.45,19.53,20.38,20.46
2019-08-27T17:00:00,19.77,19.85,20.37,20.45
2019-08-27T19:00:00,19.67,19.75,20.09,20.17
2019-08-27T23:00:00,19.64,19.72,19.96,20.04
2019-08-28T01:00:00,19.64,19.72,19.87,19.95
2019-08-28T03:00:00,19.65,19.73,19.79,19.87
2019-08-28T05:00:00,19.65,19.73,19.74,19.82
2019-08-28T07:00:00,19.72,19.8,20.11,20.19
2019-08-28T09:00:00,19.89,19.97,20.11,20.19
2019-08-28T11:00:00,19.97,20.05,20.46,20.54
2019-08-28T13:00:00,19.9,19.98,20.64,20.72
2019-08-28T15:00:00,19.68,19.76,20.07,20.15
2019-08-28T17:00:00,19.55,19.63,19.92,20.0
2019-08-28T19:00:00,19.41,19.49,19.82,19.9
2019-08-28T23:00:00,19.45,19.53,19.58,19.66
2019-08-29T01:00:00,19.57,19.65,19.85,19.93
2019-08-29T03:00:00,19.67,19.75,19.8,19.88
2019-08-29T05:00:00,19.59,19.67,19.72,19.8
2019-08-29T07:00:00,19.09,19.17,19.72,19.8
2019-08-29T09:00:00,18.91,18.99,19.1,19.18
2019-08-29T11:00:00,18.67,18.75,18.94,19.02
2019-08-29T13:00:00,18.59,18.67,19.07,19.15
2019-08-29T15:00:00,18.46,18.54,18.73,18.81
2019-08-29T17:00:00,18.49,18.57,18.63,18.71
2019-08-29T19:00:00,18.48,18.56,18.74,18.82
2019-08-29T23:00:00,18.68,18.76,18.81,18.89
2019-08-30T01:00:00,18.55,18.63,18.77,18.85
2019-08-30T03:00:00,18.55,18.63,18.6,18.68
2019-08-30T05:00:00,18.64,18.72,18.8,18.88
2019-08-30T07:00:00,18.33,18.41,18.77,18.85
2019-08-30T09:00:00,18.3,18.38,18.38,18.46
2019-08-30T11:00:00,18.3,18.38,18.43,18.51
2019-08-30T13:00:00,18.3,18.38,18.71,18.79
2019-08-30T15:00:00,18.68,18.76,19.23,19.31
2019-08-30T17:00:00,18.73,18.81,19.04,19.12
2019-08-30T19:00:00,18.7,18.78,19.07,19.15
2019-09-01T21:00:00,19.3,19.38,19.46,19.54
2019-09-01T23:00:00,19.1,19.18,19.36,19.44
2019-09-02T01:00:00,19.03,19.11,19.22,19.3
2019-09-02T03:00:00,19.1,19.18,19.23,19.31
2019-09-02T05:00:00,19.05,19.13,19.2,19.28
2019-09-02T07:00:00,19.03,19.11,19.17,19.25
2019-09-02T09:00:00,18.78,18.86,19.11,19.19
2019-09-02T11:00:00,18.78,18.86,18.98,19.06
2019-09-02T13:00:00,18.93,19.01,19.13,19.21
2019-09-02T15:00:00,18.96,19.04,19.13,19.21
2019-09-02T21:00:00,19.16,19.24,19.46,19.54
2019-09-02T23:00:00,19.21,19.29,19.36,19.44
2019-09-03T01:00:00,19.01,19.09,19.36,19.44
2019-09-03T03:00:00,19.09,19.17,19.22,19.3
2019-09-03T05:00:00,19.06,19.14,19.46,19.54
2019-09-03T07:00:00,19.21,19.29,19.59,19.67
2019-09-03T09:00:00,19.29,19.37,19.61,19.69
2019-09-03T11:00:00,19.2,19.28,19.46,19.54
2019-09-03T13:00:00,19.19,19.27,19.8,19.88
2019-09-03T15:00:00,19.33,19.41,19.7,19.78
2019-09-03T17:00:00,19.61,19.69,19.78,19.86
2019-09-03T19:00:00,19.49,19.57,19.81,19.89
2019-09-03T23:00:00,19.44,19.52,19.51,19.59
2019-09-04T01:00:00,19.27,19.35,19.46,19.54
2019-09-04T03:00:00,19.07,19.15,19.32,19.4
2019-09-04T05:00:00,18.9,18.98,19.14,19.22
2019-09-04T07:00:00,18.75,18.83,19.02,19.1
2019-09-04T09:00:00,18.81,18.89,18.93,19.01
2019-09-04T11:00:00,18.79,18.87,18.91,18.99
2019-09-04T13:00:00,18.76,18.84,19.2,19.28
2019-09-04T15:00:00,18.73,18.81,18.95,19.03
2019-09-04T17:00:00,18.67,18.75,18.88,18.96
2019-09-04T19:00:00,18.38,18.46,18.71,18.79
2019-09-04T23:00:00,18.26,18.34,18.5,18.58
2019-09-05T01:00:00,17.85,17.93,18.38,18.46
2019-09-05T03:00:00,17.92,18.0,18.04,18.12
2019-09-05T05:00:00,17.87,17.95,18.21,18.29
2019-09-05T07:00:00,18.05,18.13,18.29,18.37
2019-09-05T09:00:00,17.98,18.06,18.15,18.23
2019-09-05T11:00:00,18.0,18.08,18.07,18.15
2019-09-05T13:00:00,17.69,17.77,18.05,18.13
2019-09-05T15:00:00,17.59,17.67,17.86,17.94
2019-09-05T17:00:00,17.72,17.8,17.89,17.97
2019-09-05T19:00:00,17.63,17.71,17.93,18.01
2019-09-05T23:00:00,17.69,17.77,17.81,17.89
2019-09-06T01:00:00,17.7,17.78,17.84,17.92
2019-09-06T03:00:00,17.77,17.85,17.84,17.92
2019-09-06T05:00:00,17.77,17.85,17.89,17.97
2019-09-06T07:00:00,17.72,17.8,17.87,17.95
2019-09-06T09:00:00,17.66,17.74,17.75,17.83
2019-09-06T11:00:00,17.49,17.57,17.68,17.76
2019-09-06T13:00:00,17.5,17.58,17.73,17.81
2019-09-06T15:00:00,17.48,17.56,17.65,17.73
2019-09-06T17:00:00,17.33,17.41,17.55,17.63
2019-09-06T19:00:00,17.15,17.23,17.37,17.45
2019-09-08T21:00:00,17.24,17.32,17.34,17.42
2019-09-08T23:00:00,17.23,17.31,17.36,17.44
2019-09-09T01:00:00,17.23,17.31,17.35,17.43
2019-09-09T03:00:00,17.29,17.37,17.35,17.43
2019-09-09T05:00:00,17.29,17.37,17.34,17.42
2019-09-09T07:00:00,17.29,17.37,17.4,17.48
2019-09-09T09:00:00,17.2,17.28,17.25,17.33
2019-09-09T11:00:00,17.14,17.22,17.2,17.28
2019-09-09T13:00:00,17.08,17.16,17.31,17.39
2019-09-09T15:00:00,17.13,17.21,17.74,17.82
2019-09-09T17:00:00,17.49,17.57,17.69,17.77
2019-09-09T19:00:00,17.27,17.35,17.6,17.68
2019-09-09T23:00:00,17.21,17.29,17.31,17.39
2019-09-10T01:00:00,17.23,17.31,17.49,17.57
2019-09-10T03:00:00,17.44,17.52,17.51,17.59
2019-09-10T05:00:00,17.5,17.58,17.61,17.69
2019-09-10T07:00:00,17.45,17.53,17.79,17.87
2019-09-10T09:00:00,17.56,17.64,17.78,17.86
2019-09-10T11:00:00,17.5,17.58,17.66,17.74
2019-09-10T13:00:00,17.46,17.54,17.81,17.89
2019-09-10T15:00:00,17.26,17.34,17.65,17.73
2019-09-10T17:00:00,17.3,17.38,17.61,17.69
2019-09-10T19:00:00,17.28,17.36,17.56,17.64
2019-09-10T23:00:00,17.39,17.47,17.45,17.53
2019-09-11T01:00:00,17.4,17.48,17.46,17.54
2019-09-11T03:00:00,17.2,17.28,17.36,17.44
2019-09-11T05:00:00,17.25,17.33,17.4,17.48
2019-09-11T07:00:00,17.25,17.33,17.41,17.49
2019-09-11T09:00:00,17.32,17.4,17.42,17.5
2019-09-11T11:00:00,17.3,17.38,17.42,17.5
2019-09-11T13:00:00,17.04,17.12,17.37,17.45
2019-09-11T15:00:00,17.01,17.09,17.14,17.22
2019-09-11T17:00:00,17.02,17.1,17.18,17.26
2019-09-11T19:00:00,16.95,17.03,17.2,17.28
2019-09-11T23:00:00,16.79,16.87,17.02,17.1
2019-09-12T01:00:00,16.85,16.93,16.97,17.05
2019-09-12T03:00:00,16.86,16.94,16.97,17.05
2019-09-12T05:00:00,16.92,17.0,17.04,17.12
2019-09-12T07:00:00,16.97,17.05,17.09,17.17
2019-09-12T09:00:00,17.04,17.12,17.11,17.19
2019-09-12T11:00:00,16.87,16.95,17.17,17.25
2019-09-12T13:00:00,16.64,16.72,17.07,17.15
2019-09-12T15:00:00,16.64,16.72,17.02,17.1
2019-09-12T17:00:00,16.63,16.71,16.74,16.82
2019-09-12T19:00:00,16.59,16.67,16.76,16.84
2019-09-12T23:00:00,16.65,16.73,16.74,16.82
2019-09-13T01:00:00,16.65,16.73,16.71,16.79
2019-09-13T03:00:00,16.62,16.7,16.66,16.74
2019-09-13T05:00:00,16.62,16.7,16.67,16.75
2019-09-13T07:00:00,16.51,16.59,16.67,16.75
2019-09-13T09:00:00,16.51,16.59,16.62,16.7
2019-09-13T11:00:00,16.47,16.55,16.67,16.75
2019-09-13T13:00:00,16.42,16.5,16.75,16.83
2019-09-13T15:00:00,16.41,16.49,16.62,16.7
2019-09-13T17:00:00,16.53,16.61,16.73,16.81
2019-09-13T19:00:00,16.52,16.6,16.79,16.87
2019-09-15T21:00:00,16.91,16.99,17.21,17.29
2019-09-15T23:00:00,17.01,17.09,17.32,17.4
2019-09-16T01:00:00,17.22,17.3,17.32,17.4
2019-09-16T03:00:00,17.17,17.25,17.28,17.36
2019-09-16T05:00:00,17.13,17.21,17.28,17.36
2019-09-16T07:00:00,17.08,17.16,17.24,17.32
2019-09-16T09:00:00,17.14,17.22,17.3,17.38
2019-09-16T11:00:00,17.05,17.13,17.25,17.33
2019-09-16T13:00:00,16.81,16.89,17.21,17.29
2019-09-16T15:00:00,16.86,16.94,17.12,17.2
2019-09-16T17:00:00,16.92,17.0,17.12,17.2
2019-09-16T19:00:00,16.92,17.0,17.23,17.31
2019-09-16T23:00:00,17.14,17.22,17.19,17.27
2019-09-17T01:00:00,17.14,17.22,17.31,17.39
2019-09-17T03:00:00,17.24,17.32,17.29,17.37
2019-09-17T05:00:00,17.24,17.32,17.34,17.42
2019-09-17T07:00:00,17.17,17.25,17.34,17.42
2019-09-17T09:00:00,17.25,17.33,17.35,17.43
2019-09-17T11:00:00,17.2,17.28,17.35,17.43
2019-09-17T13:00:00,17.15,17.23,17.35,17.43
2019-09-17T15:00:00,17.15,17.23,17.41,17.49
2019-09-17T17:00:00,17.26,17.34,17.36,17.44
2019-09-17T19:00:00,17.06,17.14,17.31,17.39
2019-09-17T23:00:00,17.07,17.15,17.12,17.2
2019-09-18T01:00:00,17.12,17.2,17.17,17.25
2019-09-18T03:00:00,17.12,17.2,17.22,17.3
2019-09-18T05:00:00,17.17,17.25,17.22,17.3
2019-09-18T07:00:00,17.13,17.21,17.18,17.26
2019-09-18T09:00:00,17.13,17.21,17.18,17.26
2019-09-18T11:00:00,16.98,17.06,17.18,17.26
2019-09-18T13:00:00,16.89,16.97,17.13,17.21
2019-09-18T15:00:00,16.89,16.97,17.09,17.17
2019-09-18T17:00:00,16.85,16.93,17.39,17.47
2019-09-18T19:00:00,16.41,16.49,17.14,17.22
2019-09-18T23:00:00,16.47,16.55,16.57,16.65
2019-09-19T01:00:00,16.47,16.55,16.67,16.75
2019-09-19T03:00:00,16.62,16.7,16.77,16.85
2019-09-19T05:00:00,16.68,16.76,16.77,16.85
2019-09-19T07:00:00,16.53,16.61,16.92,17.0
2019-09-19T09:00:00,16.58,16.66,16.73,16.81
2019-09-19T11:00:00,16.34,16.42,16.68,16.76
2019-09-19T13:00:00,16.1,16.18,16.4,16.48
2019-09-19T15:00:00,16.06,16.14,16.36,16.44
2019-09-19T17:00:00,16.16,16.24,16.42,16.5
2019-09-19T19:00:00,16.27,16.35,16.47,16.55
2019-09-19T23:00:00,16.28,16.36,16.43,16.51
2019-09-20T01:00:00,16.33,16.41,16.38,16.46
2019-09-20T03:00:00,16.33,16.41,16.34,16.42
2019-09-20T05:00:00,16.29,16.37,16.43,16.51
2019-09-20T07:00:00,16.24,16.32,16.34,16.42
2019-09-20T09:00:00,16.2,16.28,16.3,16.38
2019-09-20T11:00:00,16.2,16.28,16.3,16.38
2019-09-20T13:00:00,16.15,16.23,16.45,16.53
2019-09-20T15:00:00,16.21,16.29,16.57,16.65
2019-09-20T17:00:00,16.51,16.59,17.38,17.46
2019-09-20T19:00:00,16.86,16.94,17.43,17.54
2019-09-22T21:00:00,16.94,17.02,17.21,17.29
2019-09-22T23:00:00,16.94,17.02,17.04,17.12
2019-09-23T01:00:00,16.95,17.03,17.09,17.17
2019-09-23T03:00:00,17.0,17.08,17.05,17.13
2019-09-23T05:00:00,16.96,17.04,17.07,17.15
2019-09-23T07:00:00,16.94,17.02,17.53,17.61
2019-09-23T09:00:00,17.14,17.22,17.51,17.59
2019-09-23T11:00:00,17.19,17.27,17.39,17.47
2019-09-23T13:00:00,17.11,17.19,17.43,17.51
2019-09-23T15:00:00,16.99,17.07,17.26,17.34
2019-09-23T17:00:00,16.99,17.07,17.09,17.17
2019-09-23T19:00:00,16.94,17.02,17.24,17.32
2019-09-23T23:00:00,16.81,16.89,16.98,17.06
2019-09-24T01:00:00,16.81,16.89,16.92,17.0
2019-09-24T03:00:00,16.82,16.9,16.96,17.04
2019-09-24T05:00:00,16.82,16.9,16.96,17.04
2019-09-24T07:00:00,16.82,16.9,16.88,16.96
2019-09-24T09:00:00,16.74,16.82,16.83,16.91
2019-09-24T11:00:00,16.73,16.81,16.87,16.95
2019-09-24T13:00:00,16.79,16.87,17.2,17.28
2019-09-24T15:00:00,17.16,17.24,18.17,18.25
2019-09-24T17:00:00,17.36,17.44,18.14,18.22
2019-09-24T19:00:00,17.7,17.78,18.16,18.24
2019-09-24T23:00:00,17.78,17.86,18.0,18.08
2019-09-25T01:00:00,17.73,17.81,17.92,18.0
2019-09-25T03:00:00,17.75,17.83,17.84,17.92
2019-09-25T05:00:00,17.79,17.87,17.97,18.05
2019-09-25T07:00:00,17.87,17.95,18.3,18.38
2019-09-25T09:00:00,18.11,18.19,18.33,18.41
2019-09-25T11:00:00,18.06,18.14,18.25,18.33
2019-09-25T13:00:00,17.88,17.96,18.64,18.72
2019-09-25T15:00:00,17.77,17.85,18.12,18.2
2019-09-25T17:00:00,17.67,17.75,17.97,18.05
2019-09-25T19:00:00,17.53,17.61,17.8,17.88
2019-09-25T23:00:00,17.56,17.64,17.69,17.77
2019-09-26T01:00:00,17.64,17.72,17.73,17.81
2019-09-26T03:00:00,17.68,17.76,17.73,17.81
2019-09-26T05:00:00,17.68,17.76,17.82,17.9
2019-09-26T07:00:00,17.37,17.45,17.77,17.85
2019-09-26T09:00:00,17.41,17.49,17.51,17.59
2019-09-26T11:00:00,17.46,17.54,17.66,17.74
2019-09-26T13:00:00,17.61,17.69,18.11,18.19
2019-09-26T15:00:00,17.88,17.96,18.18,18.26
2019-09-26T17:00:00,17.77,17.85,18.15,18.23
2019-09-26T19:00:00,17.67,17.75,18.02,18.1
2019-09-26T23:00:00,17.83,17.91,17.96,18.04
2019-09-27T01:00:00,17.88,17.96,18.05,18.13
2019-09-27T03:00:00,17.92,18.0,17.97,18.05
2019-09-27T05:00:00,17.74,17.82,17.9,17.98
2019-09-27T07:00:00,17.61,17.69,17.82,17.9
2019-09-27T09:00:00,17.52,17.6,17.7,17.78
2019-09-27T11:00:00,17.57,17.65,17.72,17.8
2019-09-27T13:00:00,17.59,17.67,17.98,18.06
2019-09-27T15:00:00,17.56,17.64,18.5,18.58
2019-09-27T17:00:00,18.22,18.3,18.86,18.94
2019-09-27T19:00:00,18.25,18.33,18.73,18.81
2019-09-29T21:00:00,18.09,18.17,18.4,18.48
2019-09-29T23:00:00,18.2,18.28,18.31,18.39
2019-09-30T01:00:00,18.05,18.13,18.23,18.31
2019-09-30T03:00:00,18.05,18.13,18.18,18.26
2019-09-30T05:00:00,18.06,18.14,18.23,18.31
2019-09-30T07:00:00,18.01,18.09,18.19,18.27
2019-09-30T09:00:00,18.01,18.09,18.17,18.25
2019-09-30T11:00:00,18.09,18.17,18.37,18.45
2019-09-30T13:00:00,17.95,18.03,18.38,18.46
2019-09-30T15:00:00,17.8,17.88,18.07,18.15
2019-09-30T17:00:00,17.77,17.85,17.93,18.01
2019-09-30T19:00:00,17.66,17.74,18.03,18.11
2019-09-30T23:00:00,17.59,17.67,17.71,17.79
2019-10-01T01:00:00,17.44,17.52,17.56,17.64
2019-10-01T03:00:00,17.47,17.55,17.53,17.61
2019-10-01T05:00:00,17.45,17.53,17.55,17.63
2019-10-01T07:00:00,17.4,17.48,17.7,17.78
2019-10-01T09:00:00,17.58,17.66,17.71,17.79
2019-10-01T11:00:00,17.54,17.62,17.78,17.86
2019-10-01T13:00:00,17.46,17.54,18.3,18.38
2019-10-01T15:00:00,18.11,18.19,18.63,18.71
2019-10-01T17:00:00,18.41,18.49,18.68,18.76
2019-10-01T19:00:00,18.44,18.52,18.93,19.01
2019-10-01T23:00:00,18.49,18.57,18.72,18.8
2019-10-02T01:00:00,18.54,18.62,18.65,18.73
2019-10-02T03:00:00,18.55,18.63,18.65,18.73
2019-10-02T05:00:00,18.59,18.67,18.76,18.84
2019-10-02T07:00:00,18.67,18.75,19.24,19.32
2019-10-02T09:00:00,19.07,19.15,19.36,19.44
2019-10-02T11:00:00,19.07,19.15,19.35,19.43
2019-10-02T13:00:00,19.26,19.34,19.98,20.06
2019-10-02T15:00:00,19.71,19.79,20.25,20.33
2019-10-02T17:00:00,19.64,19.72,20.23,20.31
2019-10-02T19:00:00,19.55,19.63,20.14,20.22
2019-10-02T23:00:00,19.72,19.8,19.89,19.97
2019-10-03T01:00:00,19.58,19.66,19.77,19.85
2019-10-03T03:00:00,19.61,19.69,19.75,19.83
2019-10-03T05:00:00,19.58,19.66,19.87,19.95
2019-10-03T07:00:00,19.54,19.62,19.75,19.83
2019-10-03T09:00:00,19.59,19.67,19.8,19.88
2019-10-03T11:00:00,19.7,19.78,20.0,20.08
2019-10-03T13:00:00,19.78,19.86,20.51,20.59
2019-10-03T15:00:00,19.41,19.49,20.0,20.08
2019-10-03T17:00:00,19.35,19.43,19.59,19.67
2019-10-03T19:00:00,19.13,19.21,19.62,19.7
2019-10-03T23:00:00,19.19,19.27,19.37,19.45
2019-10-04T01:00:00,19.25,19.33,19.35,19.43
2019-10-04T03:00:00,19.23,19.31,19.35,19.43
2019-10-04T05:00:00,19.11,19.19,19.42,19.5
2019-10-04T07:00:00,19.3,19.38,19.51,19.59
2019-10-04T09:00:00,19.44,19.52,19.66,19.74
2019-10-04T11:00:00,18.97,19.05,19.58,19.66
2019-10-04T13:00:00,18.74,18.82,19.17,19.25
2019-10-04T15:00:00,18.69,18.77,18.98,19.06
2019-10-04T17:00:00,18.43,18.51,18.74,18.82
2019-10-04T19:00:00,18.21,18.29,18.48,18.56
2019-10-06T21:00:00,18.59,18.67,18.71,18.79
2019-10-06T23:00:00,18.47,18.55,18.69,18.77
2019-10-07T01:00:00,18.58,18.66,18.75,18.83
2019-10-07T03:00:00,18.54,18.62,18.62,18.7
2019-10-07T05:00:00,18.54,18.62,18.6,18.68
2019-10-07T07:00:00,18.54,18.62,18.71,18.79
2019-10-07T09:00:00,18.54,18.62,18.69,18.77
2019-10-07T11:00:00,18.56,18.64,18.66,18.74
2019-10-07T13:00:00,18.35,18.43,18.77,18.85
2019-10-07T15:00:00,18.21,18.29,18.4,18.48
2019-10-07T17:00:00,18.11,18.19,18.72,18.8
2019-10-07T19:00:00,18.38,18.46,18.68,18.76
2019-10-07T23:00:00,18.44,18.52,18.6,18.68
2019-10-08T01:00:00,18.33,18.41,18.49,18.57
2019-10-08T03:00:00,18.27,18.35,18.33,18.41
2019-10-08T05:00:00,18.32,18.4,18.39,18.47
2019-10-08T07:00:00,18.39,18.47,18.67,18.75
2019-10-08T09:00:00,18.61,18.69,19.09,19.17
2019-10-08T11:00:00,19.03,19.11,19.28,19.36
2019-10-08T13:00:00,18.98,19.06,19.54,19.62
2019-10-08T15:00:00,19.12,19.2,19.57,19.65
2019-10-08T17:00:00,19.0,19.08,19.39,19.47
2019-10-08T19:00:00,19.17,19.25,20.03,20.11
2019-10-08T23:00:00,19.59,19.67,19.98,20.06
2019-10-09T01:00:00,19.49,19.57,19.62,19.7
2019-10-09T03:00:00,19.53,19.61,19.7,19.78
2019-10-09T05:00:00,19.59,19.67,19.76,19.84
2019-10-09T07:00:00,19.49,19.57,19.75,19.83
2019-10-09T09:00:00,19.2,19.28,19.54,19.62
2019-10-09T11:00:00,19.24,19.32,19.5,19.58
2019-10-09T13:00:00,19.24,19.32,19.67,19.75
2019-10-09T15:00:00,19.22,19.3,19.51,19.59
2019-10-09T17:00:00,19.03,19.11,19.36,19.44
2019-10-09T19:00:00,18.88,18.96,19.31,19.39
2019-10-09T23:00:00,19.24,19.32,19.96,20.04
2019-10-10T01:00:00,19.17,19.25,19.73,19.81
2019-10-10T03:00:00,19.34,19.42,19.49,19.57
2019-10-10T05:00:00,19.34,19.42,19.49,19.57
2019-10-10T07:00:00,19.29,19.37,19.67,19.75
2019-10-10T09:00:00,19.23,19.31,19.45,19.53
2019-10-10T11:00:00,19.25,19.33,19.52,19.6
2019-10-10T13:00:00,18.62,18.7,19.36,19.44
2019-10-10T15:00:00,18.61,18.69,18.94,19.02
2019-10-10T17:00:00,18.66,18.74,19.04,19.12
2019-10-10T19:00:00,18.34,18.42,18.94,19.02
2019-10-10T23:00:00,18.46,18.54,18.62,18.7
2019-10-11T01:00:00,18.46,18.54,18.61,18.69
2019-10-11T03:00:00,18.4,18.48,18.51,18.59
2019-10-11T05:00:00,18.35,18.43,18.52,18.6
2019-10-11T07:00:00,18.14,18.22,18.52,18.6
2019-10-11T09:00:00,18.07,18.15,18.19,18.27
2019-10-11T11:00:00,18.08,18.16,18.2,18.28
2019-10-11T13:00:00,17.75,17.83,18.15,18.23
2019-10-11T15:00:00,17.73,17.81,18.21,18.29
2019-10-11T17:00:00,17.49,17.57,17.92,18.0
2019-10-11T19:00:00,17.35,17.43,17.79,17.87
2019-10-13T21:00:00,17.75,17.83,17.91,17.99
2019-10-13T23:00:00,17.66,17.74,17.86,17.94
2019-10-14T01:00:00,17.76,17.84,18.04,18.12
2019-10-14T03:00:00,17.72,17.8,17.82,17.9
2019-10-14T05:00:00,17.73,17.81,17.83,17.91
2019-10-14T07:00:00,17.73,17.81,17.99,18.07
2019-10-14T09:00:00,17.89,17.97,18.2,18.28
2019-10-14T11:00:00,17.85,17.93,18.0,18.08
2019-10-14T13:00:00,17.6,17.68,18.01,18.09
2019-10-14T15:00:00,17.51,17.59,17.61,17.69
2019-10-14T17:00:00,17.47,17.55,17.61,17.69
2019-10-14T19:00:00,17.23,17.31,17.52,17.6
2019-10-14T23:00:00,17.19,17.27,17.34,17.42
2019-10-15T01:00:00,17.19,17.27,17.29,17.37
2019-10-15T03:00:00,17.19,17.27,17.24,17.32
2019-10-15T05:00:00,17.04,17.12,17.24,17.32
2019-10-15T07:00:00,17.09,17.17,17.19,17.27
2019-10-15T09:00:00,17.09,17.17,17.24,17.32
2019-10-15T11:00:00,17.09,17.17,17.24,17.32
2019-10-15T13:00:00,16.7,16.78,17.05,17.13
2019-10-15T15:00:00,16.7,16.78,16.9,16.98
2019-10-15T17:00:00,16.8,16.88,16.9,16.98
2019-10-15T19:00:00,16.8,16.88,17.0,17.08
2019-10-15T23:00:00,16.95,17.03,17.2,17.28
2019-10-16T01:00:00,17.15,17.23,17.25,17.33
2019-10-16T03:00:00,17.16,17.24,17.3,17.38
2019-10-16T05:00:00,17.06,17.14,17.3,17.38
2019-10-16T07:00:00,17.06,17.14,17.25,17.33
2019-10-16T09:00:00,17.01,17.09,17.3,17.38
2019-10-16T11:00:00,16.91,16.99,17.16,17.24
2019-10-16T13:00:00,16.77,16.85,17.16,17.24
2019-10-16T15:00:00,16.77,16.85,16.97,17.05
2019-10-16T17:00:00,16.78,16.86,16.97,17.05
2019-10-16T19:00:00,16.68,16.76,16.88,16.96
2019-10-16T23:00:00,16.78,16.86,16.93,17.01
2019-10-17T01:00:00,16.78,16.86,16.88,16.96
2019-10-17T03:00:00,16.78,16.86,16.83,16.91
2019-10-17T05:00:00,16.83,16.91,16.93,17.01
2019-10-17T07:00:00,16.69,16.77,16.88,16.96
2019-10-17T09:00:00,16.49,16.57,16.78,16.86
2019-10-17T11:00:00,16.54,16.62,16.69,16.77
2019-10-17T13:00:00,16.45,16.53,16.69,16.77
2019-10-17T15:00:00,16.55,16.63,16.8,16.88
2019-10-17T17:00:00,16.5,16.58,16.7,16.78
2019-10-17T19:00:00,16.55,16.63,16.75,16.83
2019-10-17T23:00:00,16.65,16.73,16.75,16.83
2019-10-18T01:00:00,16.61,16.69,16.8,16.88
2019-10-18T03:00:00,16.71,16.79,16.81,16.89
2019-10-18T05:00:00,16.76,16.84,16.93,17.01
2019-10-18T07:00:00,16.71,16.79,16.95,17.03
2019-10-18T09:00:00,16.71,16.79,16.81,16.89
2019-10-18T11:00:00,16.67,16.75,16.76,16.84
2019-10-18T13:00:00,16.57,16.65,16.87,16.95
2019-10-18T15:00:00,16.63,16.71,17.12,17.2
2019-10-18T17:00:00,16.63,16.71,16.83,16.91
2019-10-18T19:00:00,16.54,16.62,16.78,16.86
2019-10-20T21:00:00,16.74,16.82,16.93,17.01
2019-10-20T23:00:00,16.64,16.72,16.78,16.86
2019-10-21T01:00:00,16.55,16.63,16.68,16.76
2019-10-21T03:00:00,16.6,16.68,16.6,16.68
2019-10-21T05:00:00,16.65,16.73,16.69,16.77
2019-10-21T07:00:00,16.55,16.63,16.7,16.78
2019-10-21T09:00:00,16.55,16.63,16.65,16.73
2019-10-21T11:00:00,16.46,16.54,16.6,16.68
2019-10-21T13:00:00,16.42,16.5,16.65,16.73
2019-10-21T15:00:00,16.39,16.47,16.52,16.6
2019-10-21T17:00:00,16.39,16.47,16.44,16.52
2019-10-21T19:00:00,16.26,16.34,16.44,16.52
2019-10-21T23:00:00,16.17,16.25,16.3,16.38
2019-10-22T01:00:00,16.17,16.25,16.21,16.29
2019-10-22T03:00:00,16.17,16.25,16.21,16.29
2019-10-22T05:00:00,16.21,16.29,16.3,16.38
2019-10-22T07:00:00,16.27,16.35,16.46,16.54
2019-10-22T09:00:00,16.32,16.4,16.41,16.49
2019-10-22T11:00:00,16.22,16.3,16.37,16.45
2019-10-22T13:00:00,16.22,16.3,16.38,16.46
2019-10-22T15:00:00,16.19,16.27,16.43,16.51
2019-10-22T17:00:00,16.2,16.28,16.57,16.65
2019-10-22T19:00:00,16.38,16.46,16.81,16.89
2019-10-22T23:00:00,16.78,16.86,17.0,17.08
2019-10-23T01:00:00,16.78,16.86,16.96,17.04
2019-10-23T03:00:00,16.86,16.94,16.96,17.04
2019-10-23T05:00:00,16.77,16.85,16.86,16.94
2019-10-23T07:00:00,16.64,16.72,16.82,16.9
2019-10-23T09:00:00,16.64,16.72,16.92,17.0
2019-10-23T11:00:00,16.73,16.81,16.97,17.05
2019-10-23T13:00:00,16.51,16.59,16.78,16.86
2019-10-23T15:00:00,16.47,16.55,16.57,16.65
2019-10-23T17:00:00,16.47,16.55,16.71,16.79
2019-10-23T19:00:00,16.43,16.51,16.73,16.81
2019-10-23T23:00:00,16.38,16.46,16.47,16.55
2019-10-24T01:00:00,16.38,16.46,16.48,16.56
2019-10-24T03:00:00,16.42,16.5,16.44,16.52
2019-10-24T05:00:00,16.34,16.42,16.48,16.56
2019-10-24T07:00:00,16.29,16.37,16.48,16.56
2019-10-24T09:00:00,16.29,16.37,16.4,16.48
2019-10-24T11:00:00,16.33,16.41,16.42,16.5
2019-10-24T13:00:00,16.3,16.38,16.67,16.75
2019-10-24T15:00:00,16.32,16.4,16.55,16.63
2019-10-24T17:00:00,16.33,16.41,16.47,16.55
2019-10-24T19:00:00,16.26,16.34,16.42,16.5
2019-10-24T23:00:00,16.32,16.4,16.42,16.5
2019-10-25T01:00:00,16.28,16.36,16.42,16.5
2019-10-25T03:00:00,16.33,16.41,16.37,16.45
2019-10-25T05:00:00,16.29,16.37,16.34,16.42
2019-10-25T07:00:00,16.24,16.32,16.33,16.41
2019-10-25T09:00:00,16.28,16.36,16.33,16.41
2019-10-25T11:00:00,16.28,16.36,16.42,16.5
2019-10-25T13:00:00,16.12,16.2,16.38,16.46
2019-10-25T15:00:00,15.95,16.03,16.13,16.21
2019-10-25T17:00:00,15.87,15.95,15.98,16.06
2019-10-25T19:00:00,15.77,15.85,15.9,15.98
2019-10-27T22:00:00,15.79,15.87,15.93,16.01
2019-10-28T00:00:00,15.88,15.96,15.94,16.02
2019-10-28T02:00:00,15.85,15.93,15.91,15.99
2019-10-28T04:00:00,15.85,15.93,15.94,16.02
2019-10-28T06:00:00,15.86,15.94,15.94,16.02
2019-10-28T08:00:00,15.81,15.89,15.94,16.02
2019-10-28T10:00:00,15.86,15.94,15.94,16.02
2019-10-28T12:00:00,15.77,15.85,15.97,16.05
2019-10-28T14:00:00,15.87,15.95,16.1,16.18
2019-10-28T16:00:00,15.97,16.05,16.08,16.16
2019-10-28T18:00:00,15.93,16.01,16.07,16.15
2019-10-28T20:00:00,16.01,16.09,16.14,16.22
2019-10-29T00:00:00,16.05,16.13,16.1,16.18
2019-10-29T02:00:00,16.1,16.18,16.15,16.23
2019-10-29T04:00:00,16.13,16.21,16.16,16.24
2019-10-29T06:00:00,16.14,16.22,16.19,16.27
2019-10-29T08:00:00,16.19,16.27,16.37,16.45
2019-10-29T10:00:00,16.32,16.4,16.4,16.48
2019-10-29T12:00:00,16.04,16.12,16.38,16.46
2019-10-29T14:00:00,15.99,16.07,16.3,16.38
2019-10-29T16:00:00,16.04,16.12,16.32,16.4
2019-10-29T18:00:00,16.05,16.13,16.18,16.26
2019-10-29T20:00:00,16.07,16.15,16.15,16.23
2019-10-30T00:00:00,16.13,16.21,16.18,16.26
2019-10-30T02:00:00,16.13,16.21,16.18,16.26
2019-10-30T04:00:00,16.17,16.25,16.17,16.25
2019-10-30T06:00:00,16.14,16.22,16.14,16.22
2019-10-30T08:00:00,16.14,16.22,16.22,16.3
2019-10-30T10:00:00,16.15,16.23,16.23,16.31
2019-10-30T12:00:00,16.1,16.18,16.26,16.34
2019-10-30T14:00:00,16.06,16.14,16.47,16.55
2019-10-30T16:00:00,16.14,16.22,16.26,16.34
2019-10-30T18:00:00,15.71,15.79,16.24,16.32
2019-10-30T20:00:00,15.59,15.67,15.74,15.82
2019-10-31T00:00:00,15.65,15.73,15.7,15.78
2019-10-31T02:00:00,15.65,15.73,15.73,15.81
2019-10-31T04:00:00,15.66,15.74,15.66,15.74
2019-10-31T06:00:00,15.66,15.74,15.71,15.79
2019-10-31T08:00:00,15.63,15.71,16.32,16.4
2019-10-31T10:00:00,16.04,16.12,16.24,16.32
2019-10-31T12:00:00,15.82,15.9,16.1,16.18
2019-10-31T14:00:00,16.0,16.08,16.33,16.41
2019-10-31T16:00:00,16.1,16.18,16.36,16.44
2019-10-31T18:00:00,16.03,16.11,16.34,16.42
2019-10-31T20:00:00,15.93,16.01,16.06,16.14
2019-11-01T00:00:00,15.84,15.92,16.02,16.1
2019-11-01T02:00:00,15.83,15.91,15.9,15.98
2019-11-01T04:00:00,15.8,15.88,15.85,15.93
2019-11-01T06:00:00,15.83,15.91,15.9,15.98
2019-11-01T08:00:00,15.83,15.91,15.91,15.99
2019-11-01T10:00:00,15.78,15.86,15.89,15.97
2019-11-01T12:00:00,15.54,15.62,15.89,15.97
2019-11-01T14:00:00,15.42,15.5,15.64,15.72
2019-11-01T16:00:00,15.4,15.48,15.54,15.62
2019-11-01T18:00:00,15.3,15.38,15.4,15.48
2019-11-01T20:00:00,15.28,15.36,15.38,15.46
2019-11-03T22:00:00,15.37,15.45,15.49,15.57
2019-11-04T00:00:00,15.35,15.43,15.4,15.48
2019-11-04T02:00:00,15.31,15.39,15.38,15.46
2019-11-04T04:00:00,15.33,15.41,15.36,15.44
2019-11-04T06:00:00,15.34,15.42,15.39,15.47
2019-11-04T08:00:00,15.24,15.32,15.39,15.47
2019-11-04T10:00:00,15.2,15.28,15.27,15.35
2019-11-04T12:00:00,15.23,15.31,15.28,15.36
2019-11-04T14:00:00,15.21,15.29,15.61,15.69
2019-11-04T16:00:00,15.4,15.48,15.58,15.66
2019-11-04T18:00:00,15.36,15.44,15.54,15.62
2019-11-04T20:00:00,15.44,15.52,15.61,15.69
2019-11-05T00:00:00,15.47,15.55,15.59,15.67
2019-11-05T02:00:00,15.49,15.57,15.56,15.64
2019-11-05T04:00:00,15.49,15.57,15.56,15.64
2019-11-05T06:00:00,15.5,15.58,15.57,15.65
2019-11-05T08:00:00,15.5,15.58,15.55,15.63
2019-11-05T10:00:00,15.5,15.58,15.65,15.73
2019-11-05T12:00:00,15.52,15.6,15.65,15.73
2019-11-05T14:00:00,15.53,15.61,15.82,15.9
2019-11-05T16:00:00,15.58,15.66,15.78,15.86
2019-11-05T18:00:00,15.62,15.7,15.74,15.82
2019-11-05T20:00:00,15.69,15.77,15.98,16.06
2019-11-06T00:00:00,15.96,16.04,16.03,16.11
2019-11-06T02:00:00,16.0,16.08,16.04,16.12
2019-11-06T04:00:00,15.99,16.07,16.02,16.1
2019-11-06T06:00:00,15.97,16.05,16.06,16.14
2019-11-06T08:00:00,15.88,15.96,16.1,16.18
2019-11-06T10:00:00,15.93,16.01,16.05,16.13
2019-11-06T12:00:00,15.84,15.92,15.98,16.06
2019-11-06T14:00:00,15.79,15.87,16.04,16.12
2019-11-06T16:00:00,15.84,15.92,16.14,16.22
2019-11-06T18:00:00,15.86,15.94,16.08,16.16
2019-11-06T20:00:00,15.72,15.8,15.98,16.06
2019-11-07T00:00:00,15.77,15.85,15.84,15.92
2019-11-07T02:00:00,15.78,15.86,15.85,15.93
2019-11-07T04:00:00,15.73,15.81,15.8,15.88
2019-11-07T06:00:00,15.5,15.58,15.73,15.81
2019-11-07T08:00:00,15.52,15.6,15.64,15.72
2019-11-07T10:00:00,15.55,15.63,15.61,15.69
2019-11-07T12:00:00,15.58,15.66,15.68,15.76
2019-11-07T14:00:00,15.56,15.64,15.75,15.83
2019-11-07T16:00:00,15.54,15.62,15.74,15.82
2019-11-07T18:00:00,15.57,15.65,15.76,15.84
2019-11-07T20:00:00,15.63,15.71,15.86,15.94
2019-11-08T00:00:00,15.65,15.73,15.8,15.88
2019-11-08T02:00:00,15.83,15.91,15.89,15.97
2019-11-08T04:00:00,15.84,15.92,15.96,16.04
2019-11-08T06:00:00,15.84,15.92,15.94,16.02
2019-11-08T08:00:00,15.82,15.9,15.88,15.96
2019-11-08T10:00:00,15.78,15.86,15.82,15.9
2019-11-08T12:00:00,15.72,15.8,15.9,15.98
2019-11-08T14:00:00,15.63,15.71,15.96,16.04
2019-11-08T16:00:00,15.52,15.6,15.76,15.84
2019-11-08T18:00:00,15.52,15.6,15.57,15.65
2019-11-08T20:00:00,15.44,15.52,15.51,15.59
2019-11-10T22:00:00,15.58,15.66,15.65,15.73
2019-11-11T00:00:00,15.69,15.77,15.8,15.88
2019-11-11T02:00:00,15.75,15.83,15.81,15.89
2019-11-11T04:00:00,15.81,15.89,15.82,15.9
2019-11-11T06:00:00,15.86,15.94,15.92,16.0
2019-11-11T08:00:00,15.76,15.84,15.93,16.01
2019-11-11T10:00:00,15.87,15.95,15.93,16.01
2019-11-11T12:00:00,15.83,15.91,15.89,15.97
2019-11-11T14:00:00,15.62,15.7,15.95,16.03
2019-11-11T16:00:00,15.46,15.54,15.68,15.76
2019-11-11T18:00:00,15.42,15.5,15.48,15.56
2019-11-11T20:00:00,15.43,15.51,15.65,15.73
2019-11-12T00:00:00,15.5,15.58,15.6,15.68
2019-11-12T02:00:00,15.55,15.63,15.56,15.64
2019-11-12T04:00:00,15.41,15.49,15.56,15.64
2019-11-12T06:00:00,15.41,15.49,15.46,15.54
2019-11-12T08:00:00,15.41,15.49,15.57,15.65
2019-11-12T10:00:00,15.46,15.54,15.52,15.6
2019-11-12T12:00:00,15.46,15.54,15.56,15.64
2019-11-12T14:00:00,15.29,15.37,15.49,15.57
2019-11-12T16:00:00,15.3,15.38,15.45,15.53
2019-11-12T18:00:00,15.3,15.38,15.57,15.65
2019-11-12T20:00:00,15.36,15.44,15.52,15.6
2019-11-13T00:00:00,15.56,15.64,15.62,15.7
2019-11-13T02:00:00,15.57,15.65,15.63,15.71
2019-11-13T04:00:00,15.58,15.66,15.68,15.76
2019-11-13T06:00:00,15.58,15.66,15.68,15.76
2019-11-13T08:00:00,15.54,15.62,15.81,15.89
2019-11-13T10:00:00,15.7,15.78,15.76,15.84
2019-11-13T12:00:00,15.55,15.63,15.75,15.83
2019-11-13T14:00:00,15.45,15.53,15.7,15.78
2019-11-13T16:00:00,15.4,15.48,15.6,15.68
2019-11-13T18:00:00,15.45,15.53,15.72,15.8
2019-11-13T20:00:00,15.46,15.54,15.56,15.64
2019-11-14T00:00:00,15.48,15.56,15.58,15.66
2019-11-14T02:00:00,15.48,15.56,15.63,15.71
2019-11-14T04:00:00,15.54,15.62,15.64,15.72
2019-11-14T06:00:00,15.59,15.67,15.67,15.75
2019-11-14T08:00:00,15.59,15.67,15.7,15.78
2019-11-14T10:00:00,15.49,15.57,15.64,15.72
2019-11-14T12:00:00,15.54,15.62,15.61,15.69
2019-11-14T14:00:00,15.44,15.52,15.65,15.73
2019-11-14T16:00:00,15.45,15.53,15.82,15.9
2019-11-14T18:00:00,15.47,15.55,15.68,15.76
2019-11-14T20:00:00,15.36,15.44,15.47,15.55
2019-11-15T00:00:00,15.17,15.25,15.37,15.45
2019-11-15T02:00:00,15.21,15.29,15.27,15.35
2019-11-15T06:00:00,15.22,15.3,15.28,15.36
2019-11-15T08:00:00,15.28,15.36,15.33,15.41
2019-11-15T10:00:00,15.28,15.36,15.34,15.42
2019-11-15T12:00:00,15.19,15.27,15.29,15.37
2019-11-15T14:00:00,15.09,15.17,15.24,15.32
2019-11-15T16:00:00,14.88,14.96,15.08,15.16
2019-11-15T18:00:00,14.84,14.92,14.94,15.02
2019-11-15T20:00:00,14.79,14.87,14.9,14.98
2019-11-17T22:00:00,15.02,15.1,15.08,15.16
2019-11-18T00:00:00,14.93,15.01,15.08,15.16
2019-11-18T02:00:00,14.78,14.86,14.91,14.99
2019-11-18T04:00:00,14.79,14.87,14.84,14.92
2019-11-18T06:00:00,14.64,14.72,14.79,14.87
2019-11-18T08:00:00,14.7,14.78,14.8,14.88
2019-11-18T10:00:00,14.75,14.83,14.8,14.88
2019-11-18T12:00:00,14.75,14.83,15.01,15.09
2019-11-18T14:00:00,14.91,14.99,15.12,15.2
2019-11-18T16:00:00,14.87,14.95,15.02,15.1
2019-11-18T18:00:00,14.87,14.95,14.92,15.0
2019-11-18T20:00:00,14.88,14.96,14.98,15.06
2019-11-19T00:00:00,14.89,14.97,15.04,15.12
2019-11-19T02:00:00,14.84,14.92,14.89,14.97
2019-11-19T04:00:00,14.8,14.88,14.85,14.93
2019-11-19T06:00:00,14.8,14.88,14.85,14.93
2019-11-19T08:00:00,14.75,14.83,14.81,14.89
2019-11-19T10:00:00,14.71,14.79,14.76,14.84
2019-11-19T12:00:00,14.79,14.87,14.92,15.0
2019-11-19T14:00:00,14.87,14.95,15.27,15.35
2019-11-19T16:00:00,14.92,15.0,15.17,15.25
2019-11-19T18:00:00,14.98,15.06,15.13,15.21
2019-11-19T20:00:00,14.98,15.06,15.23,15.31
2019-11-20T00:00:00,15.14,15.22,15.34,15.42
2019-11-20T02:00:00,15.29,15.37,15.34,15.42
2019-11-20T04:00:00,15.29,15.37,15.3,15.38
2019-11-20T06:00:00,15.25,15.33,15.43,15.51
2019-11-20T08:00:00,15.35,15.43,15.55,15.63
2019-11-20T10:00:00,15.46,15.54,15.56,15.64
2019-11-20T12:00:00,15.36,15.44,15.46,15.54
2019-11-20T14:00:00,15.07,15.15,15.41,15.49
2019-11-20T16:00:00,15.13,15.21,15.67,15.75
2019-11-20T18:00:00,15.38,15.46,15.92,16.0
2019-11-20T20:00:00,15.24,15.32,15.49,15.57
2019-11-21T00:00:00,15.4,15.48,15.79,15.87
2019-11-21T02:00:00,15.45,15.53,15.69,15.77
2019-11-21T04:00:00,15.41,15.49,15.6,15.68
2019-11-21T06:00:00,15.41,15.49,15.61,15.69
2019-11-21T08:00:00,15.47,15.55,15.71,15.79
2019-11-21T10:00:00,15.32,15.4,15.47,15.55
2019-11-21T12:00:00,15.24,15.32,15.43,15.51
2019-11-21T14:00:00,15.24,15.32,15.78,15.86
2019-11-21T16:00:00,15.39,15.47,15.64,15.72
2019-11-21T18:00:00,15.4,15.48,15.59,15.67
2019-11-21T20:00:00,15.36,15.44,15.6,15.68
2019-11-22T00:00:00,15.32,15.4,15.56,15.64
2019-11-22T02:00:00,15.37,15.45,15.43,15.51
2019-11-22T04:00:00,15.34,15.42,15.38,15.46
2019-11-22T06:00:00,15.39,15.47,15.44,15.52
2019-11-22T08:00:00,15.2,15.28,15.39,15.47
2019-11-22T10:00:00,15.29,15.37,15.4,15.48
2019-11-22T12:00:00,15.25,15.33,15.4,15.48
2019-11-22T14:00:00,15.16,15.24,15.41,15.49
2019-11-22T16:00:00,15.23,15.31,15.46,15.54
2019-11-22T18:00:00,15.23,15.31,15.32,15.4
2019-11-22T20:00:00,15.0,15.08,15.28,15.36
2019-11-24T22:00:00,15.04,15.12,15.09,15.17
2019-11-25T00:00:00,15.0,15.08,15.05,15.13
2019-11-25T02:00:00,15.0,15.08,15.01,15.09
2019-11-25T04:00:00,15.02,15.1,15.06,15.14
2019-11-25T06:00:00,14.98,15.06,15.03,15.11
2019-11-25T08:00:00,14.95,15.03,15.02,15.1
2019-11-25T10:00:00,14.99,15.07,15.03,15.11
2019-11-25T12:00:00,14.94,15.02,15.08,15.16
2019-11-25T14:00:00,14.76,14.84,14.95,15.03
2019-11-25T16:00:00,14.74,14.82,14.86,14.94
2019-11-25T18:00:00,14.66,14.74,14.74,14.82
2019-11-25T20:00:00,14.56,14.64,14.71,14.79
2019-11-26T00:00:00,14.34,14.42,14.58,14.66
2019-11-26T02:00:00,14.48,14.56,14.62,14.7
2019-11-26T04:00:00,14.59,14.67,14.68,14.76
2019-11-26T06:00:00,14.64,14.72,14.68,14.76
2019-11-26T08:00:00,14.6,14.68,14.78,14.86
2019-11-26T10:00:00,14.7,14.78,14.79,14.87
2019-11-26T12:00:00,14.65,14.73,14.75,14.83
2019-11-26T14:00:00,14.52,14.6,14.72,14.8
2019-11-26T16:00:00,14.46,14.54,14.68,14.76
2019-11-26T18:00:00,14.48,14.56,14.63,14.71
2019-11-26T20:00:00,14.46,14.54,14.59,14.67
2019-11-27T00:00:00,14.45,14.53,14.54,14.62
2019-11-27T02:00:00,14.41,14.49,14.51,14.59
2019-11-27T04:00:00,14.41,14.49,14.47,14.55
2019-11-27T06:00:00,14.44,14.52,14.47,14.55
2019-11-27T08:00:00,14.43,14.51,14.51,14.59
2019-11-27T10:00:00,14.43,14.51,14.54,14.62
2019-11-27T12:00:00,14.44,14.52,14.53,14.61
2019-11-27T14:00:00,14.45,14.53,14.55,14.63
2019-11-27T16:00:00,14.47,14.55,14.56,14.64
2019-11-27T18:00:00,14.47,14.55,14.53,14.61
2019-11-27T20:00:00,14.5,14.58,14.57,14.65
2019-11-28T22:00:00,14.77,14.85,14.82,14.9
2019-11-29T00:00:00,14.78,14.86,14.83,14.91
2019-11-29T02:00:00,14.83,14.91,14.92,15.0
2019-11-29T04:00:00,14.9,14.98,14.94,15.02
2019-11-29T06:00:00,14.9,14.98,14.97,15.05
2019-11-29T08:00:00,14.82,14.9,14.95,15.03
2019-11-29T10:00:00,14.83,14.91,14.89,14.97
2019-11-29T12:00:00,14.81,14.89,14.84,14.92
2019-11-29T14:00:00,14.77,14.85,14.92,15.0
2019-11-29T16:00:00,14.82,14.9,15.03,15.11
2019-11-29T18:00:00,14.9,14.98,14.98,15.06
2019-12-01T22:00:00,15.03,15.11,15.09,15.17
2019-12-02T00:00:00,14.88,14.96,15.03,15.11
2019-12-02T02:00:00,14.92,15.0,14.92,15.0
2019-12-02T06:00:00,14.93,15.01,14.98,15.06
2019-12-02T08:00:00,14.86,14.94,14.98,15.06
2019-12-02T10:00:00,14.86,14.94,15.1,15.18
2019-12-02T12:00:00,15.02,15.1,15.15,15.23
2019-12-02T14:00:00,15.05,15.13,16.04,16.12
2019-12-02T16:00:00,15.67,15.75,16.17,16.25
2019-12-02T18:00:00,15.65,15.73,15.97,16.05
2019-12-02T20:00:00,15.77,15.85,16.21,16.29
2019-12-03T00:00:00,16.01,16.09,16.21,16.29
2019-12-03T02:00:00,16.02,16.1,16.14,16.22
2019-12-03T04:00:00,16.02,16.1,16.08,16.16
2019-12-03T06:00:00,16.03,16.11,16.15,16.23
2019-12-03T08:00:00,16.01,16.09,16.14,16.22
2019-12-03T10:00:00,16.01,16.09,16.49,16.57
2019-12-03T12:00:00,16.37,16.45,17.14,17.22
2019-12-03T14:00:00,16.96,17.04,17.48,17.56
2019-12-03T16:00:00,17.02,17.1,17.31,17.39
2019-12-03T18:00:00,16.87,16.95,17.17,17.25
2019-12-03T20:00:00,16.88,16.96,17.25,17.33
2019-12-04T00:00:00,16.76,16.84,16.96,17.04
2019-12-04T02:00:00,16.89,16.97,16.97,17.05
2019-12-04T04:00:00,16.87,16.95,16.92,17.0
2019-12-04T06:00:00,16.87,16.95,17.16,17.24
2019-12-04T08:00:00,16.39,16.47,17.2,17.28
2019-12-04T10:00:00,16.38,16.46,16.52,16.6
2019-12-04T12:00:00,16.38,16.46,16.62,16.7
2019-12-04T14:00:00,16.08,16.16,16.6,16.68
2019-12-04T16:00:00,16.02,16.1,16.24,16.32
2019-12-04T18:00:00,16.07,16.15,16.24,16.32
2019-12-04T20:00:00,16.09,16.17,16.32,16.4
2019-12-05T00:00:00,16.13,16.21,16.3,16.38
2019-12-05T02:00:00,16.18,16.26,16.26,16.34
2019-12-05T04:00:00,16.21,16.29,16.31,16.39
2019-12-05T06:00:00,16.03,16.11,16.3,16.38
2019-12-05T08:00:00,16.03,16.11,16.22,16.3
2019-12-05T10:00:00,15.98,16.06,16.14,16.22
2019-12-05T12:00:00,16.01,16.09,16.16,16.24
2019-12-05T14:00:00,16.04,16.12,16.55,16.63
2019-12-05T16:00:00,16.19,16.27,16.36,16.44
2019-12-05T18:00:00,16.09,16.17,16.4,16.48
2019-12-05T20:00:00,16.04,16.12,16.3,16.38
2019-12-06T00:00:00,15.93,16.01,16.05,16.13
2019-12-06T02:00:00,15.95,16.03,16.03,16.11
2019-12-06T04:00:00,16.03,16.11,16.06,16.14
2019-12-06T06:00:00,15.89,15.97,16.06,16.14
2019-12-06T08:00:00,15.9,15.98,16.02,16.1
2019-12-06T10:00:00,15.93,16.01,15.98,16.06
2019-12-06T12:00:00,15.63,15.71,16.1,16.18
2019-12-06T14:00:00,15.46,15.54,15.8,15.88
2019-12-06T16:00:00,15.5,15.58,15.73,15.81
2019-12-06T18:00:00,15.5,15.58,15.57,15.65
2019-12-06T20:00:00,15.51,15.59,15.65,15.73
2019-12-08T22:00:00,15.68,15.76,15.69,15.77
2019-12-09T00:00:00,15.73,15.81,15.93,16.01
2019-12-09T02:00:00,15.81,15.89,15.88,15.96
2019-12-09T04:00:00,15.82,15.9,15.89,15.97
2019-12-09T06:00:00,15.76,15.84,15.89,15.97
2019-12-09T08:00:00,15.78,15.86,15.95,16.03
2019-12-09T10:00:00,15.84,15.92,15.9,15.98
2019-12-09T12:00:00,15.84,15.92,15.9,15.98
2019-12-09T14:00:00,15.8,15.88,16.03,16.11
2019-12-09T16:00:00,15.98,16.06,16.3,16.38
2019-12-09T18:00:00,16.2,16.28,16.39,16.47
2019-12-09T20:00:00,16.26,16.34,16.76,16.84
2019-12-10T00:00:00,16.65,16.73,16.76,16.84
2019-12-10T02:00:00,16.56,16.64,16.72,16.8
2019-12-10T04:00:00,16.56,16.64,16.57,16.65
2019-12-10T06:00:00,16.52,16.6,16.58,16.66
2019-12-10T08:00:00,16.58,16.66,16.98,17.06
2019-12-10T10:00:00,16.81,16.89,17.11,17.19
2019-12-10T12:00:00,16.32,16.4,17.05,17.13
2019-12-10T14:00:00,16.32,16.4,16.93,17.01
2019-12-10T16:00:00,16.32,16.4,16.69,16.77
2019-12-10T18:00:00,16.43,16.51,16.59,16.67
2019-12-10T20:00:00,16.43,16.51,16.72,16.8
2019-12-11T00:00:00,16.54,16.62,16.67,16.75
2019-12-11T02:00:00,16.6,16.68,16.67,16.75
2019-12-11T04:00:00,16.6,16.68,16.62,16.7
2019-12-11T06:00:00,16.56,16.64,16.62,16.7
2019-12-11T08:00:00,16.4,16.48,16.68,16.76
2019-12-11T10:00:00,16.52,16.6,16.63,16.71
2019-12-11T12:00:00,16.47,16.55,16.57,16.65
2019-12-11T14:00:00,16.43,16.51,16.63,16.71
2019-12-11T16:00:00,16.44,16.52,16.6,16.68
2019-12-11T18:00:00,16.34,16.42,16.56,16.64
2019-12-11T20:00:00,16.21,16.29,16.37,16.45
2019-12-12T00:00:00,16.16,16.24,16.26,16.34
2019-12-12T02:00:00,16.15,16.23,16.17,16.25
2019-12-12T04:00:00,16.22,16.3,16.22,16.3
2019-12-12T06:00:00,16.17,16.25,16.23,16.31
2019-12-12T08:00:00,16.13,16.21,16.23,16.31
2019-12-12T10:00:00,16.13,16.21,16.3,16.38
2019-12-12T12:00:00,16.3,16.38,16.51,16.59
2019-12-12T14:00:00,15.5,15.58,16.45,16.53
2019-12-12T16:00:00,15.7,15.78,16.1,16.18
2019-12-12T18:00:00,15.62,15.7,15.99,16.07
2019-12-12T20:00:00,15.5,15.58,15.74,15.82
2019-12-13T00:00:00,15.34,15.42,15.44,15.52
2019-12-13T02:00:00,15.35,15.43,15.46,15.54
2019-12-13T06:00:00,15.36,15.44,15.43,15.51
2019-12-13T08:00:00,15.31,15.39,15.48,15.56
2019-12-13T10:00:00,15.17,15.25,15.32,15.4
2019-12-13T12:00:00,15.32,15.4,15.64,15.72
2019-12-13T14:00:00,15.17,15.25,15.83,15.91
2019-12-13T16:00:00,15.26,15.34,15.79,15.87
2019-12-13T18:00:00,15.1,15.18,15.31,15.39
2019-12-13T20:00:00,14.8,14.88,15.09,15.17
2019-12-15T22:00:00,14.99,15.07,15.04,15.12
2019-12-16T00:00:00,14.99,15.07,15.05,15.13
2019-12-16T02:00:00,14.95,15.03,15.0,15.08
2019-12-16T04:00:00,15.01,15.09,15.01,15.09
2019-12-16T06:00:00,14.97,15.05,15.06,15.14
2019-12-16T08:00:00,14.97,15.05,15.03,15.11
2019-12-16T10:00:00,14.79,14.87,14.98,15.06
2019-12-16T12:00:00,14.69,14.77,14.84,14.92
2019-12-16T14:00:00,14.6,14.68,14.75,14.83
2019-12-16T16:00:00,14.6,14.68,14.71,14.79
2019-12-16T18:00:00,14.61,14.69,14.77,14.85
2019-12-16T20:00:00,14.72,14.8,14.92,15.0
2019-12-17T00:00:00,14.89,14.97,14.94,15.02
2019-12-17T02:00:00,14.79,14.87,14.84,14.92
2019-12-17T04:00:00,14.74,14.82,14.8,14.88
2019-12-17T06:00:00,14.75,14.83,14.8,14.88
2019-12-17T08:00:00,14.75,14.83,14.9,14.98
2019-12-17T10:00:00,14.85,14.93,14.96,15.04
2019-12-17T12:00:00,14.71,14.79,14.84,14.92
2019-12-17T14:00:00,14.71,14.79,14.86,14.94
2019-12-17T16:00:00,14.87,14.95,15.02,15.1
2019-12-17T18:00:00,14.92,15.0,14.97,15.05
2019-12-17T20:00:00,14.78,14.86,14.92,15.0
2019-12-18T00:00:00,14.83,14.91,14.88,14.96
2019-12-18T02:00:00,14.89,14.97,14.94,15.02
2019-12-18T04:00:00,14.89,14.97,14.94,15.02
2019-12-18T06:00:00,14.94,15.02,14.99,15.07
2019-12-18T08:00:00,14.82,14.9,14.97,15.05
2019-12-18T10:00:00,14.8,14.88,14.85,14.93
2019-12-18T12:00:00,14.75,14.83,14.9,14.98
2019-12-18T14:00:00,14.66,14.74,14.86,14.94
2019-12-18T16:00:00,14.76,14.84,14.96,15.04
2019-12-18T18:00:00,14.81,14.89,14.87,14.95
2019-12-18T20:00:00,14.87,14.95,15.02,15.1
2019-12-19T00:00:00,14.88,14.96,15.02,15.1
2019-12-19T02:00:00,14.93,15.01,15.02,15.1
2019-12-19T04:00:00,14.93,15.01,14.98,15.06
2019-12-19T06:00:00,14.99,15.07,14.99,15.07
2019-12-19T08:00:00,14.89,14.97,15.03,15.11
2019-12-19T10:00:00,14.89,14.97,14.99,15.07
2019-12-19T12:00:00,14.99,15.07,15.14,15.22
2019-12-19T14:00:00,14.86,14.94,15.05,15.13
2019-12-19T16:00:00,14.81,14.89,14.91,14.99
2019-12-19T18:00:00,14.77,14.85,14.86,14.94
2019-12-19T20:00:00,14.68,14.76,14.82,14.9
2019-12-20T00:00:00,14.73,14.81,14.78,14.86
2019-12-20T02:00:00,14.78,14.86,14.83,14.91
2019-12-20T04:00:00,14.83,14.91,14.88,14.96
2019-12-20T06:00:00,14.86,14.94,14.88,14.96
2019-12-20T08:00:00,14.88,14.96,14.93,15.01
2019-12-20T10:00:00,14.74,14.82,14.84,14.92
2019-12-20T12:00:00,14.75,14.83,14.84,14.92
2019-12-20T14:00:00,14.61,14.69,14.76,14.84
2019-12-20T16:00:00,14.66,14.74,14.76,14.84
2019-12-20T18:00:00,14.72,14.8,14.81,14.89
2019-12-20T20:00:00,14.77,14.85,14.96,15.04
2019-12-22T22:00:00,14.97,15.05,15.02,15.1
2019-12-23T00:00:00,14.92,15.0,15.01,15.09
2019-12-23T02:00:00,14.97,15.05,14.98,15.06
2019-12-23T04:00:00,14.97,15.05,14.98,15.06
2019-12-23T06:00:00,15.02,15.1,15.03,15.11
2019-12-23T08:00:00,14.96,15.04,15.03,15.11
2019-12-23T10:00:00,14.94,15.02,14.99,15.07
2019-12-23T12:00:00,14.89,14.97,15.04,15.12
2019-12-23T14:00:00,14.95,15.03,15.05,15.13
2019-12-23T16:00:00,15.05,15.13,15.1,15.18
2019-12-23T18:00:00,15.03,15.11,15.08,15.16
2019-12-23T20:00:00,15.03,15.11,15.16,15.24
2019-12-25T22:00:00,14.98,15.06,15.04,15.12
2019-12-26T00:00:00,14.99,15.07,15.04,15.12
2019-12-26T02:00:00,15.0,15.08,15.0,15.08
2019-12-26T06:00:00,15.01,15.09,15.01,15.09
2019-12-26T12:00:00,14.97,15.05,15.02,15.1
2019-12-26T14:00:00,14.97,15.05,15.06,15.14
2019-12-26T16:00:00,14.97,15.05,15.08,15.16
2019-12-26T18:00:00,15.08,15.16,15.12,15.2
2019-12-26T20:00:00,15.01,15.09,15.15,15.23
2019-12-27T00:00:00,15.07,15.15,15.12,15.2
2019-12-27T04:00:00,15.03,15.11,15.09,15.17
2019-12-27T08:00:00,15.04,15.12,15.13,15.21
2019-12-27T10:00:00,15.0,15.08,15.08,15.16
2019-12-27T12:00:00,15.0,15.08,15.16,15.24
2019-12-27T14:00:00,15.1,15.18,15.49,15.57
2019-12-27T16:00:00,15.3,15.38,15.46,15.54
2019-12-27T18:00:00,15.3,15.38,15.42,15.5
2019-12-27T20:00:00,15.41,15.49,15.71,15.79
2019-12-29T22:00:00,15.64,15.72,15.72,15.8
2019-12-30T00:00:00,15.56,15.64,15.64,15.72
2019-12-30T02:00:00,15.55,15.63,15.6,15.68
2019-12-30T04:00:00,15.52,15.6,15.57,15.65
2019-12-30T06:00:00,15.56,15.64,15.66,15.74
2019-12-30T08:00:00,15.61,15.69,15.66,15.74
2019-12-30T10:00:00,15.65,15.73,15.78,15.86
2019-12-30T12:00:00,15.7,15.78,15.75,15.83
2019-12-30T14:00:00,15.7,15.78,16.36,16.44
2019-12-30T16:00:00,15.84,15.92,16.23,16.31
2019-12-30T18:00:00,15.91,15.99,16.27,16.35
2019-12-30T20:00:00,16.06,16.14,16.31,16.39
2019-12-31T00:00:00,16.11,16.19,16.21,16.29
2019-12-31T02:00:00,16.11,16.19,16.16,16.24
2019-12-31T04:00:00,16.12,16.2,16.17,16.25
2019-12-31T06:00:00,16.17,16.25,16.17,16.25
2019-12-31T08:00:00,16.12,16.2,16.23,16.31
2019-12-31T10:00:00,16.13,16.21,16.26,16.34
2019-12-31T12:00:00,16.21,16.29,16.36,16.44
2019-12-31T14:00:00,16.19,16.27,16.49,16.57
2019-12-31T16:00:00,16.14,16.22,16.37,16.45
2019-12-31T18:00:00,15.69,15.77,16.19,16.27
2019-12-31T20:00:00,15.39,15.47,15.77,15.85
2020-01-01T22:00:00,15.35,15.43,15.55,15.63
2020-01-02T00:00:00,15.32,15.4,15.43,15.51
2020-01-02T02:00:00,15.28,15.36,15.41,15.49
2020-01-02T04:00:00,15.28,15.36,15.34,15.42
2020-01-02T06:00:00,15.26,15.34,15.34,15.42
2020-01-02T08:00:00,15.22,15.3,15.29,15.37
2020-01-02T10:00:00,15.22,15.3,15.28,15.36
2020-01-02T12:00:00,15.16,15.24,15.25,15.33
2020-01-02T14:00:00,15.16,15.24,15.61,15.69
2020-01-02T16:00:00,15.19,15.27,15.47,15.55
2020-01-02T18:00:00,15.15,15.23,15.27,15.35
2020-01-02T20:00:00,15.0,15.08,15.22,15.3
2020-01-03T00:00:00,15.03,15.11,15.29,15.37
2020-01-03T02:00:00,15.24,15.32,16.12,16.2
2020-01-03T04:00:00,15.92,16.0,16.27,16.35
2020-01-03T06:00:00,16.13,16.21,16.35,16.43
2020-01-03T08:00:00,16.15,16.23,16.48,16.56
2020-01-03T10:00:00,16.31,16.39,16.68,16.76
2020-01-03T12:00:00,15.96,16.04,16.51,16.59
2020-01-03T14:00:00,15.64,15.72,16.36,16.44
2020-01-03T16:00:00,15.57,15.65,15.89,15.97
2020-01-03T18:00:00,15.62,15.7,16.0,16.08
2020-01-03T20:00:00,15.7,15.78,15.96,16.04
2020-01-05T22:00:00,16.31,16.39,16.45,16.53
2020-01-06T00:00:00,16.26,16.34,16.48,16.56
2020-01-06T02:00:00,16.33,16.41,16.48,16.56
2020-01-06T04:00:00,16.21,16.29,16.36,16.44
2020-01-06T06:00:00,16.25,16.33,16.51,16.59
2020-01-06T08:00:00,16.27,16.35,16.75,16.83
2020-01-06T10:00:00,16.44,16.52,16.62,16.7
2020-01-06T12:00:00,16.26,16.34,16.5,16.58
2020-01-06T14:00:00,16.07,16.15,16.54,16.62
2020-01-06T16:00:00,16.0,16.08,16.16,16.24
2020-01-06T18:00:00,15.88,15.96,16.05,16.13
2020-01-06T20:00:00,15.85,15.93,16.03,16.11
2020-01-07T00:00:00,15.76,15.84,15.99,16.07
2020-01-07T02:00:00,15.73,15.81,15.83,15.91
2020-01-07T04:00:00,15.74,15.82,15.86,15.94
2020-01-07T06:00:00,15.79,15.87,16.04,16.12
2020-01-07T08:00:00,15.76,15.84,16.03,16.11
2020-01-07T10:00:00,15.89,15.97,16.03,16.11
2020-01-07T12:00:00,15.91,15.99,16.08,16.16
2020-01-07T14:00:00,15.81,15.89,16.17,16.25
2020-01-07T16:00:00,15.74,15.82,15.87,15.95
2020-01-07T18:00:00,15.7,15.78,15.87,15.95
2020-01-07T20:00:00,15.7,15.78,16.07,16.15
2020-01-08T00:00:00,16.78,16.86,17.77,17.85
2020-01-08T02:00:00,16.38,16.46,17.21,17.29
2020-01-08T04:00:00,16.36,16.44,16.67,16.75
2020-01-08T06:00:00,16.32,16.4,16.67,16.75
2020-01-08T08:00:00,16.12,16.2,16.39,16.47
2020-01-08T10:00:00,15.86,15.94,16.22,16.3
2020-01-08T12:00:00,15.67,15.75,16.03,16.11
2020-01-08T14:00:00,15.56,15.64,15.87,15.95
2020-01-08T16:00:00,15.25,15.33,15.77,15.85
2020-01-08T18:00:00,15.27,15.35,15.39,15.47
2020-01-08T20:00:00,15.21,15.29,15.63,15.71
2020-01-09T00:00:00,15.3,15.38,15.43,15.51
2020-01-09T02:00:00,15.34,15.42,15.49,15.57
2020-01-09T04:00:00,15.31,15.39,15.43,15.51
2020-01-09T06:00:00,15.2,15.28,15.37,15.45
2020-01-09T08:00:00,15.2,15.28,15.31,15.39
2020-01-09T10:00:00,15.27,15.35,15.33,15.41
2020-01-09T12:00:00,15.27,15.35,15.4,15.48
2020-01-09T14:00:00,15.2,15.28,15.42,15.5
2020-01-09T16:00:00,15.22,15.3,15.41,15.49
2020-01-09T18:00:00,15.23,15.31,15.4,15.48
2020-01-09T20:00:00,15.02,15.1,15.23,15.31
2020-01-10T00:00:00,14.96,15.04,15.06,15.14
2020-01-10T02:00:00,14.97,15.05,15.02,15.1
2020-01-10T04:00:00,14.97,15.05,14.99,15.07
2020-01-10T06:00:00,14.98,15.06,14.99,15.07
2020-01-10T08:00:00,14.99,15.07,15.1,15.18
2020-01-10T10:00:00,14.99,15.07,15.04,15.12
2020-01-10T12:00:00,15.0,15.08,15.11,15.19
2020-01-10T14:00:00,14.9,14.98,15.11,15.19
2020-01-10T16:00:00,14.95,15.03,15.13,15.21
2020-01-10T18:00:00,14.91,14.99,15.03,15.11
2020-01-10T20:00:00,15.03,15.11,15.24,15.32
2020-01-12T22:00:00,15.13,15.21,15.19,15.27
2020-01-13T00:00:00,15.04,15.12,15.18,15.26
2020-01-13T02:00:00,15.04,15.12,15.1,15.18
2020-01-13T04:00:00,15.05,15.13,15.1,15.18
2020-01-13T06:00:00,15.05,15.13,15.11,15.19
2020-01-13T08:00:00,15.01,15.09,15.11,15.19
2020-01-13T10:00:00,15.0,15.08,15.07,15.15
2020-01-13T12:00:00,15.01,15.09,15.08,15.16
2020-01-13T14:00:00,15.02,15.1,15.2,15.28
2020-01-13T16:00:00,14.99,15.07,15.11,15.19
2020-01-13T18:00:00,14.94,15.02,14.96,15.04
2020-01-13T20:00:00,14.85,14.93,14.96,15.04
2020-01-14T00:00:00,14.78,14.86,14.84,14.92
2020-01-14T02:00:00,14.8,14.88,14.87,14.95
2020-01-14T04:00:00,14.86,14.94,14.87,14.95
2020-01-14T06:00:00,14.86,14.94,14.94,15.02
2020-01-14T08:00:00,14.86,14.94,15.16,15.24
2020-01-14T10:00:00,14.86,14.94,15.04,15.12
2020-01-14T12:00:00,14.84,14.92,14.95,15.03
2020-01-14T14:00:00,14.83,14.91,15.0,15.08
2020-01-14T16:00:00,14.69,14.77,14.84,14.92
2020-01-14T18:00:00,14.68,14.76,15.07,15.15
2020-01-14T20:00:00,14.8,14.88,14.97,15.05
2020-01-15T00:00:00,14.78,14.86,14.99,15.07
2020-01-15T02:00:00,14.84,14.92,14.94,15.02
2020-01-15T04:00:00,14.89,14.97,14.95,15.03
2020-01-15T06:00:00,14.84,14.92,14.95,15.03
2020-01-15T08:00:00,14.78,14.86,14.95,15.03
2020-01-15T10:00:00,14.75,14.83,14.84,14.92
2020-01-15T12:00:00,14.75,14.83,14.92,15.0
2020-01-15T14:00:00,14.73,14.81,14.96,15.04
2020-01-15T16:00:00,14.74,14.82,14.86,14.94
2020-01-15T18:00:00,14.8,14.88,14.91,14.99
2020-01-15T20:00:00,14.81,14.89,14.93,15.01
2020-01-16T00:00:00,14.76,14.84,14.79,14.87
2020-01-16T02:00:00,14.76,14.84,14.82,14.9
2020-01-16T04:00:00,14.72,14.8,14.78,14.86
2020-01-16T06:00:00,14.73,14.81,14.78,14.86
2020-01-16T08:00:00,14.67,14.75,14.77,14.85
2020-01-16T10:00:00,14.74,14.82,14.79,14.87
2020-01-16T12:00:00,14.69,14.77,14.79,14.87
2020-01-16T14:00:00,14.61,14.69,14.75,14.83
2020-01-16T16:00:00,14.64,14.72,14.7,14.78
2020-01-16T18:00:00,14.57,14.65,14.67,14.75
2020-01-16T20:00:00,14.52,14.6,14.62,14.7
2020-01-17T00:00:00,14.53,14.61,14.62,14.7
2020-01-17T02:00:00,14.54,14.62,14.54,14.62
2020-01-17T04:00:00,14.54,14.62,14.6,14.68
2020-01-17T08:00:00,14.5,14.58,14.55,14.63
2020-01-17T10:00:00,14.5,14.58,14.56,14.64
2020-01-17T12:00:00,14.5,14.58,14.61,14.69
2020-01-17T14:00:00,14.55,14.63,14.77,14.85
2020-01-17T16:00:00,14.71,14.79,14.92,15.0
2020-01-17T18:00:00,14.77,14.85,14.83,14.91
2020-01-17T20:00:00,14.63,14.71,14.78,14.86
2020-01-19T22:00:00,14.77,14.85,14.82,14.9
2020-01-20T00:00:00,14.72,14.8,14.77,14.85
2020-01-20T02:00:00,14.78,14.86,14.78,14.86
2020-01-20T06:00:00,14.79,14.87,14.84,14.92
2020-01-20T08:00:00,14.84,14.92,14.94,15.02
2020-01-20T10:00:00,14.8,14.88,14.8,14.88
2020-01-20T12:00:00,14.8,14.88,14.86,14.94
2020-01-20T14:00:00,14.81,14.89,14.86,14.94
2020-01-20T16:00:00,14.81,14.89,14.81,14.89
2020-01-20T22:00:00,14.76,14.84,14.84,14.92
2020-01-21T00:00:00,14.89,14.97,15.09,15.17
2020-01-21T02:00:00,15.04,15.12,15.14,15.22
2020-01-21T04:00:00,15.09,15.17,15.14,15.22
2020-01-21T06:00:00,15.14,15.22,15.24,15.32
2020-01-21T08:00:00,15.19,15.27,15.34,15.42
2020-01-21T10:00:00,15.14,15.22,15.29,15.37
2020-01-21T12:00:00,15.09,15.17,15.19,15.27
2020-01-21T14:00:00,14.75,14.83,15.14,15.22
2020-01-21T16:00:00,14.7,14.78,14.85,14.93
2020-01-21T18:00:00,14.75,14.83,15.1,15.18
2020-01-21T20:00:00,14.9,14.98,15.15,15.23
2020-01-22T00:00:00,14.9,14.98,15.0,15.08
2020-01-22T02:00:00,14.71,14.79,14.91,14.99
2020-01-22T04:00:00,14.71,14.79,14.76,14.84
2020-01-22T06:00:00,14.71,14.79,14.76,14.84
2020-01-22T08:00:00,14.66,14.74,14.81,14.89
2020-01-22T10:00:00,14.77,14.85,14.86,14.94
2020-01-22T12:00:00,14.72,14.8,14.82,14.9
2020-01-22T14:00:00,14.77,14.85,15.01,15.09
2020-01-22T16:00:00,14.92,15.0,15.07,15.15
2020-01-22T18:00:00,14.82,14.9,14.97,15.05
2020-01-22T20:00:00,14.97,15.05,15.27,15.35
2020-01-23T00:00:00,15.17,15.25,15.32,15.4
2020-01-23T02:00:00,15.13,15.21,15.37,15.45
2020-01-23T04:00:00,15.27,15.35,15.42,15.5
2020-01-23T06:00:00,15.23,15.31,15.47,15.55
2020-01-23T08:00:00,15.23,15.31,15.43,15.51
2020-01-23T10:00:00,15.18,15.26,15.33,15.41
2020-01-23T12:00:00,15.23,15.31,15.43,15.51
2020-01-23T14:00:00,15.23,15.31,15.63,15.71
2020-01-23T16:00:00,15.28,15.36,15.62,15.7
2020-01-23T18:00:00,15.09,15.17,15.33,15.41
2020-01-23T20:00:00,15.04,15.12,15.19,15.27
2020-01-24T00:00:00,14.96,15.04,15.15,15.23
2020-01-24T02:00:00,15.03,15.11,15.06,15.14
2020-01-24T04:00:00,14.96,15.04,15.01,15.09
2020-01-24T06:00:00,14.91,14.99,15.01,15.09
2020-01-24T08:00:00,14.73,14.81,14.96,15.04
2020-01-24T10:00:00,14.73,14.81,14.86,14.94
2020-01-24T12:00:00,14.73,14.81,14.91,14.99
2020-01-24T14:00:00,14.86,14.94,15.35,15.43
2020-01-24T16:00:00,15.11,15.19,16.06,16.14
2020-01-24T18:00:00,15.59,15.67,16.31,16.39
2020-01-24T20:00:00,15.78,15.86,16.3,16.38
2020-01-26T22:00:00,16.6,16.76,17.26,17.34
2020-01-27T00:00:00,16.6,16.68,17.19,17.27
2020-01-27T02:00:00,16.71,16.79,17.1,17.18
2020-01-27T04:00:00,16.84,16.92,17.12,17.2
2020-01-27T06:00:00,16.94,17.02,17.12,17.2
2020-01-27T08:00:00,16.71,16.79,17.26,17.34
2020-01-27T10:00:00,17.05,17.13,17.57,17.65
2020-01-27T12:00:00,16.9,16.98,17.37,17.45
2020-01-27T14:00:00,16.95,17.03,17.54,17.62
2020-01-27T16:00:00,16.95,17.03,17.53,17.61
2020-01-27T18:00:00,16.95,17.03,17.31,17.39
2020-01-27T20:00:00,17.1,17.18,17.76,17.84
2020-01-28T00:00:00,17.25,17.33,17.51,17.59
2020-01-28T02:00:00,17.3,17.38,17.45,17.53
2020-01-28T04:00:00,16.97,17.05,17.3,17.38
2020-01-28T06:00:00,16.83,16.91,17.06,17.14
2020-01-28T08:00:00,16.91,16.99,17.45,17.53
2020-01-28T10:00:00,17.08,17.16,17.5,17.58
2020-01-28T12:00:00,16.95,17.03,17.22,17.3
2020-01-28T14:00:00,16.67,16.75,17.3,17.38
2020-01-28T16:00:00,16.64,16.72,16.84,16.92
2020-01-28T18:00:00,16.59,16.67,16.89,16.97
2020-01-28T20:00:00,16.54,16.62,16.72,16.8
2020-01-29T00:00:00,16.46,16.54,16.87,16.95
2020-01-29T02:00:00,16.41,16.49,16.56,16.64
2020-01-29T04:00:00,16.42,16.5,16.56,16.64
2020-01-29T06:00:00,16.51,16.59,16.65,16.73
2020-01-29T08:00:00,16.43,16.51,16.7,16.78
2020-01-29T10:00:00,16.38,16.46,16.65,16.73
2020-01-29T12:00:00,16.33,16.41,16.47,16.55
2020-01-29T14:00:00,16.28,16.36,16.9,16.98
2020-01-29T16:00:00,16.38,16.46,16.59,16.67
2020-01-29T18:00:00,16.2,16.28,16.47,16.55
2020-01-29T20:00:00,16.3,16.38,16.8,16.88
2020-01-30T00:00:00,16.53,16.61,16.85,16.93
2020-01-30T02:00:00,16.77,16.85,17.24,17.32
2020-01-30T04:00:00,17.02,17.1,17.19,17.27
2020-01-30T06:00:00,17.01,17.09,17.45,17.53
2020-01-30T08:00:00,16.95,17.03,17.45,17.53
2020-01-30T10:00:00,17.04,17.12,17.4,17.48
2020-01-30T12:00:00,17.1,17.18,17.37,17.45
2020-01-30T14:00:00,16.87,16.95,17.63,17.71
2020-01-30T16:00:00,17.02,17.1,17.63,17.71
2020-01-30T18:00:00,16.9,16.98,17.52,17.6
2020-01-30T20:00:00,16.09,16.17,17.09,17.17
2020-01-31T00:00:00,16.01,16.09,16.36,16.44
2020-01-31T02:00:00,16.06,16.14,16.28,16.36
2020-01-31T04:00:00,16.14,16.22,16.28,16.36
2020-01-31T06:00:00,16.28,16.36,16.54,16.62
2020-01-31T08:00:00,16.51,16.59,16.68,16.76
2020-01-31T10:00:00,16.64,16.72,17.07,17.15
2020-01-31T12:00:00,16.62,16.7,16.85,16.93
2020-01-31T14:00:00,16.71,16.79,17.65,17.73
2020-01-31T16:00:00,17.43,17.51,18.09,18.17
2020-01-31T18:00:00,17.7,17.78,18.3,18.38
2020-01-31T20:00:00,17.96,18.04,18.74,18.82
2020-02-02T22:00:00,17.7,17.78,17.98,18.06
2020-02-03T00:00:00,17.39,17.47,17.93,18.01
2020-02-03T02:00:00,17.34,17.42,17.62,17.7
2020-02-03T04:00:00,17.26,17.34,17.52,17.6
2020-02-03T06:00:00,17.29,17.37,17.54,17.62
2020-02-03T08:00:00,17.35,17.43,17.9,17.98
2020-02-03T10:00:00,17.67,17.75,17.92,18.0
2020-02-03T12:00:00,17.46,17.54,17.79,17.87
2020-02-03T14:00:00,17.09,17.17,17.77,17.85
2020-02-03T16:00:00,17.36,17.44,17.92,18.0
2020-02-03T18:00:00,17.56,17.64,17.82,17.9
2020-02-03T20:00:00,17.41,17.49,17.69,17.77
2020-02-04T00:00:00,17.18,17.26,17.74,17.82
2020-02-04T02:00:00,17.03,17.11,17.41,17.49
2020-02-04T04:00:00,16.98,17.06,17.11,17.19
2020-02-04T06:00:00,16.86,16.94,17.06,17.14
2020-02-04T08:00:00,16.66,16.74,16.96,17.04
2020-02-04T10:00:00,16.68,16.76,16.81,16.89
2020-02-04T12:00:00,16.58,16.66,16.81,16.89
2020-02-04T14:00:00,16.58,16.66,16.78,16.86
2020-02-04T16:00:00,16.46,16.54,16.73,16.81
2020-02-04T18:00:00,16.39,16.47,16.58,16.66
2020-02-04T20:00:00,16.34,16.42,16.63,16.71
2020-02-05T00:00:00,16.58,16.66,16.83,16.91
2020-02-05T02:00:00,16.63,16.71,16.78,16.86
2020-02-05T04:00:00,16.65,16.73,16.78,16.86
2020-02-05T06:00:00,16.65,16.73,16.83,16.91
2020-02-05T08:00:00,16.05,16.13,16.8,16.88
2020-02-05T10:00:00,16.01,16.09,16.23,16.31
2020-02-05T12:00:00,16.05,16.13,16.28,16.36
2020-02-05T14:00:00,15.91,15.99,16.46,16.54
2020-02-05T16:00:00,16.02,16.1,16.29,16.37
2020-02-05T18:00:00,15.95,16.03,16.14,16.22
2020-02-05T20:00:00,15.86,15.94,16.07,16.15
2020-02-06T00:00:00,15.71,15.79,15.96,16.04
2020-02-06T02:00:00,15.72,15.8,15.84,15.92
2020-02-06T04:00:00,15.62,15.7,15.79,15.87
2020-02-06T06:00:00,15.6,15.68,15.79,15.87
2020-02-06T08:00:00,15.67,15.75,15.91,15.99
2020-02-06T10:00:00,15.72,15.8,15.93,16.01
2020-02-06T12:00:00,15.67,15.75,15.81,15.89
2020-02-06T14:00:00,15.74,15.82,16.1,16.18
2020-02-06T16:00:00,15.7,15.78,15.89,15.97
2020-02-06T18:00:00,15.72,15.8,15.95,16.03
2020-02-06T20:00:00,15.73,15.81,15.88,15.96
2020-02-07T00:00:00,15.71,15.79,15.97,16.05
2020-02-07T02:00:00,15.83,15.91,15.95,16.03
2020-02-07T04:00:00,15.88,15.96,16.0,16.08
2020-02-07T06:00:00,15.78,15.86,15.98,16.06
2020-02-07T08:00:00,15.88,15.96,16.07,16.15
2020-02-07T10:00:00,16.02,16.1,16.27,16.35
2020-02-07T12:00:00,15.87,15.95,16.21,16.29
2020-02-07T14:00:00,16.02,16.1,16.4,16.48
2020-02-07T16:00:00,15.86,15.94,16.18,16.26
2020-02-07T18:00:00,15.96,16.04,16.45,16.53
2020-02-07T20:00:00,16.0,16.08,16.23,16.31
2020-02-09T22:00:00,16.06,16.14,16.61,16.69
2020-02-10T00:00:00,16.03,16.11,16.49,16.57
2020-02-10T02:00:00,15.97,16.05,16.14,16.22
2020-02-10T04:00:00,16.06,16.14,16.19,16.27
2020-02-10T06:00:00,15.98,16.06,16.14,16.22
2020-02-10T08:00:00,16.02,16.1,16.31,16.39
2020-02-10T10:00:00,15.97,16.05,16.24,16.32
2020-02-10T12:00:00,15.98,16.06,16.2,16.28
2020-02-10T14:00:00,15.77,15.85,16.27,16.35
2020-02-10T16:00:00,15.87,15.95,15.98,16.06
2020-02-10T18:00:00,15.91,15.99,16.03,16.11
2020-02-10T20:00:00,15.85,15.93,15.97,16.05
2020-02-11T00:00:00,15.67,15.75,15.95,16.03
2020-02-11T02:00:00,15.62,15.7,15.74,15.82
2020-02-11T04:00:00,15.69,15.77,15.74,15.82
2020-02-11T06:00:00,15.69,15.77,15.75,15.83
2020-02-11T08:00:00,15.64,15.72,15.8,15.88
2020-02-11T10:00:00,15.63,15.71,15.69,15.77
2020-02-11T12:00:00,15.63,15.71,15.73,15.81
2020-02-11T14:00:00,15.52,15.6,15.69,15.77
2020-02-11T16:00:00,15.52,15.6,15.7,15.78
2020-02-11T18:00:00,15.52,15.6,15.76,15.84
2020-02-11T20:00:00,15.7,15.78,15.92,16.0
2020-02-12T00:00:00,15.75,15.83,15.87,15.95
2020-02-12T02:00:00,15.71,15.79,15.81,15.89
2020-02-12T04:00:00,15.7,15.78,15.75,15.83
2020-02-12T06:00:00,15.64,15.72,15.7,15.78
2020-02-12T08:00:00,15.54,15.62,15.7,15.78
2020-02-12T10:00:00,15.59,15.67,15.66,15.74
2020-02-12T12:00:00,15.59,15.67,15.66,15.74
2020-02-12T14:00:00,15.54,15.62,15.69,15.77
2020-02-12T16:00:00,15.4,15.48,15.58,15.66
2020-02-12T18:00:00,15.15,15.23,15.48,15.56
2020-02-12T20:00:00,15.06,15.14,15.26,15.34
2020-02-13T00:00:00,15.24,15.32,15.48,15.56
2020-02-13T02:00:00,15.25,15.33,15.36,15.44
2020-02-13T04:00:00,15.36,15.44,15.42,15.5
2020-02-13T06:00:00,15.42,15.5,15.59,15.67
2020-02-13T08:00:00,15.47,15.55,15.87,15.95
2020-02-13T10:00:00,15.79,15.87,16.08,16.16
2020-02-13T12:00:00,15.6,15.68,15.88,15.96
2020-02-13T14:00:00,15.33,15.41,15.76,15.84
2020-02-13T16:00:00,15.31,15.39,15.43,15.51
2020-02-13T18:00:00,15.26,15.34,15.48,15.56
2020-02-13T20:00:00,15.28,15.36,15.5,15.58
2020-02-14T00:00:00,15.38,15.46,15.59,15.67
2020-02-14T02:00:00,15.22,15.3,15.43,15.51
2020-02-14T04:00:00,15.28,15.36,15.33,15.41
2020-02-14T06:00:00,15.28,15.36,15.39,15.47
2020-02-14T08:00:00,15.28,15.36,15.39,15.47
2020-02-14T10:00:00,15.28,15.36,15.33,15.41
2020-02-14T12:00:00,15.23,15.31,15.39,15.47
2020-02-14T14:00:00,15.29,15.37,15.46,15.54
2020-02-14T16:00:00,15.24,15.32,15.55,15.63
2020-02-14T18:00:00,15.33,15.41,15.61,15.69
2020-02-14T20:00:00,15.23,15.31,15.45,15.53
2020-02-16T22:00:00,15.2,15.28,15.3,15.38
2020-02-17T00:00:00,15.16,15.24,15.3,15.38
2020-02-17T02:00:00,15.11,15.19,15.16,15.24
2020-02-17T06:00:00,15.11,15.19,15.16,15.24
2020-02-17T08:00:00,15.11,15.19,15.17,15.25
2020-02-17T12:00:00,15.17,15.25,15.22,15.3
2020-02-17T14:00:00,15.03,15.11,15.15,15.23
2020-02-17T16:00:00,14.98,15.06,15.08,15.16
2020-02-17T22:00:00,15.08,15.16,15.33,15.41
2020-02-18T00:00:00,15.29,15.37,15.44,15.52
2020-02-18T02:00:00,15.39,15.47,15.44,15.52
2020-02-18T04:00:00,15.44,15.52,15.49,15.57
2020-02-18T06:00:00,15.44,15.52,15.69,15.77
2020-02-18T08:00:00,15.49,15.57,15.74,15.82
2020-02-18T10:00:00,15.6,15.68,15.74,15.82
2020-02-18T12:00:00,15.55,15.63,15.7,15.78
2020-02-18T14:00:00,15.45,15.53,15.75,15.83
2020-02-18T16:00:00,15.65,15.73,15.95,16.03
2020-02-18T18:00:00,15.61,15.69,15.81,15.89
2020-02-18T20:00:00,15.61,15.69,15.81,15.89
2020-02-19T00:00:00,15.48,15.6,15.72,15.8
2020-02-19T02:00:00,15.43,15.55,15.62,15.7
2020-02-19T04:00:00,15.44,15.6,15.52,15.69
2020-02-19T06:00:00,15.48,15.56,15.57,15.65
2020-02-19T08:00:00,15.44,15.6,15.62,15.79
2020-02-19T10:00:00,15.48,15.56,15.58,15.66
2020-02-19T12:00:00,15.38,15.46,15.53,15.61
2020-02-19T14:00:00,15.34,15.42,15.59,15.67
2020-02-19T16:00:00,15.44,15.52,15.59,15.67
2020-02-19T18:00:00,15.44,15.52,15.59,15.67
2020-02-19T20:00:00,15.4,15.48,15.54,15.62
2020-02-20T00:00:00,15.25,15.33,15.45,15.53
2020-02-20T02:00:00,15.4,15.48,15.69,15.77
2020-02-20T04:00:00,15.6,15.68,15.69,15.77
2020-02-20T06:00:00,15.41,15.49,15.65,15.73
2020-02-20T08:00:00,15.45,15.53,15.65,15.73
2020-02-20T10:00:00,15.5,15.58,15.7,15.78
2020-02-20T12:00:00,15.56,15.64,15.7,15.78
2020-02-20T14:00:00,15.47,15.55,15.66,15.74
2020-02-20T16:00:00,15.51,15.59,16.58,16.66
2020-02-20T18:00:00,15.96,16.04,16.39,16.47
2020-02-20T20:00:00,16.01,16.09,16.39,16.47
2020-02-21T00:00:00,16.21,16.29,16.41,16.49
2020-02-21T02:00:00,16.31,16.39,16.45,16.53
2020-02-21T04:00:00,16.35,16.43,16.6,16.68
2020-02-21T06:00:00,16.55,16.63,16.75,16.83
2020-02-21T08:00:00,16.55,16.63,16.93,17.01
2020-02-21T10:00:00,16.5,16.58,16.75,16.83
2020-02-21T12:00:00,16.41,16.49,16.66,16.74
2020-02-21T14:00:00,16.46,16.54,17.22,17.3
2020-02-21T16:00:00,16.72,16.8,17.13,17.21
2020-02-21T18:00:00,16.85,16.93,17.41,17.49
2020-02-21T20:00:00,16.9,16.98,17.51,17.59
2020-02-23T22:00:00,17.96,18.04,18.47,18.55
2020-02-24T00:00:00,18.07,18.15,18.35,18.43
2020-02-24T02:00:00,18.24,18.32,18.66,18.74
2020-02-24T04:00:00,18.24,18.32,18.47,18.55
2020-02-24T06:00:00,18.34,18.42,18.75,18.83
2020-02-24T08:00:00,18.71,18.79,19.43,19.51
2020-02-24T10:00:00,18.81,18.89,19.26,19.34
2020-02-24T12:00:00,18.85,18.93,19.48,19.56
2020-02-24T14:00:00,18.75,18.83,19.75,19.83
2020-02-24T16:00:00,18.99,19.07,19.99,20.07
2020-02-24T18:00:00,19.43,19.51,20.28,20.36
2020-02-24T20:00:00,19.3,19.38,20.4,20.48
2020-02-25T00:00:00,18.88,18.96,19.66,19.74
2020-02-25T02:00:00,18.93,19.01,19.2,19.28
2020-02-25T04:00:00,18.88,18.96,19.11,19.19
2020-02-25T06:00:00,18.74,18.82,19.05,19.13
2020-02-25T08:00:00,18.79,18.87,19.53,19.61
2020-02-25T10:00:00,19.43,19.51,19.84,19.92
2020-02-25T12:00:00,19.3,19.38,19.75,19.83
2020-02-25T14:00:00,19.36,19.44,20.76,20.84
2020-02-25T16:00:00,20.32,20.4,21.11,21.19
2020-02-25T18:00:00,20.84,20.92,22.62,22.7
2020-02-25T20:00:00,21.4,21.48,22.57,22.65
2020-02-26T00:00:00,21.12,21.2,21.75,21.83
2020-02-26T02:00:00,20.92,21.0,21.56,21.64
2020-02-26T04:00:00,21.01,21.09,21.37,21.45
2020-02-26T06:00:00,21.16,21.24,21.72,21.8
2020-02-26T08:00:00,21.09,21.17,22.66,22.74
2020-02-26T10:00:00,21.25,21.33,22.07,22.15
2020-02-26T12:00:00,21.23,21.31,21.91,21.99
2020-02-26T14:00:00,20.56,20.64,21.5,21.58
2020-02-26T16:00:00,20.64,20.72,21.77,21.85
2020-02-26T18:00:00,21.29,21.37,22.32,22.4
2020-02-26T20:00:00,21.47,21.55,22.21,22.29
2020-02-27T00:00:00,21.67,21.75,22.45,22.53
2020-02-27T02:00:00,22.1,22.18,22.58,22.66
2020-02-27T04:00:00,22.49,22.57,22.81,22.89
2020-02-27T06:00:00,21.74,21.82,22.81,22.89
2020-02-27T08:00:00,21.65,21.73,22.35,22.43
2020-02-27T10:00:00,21.88,21.96,22.48,22.56
2020-02-27T12:00:00,22.26,22.34,23.1,23.18
2020-02-27T14:00:00,23.05,23.13,24.48,24.56
2020-02-27T16:00:00,22.79,22.87,24.2,24.28
2020-02-27T18:00:00,23.02,23.1,24.31,24.39
2020-02-27T20:00:00,23.7,23.78,25.62,25.7
2020-02-28T00:00:00,24.95,25.03,25.56,25.64
2020-02-28T02:00:00,24.72,24.8,26.54,26.62
2020-02-28T04:00:00,25.61,25.69,27.16,27.24
2020-02-28T06:00:00,26.18,26.26,27.37,27.45
2020-02-28T08:00:00,26.15,26.23,28.23,28.31
2020-02-28T10:00:00,26.19,26.27,27.87,27.95
2020-02-28T12:00:00,26.14,26.22,27.31,27.39
2020-02-28T14:00:00,26.53,26.61,28.2,28.28
2020-02-28T16:00:00,25.61,25.69,27.9,27.98
2020-02-28T18:00:00,26.31,26.39,27.81,27.89
2020-02-28T20:00:00,24.67,24.75,28.11,28.19
2020-03-01T22:00:00,26.53,26.61,27.84,27.92
2020-03-02T00:00:00,24.8,24.88,26.69,26.77
2020-03-02T02:00:00,24.44,24.52,25.51,25.59
2020-03-02T04:00:00,24.68,24.76,25.14,25.22
2020-03-02T06:00:00,23.53,23.61,25.1,25.18
2020-03-02T08:00:00,23.45,23.53,24.94,25.02
2020-03-02T10:00:00,24.5,24.58,26.61,26.69
2020-03-02T12:00:00,25.11,25.19,26.58,26.66
2020-03-02T14:00:00,24.46,24.54,26.19,26.27
2020-03-02T16:00:00,24.39,24.47,25.68,25.76
2020-03-02T18:00:00,24.54,24.62,26.03,26.11
2020-03-02T20:00:00,24.32,24.4,25.91,25.99
2020-03-03T00:00:00,24.13,24.21,24.53,24.61
2020-03-03T02:00:00,24.3,24.38,24.72,24.8
2020-03-03T04:00:00,24.52,24.6,25.27,25.35
2020-03-03T06:00:00,24.83,24.91,25.57,25.65
2020-03-03T08:00:00,24.09,24.17,25.29,25.37
2020-03-03T10:00:00,23.99,24.07,24.89,24.97
2020-03-03T12:00:00,24.34,24.42,25.28,25.36
2020-03-03T14:00:00,23.44,23.52,25.34,25.42
2020-03-03T16:00:00,24.45,24.53,25.9,25.98
2020-03-03T18:00:00,25.7,25.78,27.72,27.8
2020-03-03T20:00:00,26.45,26.53,27.61,27.69
2020-03-04T00:00:00,26.49,26.57,27.3,27.38
2020-03-04T02:00:00,26.1,26.18,26.91,26.99
2020-03-04T04:00:00,25.95,26.03,26.49,26.57
2020-03-04T06:00:00,25.7,25.78,26.27,26.35
2020-03-04T08:00:00,25.42,25.5,26.3,26.38
2020-03-04T10:00:00,25.44,25.52,25.75,25.83
2020-03-04T12:00:00,25.3,25.38,25.91,25.99
2020-03-04T14:00:00,25.52,25.6,26.75,26.83
2020-03-04T16:00:00,25.36,25.44,26.27,26.35
2020-03-04T18:00:00,25.09,25.17,25.99,26.07
2020-03-04T20:00:00,25.34,25.42,25.89,25.97
2020-03-05T00:00:00,25.93,26.01,26.45,26.53
2020-03-05T02:00:00,26.28,26.36,26.75,26.83
2020-03-05T04:00:00,26.24,26.32,26.73,26.81
2020-03-05T06:00:00,26.34,26.42,26.81,26.89
2020-03-05T08:00:00,26.4,26.48,26.96,27.04
2020-03-05T10:00:00,26.8,26.88,27.79,27.87
2020-03-05T12:00:00,27.2,27.28,27.8,27.88
2020-03-05T14:00:00,27.35,27.43,28.06,28.14
2020-03-05T16:00:00,27.07,27.15,28.92,29.0
2020-03-05T18:00:00,28.73,28.81,29.76,29.84
2020-03-05T20:00:00,29.07,29.15,30.35,30.43
2020-03-06T00:00:00,28.71,28.79,29.9,29.98
2020-03-06T02:00:00,29.88,29.96,30.71,30.79
2020-03-06T04:00:00,30.47,30.55,31.13,31.21
2020-03-06T06:00:00,30.38,30.46,31.02,31.1
2020-03-06T08:00:00,30.11,30.19,31.69,31.77
2020-03-06T10:00:00,31.57,31.65,32.8,32.88
2020-03-06T12:00:00,32.32,32.4,35.23,35.38
2020-03-06T14:00:00,32.7,32.78,35.26,35.34
2020-03-06T16:00:00,33.17,33.25,34.92,35.0
2020-03-06T18:00:00,33.79,33.87,35.24,35.32
2020-03-06T20:00:00,31.84,31.92,35.56,35.64
2020-03-08T22:00:00,34.49,34.63,38.88,38.98
2020-03-09T00:00:00,37.44,37.52,38.83,38.94
2020-03-09T02:00:00,37.91,38.08,41.01,41.17
2020-03-09T04:00:00,37.8,37.94,39.41,39.51
2020-03-09T06:00:00,38.39,38.56,42.65,42.92
2020-03-09T08:00:00,39.08,39.25,43.15,43.34
2020-03-09T10:00:00,40.27,40.44,43.7,43.82
2020-03-09T12:00:00,38.7,38.82,44.88,45.03
2020-03-09T14:00:00,37.57,37.65,41.26,41.35
2020-03-09T16:00:00,37.55,37.63,39.96,40.04
2020-03-09T18:00:00,38.1,38.18,40.52,40.6
2020-03-09T20:00:00,38.24,38.32,39.79,39.87
2020-03-10T00:00:00,34.39,34.47,37.31,37.41
2020-03-10T02:00:00,34.65,34.75,35.63,35.71
2020-03-10T04:00:00,33.18,33.32,34.9,34.98
2020-03-10T06:00:00,33.49,33.57,34.89,35.03
2020-03-10T08:00:00,32.56,32.64,35.33,35.49
2020-03-10T10:00:00,32.32,32.4,33.62,33.7
2020-03-10T12:00:00,33.44,33.52,36.32,36.4
2020-03-10T14:00:00,35.29,35.37,39.32,39.4
2020-03-10T16:00:00,37.02,37.1,38.78,38.86
2020-03-10T18:00:00,35.91,35.99,38.83,38.91
2020-03-10T20:00:00,35.8,35.88,36.38,36.46
2020-03-11T00:00:00,37.27,37.35,38.47,38.55
2020-03-11T02:00:00,37.84,37.92,38.54,38.62
2020-03-11T04:00:00,38.13,38.21,39.54,39.62
2020-03-11T06:00:00,38.15,38.23,39.41,39.54
2020-03-11T08:00:00,37.42,37.55,39.11,39.19
2020-03-11T10:00:00,38.38,38.46,39.42,39.58
2020-03-11T12:00:00,38.35,38.43,39.88,39.96
2020-03-11T14:00:00,38.34,38.42,39.59,39.67
2020-03-11T16:00:00,38.28,38.36,40.19,40.27
2020-03-11T18:00:00,39.79,39.87,41.48,41.56
2020-03-11T20:00:00,39.89,39.97,40.73,40.81
2020-03-12T00:00:00,40.05,40.13,45.29,45.44
2020-03-12T02:00:00,44.2,44.34,46.35,46.5
2020-03-12T04:00:00,43.04,43.19,45.19,45.36
2020-03-12T06:00:00,43.76,43.92,45.14,45.25
2020-03-12T08:00:00,43.87,44.09,46.07,46.24
2020-03-12T10:00:00,45.07,45.18,45.95,46.11
2020-03-12T12:00:00,45.68,45.84,51.04,51.22
2020-03-12T14:00:00,45.53,45.61,48.65,48.73
2020-03-12T16:00:00,43.58,43.66,49.55,49.63
2020-03-12T18:00:00,46.96,47.04,49.52,49.6
2020-03-12T20:00:00,47.42,47.5,50.08,50.16
2020-03-13T00:00:00,50.0,50.14,52.44,52.61
2020-03-13T02:00:00,51.88,52.04,52.82,52.98
2020-03-13T04:00:00,46.51,46.69,52.76,52.9
2020-03-13T06:00:00,46.98,47.16,50.92,51.22
2020-03-13T08:00:00,46.64,46.83,48.98,49.16
2020-03-13T10:00:00,44.91,45.08,47.58,47.74
2020-03-13T12:00:00,42.24,42.44,48.13,48.21
2020-03-13T14:00:00,45.62,45.78,51.02,51.16
2020-03-13T16:00:00,46.44,46.55,50.13,50.26
2020-03-13T18:00:00,43.87,43.95,48.5,48.66
2020-03-13T20:00:00,43.45,43.53,45.98,46.13
2020-03-15T22:00:00,45.49,45.79,50.46,50.62
2020-03-16T00:00:00,48.83,48.97,51.45,51.6
2020-03-16T02:00:00,50.07,50.26,50.96,51.09
2020-03-16T04:00:00,50.74,50.88,52.73,52.81
2020-03-16T06:00:00,52.47,52.59,54.1,54.31
2020-03-16T08:00:00,52.33,52.58,57.78,58.07
2020-03-16T10:00:00,54.91,55.05,57.64,57.81
2020-03-16T12:00:00,52.09,52.3,57.77,57.93
2020-03-16T14:00:00,52.82,52.98,55.06,55.26
2020-03-16T16:00:00,53.3,53.47,56.38,56.55
2020-03-16T18:00:00,55.75,55.92,63.0,63.16
2020-03-16T20:00:00,58.04,58.2,61.96,62.13
2020-03-17T00:00:00,49.85,50.15,58.77,59.07
2020-03-17T02:00:00,52.44,52.74,55.23,55.53
2020-03-17T04:00:00,52.56,52.65,54.09,54.39
2020-03-17T06:00:00,52.61,52.75,54.27,54.49
2020-03-17T08:00:00,52.61,52.91,59.13,59.32
2020-03-17T10:00:00,55.4,55.69,58.96,59.23
2020-03-17T12:00:00,56.97,57.16,62.17,62.36
2020-03-17T14:00:00,56.96,57.15,62.71,62.9
2020-03-17T16:00:00,54.37,54.56,60.38,60.47
2020-03-17T18:00:00,56.12,56.28,60.66,60.82
2020-03-17T20:00:00,58.15,58.26,60.84,61.14
2020-03-18T00:00:00,60.09,60.39,62.96,63.26
2020-03-18T02:00:00,59.49,59.79,61.3,61.6
2020-03-18T04:00:00,60.81,61.11,65.99,66.29
2020-03-18T06:00:00,64.4,64.7,67.93,68.23
2020-03-18T08:00:00,63.0,63.3,66.18,66.48
2020-03-18T10:00:00,65.2,65.5,66.98,67.28
2020-03-18T12:00:00,63.79,63.87,66.31,66.52
2020-03-18T14:00:00,62.15,62.23,66.95,67.03
2020-03-18T16:00:00,65.88,65.96,79.57,79.87
2020-03-18T18:00:00,67.86,68.06,78.71,78.87
2020-03-18T20:00:00,67.6,67.81,71.48,71.64
2020-03-19T00:00:00,66.58,66.76,72.24,72.53
2020-03-19T02:00:00,72.12,72.3,78.78,78.97
2020-03-19T04:00:00,76.47,76.76,78.56,78.86
2020-03-19T06:00:00,72.62,72.87,77.09,77.39
2020-03-19T08:00:00,69.51,69.7,74.38,74.68
2020-03-19T10:00:00,70.75,71.0,73.33,73.6
2020-03-19T12:00:00,72.43,72.59,76.66,76.82
2020-03-19T14:00:00,67.55,67.71,75.68,75.84
2020-03-19T16:00:00,65.52,65.68,71.19,71.35
2020-03-19T18:00:00,56.06,56.22,67.19,67.37
2020-03-19T20:00:00,60.73,60.89,67.75,67.91
2020-03-20T00:00:00,64.5,64.68,67.24,67.49
2020-03-20T02:00:00,64.81,64.97,66.15,66.31
2020-03-20T04:00:00,61.87,62.12,64.99,65.15
2020-03-20T06:00:00,57.96,58.19,62.17,62.42
2020-03-20T08:00:00,55.75,55.91,58.08,58.33
2020-03-20T10:00:00,56.06,56.27,60.65,60.84
2020-03-20T12:00:00,58.58,58.74,62.81,62.97
2020-03-20T14:00:00,52.35,52.51,59.94,60.1
2020-03-20T16:00:00,56.09,56.25,60.94,61.1
2020-03-20T18:00:00,56.27,56.43,61.84,62.0
2020-03-20T20:00:00,60.19,60.35,61.81,61.97
2020-03-22T22:00:00,64.23,64.53,70.35,70.65
2020-03-23T00:00:00,66.32,66.54,70.03,70.28
2020-03-23T02:00:00,64.65,64.87,68.31,68.5
2020-03-23T04:00:00,62.41,62.64,66.16,66.32
2020-03-23T06:00:00,63.34,63.59,66.19,66.44
2020-03-23T08:00:00,62.02,62.19,65.81,65.99
2020-03-23T10:00:00,61.76,61.95,63.2,63.39
2020-03-23T12:00:00,53.0,53.16,62.42,62.62
2020-03-23T14:00:00,51.2,51.36,55.8,55.98
2020-03-23T16:00:00,52.09,52.25,55.22,55.38
2020-03-23T18:00:00,48.68,48.84,54.94,55.1
2020-03-23T20:00:00,47.46,47.68,51.2,51.36
2020-03-24T00:00:00,43.34,43.52,46.84,47.0
2020-03-24T02:00:00,43.15,43.38,45.24,45.46
2020-03-24T04:00:00,43.33,43.49,45.37,45.54
2020-03-24T06:00:00,43.0,43.18,45.34,45.52
2020-03-24T08:00:00,44.07,44.33,45.6,45.77
2020-03-24T10:00:00,41.6,41.77,44.28,44.46
2020-03-24T12:00:00,38.9,39.06,43.59,43.75
2020-03-24T14:00:00,39.78,39.94,45.13,45.29
2020-03-24T16:00:00,43.36,43.52,45.73,45.89
2020-03-24T18:00:00,41.55,41.71,46.8,46.96
2020-03-24T20:00:00,44.25,44.46,46.75,46.91
2020-03-25T00:00:00,43.23,43.42,45.2,45.41
2020-03-25T02:00:00,43.68,43.91,44.85,45.05
2020-03-25T04:00:00,42.68,42.87,46.01,46.17
2020-03-25T06:00:00,42.53,42.7,44.41,44.62
2020-03-25T08:00:00,42.24,42.44,44.96,45.18
2020-03-25T10:00:00,43.99,44.19,50.21,50.48
2020-03-25T12:00:00,46.7,46.86,49.43,49.59
2020-03-25T14:00:00,47.96,48.12,51.26,51.42
2020-03-25T16:00:00,47.48,47.64,49.4,49.56
2020-03-25T18:00:00,46.5,46.66,49.95,50.11
2020-03-25T20:00:00,48.22,48.38,49.43,49.59
2020-03-26T00:00:00,48.37,48.56,50.98,51.17
2020-03-26T02:00:00,49.41,49.59,50.8,51.01
2020-03-26T04:00:00,49.64,49.81,51.98,52.2
2020-03-26T06:00:00,51.18,51.4,52.66,52.89
2020-03-26T08:00:00,51.23,51.46,52.7,52.87
2020-03-26T10:00:00,49.97,50.15,51.95,52.14
2020-03-26T12:00:00,46.7,46.92,53.04,53.21
2020-03-26T14:00:00,44.66,44.82,47.24,47.4
2020-03-26T16:00:00,44.91,45.07,46.25,46.41
2020-03-26T18:00:00,44.19,44.35,45.96,46.12
2020-03-26T20:00:00,43.48,43.64,44.88,45.04
2020-03-27T00:00:00,43.28,43.47,46.99,47.17
2020-03-27T02:00:00,46.19,46.41,47.29,47.5
2020-03-27T04:00:00,46.46,46.62,48.48,48.67
2020-03-27T06:00:00,46.5,46.66,47.52,47.73
2020-03-27T08:00:00,46.84,47.01,48.09,48.29
2020-03-27T10:00:00,47.04,47.21,48.41,48.61
2020-03-27T12:00:00,46.75,46.91,49.27,49.45
2020-03-27T14:00:00,47.4,47.56,48.65,48.81
2020-03-27T16:00:00,47.36,47.52,48.96,49.12
2020-03-27T18:00:00,46.93,47.09,48.8,48.96
2020-03-27T20:00:00,48.34,48.5,50.16,50.33
2020-03-29T21:00:00,49.58,49.81,51.35,51.55
2020-03-29T23:00:00,48.39,48.59,51.19,51.41
2020-03-30T01:00:00,49.71,49.93,51.18,51.34
2020-03-30T03:00:00,47.14,47.31,50.6,50.85
2020-03-30T05:00:00,46.21,46.37,48.22,48.46
2020-03-30T07:00:00,47.26,47.56,49.76,49.95
2020-03-30T09:00:00,47.0,47.19,48.91,49.1
2020-03-30T11:00:00,47.35,47.51,48.45,48.61
2020-03-30T13:00:00,46.98,47.14,49.16,49.32
2020-03-30T15:00:00,47.35,47.51,48.05,48.21
2020-03-30T17:00:00,46.9,47.06,47.77,47.93
2020-03-30T19:00:00,45.97,46.13,47.22,47.38
2020-03-30T23:00:00,45.13,45.29,46.61,46.77
2020-03-31T01:00:00,44.97,45.13,45.81,45.97
2020-03-31T03:00:00,45.49,45.66,47.12,47.28
2020-03-31T05:00:00,45.65,45.81,47.11,47.27
2020-03-31T07:00:00,44.86,45.02,46.14,46.32
2020-03-31T09:00:00,44.94,45.12,46.21,46.37
2020-03-31T11:00:00,45.82,46.0,47.48,47.64
2020-03-31T13:00:00,43.17,43.33,46.71,46.87
2020-03-31T15:00:00,42.93,43.09,45.06,45.22
2020-03-31T17:00:00,42.96,43.12,44.87,45.03
2020-03-31T19:00:00,42.85,43.01,44.53,44.69
2020-03-31T23:00:00,44.19,44.35,45.41,45.57
2020-04-01T01:00:00,44.49,44.65,45.33,45.49
2020-04-01T03:00:00,44.92,45.08,45.47,45.63
2020-04-01T05:00:00,44.94,45.1,46.66,46.82
2020-04-01T07:00:00,45.85,46.01,47.19,47.35
2020-04-01T09:00:00,46.0,46.16,46.79,46.95
2020-04-01T11:00:00,46.05,46.21,46.93,47.09
2020-04-01T13:00:00,44.23,44.39,46.65,46.81
2020-04-01T15:00:00,44.43,44.59,47.11,47.27
2020-04-01T17:00:00,46.13,46.29,47.27,47.43
2020-04-01T19:00:00,46.66,46.82,47.79,47.95
2020-04-01T23:00:00,45.67,45.85,46.99,47.15
2020-04-02T01:00:00,44.9,45.06,46.45,46.61
2020-04-02T03:00:00,44.56,44.72,45.57,45.73
2020-04-02T05:00:00,44.66,44.82,45.6,45.77
2020-04-02T07:00:00,44.51,44.67,45.15,45.35
2020-04-02T09:00:00,44.68,44.84,45.11,45.3
2020-04-02T11:00:00,44.87,45.03,46.44,46.6
2020-04-02T13:00:00,44.37,44.53,47.11,47.27
2020-04-02T15:00:00,44.39,44.55,45.56,45.72
2020-04-02T17:00:00,44.57,44.73,45.79,45.95
2020-04-02T19:00:00,43.92,44.08,45.06,45.22
2020-04-02T23:00:00,44.03,44.22,44.96,45.12
2020-04-03T01:00:00,44.25,44.41,44.99,45.15
2020-04-03T03:00:00,44.47,44.63,45.25,45.41
2020-04-03T05:00:00,44.31,44.47,45.37,45.53
2020-04-03T07:00:00,44.22,44.38,45.19,45.35
2020-04-03T09:00:00,44.31,44.47,45.0,45.16
2020-04-03T11:00:00,43.54,43.71,44.76,44.92
2020-04-03T13:00:00,42.8,42.96,44.21,44.37
2020-04-03T15:00:00,43.46,43.62,44.53,44.69
2020-04-03T17:00:00,42.85,43.01,44.08,44.24
2020-04-03T19:00:00,41.82,41.98,43.34,43.5
2020-04-05T21:00:00,40.08,40.3,41.14,41.35
2020-04-05T23:00:00,39.31,39.47,40.8,40.96
2020-04-06T01:00:00,39.73,39.89,40.57,40.73
2020-04-06T03:00:00,38.67,38.83,40.04,40.2
2020-04-06T05:00:00,37.77,37.93,38.71,38.87
2020-04-06T07:00:00,38.33,38.49,39.07,39.23
2020-04-06T09:00:00,38.44,38.6,39.08,39.24
2020-04-06T11:00:00,38.94,39.1,39.64,39.8
2020-04-06T13:00:00,38.63,38.79,39.71,39.87
2020-04-06T15:00:00,38.55,38.71,39.61,39.77
2020-04-06T17:00:00,38.66,38.82,39.07,39.23
2020-04-06T19:00:00,38.23,38.39,39.23,39.39
2020-04-06T23:00:00,38.24,38.4,39.39,39.55
2020-04-07T01:00:00,38.23,38.39,39.06,39.22
2020-04-07T03:00:00,38.51,38.67,39.23,39.39
2020-04-07T05:00:00,37.64,37.8,38.84,39.0
2020-04-07T07:00:00,37.41,37.57,38.38,38.54
2020-04-07T09:00:00,37.22,37.38,37.81,37.97
2020-04-07T11:00:00,37.43,37.59,38.09,38.25
2020-04-07T13:00:00,37.45,37.61,39.82,39.98
2020-04-07T15:00:00,38.07,38.23,39.83,39.99
2020-04-07T17:00:00,38.25,38.41,40.03,40.19
2020-04-07T19:00:00,38.92,39.08,40.75,40.91
2020-04-07T23:00:00,39.58,39.75,40.87,41.04
2020-04-08T01:00:00,40.11,40.27,41.08,41.24
2020-04-08T03:00:00,39.44,39.6,40.58,40.74
2020-04-08T05:00:00,38.94,39.1,40.51,40.67
2020-04-08T07:00:00,39.6,39.85,40.76,40.92
2020-04-08T09:00:00,39.85,40.01,40.7,40.86
2020-04-08T11:00:00,39.34,39.5,40.07,40.23
2020-04-08T13:00:00,38.95,39.11,39.99,40.15
2020-04-08T15:00:00,38.35,38.51,39.18,39.34
2020-04-08T17:00:00,38.5,38.66,39.18,39.34
2020-04-08T19:00:00,38.4,38.56,39.1,39.26
2020-04-08T23:00:00,38.66,38.82,39.32,39.53
2020-04-09T01:00:00,38.73,38.89,39.51,39.68
2020-04-09T03:00:00,39.06,39.22,39.45,39.61
2020-04-09T05:00:00,38.53,38.69,39.34,39.5
2020-04-09T07:00:00,38.19,38.35,39.19,39.35
2020-04-09T09:00:00,38.98,39.14,39.75,39.91
2020-04-09T11:00:00,38.37,38.53,39.99,40.15
2020-04-09T13:00:00,37.86,38.02,39.0,39.16
2020-04-09T15:00:00,38.21,38.37,39.08,39.24
2020-04-09T17:00:00,38.01,38.17,38.65,38.81
2020-04-09T19:00:00,37.37,37.53,38.58,38.74
2020-04-12T21:00:00,36.74,37.04,38.53,38.77
2020-04-12T23:00:00,37.31,37.57,38.11,38.31
2020-04-13T01:00:00,37.45,37.68,38.18,38.38
2020-04-13T03:00:00,37.52,37.73,38.1,38.26
2020-04-13T05:00:00,37.62,37.8,38.02,38.23
2020-04-13T07:00:00,37.64,37.89,38.08,38.29
2020-04-13T09:00:00,37.84,38.04,38.09,38.32
2020-04-13T11:00:00,36.86,37.02,37.91,38.09
2020-04-13T13:00:00,36.61,36.77,37.56,37.72
2020-04-13T15:00:00,36.99,37.15,37.91,38.07
2020-04-13T17:00:00,37.13,37.29,37.59,37.75
2020-04-13T19:00:00,36.01,36.17,37.37,37.53
2020-04-13T23:00:00,35.9,36.1,36.37,36.6
2020-04-14T01:00:00,35.29,35.45,36.29,36.49
2020-04-14T03:00:00,34.53,34.69,35.43,35.59
2020-04-14T05:00:00,34.44,34.64,35.08,35.24
2020-04-14T07:00:00,34.68,34.84,35.17,35.33
2020-04-14T09:00:00,34.67,34.83,35.27,35.43
2020-04-14T11:00:00,34.66,34.82,35.22,35.38
2020-04-14T13:00:00,33.12,33.28,34.71,34.87
2020-04-14T15:00:00,33.27,33.43,34.17,34.33
2020-04-14T17:00:00,33.17,33.33,33.66,33.82
2020-04-14T19:00:00,32.89,33.05,33.59,33.75
2020-04-14T23:00:00,33.04,33.3,33.46,33.64
2020-04-15T01:00:00,33.19,33.37,33.56,33.81
2020-04-15T03:00:00,33.11,33.32,33.43,33.69
2020-04-15T05:00:00,33.09,33.32,33.6,33.85
2020-04-15T07:00:00,33.21,33.46,34.58,34.81
2020-04-15T09:00:00,34.46,34.73,35.07,35.35
2020-04-15T11:00:00,34.46,34.76,36.17,36.37
2020-04-15T13:00:00,35.07,35.23,36.9,37.06
2020-04-15T15:00:00,35.95,36.11,36.7,36.86
2020-04-15T17:00:00,35.7,35.86,36.44,36.6
2020-04-15T19:00:00,35.67,35.83,36.53,36.69
2020-04-15T23:00:00,36.78,36.94,37.76,37.92
2020-04-16T01:00:00,36.42,36.58,37.06,37.22
2020-04-16T03:00:00,36.46,36.62,36.86,37.02
2020-04-16T05:00:00,35.57,35.73,36.71,36.87
2020-04-16T07:00:00,35.51,35.67,36.06,36.22
2020-04-16T09:00:00,35.85,36.01,36.34,36.5
2020-04-16T11:00:00,35.95,36.11,36.96,37.12
2020-04-16T13:00:00,35.78,35.94,37.3,37.46
2020-04-16T15:00:00,36.09,36.25,37.3,37.46
2020-04-16T17:00:00,36.37,36.53,36.96,37.12
2020-04-16T19:00:00,35.36,35.52,36.76,36.92
2020-04-16T23:00:00,33.94,34.1,34.63,34.79
2020-04-17T01:00:00,34.19,34.35,34.59,34.75
2020-04-17T03:00:00,34.42,34.58,34.97,35.13
2020-04-17T05:00:00,34.32,34.48,34.82,34.98
2020-04-17T07:00:00,34.27,34.43,34.96,35.12
2020-04-17T09:00:00,34.21,34.37,34.78,34.94
2020-04-17T11:00:00,34.03,34.19,34.81,34.97
2020-04-17T13:00:00,34.66,34.82,35.83,35.99
2020-04-17T15:00:00,35.32,35.48,35.92,36.08
2020-04-17T17:00:00,35.13,35.29,35.46,35.62
2020-04-17T19:00:00,34.24,34.4,35.18,35.34
2020-04-19T21:00:00,34.51,34.67,35.12,35.32
2020-04-19T23:00:00,34.49,34.65,34.97,35.13
2020-04-20T01:00:00,34.61,34.77,35.35,35.51
2020-04-20T03:00:00,34.58,34.74,35.06,35.22
2020-04-20T05:00:00,34.71,34.87,35.35,35.51
2020-04-20T07:00:00,35.21,35.37,35.84,36.0
2020-04-20T09:00:00,35.59,35.75,36.44,36.6
2020-04-20T11:00:00,36.29,36.45,37.27,37.43
2020-04-20T13:00:00,35.62,35.78,36.9,37.06
2020-04-20T15:00:00,35.53,35.69,35.86,36.02
2020-04-20T17:00:00,35.77,35.93,37.61,37.77
2020-04-20T19:00:00,37.25,37.41,38.53,38.69
2020-04-20T23:00:00,37.31,37.47,38.01,38.17
2020-04-21T01:00:00,36.82,36.98,39.17,39.33
2020-04-21T03:00:00,38.3,38.46,39.04,39.2
2020-04-21T05:00:00,38.18,38.34,38.99,39.15
2020-04-21T07:00:00,37.91,38.07,38.91,39.07
2020-04-21T09:00:00,38.24,38.4,39.71,39.87
2020-04-21T11:00:00,39.33,39.49,41.23,41.39
2020-04-21T13:00:00,40.34,40.5,41.71,41.87
2020-04-21T15:00:00,41.43,41.59,42.44,42.6
2020-04-21T17:00:00,40.78,40.94,41.9,42.06
2020-04-21T19:00:00,40.4,40.56,41.72,41.88
2020-04-21T23:00:00,40.38,40.54,41.38,41.54
2020-04-22T01:00:00,40.8,40.96,41.53,41.69
2020-04-22T03:00:00,40.71,40.87,41.27,41.43
2020-04-22T05:00:00,39.71,39.87,41.15,41.31
2020-04-22T07:00:00,39.68,39.84,40.56,40.72
2020-04-22T09:00:00,39.5,39.66,40.31,40.47
2020-04-22T11:00:00,39.41,39.57,40.16,40.32
2020-04-22T13:00:00,39.09,39.25,40.13,40.29
2020-04-22T15:00:00,38.51,38.67,39.65,39.81
2020-04-22T17:00:00,38.58,38.74,38.82,38.98
2020-04-22T19:00:00,38.59,38.75,39.07,39.23
2020-04-22T23:00:00,38.62,38.78,39.3,39.46
2020-04-23T01:00:00,38.41,38.57,39.44,39.6
2020-04-23T03:00:00,38.75,38.91,39.42,39.58
2020-04-23T05:00:00,38.48,38.64,39.13,39.29
2020-04-23T07:00:00,38.66,38.82,39.59,39.75
2020-04-23T09:00:00,38.7,38.86,39.34,39.5
2020-04-23T11:00:00,37.85,38.01,39.17,39.33
2020-04-23T13:00:00,37.68,37.84,38.47,38.63
2020-04-23T15:00:00,37.59,37.75,39.47,39.63
2020-04-23T17:00:00,38.23,38.39,39.47,39.63
2020-04-23T19:00:00,38.35,38.51,39.18,39.34
2020-04-23T23:00:00,38.91,39.07,39.76,39.92
2020-04-24T01:00:00,39.37,39.53,39.86,40.02
2020-04-24T03:00:00,39.24,39.4,39.58,39.74
2020-04-24T05:00:00,39.23,39.39,39.81,39.97
2020-04-24T07:00:00,39.04,39.2,39.6,39.76
2020-04-24T09:00:00,37.66,37.82,39.18,39.34
2020-04-24T11:00:00,37.69,37.85,38.43,38.59
2020-04-24T13:00:00,37.81,37.97,38.41,38.57
2020-04-24T15:00:00,37.68,37.84,38.47,38.63
2020-04-24T17:00:00,36.76,36.92,37.85,38.01
2020-04-24T19:00:00,36.22,36.38,37.08,37.24
2020-04-26T21:00:00,35.7,35.95,36.44,36.62
2020-04-26T23:00:00,36.01,36.17,36.51,36.67
2020-04-27T01:00:00,36.01,36.17,36.57,36.73
2020-04-27T03:00:00,35.53,35.69,36.19,36.35
2020-04-27T05:00:00,35.29,35.45,36.05,36.21
2020-04-27T07:00:00,35.53,35.69,36.08,36.24
2020-04-27T09:00:00,35.35,35.51,35.71,35.87
2020-04-27T11:00:00,35.12,35.28,35.64,35.8
2020-04-27T13:00:00,33.51,33.67,35.48,35.64
2020-04-27T15:00:00,33.28,33.44,33.87,34.03
2020-04-27T17:00:00,33.34,33.5,33.96,34.12
2020-04-27T19:00:00,33.42,33.58,33.85,34.01
2020-04-27T23:00:00,33.51,33.67,33.84,34.0
2020-04-28T01:00:00,33.71,33.87,34.35,34.51
2020-04-28T03:00:00,34.17,34.33,34.45,34.61
2020-04-28T05:00:00,33.58,33.74,34.33,34.49
2020-04-28T07:00:00,33.16,33.32,33.75,33.91
2020-04-28T09:00:00,32.56,32.72,33.34,33.5
2020-04-28T11:00:00,32.54,32.7,32.99,33.15
2020-04-28T13:00:00,32.41,32.57,34.59,34.75
2020-04-28T15:00:00,33.44,33.6,34.64,34.8
2020-04-28T17:00:00,33.33,33.49,33.99,34.15
2020-04-28T19:00:00,33.65,33.81,34.41,34.57
2020-04-28T23:00:00,33.39,33.55,33.87,34.03
2020-04-29T01:00:00,33.01,33.17,33.67,33.83
2020-04-29T03:00:00,33.06,33.22,33.39,33.55
2020-04-29T05:00:00,33.06,33.22,33.59,33.75
2020-04-29T07:00:00,33.01,33.17,33.69,33.85
2020-04-29T09:00:00,32.99,33.15,33.52,33.68
2020-04-29T11:00:00,32.1,32.26,33.46,33.62
2020-04-29T13:00:00,31.44,31.6,32.45,32.61
2020-04-29T15:00:00,31.59,31.75,31.9,32.06
2020-04-29T17:00:00,31.52,31.68,32.06,32.22
2020-04-29T19:00:00,31.6,31.76,32.23,32.39
2020-04-29T23:00:00,31.58,31.74,32.06,32.22
2020-04-30T01:00:00,31.81,31.97,32.13,32.29
2020-04-30T03:00:00,31.35,31.51,31.91,32.07
2020-04-30T05:00:00,31.44,31.6,31.97,32.13
2020-04-30T07:00:00,31.68,31.84,32.13,32.29
2020-04-30T09:00:00,31.75,31.91,32.29,32.45
2020-04-30T11:00:00,32.11,32.27,33.01,33.17
2020-04-30T13:00:00,32.79,32.95,33.94,34.1
2020-04-30T15:00:00,33.24,33.4,34.37,34.53
2020-04-30T17:00:00,33.58,33.74,34.16,34.32
2020-04-30T19:00:00,32.98,33.14,34.12,34.28
2020-04-30T23:00:00,34.23,34.39,34.69,34.85
2020-05-01T01:00:00,34.18,34.34,35.28,35.44
2020-05-01T03:00:00,34.93,35.09,35.43,35.59
2020-05-01T05:00:00,35.03,35.19,35.93,36.09
2020-05-01T07:00:00,35.73,35.89,36.58,36.74
2020-05-01T09:00:00,35.72,35.88,36.17,36.33
2020-05-01T11:00:00,35.79,35.95,36.48,36.64
2020-05-01T13:00:00,35.29,35.45,36.22,36.38
2020-05-01T15:00:00,35.56,35.72,36.81,36.97
2020-05-01T17:00:00,36.18,36.34,36.71,36.87
2020-05-01T19:00:00,35.88,36.04,36.78,36.96
2020-05-03T21:00:00,37.19,37.4,38.24,38.4
2020-05-03T23:00:00,37.74,37.9,38.45,38.61
2020-05-04T01:00:00,36.87,37.03,37.96,38.12
2020-05-04T03:00:00,36.57,36.73,37.1,37.26
2020-05-04T05:00:00,36.48,36.64,37.25,37.41
2020-05-04T07:00:00,36.55,36.71,37.4,37.56
2020-05-04T09:00:00,36.79,36.95,37.67,37.83
2020-05-04T11:00:00,36.89,37.05,37.48,37.64
2020-05-04T13:00:00,36.27,36.43,37.51,37.67
2020-05-04T15:00:00,35.72,35.88,36.81,36.97
2020-05-04T17:00:00,35.59,35.75,36.34,36.5
2020-05-04T19:00:00,35.12,35.28,35.73,35.89
2020-05-04T23:00:00,34.84,35.0,35.26,35.42
2020-05-05T01:00:00,34.59,34.75,34.91,35.07
2020-05-05T03:00:00,34.58,34.74,34.96,35.12
2020-05-05T05:00:00,34.51,34.67,34.81,34.97
2020-05-05T07:00:00,34.15,34.31,35.43,35.59
2020-05-05T09:00:00,34.58,34.74,35.48,35.64
2020-05-05T11:00:00,33.96,34.12,34.67,34.83
2020-05-05T13:00:00,33.45,33.61,34.13,34.29
2020-05-05T15:00:00,33.36,33.52,33.7,33.86
2020-05-05T17:00:00,33.06,33.22,33.78,33.94
2020-05-05T19:00:00,32.83,32.99,34.04,34.2
2020-05-05T23:00:00,33.6,33.76,34.46,34.62
2020-05-06T01:00:00,34.26,34.42,34.7,34.86
2020-05-06T03:00:00,34.04,34.2,34.37,34.53
2020-05-06T05:00:00,33.42,33.58,34.25,34.41
2020-05-06T07:00:00,33.3,33.46,33.77,33.93
2020-05-06T09:00:00,33.08,33.24,33.45,33.61
2020-05-06T11:00:00,33.09,33.25,33.65,33.81
2020-05-06T13:00:00,32.93,33.09,34.28,34.44
2020-05-06T15:00:00,33.19,33.35,34.08,34.24
2020-05-06T17:00:00,33.16,33.32,33.68,33.84
2020-05-06T19:00:00,33.3,33.46,34.61,34.77
2020-05-06T23:00:00,34.14,34.3,34.71,34.87
2020-05-07T01:00:00,33.98,34.14,34.25,34.41
2020-05-07T03:00:00,33.65,33.81,34.01,34.17
2020-05-07T05:00:00,33.51,33.67,33.95,34.11
2020-05-07T07:00:00,33.01,33.17,33.66,33.82
2020-05-07T09:00:00,32.8,32.96,33.31,33.47
2020-05-07T11:00:00,32.78,32.94,33.23,33.39
2020-05-07T13:00:00,32.62,32.78,33.27,33.43
2020-05-07T15:00:00,32.49,32.65,33.08,33.24
2020-05-07T17:00:00,32.54,32.7,33.08,33.24
2020-05-07T19:00:00,32.35,32.51,33.13,33.29
2020-05-07T23:00:00,31.74,31.9,32.39,32.55
2020-05-08T01:00:00,31.73,31.89,32.03,32.19
2020-05-08T03:00:00,31.73,31.89,31.92,32.08
2020-05-08T05:00:00,31.75,31.91,32.16,32.32
2020-05-08T07:00:00,31.91,32.07,32.2,32.36
2020-05-08T09:00:00,31.75,31.91,32.13,32.29
2020-05-08T11:00:00,31.62,31.78,32.1,32.26
2020-05-08T13:00:00,31.56,31.72,32.1,32.26
2020-05-08T15:00:00,30.91,31.07,31.75,31.91
2020-05-08T17:00:00,30.91,31.07,31.37,31.53
2020-05-08T19:00:00,30.14,30.3,31.11,31.27
2020-05-10T21:00:00,30.31,30.47,30.73,30.9
2020-05-10T23:00:00,29.89,30.05,30.39,30.55
2020-05-11T01:00:00,29.74,29.9,30.01,30.17
2020-05-11T03:00:00,29.81,29.97,30.02,30.18
2020-05-11T05:00:00,29.96,30.12,30.44,30.6
2020-05-11T07:00:00,29.86,30.02,30.54,30.7
2020-05-11T09:00:00,30.47,30.63,31.32,31.48
2020-05-11T11:00:00,31.01,31.17,31.9,32.06
2020-05-11T13:00:00,30.31,30.47,31.67,31.83
2020-05-11T15:00:00,29.03,29.19,30.48,30.64
2020-05-11T17:00:00,28.62,28.78,29.25,29.41
2020-05-11T19:00:00,28.46,28.62,28.96,29.12
2020-05-11T23:00:00,28.82,28.98,29.44,29.6
2020-05-12T01:00:00,29.39,29.55,29.85,30.01
2020-05-12T03:00:00,29.5,29.66,30.12,30.28
2020-05-12T05:00:00,29.42,29.58,30.07,30.23
2020-05-12T07:00:00,29.07,29.23,29.71,29.87
2020-05-12T09:00:00,28.75,28.91,29.48,29.64
2020-05-12T11:00:00,27.85,28.01,28.8,28.96
2020-05-12T13:00:00,27.63,27.79,28.85,29.01
2020-05-12T15:00:00,28.11,28.27,28.92,29.08
2020-05-12T17:00:00,28.61,28.77,29.78,29.94
2020-05-12T19:00:00,29.56,29.72,33.09,33.25
2020-05-12T23:00:00,32.76,32.92,33.55,33.71
2020-05-13T01:00:00,32.14,32.3,33.17,33.33
2020-05-13T03:00:00,31.76,31.92,32.36,32.52
2020-05-13T05:00:00,31.45,31.61,32.37,32.53
2020-05-13T07:00:00,31.41,31.57,32.37,32.53
2020-05-13T09:00:00,30.7,30.86,31.85,32.01
2020-05-13T11:00:00,30.91,31.07,31.58,31.74
2020-05-13T13:00:00,31.25,31.41,33.35,33.51
2020-05-13T15:00:00,32.18,32.34,34.83,34.99
2020-05-13T17:00:00,33.83,33.99,35.16,35.32
2020-05-13T19:00:00,34.13,34.29,36.08,36.24
2020-05-13T23:00:00,33.62,33.78,34.8,34.96
2020-05-14T01:00:00,33.92,34.08,34.87,35.03
2020-05-14T03:00:00,34.12,34.28,34.76,34.92
2020-05-14T05:00:00,34.65,34.81,35.33,35.49
2020-05-14T07:00:00,34.22,34.38,35.22,35.38
2020-05-14T09:00:00,34.53,34.69,35.16,35.32
2020-05-14T11:00:00,34.85,35.01,36.85,37.01
2020-05-14T13:00:00,35.59,35.75,37.59,37.75
2020-05-14T15:00:00,34.67,34.83,36.21,36.37
2020-05-14T17:00:00,34.15,34.31,35.44,35.6
2020-05-14T19:00:00,32.66,32.82,34.91,35.07
2020-05-14T23:00:00,32.58,32.74,33.18,33.34
2020-05-15T01:00:00,32.87,33.03,33.66,33.82
2020-05-15T03:00:00,32.98,33.14,33.59,33.75
2020-05-15T05:00:00,32.87,33.03,33.46,33.62
2020-05-15T07:00:00,32.46,32.62,33.2,33.36
2020-05-15T09:00:00,32.61,32.77,34.08,34.24
2020-05-15T11:00:00,33.98,34.14,34.91,35.07
2020-05-15T13:00:00,32.82,32.98,35.08,35.24
2020-05-15T15:00:00,33.01,33.17,34.45,34.61
2020-05-15T17:00:00,32.54,32.7,33.34,33.5
2020-05-15T19:00:00,32.14,32.3,33.06,33.22
2020-05-17T21:00:00,31.73,31.89,32.63,32.81
2020-05-17T23:00:00,31.68,31.84,32.08,32.24
2020-05-18T01:00:00,31.58,31.74,32.18,32.34
2020-05-18T03:00:00,31.53,31.69,31.73,31.89
2020-05-18T05:00:00,31.33,31.49,31.83,31.99
2020-05-18T07:00:00,31.03,31.19,31.46,31.62
2020-05-18T09:00:00,30.89,31.05,31.44,31.6
2020-05-18T11:00:00,29.68,29.84,31.04,31.2
2020-05-18T13:00:00,29.73,29.89,30.73,30.89
2020-05-18T15:00:00,30.18,30.34,30.63,30.79
2020-05-18T17:00:00,29.99,30.15,30.38,30.54
2020-05-18T19:00:00,29.99,30.15,30.34,30.5
2020-05-18T23:00:00,30.0,30.16,30.45,30.61
2020-05-19T01:00:00,30.3,30.46,30.75,30.91
2020-05-19T03:00:00,30.2,30.36,30.7,30.86
2020-05-19T05:00:00,29.45,29.61,30.55,30.71
2020-05-19T07:00:00,29.55,29.71,30.7,30.86
2020-05-19T09:00:00,30.25,30.41,30.85,31.01
2020-05-19T11:00:00,30.05,30.21,30.65,30.81
2020-05-19T13:00:00,29.9,30.06,30.6,30.76
2020-05-19T15:00:00,29.8,29.96,30.2,30.36
2020-05-19T17:00:00,29.65,29.81,30.49,30.65
2020-05-19T19:00:00,29.9,30.06,32.04,32.2
2020-05-19T23:00:00,31.24,31.4,31.86,32.02
2020-05-20T01:00:00,31.04,31.2,31.34,31.5
2020-05-20T03:00:00,30.99,31.15,31.44,31.6
2020-05-20T05:00:00,31.09,31.25,31.68,31.84
2020-05-20T07:00:00,30.45,30.61,31.44,31.6
2020-05-20T09:00:00,30.17,30.33,30.67,30.83
2020-05-20T11:00:00,30.25,30.41,30.6,30.76
2020-05-20T13:00:00,29.95,30.11,30.4,30.56
2020-05-20T15:00:00,29.91,30.07,30.8,30.96
2020-05-20T17:00:00,30.11,30.27,30.9,31.06
2020-05-20T19:00:00,29.5,29.66,30.41,30.57
2020-05-20T23:00:00,29.6,29.76,30.09,30.25
2020-05-21T01:00:00,29.9,30.06,30.44,30.6
2020-05-21T03:00:00,30.19,30.35,30.49,30.65
2020-05-21T05:00:00,30.24,30.4,30.59,30.75
2020-05-21T07:00:00,30.2,30.36,30.74,30.9
2020-05-21T09:00:00,30.15,30.31,30.5,30.66
2020-05-21T11:00:00,29.62,29.78,30.34,30.5
2020-05-21T13:00:00,29.47,29.63,30.66,30.82
2020-05-21T15:00:00,30.21,30.37,31.23,31.39
2020-05-21T17:00:00,30.17,30.33,30.89,31.05
2020-05-21T19:00:00,30.41,30.57,31.1,31.26
2020-05-21T23:00:00,30.18,30.34,30.57,30.73
2020-05-22T01:00:00,30.47,30.63,31.52,31.68
2020-05-22T03:00:00,31.35,31.51,31.88,32.04
2020-05-22T05:00:00,31.69,31.85,32.22,32.38
2020-05-22T07:00:00,31.59,31.75,32.46,32.62
2020-05-22T09:00:00,31.43,31.59,31.8,31.96
2020-05-22T11:00:00,30.5,30.66,31.48,31.64
2020-05-22T13:00:00,30.55,30.71,31.32,31.48
2020-05-22T15:00:00,30.54,30.7,31.17,31.33
2020-05-22T17:00:00,30.27,30.43,30.7,30.86
2020-05-22T19:00:00,30.14,30.3,30.84,31.0
2020-05-24T21:00:00,29.97,30.13,30.48,30.64
2020-05-24T23:00:00,29.96,30.12,30.3,30.46
2020-05-25T01:00:00,30.25,30.41,30.68,30.84
2020-05-25T03:00:00,30.26,30.42,30.49,30.65
2020-05-25T05:00:00,30.01,30.17,30.37,30.53
2020-05-25T07:00:00,29.74,29.9,30.54,30.7
2020-05-25T09:00:00,29.72,29.88,30.04,30.2
2020-05-25T11:00:00,29.72,29.88,29.91,30.07
2020-05-25T13:00:00,29.59,29.75,29.81,29.97
2020-05-25T15:00:00,29.58,29.74,29.68,29.85
2020-05-25T21:00:00,29.59,29.75,29.88,30.04
2020-05-25T23:00:00,29.62,29.78,29.88,30.04
2020-05-26T01:00:00,29.55,29.71,29.75,29.91
2020-05-26T03:00:00,28.96,29.12,29.65,29.81
2020-05-26T05:00:00,28.87,29.03,29.23,29.39
2020-05-26T07:00:00,28.97,29.13,29.22,29.38
2020-05-26T09:00:00,28.93,29.09,29.19,29.35
2020-05-26T11:00:00,28.95,29.11,29.27,29.43
2020-05-26T13:00:00,28.9,29.06,29.46,29.62
2020-05-26T15:00:00,29.03,29.19,29.49,29.65
2020-05-26T17:00:00,29.11,29.27,29.47,29.63
2020-05-26T19:00:00,29.33,29.49,30.23,30.39
2020-05-26T23:00:00,29.78,29.94,30.25,30.41
2020-05-27T01:00:00,29.41,29.57,29.88,30.04
2020-05-27T03:00:00,29.22,29.38,29.54,29.7
2020-05-27T05:00:00,29.31,29.47,29.56,29.72
2020-05-27T07:00:00,29.09,29.25,29.69,29.85
2020-05-27T09:00:00,28.84,29.0,29.28,29.44
2020-05-27T11:00:00,28.9,29.06,29.32,29.48
2020-05-27T13:00:00,29.14,29.3,31.34,31.5
2020-05-27T15:00:00,29.91,30.07,31.02,31.18
2020-05-27T17:00:00,29.61,29.77,30.26,30.42
2020-05-27T19:00:00,29.26,29.42,29.95,30.11
2020-05-27T23:00:00,28.99,29.15,29.5,29.66
2020-05-28T01:00:00,29.04,29.2,29.4,29.56
2020-05-28T03:00:00,29.28,29.44,29.79,29.95
2020-05-28T05:00:00,29.36,29.52,29.8,29.96
2020-05-28T07:00:00,29.4,29.56,30.08,30.24
2020-05-28T09:00:00,29.55,29.71,30.13,30.29
2020-05-28T11:00:00,29.54,29.7,29.92,30.08
2020-05-28T13:00:00,29.45,29.61,30.12,30.28
2020-05-28T15:00:00,29.68,29.84,30.14,30.3
2020-05-28T17:00:00,29.48,29.64,29.99,30.15
2020-05-28T19:00:00,29.61,29.77,30.94,31.1
2020-05-28T23:00:00,30.48,30.64,31.08,31.24
2020-05-29T01:00:00,30.47,30.63,31.06,31.22
2020-05-29T03:00:00,30.47,30.63,30.85,31.01
2020-05-29T05:00:00,30.41,30.57,30.92,31.08
2020-05-29T07:00:00,30.52,30.68,31.14,31.3
2020-05-29T09:00:00,30.53,30.69,31.04,31.2
2020-05-29T11:00:00,30.38,30.54,30.84,31.0
2020-05-29T13:00:00,30.35,30.51,31.2,31.36
2020-05-29T15:00:00,30.52,30.68,31.33,31.49
2020-05-29T17:00:00,30.05,30.21,31.2,31.36
2020-05-29T19:00:00,29.25,29.41,30.17,30.33
2020-05-31T21:00:00,29.86,30.02,30.4,30.56
2020-05-31T23:00:00,29.62,29.78,30.24,30.4
2020-06-01T01:00:00,29.66,29.82,30.11,30.27
2020-06-01T03:00:00,29.66,29.82,29.89,30.05
2020-06-01T05:00:00,29.44,29.6,29.89,30.05
2020-06-01T07:00:00,29.45,29.61,30.75,30.91
2020-06-01T09:00:00,30.07,30.23,30.5,30.66
2020-06-01T11:00:00,29.76,29.92,30.35,30.51
2020-06-01T13:00:00,29.96,30.12,30.55,30.71
2020-06-01T15:00:00,29.76,29.92,30.24,30.4
2020-06-01T17:00:00,29.73,29.89,29.99,30.15
2020-06-01T19:00:00,29.81,29.97,30.17,30.33
2020-06-01T23:00:00,30.12,30.28,30.45,30.61
2020-06-02T01:00:00,30.07,30.23,30.4,30.56
2020-06-02T03:00:00,30.18,30.34,30.35,30.51
2020-06-02T05:00:00,30.06,30.22,30.26,30.42
2020-06-02T07:00:00,29.57,29.73,30.14,30.3
2020-06-02T09:00:00,29.37,29.53,29.72,29.88
2020-06-02T11:00:00,29.47,29.63,29.8,29.96
2020-06-02T13:00:00,29.51,29.67,29.9,30.06
2020-06-02T15:00:00,29.59,29.75,30.15,30.31
2020-06-02T17:00:00,29.29,29.45,29.6,29.76
2020-06-02T19:00:00,28.95,29.11,29.59,29.75
2020-06-02T23:00:00,28.91,29.07,29.13,29.29
2020-06-03T01:00:00,28.94,29.1,29.14,29.3
2020-06-03T03:00:00,28.98,29.14,29.1,29.26
2020-06-03T05:00:00,28.83,28.99,29.1,29.26
2020-06-03T07:00:00,28.84,29.0,29.11,29.27
2020-06-03T09:00:00,28.72,28.88,29.04,29.2
2020-06-03T11:00:00,28.73,28.89,29.04,29.2
2020-06-03T13:00:00,28.36,28.52,28.83,28.99
2020-06-03T15:00:00,28.31,28.47,28.58,28.74
2020-06-03T17:00:00,27.91,28.07,28.44,28.6
2020-06-03T19:00:00,27.89,28.05,28.22,28.38
2020-06-03T23:00:00,28.06,28.22,28.44,28.6
2020-06-04T01:00:00,28.25,28.41,28.61,28.77
2020-06-04T03:00:00,28.47,28.63,28.61,28.77
2020-06-04T05:00:00,28.4,28.56,28.65,28.81
2020-06-04T07:00:00,28.27,28.43,28.65,28.81
2020-06-04T09:00:00,28.39,28.55,28.65,28.81
2020-06-04T11:00:00,28.03,28.19,28.62,28.78
2020-06-04T13:00:00,27.05,27.21,28.43,28.59
2020-06-04T15:00:00,27.11,27.27,28.06,28.22
2020-06-04T17:00:00,27.58,27.74,28.12,28.28
2020-06-04T19:00:00,27.7,27.86,28.52,28.68
2020-06-04T23:00:00,27.76,27.92,28.03,28.19
2020-06-05T01:00:00,27.65,27.81,27.99,28.15
2020-06-05T03:00:00,27.46,27.62,27.72,27.88
2020-06-05T05:00:00,27.23,27.39,27.51,27.67
2020-06-05T07:00:00,27.05,27.21,27.36,27.52
2020-06-05T09:00:00,27.18,27.34,27.43,27.59
2020-06-05T11:00:00,26.18,26.34,27.39,27.55
2020-06-05T13:00:00,26.1,26.26,26.58,26.74
2020-06-05T15:00:00,26.29,26.45,26.62,26.78
2020-06-05T17:00:00,26.23,26.39,26.71,26.87
2020-06-05T19:00:00,26.34,26.5,26.79,26.95
2020-06-07T21:00:00,26.16,26.32,26.45,26.61
2020-06-07T23:00:00,26.17,26.33,26.54,26.7
2020-06-08T01:00:00,26.44,26.6,26.67,26.83
2020-06-08T03:00:00,26.48,26.64,26.56,26.72
2020-06-08T05:00:00,26.4,26.56,26.58,26.74
2020-06-08T07:00:00,26.33,26.49,26.74,26.9
2020-06-08T09:00:00,26.25,26.41,26.53,26.69
2020-06-08T11:00:00,26.26,26.42,26.48,26.64
2020-06-08T13:00:00,26.31,26.47,27.16,27.32
2020-06-08T15:00:00,26.67,26.83,27.03,27.19
2020-06-08T17:00:00,26.76,26.92,26.97,27.13
2020-06-08T19:00:00,26.82,26.98,27.44,27.6
2020-06-08T23:00:00,27.29,27.45,27.51,27.67
2020-06-09T01:00:00,27.45,27.61,27.61,27.77
2020-06-09T03:00:00,27.46,27.62,27.57,27.73
2020-06-09T05:00:00,27.3,27.46,27.51,27.67
2020-06-09T07:00:00,27.32,27.48,28.34,28.5
2020-06-09T09:00:00,27.95,28.11,28.34,28.5
2020-06-09T11:00:00,27.68,27.84,28.14,28.3
2020-06-09T13:00:00,27.85,28.01,28.69,28.85
2020-06-09T15:00:00,28.13,28.29,28.67,28.83
2020-06-09T17:00:00,28.02,28.18,28.46,28.62
2020-06-09T19:00:00,28.23,28.39,29.1,29.26
2020-06-09T23:00:00,28.44,28.6,28.9,29.06
2020-06-10T01:00:00,28.3,28.46,28.5,28.66
2020-06-10T03:00:00,28.35,28.51,28.51,28.67
2020-06-10T05:00:00,28.31,28.47,28.62,28.78
2020-06-10T07:00:00,28.31,28.47,28.61,28.77
2020-06-10T09:00:00,28.57,28.73,29.19,29.35
2020-06-10T11:00:00,28.61,28.77,28.81,28.97
2020-06-10T13:00:00,28.61,28.77,29.4,29.56
2020-06-10T15:00:00,28.13,28.29,29.1,29.26
2020-06-10T17:00:00,27.43,27.59,28.58,28.74
2020-06-10T19:00:00,27.82,27.98,28.8,28.96
2020-06-10T23:00:00,28.76,28.92,29.28,29.44
2020-06-11T01:00:00,28.89,29.05,29.31,29.47
2020-06-11T03:00:00,29.3,29.46,30.05,30.21
2020-06-11T05:00:00,29.93,30.09,30.62,30.78
2020-06-11T07:00:00,30.31,30.47,30.9,31.06
2020-06-11T09:00:00,30.25,30.41,30.8,30.96
2020-06-11T11:00:00,30.47,30.63,32.03,32.19
2020-06-11T13:00:00,30.38,30.54,31.89,32.05
2020-06-11T15:00:00,31.22,31.38,34.51,34.67
2020-06-11T17:00:00,32.93,33.09,36.77,36.93
2020-06-11T19:00:00,35.64,35.8,39.86,40.02
2020-06-11T23:00:00,37.21,37.37,38.78,38.94
2020-06-12T01:00:00,35.59,35.75,37.71,37.87
2020-06-12T03:00:00,35.21,35.37,36.32,36.48
2020-06-12T05:00:00,34.99,35.15,36.66,36.82
2020-06-12T07:00:00,34.47,34.63,36.66,36.82
2020-06-12T09:00:00,34.5,34.66,35.68,35.84
2020-06-12T11:00:00,34.91,35.07,36.76,36.92
2020-06-12T13:00:00,34.21,34.37,39.67,39.83
2020-06-12T15:00:00,37.18,37.34,41.17,41.33
2020-06-12T17:00:00,37.1,37.26,40.78,40.94
2020-06-12T19:00:00,34.77,34.93,37.71,37.87
2020-06-14T21:00:00,35.82,35.98,37.1,37.28
2020-06-14T23:00:00,35.92,36.08,37.0,37.16
2020-06-15T01:00:00,36.41,36.57,37.07,37.23
2020-06-15T03:00:00,36.62,36.78,37.91,38.07
2020-06-15T05:00:00,37.81,37.97,40.38,40.54
2020-06-15T07:00:00,38.37,38.53,40.16,40.32
2020-06-15T09:00:00,38.11,38.27,39.07,39.23
2020-06-15T11:00:00,38.26,38.42,39.42,39.58
2020-06-15T13:00:00,36.4,36.56,39.76,39.92
2020-06-15T15:00:00,35.35,35.51,36.9,37.06
2020-06-15T17:00:00,34.15,34.31,36.0,36.16
2020-06-15T19:00:00,33.9,34.06,35.9,36.06
2020-06-15T23:00:00,32.79,32.95,34.05,34.25
2020-06-16T01:00:00,32.34,32.5,33.49,33.65
2020-06-16T03:00:00,32.34,32.5,32.84,33.0
2020-06-16T05:00:00,32.4,32.6,33.56,33.72
2020-06-16T07:00:00,33.19,33.35,34.03,34.19
2020-06-16T09:00:00,33.14,33.3,33.78,33.94
2020-06-16T11:00:00,31.84,32.0,33.33,33.49
2020-06-16T13:00:00,31.99,32.15,34.47,34.63
2020-06-16T15:00:00,33.08,33.24,35.62,35.78
2020-06-16T17:00:00,33.13,33.29,34.43,34.59
2020-06-16T19:00:00,33.33,33.49,35.07,35.23
2020-06-16T23:00:00,33.14,33.44,34.21,34.51
2020-06-17T01:00:00,33.22,33.49,34.61,34.91
2020-06-17T03:00:00,33.56,33.86,34.31,34.61
2020-06-17T05:00:00,33.39,33.69,34.18,34.43
2020-06-17T07:00:00,32.94,33.1,33.83,34.13
2020-06-17T09:00:00,33.16,33.44,33.98,34.25
2020-06-17T11:00:00,33.06,33.36,33.7,33.95
2020-06-17T13:00:00,33.16,33.46,34.76,34.92
2020-06-17T15:00:00,33.63,33.79,34.26,34.42
2020-06-17T17:00:00,33.28,33.44,33.82,33.98
2020-06-17T19:00:00,33.38,33.54,34.41,34.57
2020-06-17T23:00:00,33.57,33.73,34.38,34.54
2020-06-18T01:00:00,34.15,34.31,35.22,35.38
2020-06-18T03:00:00,34.3,34.46,34.89,35.05
2020-06-18T05:00:00,33.95,34.11,34.96,35.12
2020-06-18T07:00:00,33.46,33.62,34.3,34.46
2020-06-18T09:00:00,33.46,33.62,34.1,34.26
2020-06-18T11:00:00,33.8,33.96,34.69,34.85
2020-06-18T13:00:00,33.62,33.78,34.69,34.85
2020-06-18T15:00:00,33.57,33.73,34.26,34.42
2020-06-18T17:00:00,33.33,33.49,33.87,34.03
2020-06-18T19:00:00,33.13,33.29,33.87,34.03
2020-06-18T23:00:00,33.03,33.19,33.96,34.12
2020-06-19T01:00:00,33.59,33.75,34.2,34.36
2020-06-19T03:00:00,33.56,33.72,33.86,34.02
2020-06-19T05:00:00,32.83,32.99,33.76,33.92
2020-06-19T07:00:00,32.6,32.76,33.31,33.47
2020-06-19T09:00:00,32.2,32.36,32.78,32.94
2020-06-19T11:00:00,32.05,32.21,32.66,32.82
2020-06-19T13:00:00,32.15,32.31,32.83,32.99
2020-06-19T15:00:00,32.35,32.51,34.5,34.66
2020-06-19T17:00:00,33.53,33.69,34.85,35.01
2020-06-19T19:00:00,33.43,33.59,35.18,35.34
2020-06-21T21:00:00,35.2,35.36,36.36,36.52
2020-06-21T23:00:00,34.58,34.74,35.63,35.79
2020-06-22T01:00:00,34.18,34.34,34.58,34.74
2020-06-22T03:00:00,34.05,34.21,34.48,34.64
2020-06-22T05:00:00,34.05,34.21,34.79,34.95
2020-06-22T07:00:00,33.32,33.48,34.52,34.68
2020-06-22T09:00:00,33.29,33.45,34.01,34.17
2020-06-22T11:00:00,33.8,33.96,34.39,34.55
2020-06-22T13:00:00,33.38,33.54,34.37,34.53
2020-06-22T15:00:00,32.06,32.22,34.03,34.19
2020-06-22T17:00:00,32.0,32.16,32.49,32.65
2020-06-22T19:00:00,31.55,31.71,32.8,32.96
2020-06-22T23:00:00,31.16,31.32,31.74,31.9
2020-06-23T01:00:00,31.65,31.81,34.15,34.31
2020-06-23T03:00:00,32.05,32.21,32.5,32.66
2020-06-23T05:00:00,31.77,31.93,32.57,32.73
2020-06-23T07:00:00,30.95,31.11,32.02,32.18
2020-06-23T09:00:00,30.75,30.91,31.37,31.53
2020-06-23T11:00:00,30.34,30.5,31.05,31.21
2020-06-23T13:00:00,30.42,30.58,31.4,31.56
2020-06-23T15:00:00,30.67,30.83,31.26,31.42
2020-06-23T17:00:00,30.58,30.74,31.19,31.35
2020-06-23T19:00:00,31.05,31.21,31.93,32.09
2020-06-23T23:00:00,31.51,31.67,31.98,32.14
2020-06-24T01:00:00,31.61,31.77,32.13,32.29
2020-06-24T03:00:00,31.6,31.76,31.97,32.13
2020-06-24T05:00:00,31.61,31.77,31.98,32.14
2020-06-24T07:00:00,31.42,31.58,32.89,33.05
2020-06-24T09:00:00,32.4,32.56,33.26,33.42
2020-06-24T11:00:00,32.08,32.24,32.66,32.82
2020-06-24T13:00:00,31.71,31.87,33.38,33.54
2020-06-24T15:00:00,33.05,33.21,35.06,35.22
2020-06-24T17:00:00,33.48,33.64,34.76,34.92
2020-06-24T19:00:00,33.11,33.27,34.24,34.4
2020-06-24T23:00:00,33.27,33.43,34.12,34.28
2020-06-25T01:00:00,33.2,33.36,34.69,34.85
2020-06-25T03:00:00,33.98,34.14,34.54,34.7
2020-06-25T05:00:00,33.88,34.04,34.45,34.61
2020-06-25T07:00:00,33.47,33.63,35.24,35.4
2020-06-25T09:00:00,33.25,33.41,33.89,34.05
2020-06-25T11:00:00,33.67,33.83,34.51,34.67
2020-06-25T13:00:00,33.28,33.44,34.85,35.01
2020-06-25T15:00:00,32.77,32.93,34.09,34.25
2020-06-25T17:00:00,32.91,33.07,33.53,33.69
2020-06-25T19:00:00,31.99,32.15,33.33,33.49
2020-06-25T23:00:00,32.01,32.17,32.64,32.8
2020-06-26T01:00:00,32.22,32.38,32.59,32.75
2020-06-26T03:00:00,32.1,32.26,32.54,32.7
2020-06-26T05:00:00,32.22,32.38,32.79,32.95
2020-06-26T07:00:00,32.5,32.66,33.15,33.31
2020-06-26T09:00:00,32.07,32.23,32.74,32.9
2020-06-26T11:00:00,31.9,32.06,32.69,32.85
2020-06-26T13:00:00,32.31,32.47,34.64,34.8
2020-06-26T15:00:00,33.5,33.66,34.32,34.48
2020-06-26T17:00:00,33.5,33.66,34.63,34.79
2020-06-26T19:00:00,33.81,33.97,34.65,34.81
