2020-07-31 13:44:00,28.07,28.15,0.16
2020-07-31 13:45:00,28.02,28.10,0.16
2020-07-31 13:46:00,27.97,28.07,0.16
2020-07-31 13:47:00,27.94,28.00,0.16
2020-07-31 13:48:00,27.89,27.94,0.16
2020-07-31 13:49:00,27.92,28.02,0.16
2020-07-31 13:50:00,28.01,28.20,0.16
2020-07-31 13:51:00,28.05,28.18,0.16
2020-07-31 13:52:00,28.02,28.07,0.16
2020-07-31 13:53:00,28.02,28.12,0.16
2020-07-31 13:54:00,28.10,28.15,0.16
2020-07-31 13:55:00,28.10,28.15,0.16
2020-07-31 13:56:00,28.10,28.20,0.16
2020-07-31 13:57:00,28.10,28.15,0.16
2020-07-31 13:58:00,28.05,28.15,0.16
2020-07-31 13:59:00,28.07,28.15,0.16
2020-07-31 14:00:00,28.05,28.20,0.16
2020-07-31 14:01:00,28.10,28.20,0.16
2020-07-31 14:02:00,28.15,28.28,0.16
2020-07-31 14:03:00,28.22,28.36,0.16
2020-07-31 14:04:00,28.25,28.33,0.16
2020-07-31 14:05:00,28.25,28.30,0.16
2020-07-31 14:06:00,28.28,28.33,0.16
2020-07-31 14:07:00,28.29,28.33,0.16
2020-07-31 14:08:00,28.33,28.38,0.16
2020-07-31 14:09:00,28.30,28.38,0.16
2020-07-31 14:10:00,28.34,28.43,0.16
2020-07-31 14:11:00,28.43,28.51,0.16
2020-07-31 14:12:00,28.51,28.59,0.16
2020-07-31 14:13:00,28.46,28.59,0.16
2020-07-31 14:14:00,28.49,28.54,0.16
2020-07-31 14:15:00,28.56,28.64,0.16
2020-07-31 14:16:00,28.56,28.69,0.16
2020-07-31 14:17:00,28.64,28.78,0.16
2020-07-31 14:18:00,28.73,28.84,0.16
2020-07-31 14:19:00,28.79,28.84,0.16
2020-07-31 14:20:00,28.83,28.98,0.16
2020-07-31 14:21:00,28.83,28.96,0.16
2020-07-31 14:22:00,28.74,28.93,0.16
2020-07-31 14:23:00,28.70,28.79,0.16
2020-07-31 14:24:00,28.69,28.74,0.16
2020-07-31 14:25:00,28.74,28.84,0.16
2020-07-31 14:26:00,28.76,28.86,0.16
2020-07-31 14:27:00,28.75,28.81,0.16
2020-07-31 14:28:00,28.76,28.84,0.16
2020-07-31 14:29:00,28.76,28.85,0.16
2020-07-31 14:30:00,28.76,28.86,0.16
2020-07-31 14:31:00,28.73,28.78,0.16
2020-07-31 14:32:00,28.72,28.78,0.16
2020-07-31 14:33:00,28.76,28.86,0.16
2020-07-31 14:34:00,28.81,28.88,0.16
2020-07-31 14:35:00,28.76,28.91,0.16
2020-07-31 14:36:00,28.75,28.81,0.16
2020-07-31 14:37:00,28.66,28.80,0.16
2020-07-31 14:38:00,28.57,28.68,0.16
2020-07-31 14:39:00,28.48,28.56,0.16
2020-07-31 14:40:00,28.53,28.63,0.16
2020-07-31 14:41:00,28.58,28.71,0.16
2020-07-31 14:42:00,28.66,28.76,0.16
2020-07-31 14:43:00,28.71,28.76,0.16
2020-07-31 14:44:00,28.71,28.77,0.16
2020-07-31 14:45:00,28.72,28.80,0.16
2020-07-31 14:46:00,28.72,28.85,0.16
2020-07-31 14:47:00,28.72,28.82,0.16
2020-07-31 14:48:00,28.67,28.73,0.16
2020-07-31 14:49:00,28.58,28.68,0.16
2020-07-31 14:50:00,28.52,28.67,0.16
2020-07-31 14:51:00,28.53,28.62,0.16
2020-07-31 14:52:00,28.63,28.75,0.16
2020-07-31 14:53:00,28.67,28.77,0.16
2020-07-31 14:54:00,28.58,28.67,0.16
2020-07-31 14:55:00,28.62,28.72,0.16
2020-07-31 14:56:00,28.67,28.77,0.16
2020-07-31 14:57:00,28.63,28.72,0.16
2020-07-31 14:58:00,28.57,28.67,0.16
2020-07-31 14:59:00,28.53,28.60,0.16
2020-07-31 15:00:00,28.49,28.54,0.16
2020-07-31 15:01:00,28.40,28.49,0.16
2020-07-31 15:02:00,28.40,28.47,0.16
2020-07-31 15:03:00,28.40,28.44,0.16
2020-07-31 15:04:00,28.40,28.49,0.16
2020-07-31 15:05:00,28.39,28.44,0.16
2020-07-31 15:06:00,28.39,28.40,0.16
2020-07-31 15:07:00,28.39,28.49,0.16
2020-07-31 15:08:00,28.44,28.49,0.16
2020-07-31 15:09:00,28.45,28.54,0.16
2020-07-31 15:10:00,28.49,28.59,0.16
2020-07-31 15:11:00,28.54,28.59,0.16
2020-07-31 15:12:00,28.49,28.50,0.16
2020-07-31 15:13:00,28.40,28.50,0.16
2020-07-31 15:14:00,28.32,28.39,0.16
2020-07-31 15:15:00,28.36,28.41,0.16
2020-07-31 15:16:00,28.41,28.42,0.16
2020-07-31 15:17:00,28.32,28.42,0.16
2020-07-31 15:18:00,28.22,28.29,0.16
2020-07-31 15:19:00,28.14,28.27,0.16
2020-07-31 15:20:00,28.14,28.18,0.16
2020-07-31 15:21:00,28.11,28.19,0.16
2020-07-31 15:22:00,28.14,28.19,0.16
2020-07-31 15:23:00,28.17,28.19,0.16
2020-07-31 15:24:00,28.19,28.22,0.16
2020-07-31 15:25:00,28.17,28.24,0.16
2020-07-31 15:26:00,28.14,28.19,0.16
2020-07-31 15:27:00,28.14,28.23,0.16
2020-07-31 15:28:00,28.18,28.19,0.16
2020-07-31 15:29:00,28.18,28.27,0.16
2020-07-31 15:30:00,28.18,28.28,0.16
2020-07-31 15:31:00,28.23,28.33,0.16
2020-07-31 15:32:00,28.33,28.38,0.16
2020-07-31 15:33:00,28.33,28.41,0.16
2020-07-31 15:34:00,28.38,28.42,0.16
2020-07-31 15:35:00,28.38,28.54,0.16
2020-07-31 15:36:00,28.46,28.56,0.16
2020-07-31 15:37:00,28.46,28.51,0.16
2020-07-31 15:38:00,28.38,28.51,0.16
2020-07-31 15:39:00,28.38,28.48,0.16
2020-07-31 15:40:00,28.38,28.47,0.16
2020-07-31 15:41:00,28.35,28.43,0.16
2020-07-31 15:42:00,28.38,28.43,0.16
2020-07-31 15:43:00,28.38,28.48,0.16
2020-07-31 15:44:00,28.43,28.56,0.16
2020-07-31 15:45:00,28.48,28.59,0.16
2020-07-31 15:46:00,28.43,28.51,0.16
2020-07-31 15:47:00,28.43,28.56,0.16
2020-07-31 15:48:00,28.38,28.48,0.16
2020-07-31 15:49:00,28.42,28.46,0.16
2020-07-31 15:50:00,28.43,28.48,0.16
2020-07-31 15:51:00,28.43,28.51,0.16
2020-07-31 15:52:00,28.48,28.56,0.16
2020-07-31 15:53:00,28.46,28.56,0.16
2020-07-31 15:54:00,28.48,28.56,0.16
2020-07-31 15:55:00,28.56,28.66,0.16
2020-07-31 15:56:00,28.61,28.72,0.16
2020-07-31 15:57:00,28.66,28.74,0.16
2020-07-31 15:58:00,28.69,28.79,0.16
2020-07-31 15:59:00,28.66,28.74,0.16
2020-07-31 16:00:00,28.66,28.74,0.16
2020-07-31 16:01:00,28.66,28.71,0.16
2020-07-31 16:02:00,28.66,28.76,0.16
2020-07-31 16:03:00,28.72,28.81,0.16
2020-07-31 16:04:00,28.76,28.81,0.16
2020-07-31 16:05:00,28.71,28.76,0.16
2020-07-31 16:06:00,28.66,28.69,0.16
2020-07-31 16:07:00,28.63,28.71,0.16
2020-07-31 16:08:00,28.71,28.87,0.16
2020-07-31 16:09:00,28.86,28.94,0.16
2020-07-31 16:10:00,28.81,28.87,0.16
2020-07-31 16:11:00,28.76,28.86,0.16
2020-07-31 16:12:00,28.73,28.84,0.16
2020-07-31 16:13:00,28.79,28.86,0.16
2020-07-31 16:14:00,28.76,28.84,0.16
2020-07-31 16:15:00,28.76,28.84,0.16
2020-07-31 16:16:00,28.82,28.96,0.16
2020-07-31 16:17:00,28.89,28.94,0.16
2020-07-31 16:18:00,28.89,28.99,0.16
2020-07-31 16:19:00,28.89,28.97,0.16
2020-07-31 16:20:00,28.84,28.89,0.16
2020-07-31 16:21:00,28.84,28.89,0.16
2020-07-31 16:22:00,28.84,28.89,0.16
2020-07-31 16:23:00,28.81,28.89,0.16
2020-07-31 16:24:00,28.79,28.84,0.16
2020-07-31 16:25:00,28.76,28.84,0.16
2020-07-31 16:26:00,28.76,28.79,0.16
2020-07-31 16:27:00,28.71,28.79,0.16
2020-07-31 16:28:00,28.71,28.74,0.16
2020-07-31 16:29:00,28.71,28.73,0.16
2020-07-31 16:30:00,28.71,28.79,0.16
2020-07-31 16:31:00,28.74,28.79,0.16
2020-07-31 16:32:00,28.76,28.84,0.16
2020-07-31 16:33:00,28.84,28.87,0.16
2020-07-31 16:34:00,28.87,28.92,0.16
2020-07-31 16:35:00,28.92,29.02,0.16
2020-07-31 16:36:00,28.97,29.07,0.16
2020-07-31 16:37:00,28.99,29.07,0.16
2020-07-31 16:38:00,29.07,29.12,0.16
2020-07-31 16:39:00,29.09,29.17,0.16
2020-07-31 16:40:00,29.04,29.15,0.16
2020-07-31 16:41:00,28.99,29.07,0.16
2020-07-31 16:42:00,28.99,29.02,0.16
2020-07-31 16:43:00,28.99,29.02,0.16
2020-07-31 16:44:00,28.94,28.99,0.16
2020-07-31 16:45:00,28.97,29.02,0.16
2020-07-31 16:46:00,28.97,29.02,0.16
2020-07-31 16:47:00,29.02,29.09,0.16
2020-07-31 16:48:00,29.04,29.15,0.16
2020-07-31 16:49:00,29.07,29.12,0.16
2020-07-31 16:50:00,29.04,29.12,0.16
2020-07-31 16:51:00,29.04,29.12,0.16
2020-07-31 16:52:00,28.99,29.04,0.16
2020-07-31 16:53:00,28.99,29.12,0.16
2020-07-31 16:54:00,29.07,29.17,0.16
2020-07-31 16:55:00,29.12,29.17,0.16
2020-07-31 16:56:00,29.07,29.25,0.16
2020-07-31 16:57:00,29.15,29.25,0.16
2020-07-31 16:58:00,29.17,29.22,0.16
2020-07-31 16:59:00,29.17,29.22,0.16
2020-07-31 17:00:00,29.17,29.22,0.16
2020-07-31 17:01:00,29.12,29.22,0.16
2020-07-31 17:02:00,28.99,29.09,0.16
2020-07-31 17:03:00,28.99,29.07,0.16
2020-07-31 17:04:00,28.99,29.07,0.16
2020-07-31 17:05:00,28.94,29.02,0.16
2020-07-31 17:06:00,28.89,28.96,0.16
2020-07-31 17:07:00,28.93,28.94,0.16
2020-07-31 17:08:00,28.94,29.02,0.16
2020-07-31 17:09:00,28.97,28.99,0.16
2020-07-31 17:10:00,28.94,29.02,0.16
2020-07-31 17:11:00,28.94,29.02,0.16
2020-07-31 17:12:00,28.94,28.97,0.16
2020-07-31 17:13:00,28.97,28.97,0.16
2020-07-31 17:14:00,28.97,29.02,0.16
2020-07-31 17:15:00,28.97,29.06,0.16
2020-07-31 17:16:00,29.02,29.07,0.16
2020-07-31 17:17:00,29.07,29.16,0.16
2020-07-31 17:18:00,29.07,29.16,0.16
2020-07-31 17:19:00,29.03,29.11,0.16
2020-07-31 17:20:00,28.94,29.03,0.16
2020-07-31 17:21:00,28.89,28.94,0.16
2020-07-31 17:22:00,28.84,28.89,0.16
2020-07-31 17:25:00,28.79,28.84,0.16
2020-07-31 17:26:00,28.79,28.88,0.16
2020-07-31 17:27:00,28.79,28.84,0.16
2020-07-31 17:28:00,28.79,28.84,0.16
2020-07-31 17:29:00,28.74,28.79,0.16
2020-07-31 17:30:00,28.74,28.79,0.16
2020-07-31 17:31:00,28.69,28.75,0.16
2020-07-31 17:32:00,28.73,28.78,0.16
2020-07-31 17:33:00,28.76,28.83,0.16
2020-07-31 17:34:00,28.83,28.88,0.16
2020-07-31 17:35:00,28.83,28.88,0.16
2020-07-31 17:36:00,28.83,28.88,0.16
2020-07-31 17:37:00,28.83,28.88,0.16
2020-07-31 17:38:00,28.83,28.88,0.16
2020-07-31 17:40:00,28.83,28.88,0.16
2020-07-31 17:41:00,28.78,28.81,0.16
2020-07-31 17:42:00,28.78,28.83,0.16
2020-07-31 17:43:00,28.78,28.80,0.16
2020-07-31 17:44:00,28.70,28.80,0.16
2020-07-31 17:45:00,28.78,28.83,0.16
2020-07-31 17:46:00,28.80,28.83,0.16
2020-07-31 17:47:00,28.75,28.80,0.16
2020-07-31 17:48:00,28.75,28.80,0.16
2020-07-31 17:49:00,28.70,28.73,0.16
2020-07-31 17:50:00,28.65,28.70,0.16
2020-07-31 17:51:00,28.66,28.73,0.16
2020-07-31 17:52:00,28.68,28.70,0.16
2020-07-31 17:53:00,28.65,28.66,0.16
2020-07-31 17:54:00,28.66,28.70,0.16
2020-07-31 17:55:00,28.65,28.70,0.16
2020-07-31 17:56:00,28.69,28.75,0.16
2020-07-31 17:57:00,28.75,28.79,0.16
2020-07-31 17:58:00,28.75,28.78,0.16
2020-07-31 17:59:00,28.75,28.78,0.16
2020-07-31 18:00:00,28.70,28.79,0.16
2020-07-31 18:01:00,28.69,28.69,0.16
2020-07-31 18:02:00,28.65,28.70,0.16
2020-07-31 18:03:00,28.65,28.73,0.16
2020-07-31 18:04:00,28.68,28.73,0.16
2020-07-31 18:05:00,28.70,28.78,0.16
2020-07-31 18:06:00,28.74,28.78,0.16
2020-07-31 18:07:00,28.79,28.88,0.16
2020-07-31 18:08:00,28.91,28.96,0.16
2020-07-31 18:09:00,28.93,29.01,0.16
2020-07-31 18:10:00,28.98,29.03,0.16
2020-07-31 18:11:00,28.93,29.03,0.16
2020-07-31 18:12:00,28.98,29.03,0.16
2020-07-31 18:13:00,28.98,29.08,0.16
2020-07-31 18:15:00,28.98,29.11,0.16
2020-07-31 18:16:00,28.93,28.98,0.16
2020-07-31 18:17:00,28.95,28.98,0.16
2020-07-31 18:18:00,28.93,28.98,0.16
2020-07-31 18:19:00,28.98,29.02,0.16
2020-07-31 18:20:00,28.98,28.99,0.16
2020-07-31 18:21:00,28.85,28.93,0.16
2020-07-31 18:22:00,28.85,28.93,0.16
2020-07-31 18:23:00,28.90,28.93,0.16
2020-07-31 18:24:00,28.88,28.93,0.16
2020-07-31 18:25:00,28.88,28.90,0.16
2020-07-31 18:26:00,28.88,28.93,0.16
2020-07-31 18:27:00,28.85,28.91,0.16
2020-07-31 18:28:00,28.85,28.89,0.16
2020-07-31 18:29:00,28.85,28.89,0.16
2020-07-31 18:30:00,28.80,28.86,0.16
2020-07-31 18:31:00,28.80,28.83,0.16
2020-07-31 18:32:00,28.75,28.80,0.16
2020-07-31 18:33:00,28.75,28.80,0.16
2020-07-31 18:34:00,28.78,28.80,0.16
2020-07-31 18:35:00,28.75,28.80,0.16
2020-07-31 18:36:00,28.75,28.80,0.16
2020-07-31 18:37:00,28.78,28.80,0.16
2020-07-31 18:38:00,28.70,28.79,0.16
2020-07-31 18:39:00,28.65,28.73,0.16
2020-07-31 18:40:00,28.70,28.78,0.16
2020-07-31 18:41:00,28.73,28.78,0.16
2020-07-31 18:42:00,28.70,28.76,0.16
2020-07-31 18:43:00,28.60,28.68,0.16
2020-07-31 18:44:00,28.55,28.65,0.16
2020-07-31 18:45:00,28.55,28.60,0.16
2020-07-31 18:47:00,28.55,28.60,0.16
2020-07-31 18:48:00,28.55,28.57,0.16
2020-07-31 18:49:00,28.55,28.58,0.16
2020-07-31 18:50:00,28.50,28.60,0.16
2020-07-31 18:51:00,28.50,28.55,0.16
2020-07-31 18:52:00,28.45,28.50,0.16
2020-07-31 18:53:00,28.45,28.50,0.16
2020-07-31 18:54:00,28.40,28.45,0.16
2020-07-31 18:55:00,28.40,28.45,0.16
2020-07-31 18:56:00,28.40,28.45,0.16
2020-07-31 18:57:00,28.35,28.40,0.16
2020-07-31 18:58:00,28.35,28.40,0.16
2020-07-31 18:59:00,28.35,28.39,0.16
2020-07-31 19:00:00,28.30,28.35,0.16
2020-07-31 19:01:00,28.35,28.40,0.16
2020-07-31 19:02:00,28.40,28.45,0.16
2020-07-31 19:03:00,28.35,28.45,0.16
2020-07-31 19:04:00,28.27,28.37,0.16
2020-07-31 19:05:00,28.30,28.37,0.16
2020-07-31 19:07:00,28.32,28.37,0.16
2020-07-31 19:08:00,28.37,28.40,0.16
2020-07-31 19:09:00,28.32,28.40,0.16
2020-07-31 19:10:00,28.32,28.40,0.16
2020-07-31 19:11:00,28.37,28.44,0.16
2020-07-31 19:12:00,28.37,28.42,0.16
2020-07-31 19:13:00,28.30,28.37,0.16
2020-07-31 19:14:00,28.30,28.35,0.16
2020-07-31 19:15:00,28.22,28.35,0.16
2020-07-31 19:16:00,28.30,28.35,0.16
2020-07-31 19:17:00,28.30,28.35,0.16
2020-07-31 19:18:00,28.22,28.35,0.16
2020-07-31 19:19:00,28.19,28.27,0.16
2020-07-31 19:20:00,28.17,28.22,0.16
2020-07-31 19:21:00,28.16,28.22,0.16
2020-07-31 19:22:00,28.17,28.22,0.16
2020-07-31 19:23:00,28.12,28.20,0.16
2020-07-31 19:24:00,28.11,28.17,0.16
2020-07-31 19:25:00,28.12,28.19,0.16
2020-07-31 19:26:00,28.09,28.16,0.16
2020-07-31 19:27:00,28.12,28.17,0.16
2020-07-31 19:28:00,28.14,28.22,0.16
2020-07-31 19:29:00,28.12,28.17,0.16
2020-07-31 19:30:00,28.09,28.17,0.16
2020-07-31 19:31:00,28.17,28.22,0.16
2020-07-31 19:32:00,28.09,28.22,0.16
2020-07-31 19:33:00,28.12,28.17,0.16
2020-07-31 19:34:00,28.12,28.17,0.16
2020-07-31 19:35:00,28.09,28.14,0.16
2020-07-31 19:36:00,28.09,28.14,0.16
2020-07-31 19:37:00,28.09,28.14,0.16
2020-07-31 19:38:00,28.09,28.14,0.16
2020-07-31 19:39:00,28.04,28.09,0.16
2020-07-31 19:40:00,28.09,28.12,0.16
2020-07-31 19:41:00,28.04,28.09,0.16
2020-07-31 19:42:00,28.04,28.17,0.16
2020-07-31 19:43:00,28.09,28.17,0.16
2020-07-31 19:44:00,28.09,28.17,0.16
2020-07-31 19:45:00,28.04,28.12,0.16
2020-07-31 19:46:00,28.04,28.08,0.16
2020-07-31 19:47:00,28.07,28.07,0.16
2020-07-31 19:48:00,28.07,28.12,0.16
2020-07-31 19:49:00,28.01,28.08,0.16
2020-07-31 19:50:00,27.99,28.06,0.16
2020-07-31 19:51:00,27.99,28.09,0.16
2020-07-31 19:52:00,28.04,28.09,0.16
2020-07-31 19:53:00,28.07,28.12,0.16
2020-07-31 19:54:00,28.07,28.12,0.16
2020-07-31 19:55:00,28.04,28.09,0.16
2020-07-31 19:57:00,27.99,28.04,0.16
2020-07-31 19:59:00,27.91,27.99,0.16
2020-07-31 20:00:00,27.89,27.96,0.16
2020-07-31 20:01:00,27.94,27.96,0.16
2020-07-31 20:02:00,27.99,27.99,0.16
2020-07-31 20:03:00,27.99,28.03,0.16
2020-07-31 20:04:00,28.01,28.01,0.16
2020-07-31 20:05:00,27.96,28.01,0.16
2020-07-31 20:06:00,28.01,28.04,0.16
2020-07-31 20:07:00,28.03,28.11,0.16
2020-07-31 20:08:00,28.03,28.06,0.16
2020-07-31 20:09:00,28.03,28.08,0.16
2020-07-31 20:10:00,28.06,28.16,0.16
2020-07-31 20:11:00,28.03,28.15,0.16
2020-07-31 20:12:00,28.08,28.08,0.16
2020-07-31 20:13:00,28.03,28.07,0.16
2020-07-31 20:14:00,27.91,28.01,0.16
2020-07-31 20:31:00,27.98,28.02,0.16
2020-07-31 20:32:00,28.00,28.02,0.16
2020-07-31 20:33:00,28.02,28.03,0.16
2020-07-31 20:34:00,28.02,28.03,0.16
2020-07-31 20:37:00,28.02,28.03,0.16
2020-07-31 20:38:00,28.02,28.05,0.16
2020-07-31 20:39:00,28.02,28.02,0.16
2020-07-31 20:40:00,28.01,28.03,0.16
2020-07-31 20:41:00,27.97,28.00,0.16
2020-07-31 20:42:00,27.97,27.98,0.16
2020-07-31 20:43:00,28.00,28.00,0.16
2020-07-31 20:44:00,27.97,27.98,0.16
2020-07-31 20:46:00,27.97,28.00,0.16
2020-07-31 20:47:00,27.97,28.00,0.16
2020-07-31 20:48:00,27.97,28.00,0.16
2020-07-31 20:49:00,27.97,28.00,0.16
2020-07-31 20:50:00,27.97,27.98,0.16
2020-07-31 20:51:00,27.97,28.00,0.16
2020-07-31 20:53:00,27.97,27.98,0.16
2020-07-31 20:54:00,27.97,27.98,0.16
2020-07-31 20:56:00,27.95,27.95,0.16
2020-07-31 20:57:00,27.97,27.97,0.16
2020-07-31 20:59:00,28.00,28.00,0.16
2020-08-02 22:01:00,28.21,28.29,0.16
2020-08-02 22:02:00,28.22,28.27,0.16
2020-08-02 22:03:00,28.23,28.26,0.16
2020-08-02 22:04:00,28.21,28.24,0.16
2020-08-02 22:05:00,28.21,28.24,0.16
2020-08-02 22:08:00,28.25,28.34,0.16
2020-08-02 22:09:00,28.27,28.29,0.16
2020-08-02 22:10:00,28.30,28.30,0.16
2020-08-02 22:11:00,28.29,28.30,0.16
2020-08-02 22:12:00,28.29,28.29,0.16
2020-08-02 22:14:00,28.24,28.28,0.16
2020-08-02 22:15:00,28.24,28.28,0.16
2020-08-02 22:16:00,28.28,28.33,0.16
2020-08-02 22:17:00,28.31,28.33,0.16
2020-08-02 22:18:00,28.34,28.36,0.16
2020-08-02 22:19:00,28.34,28.38,0.16
2020-08-02 22:20:00,28.36,28.38,0.16
2020-08-02 22:21:00,28.36,28.39,0.16
2020-08-02 22:22:00,28.35,28.35,0.16
2020-08-02 22:23:00,28.31,28.31,0.16
2020-08-02 22:24:00,28.25,28.30,0.16
2020-08-02 22:25:00,28.26,28.29,0.16
2020-08-02 22:26:00,28.26,28.29,0.16
2020-08-02 22:27:00,28.28,28.31,0.16
2020-08-02 22:28:00,28.30,28.33,0.16
2020-08-02 22:29:00,28.29,28.30,0.16
2020-08-02 22:30:00,28.28,28.29,0.16
2020-08-02 22:31:00,28.28,28.34,0.16
2020-08-02 22:32:00,28.34,28.34,0.16
2020-08-02 22:33:00,28.35,28.38,0.16
2020-08-02 22:34:00,28.34,28.36,0.16
2020-08-02 22:35:00,28.34,28.34,0.16
2020-08-02 22:36:00,28.35,28.36,0.16
2020-08-02 22:37:00,28.34,28.35,0.16
2020-08-02 22:39:00,28.31,28.35,0.16
2020-08-02 22:40:00,28.31,28.32,0.16
2020-08-02 22:41:00,28.33,28.33,0.16
2020-08-02 22:42:00,28.30,28.34,0.16
2020-08-02 22:43:00,28.28,28.29,0.16
2020-08-02 22:45:00,28.28,28.28,0.16
2020-08-02 22:46:00,28.28,28.29,0.16
2020-08-02 22:47:00,28.28,28.29,0.16
2020-08-02 22:53:00,28.30,28.30,0.16
2020-08-02 22:54:00,28.25,28.29,0.16
2020-08-02 22:55:00,28.26,28.28,0.16
2020-08-02 23:00:00,28.28,28.29,0.16
2020-08-02 23:01:00,28.25,28.29,0.16
2020-08-02 23:02:00,28.26,28.28,0.16
2020-08-02 23:03:00,28.26,28.29,0.16
2020-08-02 23:04:00,28.25,28.28,0.16
2020-08-02 23:06:00,28.29,28.30,0.16
2020-08-02 23:07:00,28.29,28.30,0.16
2020-08-02 23:08:00,28.32,28.34,0.16
2020-08-02 23:09:00,28.34,28.39,0.16
2020-08-02 23:11:00,28.37,28.38,0.16
2020-08-02 23:12:00,28.37,28.38,0.16
2020-08-02 23:13:00,28.35,28.39,0.16
2020-08-02 23:14:00,28.39,28.42,0.16
2020-08-02 23:17:00,28.37,28.38,0.16
2020-08-02 23:18:00,28.34,28.35,0.16
2020-08-02 23:21:00,28.37,28.41,0.16
2020-08-02 23:22:00,28.37,28.39,0.16
2020-08-02 23:23:00,28.36,28.36,0.16
2020-08-02 23:24:00,28.37,28.39,0.16
2020-08-02 23:25:00,28.37,28.38,0.16
2020-08-02 23:26:00,28.34,28.37,0.16
2020-08-02 23:27:00,28.37,28.39,0.16
2020-08-02 23:29:00,28.42,28.44,0.16
2020-08-02 23:30:00,28.39,28.43,0.16
2020-08-02 23:31:00,28.39,28.43,0.16
2020-08-02 23:32:00,28.37,28.38,0.16
2020-08-02 23:33:00,28.37,28.38,0.16
2020-08-02 23:34:00,28.35,28.35,0.16
2020-08-02 23:39:00,28.35,28.37,0.16
2020-08-02 23:40:00,28.37,28.38,0.16
2020-08-02 23:41:00,28.37,28.38,0.16
2020-08-02 23:46:00,28.35,28.41,0.16
2020-08-02 23:51:00,28.34,28.35,0.16
2020-08-02 23:53:00,28.31,28.33,0.16
2020-08-02 23:54:00,28.32,28.34,0.16
2020-08-02 23:55:00,28.31,28.32,0.16
2020-08-02 23:56:00,28.33,28.34,0.16
2020-08-02 23:57:00,28.28,28.32,0.16
2020-08-02 23:58:00,28.28,28.31,0.16
2020-08-02 23:59:00,28.28,28.31,0.16
2020-08-03 00:00:00,28.20,28.27,0.16
2020-08-03 00:01:00,28.13,28.19,0.16
2020-08-03 00:02:00,28.16,28.19,0.16
2020-08-03 00:03:00,28.18,28.22,0.16
2020-08-03 00:04:00,28.19,28.28,0.16
2020-08-03 00:05:00,28.24,28.29,0.16
2020-08-03 00:06:00,28.18,28.27,0.16
2020-08-03 00:07:00,28.19,28.26,0.16
2020-08-03 00:08:00,28.26,28.31,0.16
2020-08-03 00:09:00,28.21,28.29,0.16
2020-08-03 00:10:00,28.22,28.31,0.16
2020-08-03 00:11:00,28.28,28.31,0.16
2020-08-03 00:12:00,28.26,28.31,0.16
2020-08-03 00:13:00,28.27,28.36,0.16
2020-08-03 00:14:00,28.26,28.31,0.16
2020-08-03 00:15:00,28.26,28.35,0.16
2020-08-03 00:16:00,28.24,28.31,0.16
2020-08-03 00:17:00,28.26,28.31,0.16
2020-08-03 00:18:00,28.26,28.28,0.16
2020-08-03 00:19:00,28.26,28.31,0.16
2020-08-03 00:20:00,28.26,28.29,0.16
2020-08-03 00:21:00,28.26,28.30,0.16
2020-08-03 00:22:00,28.27,28.31,0.16
2020-08-03 00:23:00,28.32,28.38,0.16
2020-08-03 00:24:00,28.36,28.40,0.16
2020-08-03 00:25:00,28.36,28.38,0.16
2020-08-03 00:26:00,28.31,28.36,0.16
2020-08-03 00:27:00,28.35,28.40,0.16
2020-08-03 00:28:00,28.31,28.36,0.16
2020-08-03 00:29:00,28.26,28.31,0.16
2020-08-03 00:30:00,28.21,28.28,0.16
2020-08-03 00:31:00,28.21,28.26,0.16
2020-08-03 00:32:00,28.18,28.21,0.16
2020-08-03 00:33:00,28.15,28.20,0.16
2020-08-03 00:34:00,28.16,28.17,0.16
2020-08-03 00:35:00,28.15,28.16,0.16
2020-08-03 00:36:00,28.16,28.18,0.16
2020-08-03 00:38:00,28.12,28.16,0.16
2020-08-03 00:39:00,28.15,28.21,0.16
2020-08-03 00:41:00,28.17,28.20,0.16
2020-08-03 00:42:00,28.20,28.22,0.16
2020-08-03 00:43:00,28.20,28.21,0.16
2020-08-03 00:44:00,28.16,28.21,0.16
2020-08-03 00:45:00,28.18,28.21,0.16
2020-08-03 00:46:00,28.16,28.21,0.16
2020-08-03 00:47:00,28.16,28.20,0.16
2020-08-03 00:48:00,28.17,28.21,0.16
2020-08-03 00:49:00,28.18,28.23,0.16
2020-08-03 00:50:00,28.21,28.22,0.16
2020-08-03 00:51:00,28.21,28.26,0.16
2020-08-03 00:52:00,28.21,28.26,0.16
2020-08-03 00:53:00,28.22,28.30,0.16
2020-08-03 00:55:00,28.21,28.25,0.16
2020-08-03 00:56:00,28.21,28.26,0.16
2020-08-03 00:57:00,28.25,28.26,0.16
2020-08-03 00:58:00,28.21,28.26,0.16
2020-08-03 00:59:00,28.22,28.26,0.16
2020-08-03 01:00:00,28.15,28.21,0.16
2020-08-03 01:01:00,28.20,28.23,0.16
2020-08-03 01:02:00,28.23,28.31,0.16
2020-08-03 01:03:00,28.28,28.31,0.16
2020-08-03 01:04:00,28.31,28.32,0.16
2020-08-03 01:06:00,28.26,28.26,0.16
2020-08-03 01:08:00,28.26,28.30,0.16
2020-08-03 01:10:00,28.22,28.22,0.16
2020-08-03 01:11:00,28.16,28.21,0.16
2020-08-03 01:12:00,28.16,28.18,0.16
2020-08-03 01:13:00,28.16,28.18,0.16
2020-08-03 01:14:00,28.18,28.20,0.16
2020-08-03 01:15:00,28.17,28.23,0.16
2020-08-03 01:16:00,28.23,28.26,0.16
2020-08-03 01:17:00,28.25,28.26,0.16
2020-08-03 01:18:00,28.24,28.26,0.16
2020-08-03 01:19:00,28.21,28.26,0.16
2020-08-03 01:20:00,28.25,28.26,0.16
2020-08-03 01:21:00,28.19,28.26,0.16
2020-08-03 01:22:00,28.24,28.26,0.16
2020-08-03 01:23:00,28.24,28.26,0.16
2020-08-03 01:24:00,28.21,28.26,0.16
2020-08-03 01:25:00,28.21,28.26,0.16
2020-08-03 01:26:00,28.19,28.21,0.16
2020-08-03 01:27:00,28.17,28.19,0.16
2020-08-03 01:28:00,28.19,28.21,0.16
2020-08-03 01:30:00,28.14,28.19,0.16
2020-08-03 01:31:00,28.17,28.19,0.16
2020-08-03 01:32:00,28.16,28.24,0.16
2020-08-03 01:33:00,28.21,28.27,0.16
2020-08-03 01:34:00,28.26,28.29,0.16
2020-08-03 01:35:00,28.24,28.27,0.16
2020-08-03 01:36:00,28.22,28.29,0.16
2020-08-03 01:37:00,28.24,28.29,0.16
2020-08-03 01:38:00,28.24,28.24,0.16
2020-08-03 01:39:00,28.21,28.24,0.16
2020-08-03 01:40:00,28.19,28.22,0.16
2020-08-03 01:41:00,28.15,28.19,0.16
2020-08-03 01:43:00,28.19,28.24,0.16
2020-08-03 01:44:00,28.20,28.23,0.16
2020-08-03 01:45:00,28.14,28.19,0.16
2020-08-03 01:46:00,28.20,28.24,0.16
2020-08-03 01:47:00,28.19,28.24,0.16
2020-08-03 01:51:00,28.19,28.24,0.16
2020-08-03 01:54:00,28.16,28.19,0.16
2020-08-03 01:55:00,28.19,28.24,0.16
2020-08-03 02:00:00,28.19,28.25,0.16
2020-08-03 02:01:00,28.20,28.24,0.16
2020-08-03 02:02:00,28.23,28.24,0.16
2020-08-03 02:05:00,28.24,28.26,0.16
2020-08-03 02:06:00,28.24,28.25,0.16
2020-08-03 02:07:00,28.25,28.28,0.16
2020-08-03 02:08:00,28.24,28.28,0.16
2020-08-03 02:09:00,28.28,28.32,0.16
2020-08-03 02:10:00,28.33,28.33,0.16
2020-08-03 02:11:00,28.32,28.32,0.16
2020-08-03 02:13:00,28.32,28.33,0.16
2020-08-03 02:14:00,28.32,28.33,0.16
2020-08-03 02:16:00,28.34,28.35,0.16
2020-08-03 02:17:00,28.32,28.37,0.16
2020-08-03 02:19:00,28.30,28.32,0.16
2020-08-03 02:20:00,28.29,28.30,0.16
2020-08-03 02:21:00,28.29,28.32,0.16
2020-08-03 02:22:00,28.29,28.30,0.16
2020-08-03 02:23:00,28.29,28.32,0.16
2020-08-03 02:24:00,28.32,28.35,0.16
2020-08-03 02:25:00,28.32,28.37,0.16
2020-08-03 02:26:00,28.32,28.35,0.16
2020-08-03 02:27:00,28.32,28.37,0.16
2020-08-03 02:28:00,28.34,28.37,0.16
2020-08-03 02:30:00,28.37,28.42,0.16
2020-08-03 02:32:00,28.35,28.37,0.16
2020-08-03 02:33:00,28.35,28.37,0.16
2020-08-03 02:34:00,28.35,28.37,0.16
2020-08-03 02:35:00,28.32,28.35,0.16
2020-08-03 02:38:00,28.29,28.32,0.16
2020-08-03 02:39:00,28.30,28.30,0.16
2020-08-03 02:40:00,28.29,28.32,0.16
2020-08-03 02:41:00,28.29,28.32,0.16
2020-08-03 02:42:00,28.29,28.32,0.16
2020-08-03 02:47:00,28.30,28.30,0.16
2020-08-03 02:48:00,28.29,28.30,0.16
2020-08-03 02:49:00,28.29,28.30,0.16
2020-08-03 02:50:00,28.32,28.34,0.16
2020-08-03 02:51:00,28.34,28.34,0.16
2020-08-03 02:52:00,28.30,28.34,0.16
2020-08-03 02:53:00,28.32,28.32,0.16
2020-08-03 02:54:00,28.32,28.33,0.16
2020-08-03 02:55:00,28.32,28.33,0.16
2020-08-03 02:56:00,28.33,28.33,0.16
2020-08-03 02:57:00,28.32,28.33,0.16
2020-08-03 02:58:00,28.32,28.33,0.16
2020-08-03 02:59:00,28.32,28.37,0.16
2020-08-03 03:11:00,28.29,28.32,0.16
2020-08-03 03:12:00,28.29,28.29,0.16
2020-08-03 03:13:00,28.29,28.32,0.16
2020-08-03 03:14:00,28.29,28.32,0.16
2020-08-03 03:15:00,28.32,28.32,0.16
2020-08-03 03:17:00,28.32,28.36,0.16
2020-08-03 03:18:00,28.32,28.34,0.16
2020-08-03 03:19:00,28.33,28.37,0.16
2020-08-03 03:20:00,28.34,28.34,0.16
2020-08-03 03:21:00,28.36,28.37,0.16
2020-08-03 03:24:00,28.37,28.38,0.16
2020-08-03 03:28:00,28.36,28.37,0.16
2020-08-03 03:30:00,28.32,28.37,0.16
2020-08-03 03:35:00,28.28,28.32,0.16
2020-08-03 03:36:00,28.29,28.32,0.16
2020-08-03 03:37:00,28.31,28.31,0.16
2020-08-03 03:38:00,28.32,28.32,0.16
2020-08-03 03:42:00,28.31,28.32,0.16
2020-08-03 03:43:00,28.30,28.30,0.16
2020-08-03 03:44:00,28.27,28.32,0.16
2020-08-03 03:45:00,28.27,28.31,0.16
2020-08-03 03:46:00,28.27,28.31,0.16
2020-08-03 03:47:00,28.31,28.32,0.16
2020-08-03 03:50:00,28.32,28.35,0.16
2020-08-03 03:51:00,28.32,28.36,0.16
2020-08-03 03:52:00,28.32,28.35,0.16
2020-08-03 03:53:00,28.32,28.33,0.16
2020-08-03 03:55:00,28.33,28.37,0.16
2020-08-03 03:56:00,28.32,28.36,0.16
2020-08-03 03:57:00,28.33,28.37,0.16
2020-08-03 03:58:00,28.36,28.36,0.16
2020-08-03 03:59:00,28.32,28.34,0.16
2020-08-03 04:00:00,28.34,28.36,0.16
2020-08-03 04:01:00,28.37,28.37,0.16
2020-08-03 04:03:00,28.32,28.35,0.16
2020-08-03 04:04:00,28.32,28.36,0.16
2020-08-03 04:05:00,28.32,28.37,0.16
2020-08-03 04:07:00,28.36,28.37,0.16
2020-08-03 04:10:00,28.32,28.36,0.16
2020-08-03 04:16:00,28.36,28.37,0.16
2020-08-03 04:25:00,28.32,28.35,0.16
2020-08-03 04:33:00,28.33,28.33,0.16
2020-08-03 04:50:00,28.33,28.35,0.16
2020-08-03 04:51:00,28.28,28.30,0.16
2020-08-03 04:53:00,28.28,28.29,0.16
2020-08-03 04:59:00,28.29,28.30,0.16
2020-08-03 05:00:00,28.28,28.30,0.16
2020-08-03 05:01:00,28.30,28.33,0.16
2020-08-03 05:03:00,28.30,28.33,0.16
2020-08-03 05:04:00,28.30,28.31,0.16
2020-08-03 05:05:00,28.31,28.33,0.16
2020-08-03 05:08:00,28.30,28.31,0.16
2020-08-03 05:09:00,28.31,28.33,0.16
2020-08-03 05:13:00,28.30,28.31,0.16
2020-08-03 05:15:00,28.30,28.31,0.16
2020-08-03 05:16:00,28.28,28.29,0.16
2020-08-03 05:17:00,28.28,28.28,0.16
2020-08-03 05:20:00,28.28,28.29,0.16
2020-08-03 05:21:00,28.29,28.29,0.16
2020-08-03 05:24:00,28.28,28.28,0.16
2020-08-03 05:27:00,28.20,28.25,0.16
2020-08-03 05:28:00,28.24,28.27,0.16
2020-08-03 05:30:00,28.27,28.29,0.16
2020-08-03 05:32:00,28.28,28.28,0.16
2020-08-03 05:35:00,28.25,28.28,0.16
2020-08-03 05:39:00,28.22,28.24,0.16
2020-08-03 05:42:00,28.20,28.23,0.16
2020-08-03 05:43:00,28.23,28.23,0.16
2020-08-03 05:44:00,28.23,28.24,0.16
2020-08-03 05:48:00,28.20,28.20,0.16
2020-08-03 05:49:00,28.19,28.20,0.16
2020-08-03 05:50:00,28.23,28.25,0.16
2020-08-03 05:52:00,28.24,28.24,0.16
2020-08-03 05:53:00,28.25,28.25,0.16
2020-08-03 05:57:00,28.27,28.30,0.16
2020-08-03 05:59:00,28.29,28.29,0.16
2020-08-03 06:00:00,28.27,28.29,0.16
2020-08-03 06:01:00,28.29,28.33,0.16
2020-08-03 06:02:00,28.37,28.38,0.16
2020-08-03 06:03:00,28.37,28.38,0.16
2020-08-03 06:04:00,28.33,28.38,0.16
2020-08-03 06:05:00,28.33,28.37,0.16
2020-08-03 06:07:00,28.33,28.38,0.16
2020-08-03 06:08:00,28.37,28.38,0.16
2020-08-03 06:11:00,28.38,28.43,0.16
2020-08-03 06:14:00,28.38,28.40,0.16
2020-08-03 06:23:00,28.42,28.43,0.16
2020-08-03 06:25:00,28.38,28.43,0.16
2020-08-03 06:28:00,28.33,28.33,0.16
2020-08-03 06:29:00,28.28,28.32,0.16
2020-08-03 06:31:00,28.28,28.29,0.16
2020-08-03 06:33:00,28.28,28.31,0.16
2020-08-03 06:38:00,28.33,28.33,0.16
2020-08-03 06:41:00,28.38,28.38,0.16
2020-08-03 06:42:00,28.33,28.38,0.16
2020-08-03 06:45:00,28.33,28.36,0.16
2020-08-03 06:46:00,28.35,28.38,0.16
2020-08-03 06:47:00,28.37,28.38,0.16
2020-08-03 06:48:00,28.36,28.38,0.16
2020-08-03 06:49:00,28.33,28.38,0.16
2020-08-03 06:51:00,28.33,28.38,0.16
2020-08-03 06:54:00,28.33,28.36,0.16
2020-08-03 06:59:00,28.34,28.34,0.16
2020-08-03 07:00:00,28.34,28.39,0.16
2020-08-03 07:01:00,28.34,28.39,0.16
2020-08-03 07:02:00,28.34,28.39,0.16
2020-08-03 07:03:00,28.39,28.44,0.16
2020-08-03 07:04:00,28.31,28.41,0.16
2020-08-03 07:05:00,28.34,28.35,0.16
2020-08-03 07:06:00,28.34,28.37,0.16
2020-08-03 07:07:00,28.31,28.35,0.16
2020-08-03 07:08:00,28.31,28.39,0.16
2020-08-03 07:09:00,28.36,28.39,0.16
2020-08-03 07:10:00,28.36,28.40,0.16
2020-08-03 07:11:00,28.39,28.44,0.16
2020-08-03 07:12:00,28.39,28.42,0.16
2020-08-03 07:13:00,28.39,28.40,0.16
2020-08-03 07:14:00,28.40,28.44,0.16
2020-08-03 07:15:00,28.39,28.44,0.16
2020-08-03 07:16:00,28.39,28.44,0.16
2020-08-03 07:17:00,28.39,28.44,0.16
2020-08-03 07:18:00,28.39,28.42,0.16
2020-08-03 07:20:00,28.39,28.44,0.16
2020-08-03 07:21:00,28.39,28.42,0.16
2020-08-03 07:23:00,28.39,28.44,0.16
2020-08-03 07:24:00,28.39,28.44,0.16
2020-08-03 07:25:00,28.41,28.44,0.16
2020-08-03 07:26:00,28.46,28.49,0.16
2020-08-03 07:28:00,28.49,28.54,0.16
2020-08-03 07:29:00,28.54,28.56,0.16
2020-08-03 07:30:00,28.49,28.56,0.16
2020-08-03 07:31:00,28.49,28.54,0.16
2020-08-03 07:32:00,28.49,28.54,0.16
2020-08-03 07:36:00,28.49,28.54,0.16
2020-08-03 07:40:00,28.51,28.54,0.16
2020-08-03 07:41:00,28.49,28.54,0.16
2020-08-03 07:42:00,28.49,28.51,0.16
2020-08-03 07:43:00,28.50,28.54,0.16
2020-08-03 07:44:00,28.51,28.54,0.16
2020-08-03 07:45:00,28.53,28.54,0.16
2020-08-03 07:46:00,28.53,28.54,0.16
2020-08-03 07:47:00,28.49,28.56,0.16
2020-08-03 07:49:00,28.49,28.51,0.16
2020-08-03 07:50:00,28.39,28.44,0.16
2020-08-03 07:51:00,28.34,28.40,0.16
2020-08-03 07:52:00,28.31,28.36,0.16
2020-08-03 07:53:00,28.31,28.34,0.16
2020-08-03 07:54:00,28.31,28.34,0.16
2020-08-03 07:55:00,28.28,28.33,0.16
2020-08-03 07:56:00,28.31,28.34,0.16
2020-08-03 07:57:00,28.30,28.34,0.16
2020-08-03 07:58:00,28.26,28.31,0.16
2020-08-03 07:59:00,28.26,28.29,0.16
2020-08-03 08:00:00,28.26,28.31,0.16
2020-08-03 08:01:00,28.31,28.34,0.16
2020-08-03 08:02:00,28.26,28.34,0.16
2020-08-03 08:03:00,28.21,28.26,0.16
2020-08-03 08:05:00,28.25,28.26,0.16
2020-08-03 08:06:00,28.21,28.26,0.16
2020-08-03 08:07:00,28.21,28.26,0.16
2020-08-03 08:10:00,28.20,28.21,0.16
2020-08-03 08:11:00,28.21,28.23,0.16
2020-08-03 08:12:00,28.23,28.26,0.16
2020-08-03 08:15:00,28.21,28.26,0.16
2020-08-03 08:16:00,28.24,28.31,0.16
2020-08-03 08:17:00,28.26,28.34,0.16
2020-08-03 08:18:00,28.31,28.34,0.16
2020-08-03 08:19:00,28.30,28.31,0.16
2020-08-03 08:20:00,28.26,28.29,0.16
2020-08-03 08:21:00,28.28,28.29,0.16
2020-08-03 08:22:00,28.28,28.34,0.16
2020-08-03 08:23:00,28.31,28.33,0.16
2020-08-03 08:24:00,28.30,28.34,0.16
2020-08-03 08:29:00,28.33,28.33,0.16
2020-08-03 08:30:00,28.32,28.34,0.16
2020-08-03 08:34:00,28.34,28.39,0.16
2020-08-03 08:37:00,28.39,28.39,0.16
2020-08-03 08:38:00,28.34,28.39,0.16
2020-08-03 08:39:00,28.40,28.44,0.16
2020-08-03 08:40:00,28.47,28.49,0.16
2020-08-03 08:41:00,28.44,28.49,0.16
2020-08-03 08:43:00,28.39,28.43,0.16
2020-08-03 08:46:00,28.35,28.39,0.16
2020-08-03 08:47:00,28.41,28.46,0.16
2020-08-03 08:48:00,28.39,28.44,0.16
2020-08-03 08:49:00,28.39,28.44,0.16
2020-08-03 08:50:00,28.38,28.41,0.16
2020-08-03 08:51:00,28.34,28.39,0.16
2020-08-03 08:52:00,28.34,28.39,0.16
2020-08-03 08:53:00,28.34,28.36,0.16
2020-08-03 08:56:00,28.34,28.37,0.16
2020-08-03 08:58:00,28.37,28.39,0.16
2020-08-03 09:00:00,28.34,28.38,0.16
2020-08-03 09:01:00,28.34,28.37,0.16
2020-08-03 09:03:00,28.34,28.37,0.16
2020-08-03 09:06:00,28.36,28.42,0.16
2020-08-03 09:07:00,28.34,28.38,0.16
2020-08-03 09:08:00,28.37,28.39,0.16
2020-08-03 09:09:00,28.39,28.41,0.16
2020-08-03 09:10:00,28.39,28.42,0.16
2020-08-03 09:11:00,28.39,28.44,0.16
2020-08-03 09:12:00,28.41,28.43,0.16
2020-08-03 09:13:00,28.39,28.41,0.16
2020-08-03 09:14:00,28.41,28.44,0.16
2020-08-03 09:15:00,28.39,28.44,0.16
2020-08-03 09:18:00,28.39,28.43,0.16
2020-08-03 09:19:00,28.42,28.44,0.16
2020-08-03 09:20:00,28.42,28.44,0.16
2020-08-03 09:21:00,28.37,28.42,0.16
2020-08-03 09:22:00,28.38,28.39,0.16
2020-08-03 09:23:00,28.37,28.39,0.16
2020-08-03 09:24:00,28.36,28.38,0.16
2020-08-03 09:26:00,28.32,28.33,0.16
2020-08-03 09:28:00,28.33,28.37,0.16
2020-08-03 09:30:00,28.35,28.36,0.16
2020-08-03 09:31:00,28.37,28.37,0.16
2020-08-03 09:34:00,28.36,28.37,0.16
2020-08-03 09:39:00,28.32,28.34,0.16
2020-08-03 09:40:00,28.34,28.37,0.16
2020-08-03 09:41:00,28.32,28.33,0.16
2020-08-03 09:42:00,28.36,28.37,0.16
2020-08-03 09:43:00,28.33,28.36,0.16
2020-08-03 09:44:00,28.32,28.33,0.16
2020-08-03 09:48:00,28.32,28.34,0.16
2020-08-03 09:56:00,28.30,28.32,0.16
2020-08-03 09:59:00,28.27,28.28,0.16
2020-08-03 10:00:00,28.30,28.32,0.16
2020-08-03 10:01:00,28.31,28.31,0.16
2020-08-03 10:02:00,28.27,28.30,0.16
2020-08-03 10:04:00,28.25,28.27,0.16
2020-08-03 10:05:00,28.25,28.26,0.16
2020-08-03 10:10:00,28.20,28.20,0.16
2020-08-03 10:15:00,28.25,28.25,0.16
2020-08-03 10:18:00,28.22,28.23,0.16
2020-08-03 10:19:00,28.25,28.25,0.16
2020-08-03 10:20:00,28.20,28.23,0.16
2020-08-03 10:21:00,28.10,28.17,0.16
2020-08-03 10:22:00,28.13,28.15,0.16
2020-08-03 10:23:00,28.10,28.13,0.16
2020-08-03 10:24:00,28.10,28.11,0.16
2020-08-03 10:25:00,28.10,28.11,0.16
2020-08-03 10:26:00,28.10,28.10,0.16
2020-08-03 10:27:00,28.10,28.11,0.16
2020-08-03 10:31:00,28.12,28.15,0.16
2020-08-03 10:32:00,28.13,28.15,0.16
2020-08-03 10:35:00,28.02,28.15,0.16
2020-08-03 10:36:00,28.00,28.02,0.16
2020-08-03 10:37:00,28.04,28.05,0.16
2020-08-03 10:39:00,28.02,28.05,0.16
2020-08-03 10:40:00,28.01,28.05,0.16
2020-08-03 10:41:00,28.02,28.02,0.16
2020-08-03 10:42:00,28.02,28.05,0.16
2020-08-03 10:43:00,28.02,28.05,0.16
2020-08-03 10:44:00,28.01,28.02,0.16
2020-08-03 10:45:00,28.00,28.02,0.16
2020-08-03 10:46:00,28.01,28.02,0.16
2020-08-03 10:48:00,28.00,28.02,0.16
2020-08-03 10:51:00,27.95,27.97,0.16
2020-08-03 10:52:00,27.95,27.97,0.16
2020-08-03 10:53:00,27.95,27.96,0.16
2020-08-03 10:54:00,27.95,27.97,0.16
2020-08-03 10:56:00,27.95,27.96,0.16
2020-08-03 10:57:00,27.87,27.97,0.16
2020-08-03 11:01:00,27.92,27.95,0.16
2020-08-03 11:02:00,27.92,27.94,0.16
2020-08-03 11:03:00,27.92,27.95,0.16
2020-08-03 11:06:00,27.95,27.95,0.16
2020-08-03 11:07:00,27.92,27.95,0.16
2020-08-03 11:08:00,27.94,27.95,0.16
2020-08-03 11:09:00,27.92,27.96,0.16
2020-08-03 11:13:00,27.92,27.95,0.16
2020-08-03 11:15:00,27.94,27.95,0.16
2020-08-03 11:17:00,27.96,27.98,0.16
2020-08-03 11:18:00,27.95,27.98,0.16
2020-08-03 11:19:00,27.95,27.98,0.16
2020-08-03 11:20:00,27.95,27.98,0.16
2020-08-03 11:21:00,27.93,27.95,0.16
2020-08-03 11:23:00,27.93,27.95,0.16
2020-08-03 11:24:00,27.95,27.95,0.16
2020-08-03 11:25:00,27.95,27.98,0.16
2020-08-03 11:26:00,27.93,27.95,0.16
2020-08-03 11:27:00,27.93,27.95,0.16
2020-08-03 11:35:00,27.88,27.93,0.16
2020-08-03 11:41:00,27.91,27.93,0.16
2020-08-03 11:46:00,27.95,27.98,0.16
2020-08-03 11:47:00,27.94,27.98,0.16
2020-08-03 11:50:00,27.95,27.96,0.16
2020-08-03 11:51:00,27.93,27.98,0.16
2020-08-03 11:52:00,27.93,27.95,0.16
2020-08-03 11:54:00,27.89,27.93,0.16
2020-08-03 11:57:00,27.88,27.89,0.16
2020-08-03 11:58:00,27.89,27.90,0.16
2020-08-03 11:59:00,27.88,27.88,0.16
2020-08-03 12:01:00,27.90,27.95,0.16
2020-08-03 12:02:00,27.92,27.93,0.16
2020-08-03 12:03:00,27.88,27.93,0.16
2020-08-03 12:04:00,27.88,27.90,0.16
2020-08-03 12:06:00,27.88,27.90,0.16
2020-08-03 12:07:00,27.88,27.89,0.16
2020-08-03 12:08:00,27.88,27.93,0.16
2020-08-03 12:10:00,27.88,27.89,0.16
2020-08-03 12:11:00,27.88,27.89,0.16
2020-08-03 12:13:00,27.89,27.93,0.16
2020-08-03 12:15:00,27.88,27.93,0.16
2020-08-03 12:16:00,27.90,27.93,0.16
2020-08-03 12:17:00,27.90,27.92,0.16
2020-08-03 12:18:00,27.89,27.93,0.16
2020-08-03 12:19:00,27.93,27.96,0.16
2020-08-03 12:20:00,27.93,27.96,0.16
2020-08-03 12:21:00,27.94,27.96,0.16
2020-08-03 12:22:00,27.93,27.94,0.16
2020-08-03 12:24:00,27.96,27.96,0.16
2020-08-03 12:25:00,27.93,27.96,0.16
2020-08-03 12:26:00,27.88,27.93,0.16
2020-08-03 12:27:00,27.88,27.90,0.16
2020-08-03 12:28:00,27.88,27.89,0.16
2020-08-03 12:34:00,27.91,27.93,0.16
2020-08-03 12:35:00,27.91,27.93,0.16
2020-08-03 12:36:00,27.88,27.92,0.16
2020-08-03 12:37:00,27.88,27.88,0.16
2020-08-03 12:40:00,27.87,27.88,0.16
2020-08-03 12:41:00,27.88,27.89,0.16
2020-08-03 12:59:00,27.91,27.93,0.16
2020-08-03 13:01:00,27.91,27.93,0.16
2020-08-03 13:02:00,27.91,27.93,0.16
2020-08-03 13:03:00,27.91,27.93,0.16
2020-08-03 13:04:00,27.92,27.95,0.16
2020-08-03 13:05:00,27.91,27.96,0.16
2020-08-03 13:06:00,27.95,27.96,0.16
2020-08-03 13:07:00,27.96,27.98,0.16
2020-08-03 13:08:00,27.96,27.98,0.16
2020-08-03 13:09:00,27.96,27.98,0.16
2020-08-03 13:10:00,27.96,27.98,0.16
2020-08-03 13:11:00,27.96,27.98,0.16
2020-08-03 13:13:00,27.98,28.02,0.16
2020-08-03 13:14:00,27.98,27.98,0.16
2020-08-03 13:15:00,27.93,27.98,0.16
2020-08-03 13:16:00,27.93,27.99,0.16
2020-08-03 13:17:00,27.95,27.99,0.16
2020-08-03 13:18:00,27.96,27.99,0.16
2020-08-03 13:19:00,27.97,27.99,0.16
2020-08-03 13:21:00,27.97,27.99,0.16
2020-08-03 13:22:00,27.99,28.04,0.16
2020-08-03 13:23:00,28.01,28.04,0.16
2020-08-03 13:24:00,27.99,28.02,0.16
2020-08-03 13:25:00,27.96,27.99,0.16
2020-08-03 13:26:00,27.94,27.96,0.16
2020-08-03 13:27:00,27.94,27.99,0.16
2020-08-03 13:28:00,27.94,27.99,0.16
2020-08-03 13:29:00,27.94,27.96,0.16
2020-08-03 13:30:00,27.94,28.06,0.16
2020-08-03 13:31:00,28.01,28.06,0.16
2020-08-03 13:32:00,28.01,28.09,0.16
2020-08-03 13:33:00,28.07,28.11,0.16
2020-08-03 13:34:00,28.11,28.19,0.16
2020-08-03 13:35:00,28.09,28.16,0.16
2020-08-03 13:36:00,28.09,28.21,0.16
2020-08-03 13:37:00,28.16,28.24,0.16
2020-08-03 13:39:00,28.21,28.24,0.16
2020-08-03 13:40:00,28.16,28.19,0.16
2020-08-03 13:44:00,28.16,28.21,0.16
2020-08-03 13:47:00,28.11,28.16,0.16
2020-08-03 13:49:00,28.16,28.21,0.16
2020-08-03 13:50:00,28.13,28.21,0.16
2020-08-03 13:51:00,28.14,28.21,0.16
2020-08-03 13:52:00,28.16,28.21,0.16
2020-08-03 13:54:00,28.21,28.29,0.16
2020-08-03 13:55:00,28.24,28.26,0.16
2020-08-03 13:56:00,28.21,28.26,0.16
2020-08-03 13:57:00,28.21,28.26,0.16
2020-08-03 13:58:00,28.19,28.26,0.16
2020-08-03 13:59:00,28.14,28.19,0.16
2020-08-03 14:00:00,28.06,28.19,0.16
2020-08-03 14:01:00,28.04,28.14,0.16
2020-08-03 14:02:00,28.04,28.09,0.16
2020-08-03 14:03:00,28.09,28.14,0.16
2020-08-03 14:04:00,28.14,28.19,0.16
2020-08-03 14:05:00,28.14,28.18,0.16
2020-08-03 14:06:00,28.14,28.19,0.16
2020-08-03 14:07:00,28.14,28.19,0.16
2020-08-03 14:08:00,28.14,28.19,0.16
2020-08-03 14:09:00,28.14,28.20,0.16
2020-08-03 14:10:00,28.10,28.14,0.16
2020-08-03 14:11:00,28.11,28.15,0.16
2020-08-03 14:12:00,28.14,28.16,0.16
2020-08-03 14:13:00,28.14,28.19,0.16
2020-08-03 14:14:00,28.14,28.19,0.16
2020-08-03 14:15:00,28.14,28.16,0.16
2020-08-03 14:16:00,28.14,28.16,0.16
2020-08-03 14:17:00,28.13,28.14,0.16
2020-08-03 14:18:00,28.14,28.16,0.16
2020-08-03 14:19:00,28.14,28.17,0.16
2020-08-03 14:20:00,28.14,28.17,0.16
2020-08-03 14:21:00,28.14,28.17,0.16
2020-08-03 14:22:00,28.17,28.22,0.16
2020-08-03 14:23:00,28.24,28.27,0.16
2020-08-03 14:24:00,28.22,28.25,0.16
2020-08-03 14:25:00,28.17,28.22,0.16
2020-08-03 14:26:00,28.17,28.22,0.16
2020-08-03 14:27:00,28.17,28.19,0.16
2020-08-03 14:28:00,28.17,28.22,0.16
2020-08-03 14:29:00,28.17,28.19,0.16
2020-08-03 14:30:00,28.14,28.19,0.16
2020-08-03 14:31:00,28.14,28.17,0.16
2020-08-03 14:32:00,28.14,28.19,0.16
2020-08-03 14:33:00,28.14,28.19,0.16
2020-08-03 14:34:00,28.09,28.13,0.16
2020-08-03 14:35:00,28.12,28.14,0.16
2020-08-03 14:36:00,28.12,28.14,0.16
2020-08-03 14:37:00,28.12,28.17,0.16
2020-08-03 14:38:00,28.12,28.14,0.16
2020-08-03 14:39:00,28.12,28.14,0.16
2020-08-03 14:40:00,28.12,28.13,0.16
2020-08-03 14:42:00,28.17,28.19,0.16
2020-08-03 14:43:00,28.17,28.19,0.16
2020-08-03 14:44:00,28.17,28.19,0.16
2020-08-03 14:45:00,28.19,28.22,0.16
2020-08-03 14:46:00,28.24,28.27,0.16
2020-08-03 14:47:00,28.27,28.32,0.16
2020-08-03 14:48:00,28.29,28.34,0.16
2020-08-03 14:49:00,28.29,28.34,0.16
2020-08-03 14:50:00,28.29,28.34,0.16
2020-08-03 14:51:00,28.30,28.34,0.16
2020-08-03 14:52:00,28.34,28.39,0.16
2020-08-03 14:53:00,28.32,28.39,0.16
2020-08-03 14:54:00,28.32,28.34,0.16
2020-08-03 14:55:00,28.29,28.32,0.16
2020-08-03 14:56:00,28.31,28.34,0.16
2020-08-03 14:57:00,28.32,28.34,0.16
2020-08-03 14:58:00,28.29,28.34,0.16
2020-08-03 14:59:00,28.29,28.34,0.16
2020-08-03 15:00:00,28.27,28.32,0.16
2020-08-03 15:01:00,28.24,28.29,0.16
2020-08-03 15:02:00,28.24,28.34,0.16
2020-08-03 15:03:00,28.22,28.29,0.16
2020-08-03 15:04:00,28.22,28.29,0.16
2020-08-03 15:05:00,28.22,28.24,0.16
2020-08-03 15:09:00,28.22,28.24,0.16
2020-08-03 15:10:00,28.19,28.24,0.16
2020-08-03 15:11:00,28.19,28.24,0.16
2020-08-03 15:12:00,28.19,28.22,0.16
2020-08-03 15:13:00,28.19,28.22,0.16
2020-08-03 15:14:00,28.19,28.22,0.16
2020-08-03 15:15:00,28.19,28.22,0.16
2020-08-03 15:16:00,28.19,28.22,0.16
2020-08-03 15:17:00,28.22,28.22,0.16
2020-08-03 15:18:00,28.17,28.19,0.16
2020-08-03 15:20:00,28.14,28.17,0.16
2020-08-03 15:21:00,28.14,28.17,0.16
2020-08-03 15:23:00,28.17,28.19,0.16
2020-08-03 15:24:00,28.15,28.17,0.16
2020-08-03 15:26:00,28.12,28.17,0.16
2020-08-03 15:27:00,28.12,28.15,0.16
2020-08-03 15:29:00,28.15,28.20,0.16
2020-08-03 15:30:00,28.15,28.17,0.16
2020-08-03 15:34:00,28.17,28.20,0.16
2020-08-03 15:35:00,28.15,28.18,0.16
2020-08-03 15:36:00,28.16,28.20,0.16
2020-08-03 15:37:00,28.15,28.20,0.16
2020-08-03 15:38:00,28.15,28.16,0.16
2020-08-03 15:39:00,28.11,28.15,0.16
2020-08-03 15:42:00,28.15,28.17,0.16
2020-08-03 15:43:00,28.10,28.15,0.16
2020-08-03 15:45:00,28.15,28.17,0.16
2020-08-03 15:46:00,28.15,28.20,0.16
2020-08-03 15:47:00,28.15,28.17,0.16
2020-08-03 15:48:00,28.15,28.20,0.16
2020-08-03 15:50:00,28.20,28.22,0.16
2020-08-03 15:51:00,28.22,28.22,0.16
2020-08-03 15:55:00,28.22,28.25,0.16
2020-08-03 15:56:00,28.22,28.23,0.16
2020-08-03 15:57:00,28.22,28.23,0.16
2020-08-03 16:00:00,28.17,28.22,0.16
2020-08-03 16:01:00,28.22,28.22,0.16
2020-08-03 16:10:00,28.22,28.24,0.16
2020-08-03 16:12:00,28.20,28.22,0.16
2020-08-03 16:13:00,28.17,28.17,0.16
2020-08-03 16:17:00,28.17,28.20,0.16
2020-08-03 16:18:00,28.17,28.22,0.16
2020-08-03 16:19:00,28.20,28.22,0.16
2020-08-03 16:21:00,28.22,28.27,0.16
2020-08-03 16:23:00,28.17,28.20,0.16
2020-08-03 16:25:00,28.17,28.19,0.16
2020-08-03 16:27:00,28.17,28.21,0.16
2020-08-03 16:28:00,28.17,28.22,0.16
2020-08-03 16:29:00,28.17,28.20,0.16
2020-08-03 16:30:00,28.20,28.22,0.16
2020-08-03 16:31:00,28.17,28.17,0.16
2020-08-03 16:32:00,28.18,28.20,0.16
2020-08-03 16:39:00,28.13,28.15,0.16
2020-08-03 16:40:00,28.13,28.15,0.16
2020-08-03 16:41:00,28.13,28.15,0.16
2020-08-03 16:42:00,28.13,28.15,0.16
2020-08-03 16:43:00,28.13,28.13,0.16
2020-08-03 16:44:00,28.15,28.18,0.16
2020-08-03 16:45:00,28.13,28.18,0.16
2020-08-03 16:46:00,28.13,28.18,0.16
2020-08-03 16:47:00,28.13,28.18,0.16
2020-08-03 16:49:00,28.08,28.10,0.16
2020-08-03 16:50:00,28.08,28.13,0.16
2020-08-03 16:51:00,28.09,28.15,0.16
2020-08-03 16:52:00,28.10,28.10,0.16
2020-08-03 16:53:00,28.10,28.13,0.16
2020-08-03 16:54:00,28.08,28.10,0.16
2020-08-03 17:01:00,28.05,28.08,0.16
2020-08-03 17:02:00,28.03,28.05,0.16
2020-08-03 17:03:00,28.00,28.05,0.16
2020-08-03 17:04:00,28.00,28.03,0.16
2020-08-03 17:07:00,28.00,28.05,0.16
2020-08-03 17:08:00,28.00,28.04,0.16
2020-08-03 17:10:00,27.95,27.98,0.16
2020-08-03 17:11:00,27.95,27.98,0.16
2020-08-03 17:12:00,27.95,27.98,0.16
2020-08-03 17:13:00,27.95,27.98,0.16
2020-08-03 17:14:00,27.95,27.98,0.16
2020-08-03 17:15:00,27.95,27.98,0.16
2020-08-03 17:17:00,27.90,27.95,0.16
2020-08-03 17:18:00,27.90,27.93,0.16
2020-08-03 17:19:00,27.88,27.90,0.16
2020-08-03 17:20:00,27.85,27.90,0.16
2020-08-03 17:21:00,27.85,27.88,0.16
2020-08-03 17:22:00,27.85,27.85,0.16
2020-08-03 17:23:00,27.85,27.88,0.16
2020-08-03 17:24:00,27.84,27.85,0.16
2020-08-03 17:25:00,27.83,27.88,0.16
2020-08-03 17:26:00,27.85,27.88,0.16
2020-08-03 17:27:00,27.85,27.87,0.16
2020-08-03 17:28:00,27.87,27.90,0.16
2020-08-03 17:29:00,27.88,27.90,0.16
2020-08-03 17:30:00,27.88,27.90,0.16
2020-08-03 17:31:00,27.88,27.90,0.16
2020-08-03 17:34:00,27.85,27.88,0.16
2020-08-03 17:37:00,27.88,27.90,0.16
2020-08-03 17:42:00,27.91,27.93,0.16
2020-08-03 17:43:00,27.93,27.96,0.16
2020-08-03 17:46:00,27.91,27.91,0.16
2020-08-03 17:50:00,27.91,27.93,0.16
2020-08-03 17:51:00,27.91,27.93,0.16
2020-08-03 17:52:00,27.91,27.93,0.16
2020-08-03 17:53:00,27.91,27.91,0.16
2020-08-03 17:58:00,27.88,27.88,0.16
2020-08-03 18:00:00,27.86,27.88,0.16
2020-08-03 18:01:00,27.86,27.91,0.16
2020-08-03 18:02:00,27.86,27.91,0.16
2020-08-03 18:05:00,27.88,27.88,0.16
2020-08-03 18:11:00,27.84,27.88,0.16
2020-08-03 18:12:00,27.83,27.88,0.16
2020-08-03 18:13:00,27.78,27.86,0.16
2020-08-03 18:14:00,27.78,27.81,0.16
2020-08-03 18:17:00,27.78,27.83,0.16
2020-08-03 18:19:00,27.81,27.83,0.16
2020-08-03 18:21:00,27.83,27.83,0.16
2020-08-03 18:22:00,27.81,27.86,0.16
2020-08-03 18:23:00,27.81,27.86,0.16
2020-08-03 18:24:00,27.81,27.81,0.16
2020-08-03 18:25:00,27.82,27.86,0.16
2020-08-03 18:26:00,27.83,27.85,0.16
2020-08-03 18:31:00,27.86,27.86,0.16
2020-08-03 18:32:00,27.83,27.86,0.16
2020-08-03 18:34:00,27.83,27.86,0.16
2020-08-03 18:35:00,27.81,27.82,0.16
2020-08-03 18:36:00,27.81,27.86,0.16
2020-08-03 18:37:00,27.81,27.81,0.16
2020-08-03 18:41:00,27.81,27.83,0.16
2020-08-03 18:42:00,27.81,27.83,0.16
2020-08-03 18:43:00,27.82,27.83,0.16
2020-08-03 18:44:00,27.81,27.83,0.16
2020-08-03 18:45:00,27.81,27.83,0.16
2020-08-03 18:50:00,27.83,27.86,0.16
2020-08-03 19:02:00,27.83,27.86,0.16
2020-08-03 19:04:00,27.84,27.84,0.16
2020-08-03 19:05:00,27.84,27.86,0.16
2020-08-03 19:06:00,27.84,27.86,0.16
2020-08-03 19:08:00,27.79,27.84,0.16
2020-08-03 19:10:00,27.81,27.84,0.16
2020-08-03 19:11:00,27.81,27.84,0.16
2020-08-03 19:12:00,27.79,27.84,0.16
2020-08-03 19:13:00,27.81,27.84,0.16
2020-08-03 19:14:00,27.79,27.84,0.16
2020-08-03 19:15:00,27.81,27.91,0.16
2020-08-03 19:16:00,27.86,27.96,0.16
2020-08-03 19:17:00,27.89,27.94,0.16
2020-08-03 19:18:00,27.91,27.94,0.16
2020-08-03 19:19:00,27.94,27.94,0.16
2020-08-03 19:20:00,27.91,27.96,0.16
2020-08-03 19:21:00,27.91,27.92,0.16
2020-08-03 19:22:00,27.86,27.91,0.16
2020-08-03 19:24:00,27.87,27.96,0.16
2020-08-03 19:25:00,27.91,27.96,0.16
2020-08-03 19:26:00,27.99,28.01,0.16
2020-08-03 19:27:00,27.99,28.01,0.16
2020-08-03 19:28:00,27.97,28.01,0.16
2020-08-03 19:30:00,28.01,28.06,0.16
2020-08-03 19:31:00,28.01,28.06,0.16
2020-08-03 19:32:00,28.06,28.11,0.16
2020-08-03 19:33:00,28.06,28.16,0.16
2020-08-03 19:34:00,28.09,28.21,0.16
2020-08-03 19:35:00,28.09,28.16,0.16
2020-08-03 19:36:00,28.11,28.11,0.16
2020-08-03 19:37:00,28.07,28.16,0.16
2020-08-03 19:38:00,28.06,28.11,0.16
2020-08-03 19:39:00,28.09,28.11,0.16
2020-08-03 19:40:00,28.06,28.11,0.16
2020-08-03 19:41:00,28.01,28.09,0.16
2020-08-03 19:42:00,28.01,28.04,0.16
2020-08-03 19:43:00,28.01,28.04,0.16
2020-08-03 19:44:00,28.01,28.04,0.16
2020-08-03 19:45:00,28.01,28.04,0.16
2020-08-03 19:46:00,28.01,28.06,0.16
2020-08-03 19:47:00,28.06,28.09,0.16
2020-08-03 19:48:00,28.09,28.14,0.16
2020-08-03 19:49:00,28.09,28.14,0.16
2020-08-03 19:50:00,28.08,28.16,0.16
2020-08-03 19:51:00,28.11,28.16,0.16
2020-08-03 19:52:00,28.06,28.11,0.16
2020-08-03 19:53:00,28.06,28.09,0.16
2020-08-03 19:54:00,28.01,28.09,0.16
2020-08-03 19:55:00,28.03,28.11,0.16
2020-08-03 19:57:00,28.16,28.16,0.16
2020-08-03 19:58:00,28.09,28.15,0.16
2020-08-03 19:59:00,28.09,28.16,0.16
2020-08-03 20:00:00,28.09,28.11,0.16
2020-08-03 20:01:00,28.14,28.16,0.16
2020-08-03 20:02:00,28.11,28.15,0.16
2020-08-03 20:05:00,28.06,28.06,0.16
2020-08-03 20:06:00,28.06,28.11,0.16
2020-08-03 20:08:00,28.11,28.16,0.16
2020-08-03 20:09:00,28.09,28.11,0.16
2020-08-03 20:10:00,27.99,28.06,0.16
2020-08-03 20:12:00,28.01,28.01,0.16
2020-08-03 20:13:00,27.96,28.01,0.16
2020-08-03 20:14:00,28.04,28.06,0.16
2020-08-03 20:31:00,28.07,28.07,0.16
2020-08-03 20:34:00,28.07,28.09,0.16
2020-08-03 20:35:00,28.09,28.13,0.16
2020-08-03 20:36:00,28.12,28.14,0.16
2020-08-03 20:37:00,28.09,28.13,0.16
2020-08-03 20:38:00,28.09,28.12,0.16
2020-08-03 20:40:00,28.07,28.09,0.16
2020-08-03 20:41:00,28.05,28.09,0.16
2020-08-03 20:42:00,28.05,28.08,0.16
2020-08-03 20:43:00,28.05,28.07,0.16
2020-08-03 20:50:00,28.04,28.04,0.16
2020-08-03 20:51:00,28.05,28.05,0.16
2020-08-03 20:54:00,28.06,28.06,0.16
2020-08-03 20:55:00,28.04,28.06,0.16
2020-08-03 20:56:00,28.07,28.07,0.16
2020-08-03 20:57:00,28.06,28.06,0.16
2020-08-03 22:00:00,28.04,28.13,0.16
2020-08-03 22:05:00,28.15,28.17,0.16
2020-08-03 22:06:00,28.15,28.15,0.16
2020-08-03 22:12:00,28.10,28.12,0.16
2020-08-03 22:13:00,28.16,28.17,0.16
2020-08-03 22:14:00,28.15,28.17,0.16
2020-08-03 22:16:00,28.15,28.15,0.16
2020-08-03 22:17:00,28.12,28.14,0.16
2020-08-03 22:20:00,28.16,28.16,0.16
2020-08-03 22:21:00,28.17,28.17,0.16
2020-08-03 22:32:00,28.17,28.19,0.16
2020-08-03 22:33:00,28.17,28.19,0.16
2020-08-03 22:34:00,28.19,28.19,0.16
2020-08-03 22:35:00,28.17,28.19,0.16
2020-08-03 22:36:00,28.19,28.20,0.16
2020-08-03 22:37:00,28.17,28.17,0.16
2020-08-03 22:46:00,28.19,28.19,0.16
2020-08-03 22:52:00,28.18,28.18,0.16
2020-08-03 22:57:00,28.18,28.19,0.16
2020-08-03 23:00:00,28.18,28.19,0.16
2020-08-03 23:02:00,28.18,28.19,0.16
2020-08-03 23:11:00,28.15,28.15,0.16
2020-08-03 23:12:00,28.16,28.18,0.16
2020-08-03 23:13:00,28.16,28.16,0.16
2020-08-03 23:14:00,28.18,28.18,0.16
2020-08-03 23:16:00,28.16,28.16,0.16
2020-08-03 23:17:00,28.18,28.18,0.16
2020-08-03 23:18:00,28.16,28.16,0.16
2020-08-03 23:20:00,28.14,28.16,0.16
2020-08-03 23:21:00,28.15,28.16,0.16
2020-08-03 23:24:00,28.15,28.15,0.16
2020-08-03 23:25:00,28.16,28.16,0.16
2020-08-03 23:28:00,28.15,28.16,0.16
2020-08-03 23:30:00,28.15,28.16,0.16
2020-08-03 23:31:00,28.14,28.16,0.16
2020-08-03 23:36:00,28.13,28.13,0.16
2020-08-03 23:39:00,28.13,28.14,0.16
2020-08-03 23:43:00,28.13,28.14,0.16
2020-08-03 23:44:00,28.14,28.15,0.16
2020-08-03 23:45:00,28.17,28.17,0.16
2020-08-03 23:46:00,28.15,28.15,0.16
2020-08-03 23:47:00,28.17,28.18,0.16
2020-08-03 23:50:00,28.17,28.20,0.16
2020-08-03 23:51:00,28.15,28.17,0.16
2020-08-03 23:52:00,28.15,28.18,0.16
2020-08-03 23:53:00,28.15,28.17,0.16
2020-08-03 23:54:00,28.15,28.15,0.16
2020-08-03 23:55:00,28.17,28.17,0.16
2020-08-03 23:56:00,28.15,28.17,0.16
2020-08-03 23:57:00,28.15,28.15,0.16
2020-08-04 00:00:00,28.10,28.15,0.16
2020-08-04 00:01:00,28.10,28.15,0.16
2020-08-04 00:02:00,28.10,28.13,0.16
2020-08-04 00:03:00,28.12,28.12,0.16
2020-08-04 00:04:00,28.13,28.15,0.16
2020-08-04 00:05:00,28.12,28.13,0.16
2020-08-04 00:06:00,28.12,28.13,0.16
2020-08-04 00:11:00,28.14,28.14,0.16
2020-08-04 00:12:00,28.16,28.16,0.16
2020-08-04 00:13:00,28.16,28.17,0.16
2020-08-04 00:14:00,28.13,28.16,0.16
2020-08-04 00:15:00,28.12,28.16,0.16
2020-08-04 00:17:00,28.13,28.16,0.16
2020-08-04 00:18:00,28.12,28.13,0.16
2020-08-04 00:21:00,28.11,28.12,0.16
2020-08-04 00:22:00,28.11,28.12,0.16
2020-08-04 00:23:00,28.11,28.11,0.16
2020-08-04 00:24:00,28.12,28.12,0.16
2020-08-04 00:26:00,28.11,28.11,0.16
2020-08-04 00:27:00,28.08,28.08,0.16
2020-08-04 00:29:00,28.03,28.03,0.16
2020-08-04 00:36:00,27.99,28.03,0.16
2020-08-04 00:39:00,28.03,28.04,0.16
2020-08-04 00:42:00,27.99,27.99,0.16
2020-08-04 00:43:00,27.98,27.98,0.16
2020-08-04 00:45:00,27.98,27.99,0.16
2020-08-04 00:46:00,27.98,28.01,0.16
2020-08-04 00:47:00,27.98,28.00,0.16
2020-08-04 00:48:00,27.98,28.00,0.16
2020-08-04 00:50:00,28.01,28.01,0.16
2020-08-04 00:51:00,28.00,28.01,0.16
2020-08-04 00:52:00,27.98,27.98,0.16
2020-08-04 00:57:00,27.98,28.03,0.16
2020-08-04 00:58:00,27.98,28.03,0.16
2020-08-04 00:59:00,28.01,28.03,0.16
2020-08-04 01:00:00,27.98,28.03,0.16
2020-08-04 01:01:00,28.03,28.03,0.16
2020-08-04 01:03:00,27.98,28.02,0.16
2020-08-04 01:10:00,27.98,28.01,0.16
2020-08-04 01:11:00,27.98,28.00,0.16
2020-08-04 01:12:00,27.98,28.00,0.16
2020-08-04 01:13:00,27.98,28.00,0.16
2020-08-04 01:14:00,27.91,27.98,0.16
2020-08-04 01:15:00,27.91,27.98,0.16
2020-08-04 01:19:00,27.96,27.98,0.16
2020-08-04 01:20:00,27.97,27.98,0.16
2020-08-04 01:21:00,27.96,27.98,0.16
2020-08-04 01:25:00,28.00,28.00,0.16
2020-08-04 01:26:00,27.98,28.00,0.16
2020-08-04 01:27:00,28.01,28.04,0.16
2020-08-04 01:28:00,27.99,28.04,0.16
2020-08-04 01:29:00,27.99,28.02,0.16
2020-08-04 01:30:00,27.99,28.00,0.16
2020-08-04 01:45:00,27.99,28.00,0.16
2020-08-04 01:50:00,27.97,27.99,0.16
2020-08-04 01:51:00,28.01,28.04,0.16
2020-08-04 01:52:00,28.00,28.04,0.16
2020-08-04 01:53:00,28.01,28.04,0.16
2020-08-04 01:54:00,27.99,28.01,0.16
2020-08-04 01:56:00,27.99,28.00,0.16
2020-08-04 01:57:00,27.99,28.00,0.16
2020-08-04 01:59:00,27.99,28.01,0.16
2020-08-04 02:00:00,28.01,28.04,0.16
2020-08-04 02:01:00,27.99,28.01,0.16
2020-08-04 02:02:00,27.97,27.99,0.16
2020-08-04 02:04:00,27.99,28.00,0.16
2020-08-04 02:10:00,27.96,27.98,0.16
2020-08-04 02:11:00,27.96,27.99,0.16
2020-08-04 02:12:00,27.96,27.99,0.16
2020-08-04 02:14:00,27.96,27.99,0.16
2020-08-04 02:16:00,27.98,27.99,0.16
2020-08-04 02:17:00,27.96,27.99,0.16
2020-08-04 02:19:00,28.00,28.01,0.16
2020-08-04 02:21:00,28.01,28.04,0.16
2020-08-04 02:22:00,28.01,28.03,0.16
2020-08-04 02:23:00,28.01,28.03,0.16
2020-08-04 02:24:00,28.01,28.03,0.16
2020-08-04 02:25:00,28.04,28.04,0.16
2020-08-04 02:29:00,28.03,28.04,0.16
2020-08-04 02:30:00,28.01,28.04,0.16
2020-08-04 02:31:00,28.04,28.06,0.16
2020-08-04 02:37:00,28.04,28.05,0.16
2020-08-04 02:38:00,28.04,28.04,0.16
2020-08-04 02:53:00,28.02,28.04,0.16
2020-08-04 03:04:00,28.05,28.05,0.16
2020-08-04 03:05:00,28.04,28.04,0.16
2020-08-04 03:06:00,28.08,28.09,0.16
2020-08-04 03:07:00,28.04,28.08,0.16
2020-08-04 03:08:00,28.09,28.09,0.16
2020-08-04 03:10:00,28.05,28.08,0.16
2020-08-04 03:12:00,28.09,28.09,0.16
2020-08-04 03:16:00,28.09,28.13,0.16
2020-08-04 03:32:00,28.08,28.09,0.16
2020-08-04 03:36:00,28.07,28.09,0.16
2020-08-04 03:37:00,28.06,28.08,0.16
2020-08-04 03:38:00,28.07,28.09,0.16
2020-08-04 03:39:00,28.08,28.09,0.16
2020-08-04 03:42:00,28.06,28.09,0.16
2020-08-04 03:48:00,28.08,28.09,0.16
2020-08-04 03:49:00,28.04,28.06,0.16
2020-08-04 03:50:00,28.07,28.09,0.16
2020-08-04 04:02:00,28.10,28.10,0.16
2020-08-04 04:31:00,28.05,28.08,0.16
2020-08-04 04:32:00,28.03,28.05,0.16
2020-08-04 05:05:00,28.07,28.10,0.16
2020-08-04 05:06:00,28.05,28.05,0.16
2020-08-04 05:08:00,28.01,28.02,0.16
2020-08-04 05:10:00,28.02,28.02,0.16
2020-08-04 05:11:00,28.01,28.05,0.16
2020-08-04 05:23:00,28.04,28.05,0.16
2020-08-04 05:25:00,28.00,28.05,0.16
2020-08-04 05:27:00,28.03,28.05,0.16
2020-08-04 05:28:00,28.03,28.05,0.16
2020-08-04 05:29:00,28.01,28.05,0.16
2020-08-04 05:31:00,28.00,28.05,0.16
2020-08-04 05:47:00,27.95,27.99,0.16
2020-08-04 05:48:00,27.96,27.98,0.16
2020-08-04 05:49:00,27.95,27.95,0.16
2020-08-04 05:50:00,27.95,27.96,0.16
2020-08-04 05:51:00,27.95,27.96,0.16
2020-08-04 05:52:00,27.95,27.96,0.16
2020-08-04 05:53:00,27.96,27.98,0.16
2020-08-04 05:54:00,27.97,27.97,0.16
2020-08-04 05:55:00,27.95,27.95,0.16
2020-08-04 05:56:00,27.93,27.95,0.16
2020-08-04 05:57:00,27.93,27.94,0.16
2020-08-04 05:58:00,27.93,27.94,0.16
2020-08-04 05:59:00,27.93,27.95,0.16
2020-08-04 06:00:00,27.93,27.94,0.16
2020-08-04 06:01:00,27.93,27.95,0.16
2020-08-04 06:02:00,27.97,27.98,0.16
2020-08-04 06:03:00,27.97,27.98,0.16
2020-08-04 06:04:00,28.00,28.05,0.16
2020-08-04 06:05:00,28.05,28.09,0.16
2020-08-04 06:06:00,28.05,28.07,0.16
2020-08-04 06:09:00,28.04,28.05,0.16
2020-08-04 06:10:00,28.05,28.07,0.16
2020-08-04 06:12:00,28.03,28.05,0.16
2020-08-04 06:13:00,28.00,28.04,0.16
2020-08-04 06:14:00,27.98,28.03,0.16
2020-08-04 06:15:00,27.97,27.98,0.16
2020-08-04 06:20:00,27.98,28.00,0.16
2020-08-04 06:21:00,27.98,27.98,0.16
2020-08-04 06:22:00,27.98,27.99,0.16
2020-08-04 06:26:00,27.97,27.98,0.16
2020-08-04 06:28:00,27.94,27.98,0.16
2020-08-04 06:29:00,27.93,27.97,0.16
2020-08-04 06:30:00,27.96,27.98,0.16
2020-08-04 06:36:00,27.93,27.95,0.16
2020-08-04 06:37:00,27.84,27.92,0.16
2020-08-04 06:38:00,27.83,27.86,0.16
2020-08-04 06:39:00,27.77,27.82,0.16
2020-08-04 06:40:00,27.76,27.78,0.16
2020-08-04 06:43:00,27.78,27.83,0.16
2020-08-04 06:44:00,27.78,27.79,0.16
2020-08-04 06:46:00,27.81,27.83,0.16
2020-08-04 06:47:00,27.82,27.83,0.16
2020-08-04 06:53:00,27.78,27.82,0.16
2020-08-04 06:54:00,27.79,27.79,0.16
2020-08-04 06:55:00,27.78,27.78,0.16
2020-08-04 06:56:00,27.78,27.83,0.16
2020-08-04 06:58:00,27.76,27.82,0.16
2020-08-04 06:59:00,27.76,27.78,0.16
2020-08-04 07:00:00,27.76,27.83,0.16
2020-08-04 07:01:00,27.73,27.77,0.16
2020-08-04 07:02:00,27.71,27.75,0.16
2020-08-04 07:03:00,27.71,27.76,0.16
2020-08-04 07:05:00,27.78,27.81,0.16
2020-08-04 07:07:00,27.78,27.81,0.16
2020-08-04 07:08:00,27.78,27.81,0.16
2020-08-04 07:09:00,27.76,27.81,0.16
2020-08-04 07:10:00,27.76,27.81,0.16
2020-08-04 07:11:00,27.76,27.81,0.16
2020-08-04 07:14:00,27.76,27.81,0.16
2020-08-04 07:15:00,27.78,27.81,0.16
2020-08-04 07:16:00,27.78,27.83,0.16
2020-08-04 07:17:00,27.80,27.81,0.16
2020-08-04 07:18:00,27.76,27.81,0.16
2020-08-04 07:19:00,27.76,27.78,0.16
2020-08-04 07:20:00,27.76,27.81,0.16
2020-08-04 07:21:00,27.81,27.86,0.16
2020-08-04 07:22:00,27.86,27.90,0.16
2020-08-04 07:23:00,27.88,27.93,0.16
2020-08-04 07:24:00,27.88,27.93,0.16
2020-08-04 07:25:00,27.86,27.91,0.16
2020-08-04 07:26:00,27.88,27.91,0.16
2020-08-04 07:28:00,27.88,27.90,0.16
2020-08-04 07:29:00,27.86,27.88,0.16
2020-08-04 07:30:00,27.86,27.88,0.16
2020-08-04 07:31:00,27.88,27.91,0.16
2020-08-04 07:32:00,27.83,27.90,0.16
2020-08-04 07:33:00,27.81,27.85,0.16
2020-08-04 07:35:00,27.78,27.83,0.16
2020-08-04 07:36:00,27.78,27.81,0.16
2020-08-04 07:37:00,27.81,27.83,0.16
2020-08-04 07:38:00,27.83,27.85,0.16
2020-08-04 07:40:00,27.85,27.88,0.16
2020-08-04 07:44:00,27.88,27.90,0.16
2020-08-04 07:45:00,27.89,27.94,0.16
2020-08-04 07:46:00,27.94,27.97,0.16
2020-08-04 07:47:00,27.94,27.95,0.16
2020-08-04 07:48:00,27.94,27.97,0.16
2020-08-04 07:49:00,27.94,27.99,0.16
2020-08-04 07:50:00,27.97,27.99,0.16
2020-08-04 07:51:00,28.01,28.04,0.16
2020-08-04 07:52:00,27.99,28.04,0.16
2020-08-04 07:53:00,28.00,28.04,0.16
2020-08-04 07:54:00,28.04,28.04,0.16
2020-08-04 07:56:00,27.99,28.00,0.16
2020-08-04 07:57:00,27.99,28.00,0.16
2020-08-04 07:58:00,27.99,28.04,0.16
2020-08-04 08:02:00,27.99,28.01,0.16
2020-08-04 08:03:00,27.99,28.04,0.16
2020-08-04 08:04:00,28.04,28.07,0.16
2020-08-04 08:05:00,28.04,28.09,0.16
2020-08-04 08:06:00,28.04,28.09,0.16
2020-08-04 08:07:00,28.05,28.14,0.16
2020-08-04 08:08:00,28.09,28.14,0.16
2020-08-04 08:10:00,28.04,28.06,0.16
2020-08-04 08:11:00,28.04,28.09,0.16
2020-08-04 08:13:00,27.99,28.04,0.16
2020-08-04 08:14:00,27.99,28.04,0.16
2020-08-04 08:15:00,27.94,28.02,0.16
2020-08-04 08:16:00,27.94,28.00,0.16
2020-08-04 08:17:00,27.99,28.04,0.16
2020-08-04 08:18:00,27.99,28.04,0.16
2020-08-04 08:19:00,27.99,28.00,0.16
2020-08-04 08:20:00,27.99,28.00,0.16
2020-08-04 08:21:00,28.02,28.04,0.16
2020-08-04 08:22:00,27.99,28.05,0.16
2020-08-04 08:23:00,27.99,28.02,0.16
2020-08-04 08:24:00,27.99,28.04,0.16
2020-08-04 08:25:00,27.99,28.00,0.16
2020-08-04 08:26:00,27.94,27.97,0.16
2020-08-04 08:28:00,27.89,27.93,0.16
2020-08-04 08:29:00,27.89,27.91,0.16
2020-08-04 08:30:00,27.86,27.89,0.16
2020-08-04 08:31:00,27.86,27.91,0.16
2020-08-04 08:32:00,27.94,27.99,0.16
2020-08-04 08:33:00,27.96,28.04,0.16
2020-08-04 08:34:00,27.98,28.00,0.16
2020-08-04 08:35:00,27.99,28.04,0.16
2020-08-04 08:36:00,28.04,28.05,0.16
2020-08-04 08:38:00,27.99,28.03,0.16
2020-08-04 08:39:00,28.03,28.04,0.16
2020-08-04 08:41:00,27.99,28.03,0.16
2020-08-04 08:42:00,28.01,28.08,0.16
2020-08-04 08:43:00,28.06,28.09,0.16
2020-08-04 08:44:00,28.06,28.14,0.16
2020-08-04 08:45:00,28.06,28.10,0.16
2020-08-04 08:46:00,28.04,28.08,0.16
2020-08-04 08:47:00,28.04,28.06,0.16
2020-08-04 08:49:00,28.04,28.09,0.16
2020-08-04 08:50:00,28.04,28.08,0.16
2020-08-04 08:51:00,27.99,28.01,0.16
2020-08-04 08:53:00,27.99,28.01,0.16
2020-08-04 08:59:00,27.94,27.96,0.16
2020-08-04 09:00:00,27.96,27.99,0.16
2020-08-04 09:01:00,27.94,27.99,0.16
2020-08-04 09:02:00,27.94,27.98,0.16
2020-08-04 09:03:00,27.94,27.96,0.16
2020-08-04 09:06:00,27.89,27.94,0.16
2020-08-04 09:07:00,27.85,27.93,0.16
2020-08-04 09:08:00,27.87,27.89,0.16
2020-08-04 09:09:00,27.87,27.89,0.16
2020-08-04 09:10:00,27.87,27.89,0.16
2020-08-04 09:11:00,27.87,27.89,0.16
2020-08-04 09:12:00,27.88,27.89,0.16
2020-08-04 09:13:00,27.88,27.89,0.16
2020-08-04 09:14:00,27.84,27.87,0.16
2020-08-04 09:15:00,27.82,27.84,0.16
2020-08-04 09:16:00,27.82,27.82,0.16
2020-08-04 09:17:00,27.82,27.84,0.16
2020-08-04 09:19:00,27.84,27.89,0.16
2020-08-04 09:20:00,27.84,27.89,0.16
2020-08-04 09:21:00,27.84,27.89,0.16
2020-08-04 09:22:00,27.84,27.87,0.16
2020-08-04 09:24:00,27.84,27.89,0.16
2020-08-04 09:26:00,27.84,27.89,0.16
2020-08-04 09:27:00,27.84,27.88,0.16
2020-08-04 09:28:00,27.84,27.89,0.16
2020-08-04 09:29:00,27.87,27.89,0.16
2020-08-04 09:30:00,27.88,27.89,0.16
2020-08-04 09:31:00,27.85,27.87,0.16
2020-08-04 09:32:00,27.82,27.84,0.16
2020-08-04 09:33:00,27.79,27.82,0.16
2020-08-04 09:34:00,27.82,27.83,0.16
2020-08-04 09:35:00,27.82,27.83,0.16
2020-08-04 09:36:00,27.79,27.81,0.16
2020-08-04 09:37:00,27.79,27.81,0.16
2020-08-04 09:38:00,27.82,27.89,0.16
2020-08-04 09:39:00,27.89,27.94,0.16
2020-08-04 09:40:00,27.89,27.92,0.16
2020-08-04 09:44:00,27.86,27.89,0.16
2020-08-04 09:46:00,27.84,27.87,0.16
2020-08-04 09:47:00,27.81,27.84,0.16
2020-08-04 09:48:00,27.83,27.86,0.16
2020-08-04 09:49:00,27.84,27.89,0.16
2020-08-04 09:50:00,27.82,27.84,0.16
2020-08-04 09:51:00,27.82,27.87,0.16
2020-08-04 09:52:00,27.82,27.84,0.16
2020-08-04 09:53:00,27.83,27.84,0.16
2020-08-04 09:54:00,27.82,27.84,0.16
2020-08-04 10:00:00,27.82,27.82,0.16
2020-08-04 10:01:00,27.79,27.82,0.16
2020-08-04 10:02:00,27.79,27.84,0.16
2020-08-04 10:03:00,27.83,27.87,0.16
2020-08-04 10:04:00,27.87,27.89,0.16
2020-08-04 10:05:00,27.87,27.92,0.16
2020-08-04 10:06:00,27.87,27.89,0.16
2020-08-04 10:07:00,27.88,27.89,0.16
2020-08-04 10:12:00,27.93,27.94,0.16
2020-08-04 10:13:00,27.89,27.94,0.16
2020-08-04 10:15:00,27.97,27.99,0.16
2020-08-04 10:16:00,27.99,28.01,0.16
2020-08-04 10:17:00,27.95,28.00,0.16
2020-08-04 10:18:00,27.96,28.00,0.16
2020-08-04 10:19:00,27.93,27.96,0.16
2020-08-04 10:20:00,27.90,27.95,0.16
2020-08-04 10:21:00,27.91,27.93,0.16
2020-08-04 10:22:00,27.92,27.95,0.16
2020-08-04 10:24:00,27.92,27.95,0.16
2020-08-04 10:26:00,27.96,28.00,0.16
2020-08-04 10:27:00,27.96,27.97,0.16
2020-08-04 10:28:00,27.97,28.00,0.16
2020-08-04 10:29:00,28.01,28.05,0.16
2020-08-04 10:30:00,28.00,28.03,0.16
2020-08-04 10:31:00,28.00,28.01,0.16
2020-08-04 10:33:00,28.00,28.01,0.16
2020-08-04 10:34:00,28.02,28.05,0.16
2020-08-04 10:36:00,28.00,28.01,0.16
2020-08-04 10:39:00,28.01,28.05,0.16
2020-08-04 10:40:00,28.01,28.05,0.16
2020-08-04 10:41:00,28.00,28.05,0.16
2020-08-04 10:42:00,28.00,28.05,0.16
2020-08-04 10:46:00,28.00,28.03,0.16
2020-08-04 10:47:00,28.00,28.02,0.16
2020-08-04 10:48:00,28.00,28.01,0.16
2020-08-04 10:49:00,28.00,28.01,0.16
2020-08-04 10:50:00,28.00,28.01,0.16
2020-08-04 10:51:00,28.02,28.02,0.16
2020-08-04 10:52:00,27.97,28.02,0.16
2020-08-04 10:55:00,27.96,27.96,0.16
2020-08-04 10:56:00,27.94,27.96,0.16
2020-08-04 10:57:00,27.95,27.96,0.16
2020-08-04 10:58:00,27.92,27.94,0.16
2020-08-04 10:59:00,27.92,27.95,0.16
2020-08-04 11:00:00,27.90,27.94,0.16
2020-08-04 11:01:00,27.87,27.92,0.16
2020-08-04 11:02:00,27.91,27.95,0.16
2020-08-04 11:03:00,27.92,27.95,0.16
2020-08-04 11:08:00,27.90,27.92,0.16
2020-08-04 11:12:00,27.85,27.87,0.16
2020-08-04 11:15:00,27.90,27.95,0.16
2020-08-04 11:16:00,27.92,27.97,0.16
2020-08-04 11:17:00,27.92,27.96,0.16
2020-08-04 11:18:00,27.94,27.97,0.16
2020-08-04 11:19:00,27.95,27.95,0.16
2020-08-04 11:20:00,27.92,27.95,0.16
2020-08-04 11:21:00,27.94,27.95,0.16
2020-08-04 11:22:00,27.92,27.95,0.16
2020-08-04 11:23:00,27.92,27.95,0.16
2020-08-04 11:24:00,27.90,27.92,0.16
2020-08-04 11:30:00,27.95,27.95,0.16
2020-08-04 11:31:00,27.95,27.97,0.16
2020-08-04 11:34:00,27.96,27.97,0.16
2020-08-04 11:36:00,27.95,27.96,0.16
2020-08-04 11:37:00,27.96,27.97,0.16
2020-08-04 11:38:00,28.00,28.02,0.16
2020-08-04 11:39:00,28.02,28.02,0.16
2020-08-04 11:40:00,28.02,28.04,0.16
2020-08-04 11:41:00,28.00,28.01,0.16
2020-08-04 11:43:00,28.00,28.02,0.16
2020-08-04 11:50:00,28.00,28.06,0.16
2020-08-04 11:51:00,28.05,28.08,0.16
2020-08-04 11:52:00,28.03,28.06,0.16
2020-08-04 11:53:00,28.00,28.00,0.16
2020-08-04 11:57:00,28.00,28.01,0.16
2020-08-04 12:00:00,28.00,28.04,0.16
2020-08-04 12:01:00,28.03,28.04,0.16
2020-08-04 12:02:00,28.05,28.08,0.16
2020-08-04 12:03:00,28.05,28.06,0.16
2020-08-04 12:04:00,28.05,28.05,0.16
2020-08-04 12:05:00,28.03,28.05,0.16
2020-08-04 12:06:00,28.04,28.05,0.16
2020-08-04 12:09:00,28.03,28.05,0.16
2020-08-04 12:10:00,28.00,28.00,0.16
2020-08-04 12:14:00,28.02,28.03,0.16
2020-08-04 12:15:00,28.00,28.03,0.16
2020-08-04 12:20:00,28.00,28.03,0.16
2020-08-04 12:25:00,27.95,28.00,0.16
2020-08-04 12:26:00,28.00,28.00,0.16
2020-08-04 12:32:00,28.04,28.05,0.16
2020-08-04 12:33:00,28.00,28.03,0.16
2020-08-04 12:36:00,28.03,28.05,0.16
2020-08-04 12:37:00,28.05,28.09,0.16
2020-08-04 12:38:00,28.08,28.10,0.16
2020-08-04 12:39:00,28.05,28.08,0.16
2020-08-04 12:40:00,28.00,28.05,0.16
2020-08-04 12:43:00,27.98,28.02,0.16
2020-08-04 12:44:00,28.03,28.03,0.16
2020-08-04 12:45:00,28.00,28.03,0.16
2020-08-04 12:46:00,28.00,28.02,0.16
2020-08-04 12:47:00,28.00,28.05,0.16
2020-08-04 12:48:00,28.00,28.03,0.16
2020-08-04 12:49:00,28.01,28.01,0.16
2020-08-04 12:52:00,28.03,28.08,0.16
2020-08-04 12:53:00,28.08,28.13,0.16
2020-08-04 12:54:00,28.11,28.13,0.16
2020-08-04 12:55:00,28.09,28.13,0.16
2020-08-04 12:56:00,28.08,28.13,0.16
2020-08-04 12:57:00,28.08,28.09,0.16
2020-08-04 12:58:00,28.06,28.11,0.16
2020-08-04 12:59:00,28.08,28.11,0.16
2020-08-04 13:00:00,28.08,28.13,0.16
2020-08-04 13:01:00,28.04,28.08,0.16
2020-08-04 13:04:00,28.08,28.11,0.16
2020-08-04 13:13:00,28.09,28.11,0.16
2020-08-04 13:14:00,28.11,28.11,0.16
2020-08-04 13:16:00,28.11,28.13,0.16
2020-08-04 13:19:00,28.11,28.13,0.16
2020-08-04 13:20:00,28.11,28.11,0.16
2020-08-04 13:21:00,28.08,28.13,0.16
2020-08-04 13:22:00,28.09,28.11,0.16
2020-08-04 13:23:00,28.08,28.08,0.16
2020-08-04 13:24:00,28.04,28.08,0.16
2020-08-04 13:25:00,28.06,28.08,0.16
2020-08-04 13:26:00,28.06,28.06,0.16
2020-08-04 13:28:00,28.03,28.06,0.16
2020-08-04 13:29:00,28.06,28.08,0.16
2020-08-04 13:30:00,28.01,28.06,0.16
2020-08-04 13:31:00,27.98,28.06,0.16
2020-08-04 13:32:00,27.91,27.96,0.16
2020-08-04 13:33:00,27.86,27.91,0.16
2020-08-04 13:34:00,27.78,27.86,0.16
2020-08-04 13:35:00,27.78,27.86,0.16
2020-08-04 13:36:00,27.81,27.88,0.16
2020-08-04 13:37:00,27.86,27.91,0.16
2020-08-04 13:38:00,27.91,27.93,0.16
2020-08-04 13:39:00,27.86,27.93,0.16
2020-08-04 13:40:00,27.81,27.86,0.16
2020-08-04 13:41:00,27.76,27.86,0.16
2020-08-04 13:42:00,27.76,27.81,0.16
2020-08-04 13:43:00,27.68,27.76,0.16
2020-08-04 13:44:00,27.66,27.71,0.16
2020-08-04 13:45:00,27.63,27.68,0.16
2020-08-04 13:46:00,27.63,27.66,0.16
2020-08-04 13:47:00,27.61,27.63,0.16
2020-08-04 13:48:00,27.56,27.61,0.16
2020-08-04 13:49:00,27.56,27.59,0.16
2020-08-04 13:50:00,27.49,27.56,0.16
2020-08-04 13:51:00,27.49,27.54,0.16
2020-08-04 13:52:00,27.49,27.51,0.16
2020-08-04 13:53:00,27.54,27.54,0.16
2020-08-04 13:55:00,27.54,27.59,0.16
2020-08-04 13:56:00,27.54,27.59,0.16
2020-08-04 13:57:00,27.57,27.59,0.16
2020-08-04 13:58:00,27.54,27.56,0.16
2020-08-04 13:59:00,27.56,27.59,0.16
2020-08-04 14:00:00,27.51,27.59,0.16
2020-08-04 14:01:00,27.49,27.51,0.16
2020-08-04 14:02:00,27.41,27.46,0.16
2020-08-04 14:03:00,27.45,27.49,0.16
2020-08-04 14:04:00,27.46,27.49,0.16
2020-08-04 14:05:00,27.44,27.49,0.16
2020-08-04 14:06:00,27.44,27.49,0.16
2020-08-04 14:07:00,27.44,27.46,0.16
2020-08-04 14:08:00,27.40,27.44,0.16
2020-08-04 14:09:00,27.36,27.39,0.16
2020-08-04 14:10:00,27.36,27.41,0.16
2020-08-04 14:11:00,27.36,27.39,0.16
2020-08-04 14:12:00,27.35,27.39,0.16
2020-08-04 14:13:00,27.36,27.39,0.16
2020-08-04 14:14:00,27.36,27.39,0.16
2020-08-04 14:15:00,27.36,27.39,0.16
2020-08-04 14:16:00,27.30,27.35,0.16
2020-08-04 14:17:00,27.31,27.33,0.16
2020-08-04 14:18:00,27.31,27.36,0.16
2020-08-04 14:19:00,27.34,27.36,0.16
2020-08-04 14:20:00,27.31,27.39,0.16
2020-08-04 14:21:00,27.34,27.36,0.16
2020-08-04 14:23:00,27.29,27.34,0.16
2020-08-04 14:24:00,27.29,27.36,0.16
2020-08-04 14:25:00,27.34,27.36,0.16
2020-08-04 14:26:00,27.36,27.39,0.16
2020-08-04 14:27:00,27.36,27.39,0.16
2020-08-04 14:28:00,27.36,27.39,0.16
2020-08-04 14:29:00,27.39,27.44,0.16
2020-08-04 14:31:00,27.41,27.46,0.16
2020-08-04 14:32:00,27.41,27.46,0.16
2020-08-04 14:33:00,27.41,27.46,0.16
2020-08-04 14:34:00,27.39,27.46,0.16
2020-08-04 14:36:00,27.41,27.46,0.16
2020-08-04 14:37:00,27.41,27.45,0.16
2020-08-04 14:38:00,27.39,27.44,0.16
2020-08-04 14:39:00,27.43,27.44,0.16
2020-08-04 14:44:00,27.39,27.44,0.16
2020-08-04 14:45:00,27.40,27.44,0.16
2020-08-04 14:46:00,27.41,27.44,0.16
2020-08-04 14:47:00,27.39,27.41,0.16
2020-08-04 14:50:00,27.34,27.37,0.16
2020-08-04 14:51:00,27.34,27.35,0.16
2020-08-04 14:54:00,27.31,27.34,0.16
2020-08-04 14:55:00,27.34,27.39,0.16
2020-08-04 14:56:00,27.36,27.36,0.16
2020-08-04 14:57:00,27.34,27.39,0.16
2020-08-04 14:58:00,27.41,27.41,0.16
2020-08-04 14:59:00,27.39,27.44,0.16
2020-08-04 15:00:00,27.39,27.44,0.16
2020-08-04 15:01:00,27.39,27.44,0.16
2020-08-04 15:03:00,27.39,27.44,0.16
2020-08-04 15:04:00,27.39,27.44,0.16
2020-08-04 15:05:00,27.44,27.49,0.16
2020-08-04 15:06:00,27.45,27.49,0.16
2020-08-04 15:07:00,27.49,27.53,0.16
2020-08-04 15:08:00,27.49,27.53,0.16
2020-08-04 15:10:00,27.46,27.46,0.16
2020-08-04 15:11:00,27.39,27.48,0.16
2020-08-04 15:12:00,27.39,27.44,0.16
2020-08-04 15:13:00,27.39,27.42,0.16
2020-08-04 15:14:00,27.42,27.44,0.16
2020-08-04 15:15:00,27.43,27.44,0.16
2020-08-04 15:17:00,27.44,27.47,0.16
2020-08-04 15:19:00,27.42,27.42,0.16
2020-08-04 15:21:00,27.44,27.44,0.16
2020-08-04 15:22:00,27.45,27.49,0.16
2020-08-04 15:24:00,27.49,27.52,0.16
2020-08-04 15:25:00,27.44,27.49,0.16
2020-08-04 15:28:00,27.39,27.47,0.16
2020-08-04 15:29:00,27.40,27.44,0.16
2020-08-04 15:30:00,27.39,27.44,0.16
2020-08-04 15:31:00,27.42,27.42,0.16
2020-08-04 15:32:00,27.44,27.44,0.16
2020-08-04 15:34:00,27.39,27.42,0.16
2020-08-04 15:36:00,27.39,27.42,0.16
2020-08-04 15:37:00,27.39,27.42,0.16
2020-08-04 15:38:00,27.39,27.44,0.16
2020-08-04 15:40:00,27.39,27.42,0.16
2020-08-04 15:41:00,27.37,27.39,0.16
2020-08-04 15:42:00,27.37,27.42,0.16
2020-08-04 15:43:00,27.41,27.44,0.16
2020-08-04 15:44:00,27.47,27.47,0.16
2020-08-04 15:45:00,27.47,27.49,0.16
2020-08-04 15:46:00,27.47,27.49,0.16
2020-08-04 15:47:00,27.48,27.52,0.16
2020-08-04 15:48:00,27.47,27.49,0.16
2020-08-04 15:50:00,27.44,27.47,0.16
2020-08-04 15:51:00,27.44,27.47,0.16
2020-08-04 15:52:00,27.43,27.47,0.16
2020-08-04 15:53:00,27.44,27.47,0.16
2020-08-04 15:54:00,27.44,27.47,0.16
2020-08-04 15:56:00,27.47,27.52,0.16
2020-08-04 15:57:00,27.44,27.47,0.16
2020-08-04 15:59:00,27.47,27.49,0.16
2020-08-04 16:01:00,27.49,27.52,0.16
2020-08-04 16:02:00,27.47,27.52,0.16
2020-08-04 16:04:00,27.47,27.52,0.16
2020-08-04 16:05:00,27.47,27.52,0.16
2020-08-04 16:06:00,27.52,27.55,0.16
2020-08-04 16:07:00,27.52,27.57,0.16
2020-08-04 16:08:00,27.57,27.59,0.16
2020-08-04 16:09:00,27.57,27.62,0.16
2020-08-04 16:10:00,27.57,27.64,0.16
2020-08-04 16:11:00,27.62,27.64,0.16
2020-08-04 16:12:00,27.62,27.67,0.16
2020-08-04 16:13:00,27.62,27.67,0.16
2020-08-04 16:14:00,27.63,27.64,0.16
2020-08-04 16:15:00,27.64,27.67,0.16
2020-08-04 16:16:00,27.64,27.64,0.16
2020-08-04 16:17:00,27.63,27.67,0.16
2020-08-04 16:20:00,27.62,27.67,0.16
2020-08-04 16:21:00,27.60,27.62,0.16
2020-08-04 16:22:00,27.60,27.65,0.16
2020-08-04 16:23:00,27.60,27.62,0.16
2020-08-04 16:24:00,27.55,27.62,0.16
2020-08-04 16:25:00,27.55,27.60,0.16
2020-08-04 16:26:00,27.60,27.62,0.16
2020-08-04 16:27:00,27.57,27.60,0.16
2020-08-04 16:29:00,27.60,27.62,0.16
2020-08-04 16:32:00,27.62,27.62,0.16
2020-08-04 16:33:00,27.57,27.60,0.16
2020-08-04 16:34:00,27.55,27.57,0.16
2020-08-04 16:35:00,27.57,27.57,0.16
2020-08-04 16:36:00,27.57,27.60,0.16
2020-08-04 16:38:00,27.55,27.57,0.16
2020-08-04 16:39:00,27.55,27.57,0.16
2020-08-04 16:44:00,27.52,27.52,0.16
2020-08-04 16:49:00,27.52,27.55,0.16
2020-08-04 16:50:00,27.52,27.55,0.16
2020-08-04 16:51:00,27.55,27.55,0.16
2020-08-04 16:52:00,27.52,27.57,0.16
2020-08-04 16:53:00,27.55,27.57,0.16
2020-08-04 16:54:00,27.55,27.57,0.16
2020-08-04 16:55:00,27.55,27.59,0.16
2020-08-04 16:56:00,27.52,27.55,0.16
2020-08-04 16:57:00,27.52,27.55,0.16
2020-08-04 16:59:00,27.52,27.55,0.16
2020-08-04 17:00:00,27.55,27.55,0.16
2020-08-04 17:01:00,27.56,27.57,0.16
2020-08-04 17:02:00,27.57,27.62,0.16
2020-08-04 17:03:00,27.57,27.62,0.16
2020-08-04 17:05:00,27.57,27.62,0.16
2020-08-04 17:06:00,27.55,27.59,0.16
2020-08-04 17:08:00,27.57,27.62,0.16
2020-08-04 17:11:00,27.57,27.60,0.16
2020-08-04 17:12:00,27.57,27.62,0.16
2020-08-04 17:14:00,27.52,27.56,0.16
2020-08-04 17:15:00,27.55,27.57,0.16
2020-08-04 17:16:00,27.52,27.57,0.16
2020-08-04 17:17:00,27.52,27.55,0.16
2020-08-04 17:18:00,27.50,27.52,0.16
2020-08-04 17:19:00,27.50,27.52,0.16
2020-08-04 17:23:00,27.55,27.57,0.16
2020-08-04 17:24:00,27.55,27.57,0.16
2020-08-04 17:26:00,27.52,27.52,0.16
2020-08-04 17:28:00,27.55,27.55,0.16
2020-08-04 17:30:00,27.52,27.55,0.16
2020-08-04 17:32:00,27.50,27.52,0.16
2020-08-04 17:33:00,27.50,27.52,0.16
2020-08-04 17:34:00,27.50,27.52,0.16
2020-08-04 17:35:00,27.47,27.52,0.16
2020-08-04 17:37:00,27.45,27.46,0.16
2020-08-04 17:38:00,27.47,27.47,0.16
2020-08-04 17:41:00,27.50,27.52,0.16
2020-08-04 17:42:00,27.52,27.57,0.16
2020-08-04 17:43:00,27.52,27.54,0.16
2020-08-04 17:44:00,27.52,27.57,0.16
2020-08-04 17:45:00,27.52,27.57,0.16
2020-08-04 17:46:00,27.52,27.57,0.16
2020-08-04 17:47:00,27.55,27.57,0.16
2020-08-04 17:49:00,27.57,27.60,0.16
2020-08-04 17:50:00,27.55,27.57,0.16
2020-08-04 17:53:00,27.50,27.55,0.16
2020-08-04 17:54:00,27.50,27.53,0.16
2020-08-04 17:58:00,27.48,27.49,0.16
2020-08-04 17:59:00,27.48,27.50,0.16
2020-08-04 18:00:00,27.48,27.50,0.16
2020-08-04 18:01:00,27.45,27.48,0.16
2020-08-04 18:02:00,27.43,27.45,0.16
2020-08-04 18:03:00,27.45,27.48,0.16
2020-08-04 18:04:00,27.45,27.48,0.16
2020-08-04 18:05:00,27.45,27.48,0.16
2020-08-04 18:07:00,27.45,27.48,0.16
2020-08-04 18:08:00,27.48,27.50,0.16
2020-08-04 18:09:00,27.48,27.49,0.16
2020-08-04 18:10:00,27.45,27.46,0.16
2020-08-04 18:11:00,27.45,27.48,0.16
2020-08-04 18:12:00,27.45,27.48,0.16
2020-08-04 18:13:00,27.43,27.48,0.16
2020-08-04 18:15:00,27.40,27.41,0.16
2020-08-04 18:16:00,27.40,27.43,0.16
2020-08-04 18:17:00,27.43,27.45,0.16
2020-08-04 18:19:00,27.40,27.43,0.16
2020-08-04 18:20:00,27.39,27.43,0.16
2020-08-04 18:21:00,27.43,27.43,0.16
2020-08-04 18:22:00,27.40,27.43,0.16
2020-08-04 18:23:00,27.40,27.48,0.16
2020-08-04 18:24:00,27.48,27.50,0.16
2020-08-04 18:25:00,27.48,27.53,0.16
2020-08-04 18:26:00,27.48,27.49,0.16
2020-08-04 18:27:00,27.48,27.52,0.16
2020-08-04 18:28:00,27.53,27.58,0.16
2020-08-04 18:29:00,27.53,27.58,0.16
2020-08-04 18:30:00,27.58,27.63,0.16
2020-08-04 18:31:00,27.63,27.70,0.16
2020-08-04 18:32:00,27.65,27.70,0.16
2020-08-04 18:33:00,27.70,27.75,0.16
2020-08-04 18:34:00,27.73,27.80,0.16
2020-08-04 18:35:00,27.73,27.80,0.16
2020-08-04 18:36:00,27.75,27.80,0.16
2020-08-04 18:37:00,27.77,27.82,0.16
2020-08-04 18:38:00,27.75,27.80,0.16
2020-08-04 18:39:00,27.75,27.85,0.16
2020-08-04 18:40:00,27.80,27.85,0.16
2020-08-04 18:41:00,27.75,27.80,0.16
2020-08-04 18:42:00,27.75,27.80,0.16
2020-08-04 18:43:00,27.73,27.75,0.16
2020-08-04 18:44:00,27.70,27.73,0.16
2020-08-04 18:45:00,27.65,27.70,0.16
2020-08-04 18:46:00,27.65,27.70,0.16
2020-08-04 18:47:00,27.68,27.71,0.16
2020-08-04 18:50:00,27.66,27.70,0.16
2020-08-04 18:51:00,27.68,27.70,0.16
2020-08-04 18:52:00,27.65,27.68,0.16
2020-08-04 18:54:00,27.60,27.65,0.16
2020-08-04 18:55:00,27.58,27.64,0.16
2020-08-04 18:56:00,27.58,27.61,0.16
2020-08-04 18:57:00,27.59,27.63,0.16
2020-08-04 18:58:00,27.55,27.61,0.16
2020-08-04 18:59:00,27.53,27.55,0.16
2020-08-04 19:00:00,27.50,27.53,0.16
2020-08-04 19:01:00,27.50,27.53,0.16
2020-08-04 19:02:00,27.51,27.55,0.16
2020-08-04 19:03:00,27.55,27.59,0.16
2020-08-04 19:04:00,27.55,27.58,0.16
2020-08-04 19:05:00,27.55,27.57,0.16
2020-08-04 19:06:00,27.55,27.58,0.16
2020-08-04 19:07:00,27.55,27.59,0.16
2020-08-04 19:08:00,27.58,27.60,0.16
2020-08-04 19:09:00,27.55,27.60,0.16
2020-08-04 19:10:00,27.53,27.60,0.16
2020-08-04 19:11:00,27.60,27.63,0.16
2020-08-04 19:12:00,27.60,27.63,0.16
2020-08-04 19:13:00,27.55,27.58,0.16
2020-08-04 19:14:00,27.55,27.60,0.16
2020-08-04 19:15:00,27.55,27.60,0.16
2020-08-04 19:16:00,27.60,27.63,0.16
2020-08-04 19:17:00,27.58,27.63,0.16
2020-08-04 19:18:00,27.58,27.60,0.16
2020-08-04 19:19:00,27.55,27.59,0.16
2020-08-04 19:20:00,27.50,27.55,0.16
2020-08-04 19:21:00,27.55,27.58,0.16
2020-08-04 19:24:00,27.48,27.55,0.16
2020-08-04 19:25:00,27.45,27.50,0.16
2020-08-04 19:27:00,27.50,27.55,0.16
2020-08-04 19:28:00,27.50,27.53,0.16
2020-08-04 19:30:00,27.45,27.50,0.16
2020-08-04 19:31:00,27.50,27.58,0.16
2020-08-04 19:33:00,27.56,27.61,0.16
2020-08-04 19:34:00,27.53,27.56,0.16
2020-08-04 19:35:00,27.51,27.56,0.16
2020-08-04 19:36:00,27.53,27.56,0.16
2020-08-04 19:37:00,27.53,27.53,0.16
2020-08-04 19:38:00,27.48,27.51,0.16
2020-08-04 19:39:00,27.47,27.51,0.16
2020-08-04 19:40:00,27.48,27.51,0.16
2020-08-04 19:41:00,27.48,27.51,0.16
2020-08-04 19:42:00,27.48,27.51,0.16
2020-08-04 19:43:00,27.46,27.51,0.16
2020-08-04 19:44:00,27.43,27.46,0.16
2020-08-04 19:45:00,27.41,27.48,0.16
2020-08-04 19:46:00,27.41,27.41,0.16
2020-08-04 19:48:00,27.43,27.46,0.16
2020-08-04 19:49:00,27.41,27.43,0.16
2020-08-04 19:50:00,27.36,27.43,0.16
2020-08-04 19:51:00,27.36,27.43,0.16
2020-08-04 19:52:00,27.43,27.48,0.16
2020-08-04 19:53:00,27.33,27.39,0.16
2020-08-04 19:54:00,27.33,27.38,0.16
2020-08-04 19:55:00,27.33,27.36,0.16
2020-08-04 19:56:00,27.33,27.36,0.16
2020-08-04 19:57:00,27.34,27.36,0.16
2020-08-04 19:59:00,27.36,27.41,0.16
2020-08-04 20:00:00,27.31,27.36,0.16
2020-08-04 20:01:00,27.33,27.36,0.16
2020-08-04 20:03:00,27.41,27.41,0.16
2020-08-04 20:05:00,27.38,27.38,0.16
2020-08-04 20:06:00,27.38,27.40,0.16
2020-08-04 20:07:00,27.33,27.38,0.16
2020-08-04 20:11:00,27.28,27.28,0.16
2020-08-04 20:12:00,27.28,27.31,0.16
2020-08-04 20:13:00,27.23,27.28,0.16
2020-08-04 20:14:00,27.23,27.28,0.16
2020-08-04 20:31:00,27.26,27.28,0.16
2020-08-04 20:32:00,27.23,27.27,0.16
2020-08-04 20:33:00,27.26,27.28,0.16
2020-08-04 20:34:00,27.28,27.28,0.16
2020-08-04 20:36:00,27.26,27.28,0.16
2020-08-04 20:46:00,27.26,27.26,0.16
2020-08-04 20:48:00,27.28,27.28,0.16
2020-08-04 20:49:00,27.27,27.27,0.16
2020-08-04 20:50:00,27.23,27.26,0.16
2020-08-04 20:51:00,27.23,27.26,0.16
2020-08-04 20:52:00,27.23,27.25,0.16
2020-08-04 20:53:00,27.23,27.25,0.16
2020-08-04 20:54:00,27.23,27.26,0.16
2020-08-04 20:55:00,27.23,27.26,0.16
2020-08-04 20:56:00,27.25,27.28,0.16
2020-08-04 20:57:00,27.26,27.26,0.16
2020-08-04 20:58:00,27.23,27.25,0.16
2020-08-04 20:59:00,27.25,27.27,0.16
2020-08-04 22:00:00,27.20,27.27,0.22
2020-08-04 22:01:00,27.21,27.22,0.16
2020-08-04 22:05:00,27.20,27.21,0.16
2020-08-04 22:07:00,27.22,27.24,0.16
2020-08-04 22:31:00,27.24,27.25,0.16
2020-08-04 22:44:00,27.24,27.25,0.16
2020-08-04 22:46:00,27.22,27.23,0.16
2020-08-04 22:49:00,27.22,27.24,0.16
2020-08-04 22:51:00,27.23,27.24,0.16
2020-08-04 23:03:00,27.26,27.26,0.16
2020-08-04 23:04:00,27.24,27.24,0.16
2020-08-04 23:07:00,27.26,27.28,0.16
2020-08-04 23:08:00,27.27,27.27,0.16
2020-08-04 23:19:00,27.28,27.28,0.16
2020-08-04 23:20:00,27.27,27.27,0.16
2020-08-04 23:27:00,27.26,27.27,0.16
2020-08-04 23:33:00,27.26,27.26,0.16
2020-08-04 23:36:00,27.24,27.24,0.16
2020-08-04 23:40:00,27.26,27.26,0.16
2020-08-04 23:42:00,27.27,27.29,0.16
2020-08-04 23:46:00,27.29,27.29,0.16
2020-08-04 23:47:00,27.27,27.28,0.16
2020-08-04 23:49:00,27.28,27.29,0.16
2020-08-04 23:50:00,27.29,27.29,0.16
2020-08-04 23:54:00,27.30,27.30,0.16
2020-08-04 23:56:00,27.28,27.30,0.16
2020-08-05 00:00:00,27.27,27.31,0.16
2020-08-05 00:03:00,27.33,27.35,0.16
2020-08-05 00:04:00,27.35,27.37,0.16
2020-08-05 00:05:00,27.37,27.40,0.16
2020-08-05 00:06:00,27.40,27.42,0.16
2020-08-05 00:07:00,27.40,27.41,0.16
2020-08-05 00:08:00,27.40,27.42,0.16
2020-08-05 00:09:00,27.35,27.40,0.16
2020-08-05 00:10:00,27.37,27.42,0.16
2020-08-05 00:11:00,27.37,27.40,0.16
2020-08-05 00:12:00,27.38,27.40,0.16
2020-08-05 00:13:00,27.41,27.42,0.16
2020-08-05 00:14:00,27.37,27.42,0.16
2020-08-05 00:15:00,27.37,27.41,0.16
2020-08-05 00:16:00,27.37,27.38,0.16
2020-08-05 00:17:00,27.37,27.38,0.16
2020-08-05 00:18:00,27.37,27.38,0.16
2020-08-05 00:19:00,27.37,27.40,0.16
2020-08-05 00:21:00,27.41,27.42,0.16
2020-08-05 00:22:00,27.38,27.42,0.16
2020-08-05 00:23:00,27.37,27.40,0.16
2020-08-05 00:28:00,27.35,27.36,0.16
2020-08-05 00:29:00,27.33,27.35,0.16
2020-08-05 00:31:00,27.35,27.37,0.16
2020-08-05 00:32:00,27.35,27.37,0.16
2020-08-05 00:48:00,27.37,27.40,0.16
2020-08-05 00:49:00,27.37,27.39,0.16
2020-08-05 00:50:00,27.37,27.37,0.16
2020-08-05 00:51:00,27.39,27.39,0.16
2020-08-05 00:52:00,27.37,27.39,0.16
2020-08-05 00:53:00,27.39,27.40,0.16
2020-08-05 00:54:00,27.40,27.40,0.16
2020-08-05 00:55:00,27.40,27.42,0.16
2020-08-05 00:56:00,27.42,27.42,0.16
2020-08-05 00:57:00,27.42,27.43,0.16
2020-08-05 00:58:00,27.40,27.42,0.16
2020-08-05 00:59:00,27.37,27.42,0.16
2020-08-05 01:00:00,27.40,27.45,0.16
2020-08-05 01:01:00,27.40,27.42,0.16
2020-08-05 01:02:00,27.40,27.42,0.16
2020-08-05 01:03:00,27.39,27.41,0.16
2020-08-05 01:04:00,27.39,27.41,0.16
2020-08-05 01:05:00,27.40,27.42,0.16
2020-08-05 01:06:00,27.37,27.42,0.16
2020-08-05 01:07:00,27.37,27.40,0.16
2020-08-05 01:08:00,27.39,27.41,0.16
2020-08-05 01:10:00,27.39,27.41,0.16
2020-08-05 01:11:00,27.40,27.42,0.16
2020-08-05 01:12:00,27.40,27.42,0.16
2020-08-05 01:13:00,27.40,27.42,0.16
2020-08-05 01:15:00,27.40,27.42,0.16
2020-08-05 01:16:00,27.39,27.42,0.16
2020-08-05 01:17:00,27.39,27.42,0.16
2020-08-05 01:18:00,27.37,27.39,0.16
2020-08-05 01:20:00,27.39,27.39,0.16
2020-08-05 01:21:00,27.37,27.39,0.16
2020-08-05 01:22:00,27.39,27.39,0.16
2020-08-05 01:23:00,27.37,27.40,0.16
2020-08-05 01:24:00,27.37,27.37,0.16
2020-08-05 01:25:00,27.37,27.39,0.16
2020-08-05 01:30:00,27.37,27.39,0.16
2020-08-05 01:31:00,27.35,27.37,0.16
2020-08-05 01:32:00,27.39,27.39,0.16
2020-08-05 01:33:00,27.41,27.42,0.16
2020-08-05 01:38:00,27.42,27.47,0.16
2020-08-05 01:43:00,27.37,27.42,0.16
2020-08-05 01:44:00,27.37,27.40,0.16
2020-08-05 01:45:00,27.41,27.43,0.16
2020-08-05 01:46:00,27.43,27.45,0.16
2020-08-05 01:50:00,27.39,27.43,0.16
2020-08-05 01:51:00,27.39,27.43,0.16
2020-08-05 01:52:00,27.38,27.40,0.16
2020-08-05 01:53:00,27.39,27.40,0.16
2020-08-05 01:54:00,27.38,27.43,0.16
2020-08-05 01:55:00,27.41,27.43,0.16
2020-08-05 01:56:00,27.39,27.43,0.16
2020-08-05 01:57:00,27.38,27.38,0.16
2020-08-05 01:58:00,27.39,27.43,0.16
2020-08-05 01:59:00,27.40,27.43,0.16
2020-08-05 02:00:00,27.38,27.39,0.16
2020-08-05 02:01:00,27.39,27.40,0.16
2020-08-05 02:03:00,27.39,27.40,0.16
2020-08-05 02:04:00,27.38,27.39,0.16
2020-08-05 02:05:00,27.38,27.38,0.16
2020-08-05 02:06:00,27.35,27.38,0.16
2020-08-05 02:07:00,27.35,27.38,0.16
2020-08-05 02:08:00,27.35,27.35,0.16
2020-08-05 02:11:00,27.33,27.34,0.16
2020-08-05 02:14:00,27.35,27.35,0.16
2020-08-05 02:19:00,27.34,27.35,0.16
2020-08-05 02:22:00,27.34,27.34,0.16
2020-08-05 02:35:00,27.35,27.38,0.16
2020-08-05 02:36:00,27.36,27.38,0.16
2020-08-05 02:37:00,27.36,27.37,0.16
2020-08-05 02:39:00,27.32,27.34,0.16
2020-08-05 02:40:00,27.31,27.34,0.16
2020-08-05 02:41:00,27.31,27.33,0.16
2020-08-05 02:42:00,27.31,27.32,0.16
2020-08-05 02:46:00,27.26,27.31,0.16
2020-08-05 02:48:00,27.29,27.31,0.16
2020-08-05 02:53:00,27.29,27.31,0.16
2020-08-05 02:54:00,27.29,27.31,0.16
2020-08-05 02:55:00,27.28,27.31,0.16
2020-08-05 02:56:00,27.30,27.31,0.16
2020-08-05 03:20:00,27.27,27.29,0.16
2020-08-05 03:22:00,27.31,27.31,0.16
2020-08-05 03:29:00,27.29,27.31,0.16
2020-08-05 03:30:00,27.26,27.30,0.16
2020-08-05 03:31:00,27.21,27.26,0.16
2020-08-05 03:33:00,27.24,27.26,0.16
2020-08-05 03:34:00,27.24,27.26,0.16
2020-08-05 03:35:00,27.24,27.26,0.16
2020-08-05 03:47:00,27.25,27.26,0.16
2020-08-05 04:43:00,27.25,27.26,0.16
2020-08-05 04:48:00,27.21,27.25,0.16
2020-08-05 04:50:00,27.23,27.24,0.16
2020-08-05 04:53:00,27.24,27.25,0.16
2020-08-05 04:55:00,27.26,27.26,0.16
2020-08-05 04:56:00,27.29,27.29,0.16
2020-08-05 04:57:00,27.26,27.29,0.16
2020-08-05 04:58:00,27.28,27.28,0.16
2020-08-05 04:59:00,27.26,27.29,0.16
2020-08-05 05:00:00,27.28,27.29,0.16
2020-08-05 05:01:00,27.26,27.29,0.16
2020-08-05 05:05:00,27.26,27.29,0.16
2020-08-05 05:07:00,27.25,27.25,0.16
2020-08-05 05:08:00,27.23,27.24,0.16
2020-08-05 05:10:00,27.23,27.24,0.16
2020-08-05 05:11:00,27.22,27.22,0.16
2020-08-05 05:12:00,27.22,27.24,0.16
2020-08-05 05:13:00,27.23,27.24,0.16
2020-08-05 05:14:00,27.24,27.24,0.16
2020-08-05 05:15:00,27.22,27.23,0.16
2020-08-05 05:16:00,27.22,27.22,0.16
2020-08-05 05:17:00,27.22,27.23,0.16
2020-08-05 05:18:00,27.22,27.22,0.16
2020-08-05 05:28:00,27.19,27.20,0.16
2020-08-05 05:29:00,27.22,27.22,0.16
2020-08-05 05:30:00,27.20,27.20,0.16
2020-08-05 05:31:00,27.22,27.22,0.16
2020-08-05 05:32:00,27.22,27.24,0.16
2020-08-05 05:39:00,27.19,27.19,0.16
2020-08-05 05:41:00,27.17,27.17,0.16
2020-08-05 05:44:00,27.12,27.13,0.16
2020-08-05 05:54:00,27.13,27.13,0.16
2020-08-05 05:56:00,27.12,27.12,0.16
2020-08-05 05:57:00,27.13,27.13,0.16
2020-08-05 05:59:00,27.12,27.17,0.16
2020-08-05 06:00:00,27.15,27.17,0.16
2020-08-05 06:01:00,27.15,27.17,0.16
2020-08-05 06:02:00,27.15,27.16,0.16
2020-08-05 06:03:00,27.15,27.17,0.16
2020-08-05 06:04:00,27.12,27.15,0.16
2020-08-05 06:05:00,27.10,27.11,0.16
2020-08-05 06:06:00,27.08,27.08,0.16
2020-08-05 06:07:00,27.08,27.10,0.16
2020-08-05 06:08:00,27.08,27.10,0.16
2020-08-05 06:09:00,27.07,27.10,0.16
2020-08-05 06:13:00,27.07,27.12,0.16
2020-08-05 06:22:00,27.02,27.04,0.16
2020-08-05 06:26:00,27.02,27.03,0.16
2020-08-05 06:31:00,26.97,26.97,0.16
2020-08-05 06:35:00,26.97,26.98,0.16
2020-08-05 06:36:00,26.97,26.98,0.16
2020-08-05 06:37:00,26.98,27.02,0.16
2020-08-05 06:39:00,26.97,27.01,0.16
2020-08-05 06:40:00,26.98,27.00,0.16
2020-08-05 06:41:00,27.01,27.02,0.16
2020-08-05 06:43:00,26.97,27.00,0.16
2020-08-05 06:44:00,26.98,27.01,0.16
2020-08-05 06:45:00,26.97,27.01,0.16
2020-08-05 06:47:00,26.96,26.97,0.16
2020-08-05 06:48:00,26.93,26.94,0.16
2020-08-05 06:50:00,26.97,26.97,0.16
2020-08-05 06:52:00,26.92,26.97,0.16
2020-08-05 06:53:00,26.92,26.96,0.16
2020-08-05 06:54:00,26.94,26.96,0.16
2020-08-05 06:55:00,26.97,26.97,0.16
2020-08-05 07:00:00,26.92,26.97,0.16
2020-08-05 07:01:00,26.92,26.97,0.16
2020-08-05 07:02:00,26.93,26.97,0.16
2020-08-05 07:03:00,26.96,26.97,0.16
2020-08-05 07:05:00,26.95,26.96,0.16
2020-08-05 07:06:00,26.92,26.97,0.16
2020-08-05 07:07:00,26.97,27.00,0.16
2020-08-05 07:08:00,27.01,27.02,0.16
2020-08-05 07:09:00,27.00,27.00,0.16
2020-08-05 07:10:00,26.95,26.97,0.16
2020-08-05 07:11:00,26.90,26.95,0.16
2020-08-05 07:14:00,27.00,27.00,0.16
2020-08-05 07:20:00,26.95,26.97,0.16
2020-08-05 07:23:00,26.93,26.95,0.16
2020-08-05 07:24:00,26.95,26.95,0.16
2020-08-05 07:31:00,26.94,26.95,0.16
2020-08-05 07:32:00,26.93,26.94,0.16
2020-08-05 07:33:00,26.93,26.95,0.16
2020-08-05 07:34:00,26.88,26.94,0.16
2020-08-05 07:35:00,26.88,26.89,0.16
2020-08-05 07:37:00,26.90,26.93,0.16
2020-08-05 07:39:00,26.88,26.88,0.16
2020-08-05 07:40:00,26.89,26.92,0.16
2020-08-05 07:41:00,26.88,26.90,0.16
2020-08-05 07:42:00,26.88,26.90,0.16
2020-08-05 07:43:00,26.90,26.92,0.16
2020-08-05 07:45:00,26.85,26.90,0.16
2020-08-05 07:46:00,26.87,26.90,0.16
2020-08-05 07:48:00,26.85,26.88,0.16
2020-08-05 07:51:00,26.85,26.87,0.16
2020-08-05 07:54:00,26.85,26.87,0.16
2020-08-05 07:55:00,26.85,26.87,0.16
2020-08-05 07:56:00,26.84,26.88,0.16
2020-08-05 07:57:00,26.84,26.85,0.16
2020-08-05 08:00:00,26.87,26.88,0.16
2020-08-05 08:01:00,26.88,26.90,0.16
2020-08-05 08:02:00,26.88,26.93,0.16
2020-08-05 08:03:00,26.88,26.90,0.16
2020-08-05 08:04:00,26.89,26.90,0.16
2020-08-05 08:05:00,26.88,26.90,0.16
2020-08-05 08:06:00,26.88,26.92,0.16
2020-08-05 08:07:00,26.90,26.92,0.16
2020-08-05 08:08:00,26.90,26.92,0.16
2020-08-05 08:09:00,26.90,26.92,0.16
2020-08-05 08:11:00,26.88,26.89,0.16
2020-08-05 08:12:00,26.88,26.90,0.16
2020-08-05 08:13:00,26.89,26.90,0.16
2020-08-05 08:18:00,26.90,26.92,0.16
2020-08-05 08:19:00,26.92,26.95,0.16
2020-08-05 08:22:00,26.95,27.03,0.16
2020-08-05 08:23:00,27.00,27.03,0.16
2020-08-05 08:24:00,27.00,27.04,0.16
2020-08-05 08:25:00,27.00,27.05,0.16
2020-08-05 08:26:00,27.00,27.00,0.16
2020-08-05 08:27:00,27.03,27.03,0.16
2020-08-05 08:28:00,27.03,27.04,0.16
2020-08-05 08:29:00,27.02,27.03,0.16
2020-08-05 08:31:00,27.05,27.08,0.16
2020-08-05 08:32:00,27.06,27.07,0.16
2020-08-05 08:33:00,27.07,27.08,0.16
2020-08-05 08:34:00,27.06,27.08,0.16
2020-08-05 08:35:00,27.06,27.08,0.16
2020-08-05 08:36:00,27.06,27.07,0.16
2020-08-05 08:37:00,27.03,27.06,0.16
2020-08-05 08:39:00,27.02,27.03,0.16
2020-08-05 08:40:00,26.96,27.01,0.16
2020-08-05 08:43:00,26.93,26.98,0.16
2020-08-05 08:44:00,26.93,26.96,0.16
2020-08-05 08:45:00,26.91,26.96,0.16
2020-08-05 08:49:00,26.86,26.88,0.16
2020-08-05 08:57:00,26.86,26.88,0.16
2020-08-05 09:06:00,26.84,26.84,0.16
2020-08-05 09:08:00,26.82,26.84,0.16
2020-08-05 09:15:00,26.79,26.84,0.16
2020-08-05 09:21:00,26.85,26.89,0.16
2020-08-05 09:22:00,26.84,26.84,0.16
2020-08-05 09:23:00,26.84,26.86,0.16
2020-08-05 09:24:00,26.86,26.91,0.16
2020-08-05 09:25:00,26.87,26.89,0.16
2020-08-05 09:26:00,26.84,26.87,0.16
2020-08-05 09:27:00,26.84,26.86,0.16
2020-08-05 09:28:00,26.85,26.86,0.16
2020-08-05 09:29:00,26.84,26.86,0.16
2020-08-05 09:30:00,26.84,26.91,0.16
2020-08-05 09:32:00,26.89,26.91,0.16
2020-08-05 09:35:00,26.86,26.91,0.16
2020-08-05 09:36:00,26.86,26.91,0.16
2020-08-05 09:37:00,26.89,26.91,0.16
2020-08-05 09:38:00,26.86,26.91,0.16
2020-08-05 09:39:00,26.86,26.86,0.16
2020-08-05 09:42:00,26.86,26.89,0.16
2020-08-05 09:45:00,26.84,26.85,0.16
2020-08-05 09:46:00,26.84,26.86,0.16
2020-08-05 09:47:00,26.84,26.85,0.16
2020-08-05 09:48:00,26.84,26.86,0.16
2020-08-05 09:52:00,26.84,26.86,0.16
2020-08-05 09:53:00,26.84,26.86,0.16
2020-08-05 09:58:00,26.81,26.82,0.16
2020-08-05 09:59:00,26.84,26.84,0.16
2020-08-05 10:01:00,26.79,26.83,0.16
2020-08-05 10:02:00,26.80,26.84,0.16
2020-08-05 10:03:00,26.80,26.80,0.16
2020-08-05 10:04:00,26.82,26.84,0.16
2020-08-05 10:06:00,26.82,26.85,0.16
2020-08-05 10:09:00,26.85,26.89,0.16
2020-08-05 10:10:00,26.84,26.84,0.16
2020-08-05 10:16:00,26.80,26.84,0.16
2020-08-05 10:18:00,26.84,26.85,0.16
2020-08-05 10:19:00,26.84,26.86,0.16
2020-08-05 10:22:00,26.82,26.82,0.16
2020-08-05 10:24:00,26.82,26.84,0.16
2020-08-05 10:29:00,26.82,26.84,0.16
2020-08-05 10:39:00,26.82,26.84,0.16
2020-08-05 10:40:00,26.82,26.82,0.16
2020-08-05 10:44:00,26.84,26.84,0.16
2020-08-05 10:45:00,26.82,26.84,0.16
2020-08-05 10:48:00,26.84,26.86,0.16
2020-08-05 10:49:00,26.84,26.86,0.16
2020-08-05 10:50:00,26.84,26.86,0.16
2020-08-05 10:51:00,26.87,26.89,0.16
2020-08-05 10:52:00,26.86,26.89,0.16
2020-08-05 10:53:00,26.84,26.84,0.16
2020-08-05 10:55:00,26.82,26.84,0.16
2020-08-05 10:56:00,26.83,26.84,0.16
2020-08-05 10:59:00,26.83,26.84,0.16
2020-08-05 11:00:00,26.84,26.86,0.16
2020-08-05 11:01:00,26.89,26.89,0.16
2020-08-05 11:02:00,26.86,26.88,0.16
2020-08-05 11:03:00,26.87,26.89,0.16
2020-08-05 11:06:00,26.84,26.87,0.16
2020-08-05 11:19:00,26.84,26.85,0.16
2020-08-05 11:20:00,26.87,26.89,0.16
2020-08-05 11:22:00,26.88,26.89,0.16
2020-08-05 11:23:00,26.88,26.89,0.16
2020-08-05 11:32:00,26.86,26.88,0.16
2020-08-05 11:33:00,26.84,26.88,0.16
2020-08-05 11:34:00,26.84,26.84,0.16
2020-08-05 11:38:00,26.85,26.85,0.16
2020-08-05 11:43:00,26.83,26.85,0.16
2020-08-05 11:49:00,26.85,26.90,0.16
2020-08-05 11:50:00,26.86,26.90,0.16
2020-08-05 11:51:00,26.85,26.87,0.16
2020-08-05 11:53:00,26.82,26.85,0.16
2020-08-05 11:55:00,26.87,26.90,0.16
2020-08-05 11:56:00,26.85,26.90,0.16
2020-08-05 12:00:00,26.86,26.86,0.16
2020-08-05 12:01:00,26.85,26.90,0.16
2020-08-05 12:02:00,26.88,26.90,0.16
2020-08-05 12:05:00,26.88,26.90,0.16
2020-08-05 12:06:00,26.88,26.90,0.16
2020-08-05 12:14:00,26.89,26.90,0.16
2020-08-05 12:15:00,26.90,26.98,0.16
2020-08-05 12:16:00,26.95,27.02,0.16
2020-08-05 12:17:00,27.02,27.07,0.16
2020-08-05 12:18:00,27.02,27.05,0.16
2020-08-05 12:19:00,27.00,27.02,0.16
2020-08-05 12:20:00,26.97,27.00,0.16
2020-08-05 12:21:00,26.92,26.96,0.16
2020-08-05 12:22:00,26.92,26.96,0.16
2020-08-05 12:24:00,26.92,26.93,0.16
2020-08-05 12:30:00,26.90,26.92,0.16
2020-08-05 12:32:00,26.91,26.92,0.16
2020-08-05 12:35:00,26.90,26.92,0.16
2020-08-05 12:36:00,26.90,26.92,0.16
2020-08-05 12:37:00,26.90,26.92,0.16
2020-08-05 12:38:00,26.90,26.91,0.16
2020-08-05 12:41:00,26.86,26.90,0.16
2020-08-05 12:44:00,26.91,26.95,0.16
2020-08-05 12:45:00,26.90,26.95,0.16
2020-08-05 12:47:00,26.95,26.97,0.16
2020-08-05 12:48:00,27.00,27.00,0.16
2020-08-05 12:50:00,26.97,26.99,0.16
2020-08-05 12:51:00,27.00,27.02,0.16
2020-08-05 12:52:00,27.00,27.02,0.16
2020-08-05 13:00:00,27.02,27.04,0.16
2020-08-05 13:01:00,26.99,27.02,0.16
2020-08-05 13:02:00,26.94,27.01,0.16
2020-08-05 13:04:00,26.95,26.95,0.16
2020-08-05 13:05:00,26.93,26.95,0.16
2020-08-05 13:06:00,26.90,26.92,0.16
2020-08-05 13:09:00,26.87,26.91,0.16
2020-08-05 13:11:00,26.85,26.87,0.16
2020-08-05 13:13:00,26.87,26.88,0.16
2020-08-05 13:14:00,26.87,26.92,0.16
2020-08-05 13:15:00,26.90,26.92,0.16
2020-08-05 13:16:00,26.90,26.93,0.16
2020-08-05 13:17:00,26.90,26.92,0.16
2020-08-05 13:18:00,26.90,26.92,0.16
2020-08-05 13:19:00,26.90,26.90,0.16
2020-08-05 13:21:00,26.91,26.91,0.16
2020-08-05 13:22:00,26.92,26.95,0.16
2020-08-05 13:25:00,26.95,27.00,0.16
2020-08-05 13:26:00,26.95,26.96,0.16
2020-08-05 13:27:00,26.95,26.97,0.16
2020-08-05 13:28:00,26.95,26.97,0.16
2020-08-05 13:29:00,26.96,27.00,0.16
2020-08-05 13:30:00,27.00,27.07,0.16
2020-08-05 13:31:00,27.02,27.07,0.16
2020-08-05 13:32:00,27.05,27.10,0.16
2020-08-05 13:33:00,27.05,27.10,0.16
2020-08-05 13:34:00,27.06,27.10,0.16
2020-08-05 13:35:00,27.02,27.10,0.16
2020-08-05 13:36:00,26.97,27.02,0.16
2020-08-05 13:37:00,26.97,27.02,0.16
2020-08-05 13:38:00,27.02,27.08,0.16
2020-08-05 13:39:00,27.03,27.08,0.16
2020-08-05 13:40:00,27.03,27.08,0.16
2020-08-05 13:41:00,27.03,27.08,0.16
2020-08-05 13:42:00,27.03,27.08,0.16
2020-08-05 13:43:00,27.00,27.03,0.16
2020-08-05 13:44:00,27.04,27.08,0.16
2020-08-05 13:45:00,27.04,27.08,0.16
2020-08-05 13:46:00,27.05,27.10,0.16
2020-08-05 13:47:00,27.08,27.10,0.16
2020-08-05 13:48:00,27.08,27.10,0.16
2020-08-05 13:49:00,27.05,27.10,0.16
2020-08-05 13:50:00,27.03,27.08,0.16
2020-08-05 13:51:00,27.05,27.08,0.16
2020-08-05 13:52:00,27.06,27.10,0.16
2020-08-05 13:53:00,27.08,27.10,0.16
2020-08-05 13:54:00,27.08,27.10,0.16
2020-08-05 13:55:00,27.03,27.08,0.16
2020-08-05 13:56:00,27.08,27.10,0.16
2020-08-05 13:57:00,27.08,27.13,0.16
2020-08-05 13:58:00,27.08,27.13,0.16
2020-08-05 13:59:00,27.09,27.13,0.16
2020-08-05 14:00:00,27.03,27.08,0.16
2020-08-05 14:01:00,27.05,27.08,0.16
2020-08-05 14:02:00,27.03,27.08,0.16
2020-08-05 14:03:00,27.00,27.08,0.16
2020-08-05 14:04:00,27.00,27.08,0.16
2020-08-05 14:05:00,26.95,27.00,0.16
2020-08-05 14:06:00,26.98,27.00,0.16
2020-08-05 14:07:00,26.98,27.00,0.16
2020-08-05 14:10:00,27.01,27.01,0.16
2020-08-05 14:11:00,26.96,26.98,0.16
2020-08-05 14:12:00,26.93,26.98,0.16
2020-08-05 14:13:00,26.94,26.98,0.16
2020-08-05 14:14:00,26.93,26.96,0.16
2020-08-05 14:15:00,26.93,26.97,0.16
2020-08-05 14:20:00,26.96,26.96,0.16
2020-08-05 14:21:00,26.93,26.94,0.16
2020-08-05 14:22:00,26.88,26.91,0.16
2020-08-05 14:23:00,26.88,26.91,0.16
2020-08-05 14:24:00,26.88,26.91,0.16
2020-08-05 14:25:00,26.88,26.88,0.16
2020-08-05 14:26:00,26.88,26.91,0.16
2020-08-05 14:29:00,26.88,26.90,0.16
2020-08-05 14:30:00,26.90,26.91,0.16
2020-08-05 14:32:00,26.93,26.96,0.16
2020-08-05 14:33:00,26.93,26.96,0.16
2020-08-05 14:35:00,26.93,26.97,0.16
2020-08-05 14:36:00,26.88,26.93,0.16
2020-08-05 14:37:00,26.88,26.93,0.16
2020-08-05 14:38:00,26.93,26.96,0.16
2020-08-05 14:41:00,26.94,26.94,0.16
2020-08-05 14:42:00,26.94,26.96,0.16
2020-08-05 14:43:00,26.91,27.08,0.16
2020-08-05 14:44:00,27.06,27.11,0.16
2020-08-05 14:45:00,27.08,27.16,0.16
2020-08-05 14:47:00,27.16,27.18,0.16
2020-08-05 14:48:00,27.16,27.18,0.16
2020-08-05 14:49:00,27.11,27.21,0.16
2020-08-05 14:50:00,27.11,27.16,0.16
2020-08-05 14:51:00,27.11,27.14,0.16
2020-08-05 14:52:00,27.09,27.11,0.16
2020-08-05 14:54:00,27.11,27.16,0.16
2020-08-05 14:55:00,27.14,27.21,0.16
2020-08-05 14:56:00,27.16,27.21,0.16
2020-08-05 14:57:00,27.16,27.19,0.16
2020-08-05 14:58:00,27.19,27.21,0.16
2020-08-05 14:59:00,27.16,27.19,0.16
2020-08-05 15:00:00,27.14,27.19,0.16
2020-08-05 15:01:00,27.14,27.16,0.16
2020-08-05 15:03:00,27.14,27.16,0.16
2020-08-05 15:04:00,27.09,27.14,0.16
2020-08-05 15:05:00,27.10,27.14,0.16
2020-08-05 15:06:00,27.09,27.14,0.16
2020-08-05 15:07:00,27.16,27.16,0.16
2020-08-05 15:08:00,27.19,27.19,0.16
2020-08-05 15:09:00,27.15,27.19,0.16
2020-08-05 15:10:00,27.14,27.16,0.16
2020-08-05 15:11:00,27.16,27.19,0.16
2020-08-05 15:12:00,27.17,27.21,0.16
2020-08-05 15:14:00,27.19,27.21,0.16
2020-08-05 15:15:00,27.16,27.19,0.16
2020-08-05 15:16:00,27.16,27.19,0.16
2020-08-05 15:17:00,27.19,27.19,0.16
2020-08-05 15:18:00,27.21,27.21,0.16
2020-08-05 15:19:00,27.21,27.24,0.16
2020-08-05 15:20:00,27.19,27.24,0.16
2020-08-05 15:21:00,27.19,27.21,0.16
2020-08-05 15:22:00,27.19,27.19,0.16
2020-08-05 15:24:00,27.19,27.21,0.16
2020-08-05 15:25:00,27.21,27.21,0.16
2020-08-05 15:27:00,27.21,27.22,0.16
2020-08-05 15:28:00,27.21,27.22,0.16
2020-08-05 15:29:00,27.21,27.24,0.16
2020-08-05 15:30:00,27.24,27.26,0.16
2020-08-05 15:31:00,27.25,27.26,0.16
2020-08-05 15:33:00,27.21,27.26,0.16
2020-08-05 15:34:00,27.21,27.24,0.16
2020-08-05 15:36:00,27.21,27.26,0.16
2020-08-05 15:37:00,27.21,27.26,0.16
2020-08-05 15:38:00,27.24,27.24,0.16
2020-08-05 15:39:00,27.21,27.24,0.16
2020-08-05 15:40:00,27.21,27.26,0.16
2020-08-05 15:41:00,27.21,27.26,0.16
2020-08-05 15:42:00,27.26,27.31,0.16
2020-08-05 15:43:00,27.30,27.33,0.16
2020-08-05 15:44:00,27.31,27.31,0.16
2020-08-05 15:45:00,27.26,27.29,0.16
2020-08-05 15:46:00,27.26,27.31,0.16
2020-08-05 15:50:00,27.29,27.31,0.16
2020-08-05 15:51:00,27.31,27.32,0.16
2020-08-05 15:52:00,27.31,27.36,0.16
2020-08-05 15:58:00,27.31,27.34,0.16
2020-08-05 15:59:00,27.34,27.36,0.16
2020-08-05 16:00:00,27.34,27.36,0.16
2020-08-05 16:02:00,27.31,27.34,0.16
2020-08-05 16:04:00,27.31,27.34,0.16
2020-08-05 16:05:00,27.29,27.30,0.16
2020-08-05 16:06:00,27.29,27.34,0.16
2020-08-05 16:07:00,27.31,27.34,0.16
2020-08-05 16:08:00,27.31,27.34,0.16
2020-08-05 16:09:00,27.26,27.29,0.16
2020-08-05 16:10:00,27.21,27.23,0.16
2020-08-05 16:11:00,27.23,27.26,0.16
2020-08-05 16:13:00,27.21,27.26,0.16
2020-08-05 16:23:00,27.21,27.26,0.16
2020-08-05 16:25:00,27.26,27.29,0.16
2020-08-05 16:26:00,27.24,27.27,0.16
2020-08-05 16:31:00,27.16,27.21,0.16
2020-08-05 16:32:00,27.16,27.18,0.16
2020-08-05 16:34:00,27.11,27.14,0.16
2020-08-05 16:35:00,27.11,27.15,0.16
2020-08-05 16:39:00,27.06,27.09,0.16
2020-08-05 16:42:00,27.04,27.07,0.16
2020-08-05 16:43:00,27.07,27.09,0.16
2020-08-05 16:44:00,27.09,27.09,0.16
2020-08-05 16:45:00,27.07,27.07,0.16
2020-08-05 16:46:00,27.02,27.04,0.16
2020-08-05 16:47:00,27.02,27.04,0.16
2020-08-05 16:49:00,27.02,27.04,0.16
2020-08-05 16:50:00,27.02,27.07,0.16
2020-08-05 16:51:00,27.04,27.05,0.16
2020-08-05 16:52:00,27.02,27.04,0.16
2020-08-05 16:54:00,27.04,27.07,0.16
2020-08-05 16:55:00,27.04,27.07,0.16
2020-08-05 16:56:00,27.04,27.07,0.16
2020-08-05 16:57:00,27.04,27.07,0.16
2020-08-05 16:58:00,27.07,27.07,0.16
2020-08-05 16:59:00,27.04,27.07,0.16
2020-08-05 17:00:00,27.04,27.07,0.16
2020-08-05 17:03:00,27.07,27.08,0.16
2020-08-05 17:04:00,27.07,27.08,0.16
2020-08-05 17:05:00,27.07,27.09,0.16
2020-08-05 17:07:00,27.07,27.09,0.16
2020-08-05 17:08:00,27.07,27.09,0.16
2020-08-05 17:11:00,27.05,27.07,0.16
2020-08-05 17:12:00,27.06,27.07,0.16
2020-08-05 17:13:00,27.05,27.06,0.16
2020-08-05 17:19:00,27.00,27.02,0.16
2020-08-05 17:20:00,27.05,27.05,0.16
2020-08-05 17:21:00,27.00,27.05,0.16
2020-08-05 17:23:00,27.02,27.05,0.16
2020-08-05 17:24:00,27.00,27.02,0.16
2020-08-05 17:29:00,27.00,27.05,0.16
2020-08-05 17:30:00,27.00,27.05,0.16
2020-08-05 17:31:00,27.00,27.02,0.16
2020-08-05 17:32:00,27.00,27.01,0.16
2020-08-05 17:35:00,27.00,27.05,0.16
2020-08-05 17:38:00,27.00,27.02,0.16
2020-08-05 17:39:00,27.00,27.03,0.16
2020-08-05 17:43:00,27.01,27.05,0.16
2020-08-05 17:44:00,27.03,27.05,0.16
2020-08-05 17:45:00,27.00,27.05,0.16
2020-08-05 17:48:00,27.00,27.05,0.16
2020-08-05 17:56:00,26.95,26.95,0.16
2020-08-05 17:58:00,26.93,26.93,0.16
2020-08-05 17:59:00,26.93,26.95,0.16
2020-08-05 18:00:00,26.90,26.93,0.16
2020-08-05 18:04:00,26.95,26.95,0.16
2020-08-05 18:06:00,26.93,26.95,0.16
2020-08-05 18:07:00,26.93,26.95,0.16
2020-08-05 18:13:00,26.93,26.95,0.16
2020-08-05 18:14:00,26.98,26.98,0.16
2020-08-05 18:22:00,26.94,26.98,0.16
2020-08-05 18:24:00,26.95,26.98,0.16
2020-08-05 18:25:00,26.93,26.95,0.16
2020-08-05 18:26:00,26.93,26.93,0.16
2020-08-05 18:33:00,26.88,26.90,0.16
2020-08-05 18:41:00,26.85,26.87,0.16
2020-08-05 18:42:00,26.83,26.83,0.16
2020-08-05 18:43:00,26.83,26.87,0.16
2020-08-05 18:46:00,26.83,26.85,0.16
2020-08-05 18:47:00,26.85,26.85,0.16
2020-08-05 18:48:00,26.83,26.85,0.16
2020-08-05 18:50:00,26.83,26.85,0.16
2020-08-05 18:51:00,26.83,26.85,0.16
2020-08-05 18:52:00,26.85,26.85,0.16
2020-08-05 18:53:00,26.85,26.88,0.16
2020-08-05 18:55:00,26.88,26.90,0.16
2020-08-05 18:56:00,26.88,26.90,0.16
2020-08-05 18:57:00,26.85,26.90,0.16
2020-08-05 18:59:00,26.85,26.88,0.16
2020-08-05 19:00:00,26.85,26.88,0.16
2020-08-05 19:01:00,26.83,26.88,0.16
2020-08-05 19:02:00,26.88,26.88,0.16
2020-08-05 19:03:00,26.85,26.88,0.16
2020-08-05 19:04:00,26.83,26.87,0.16
2020-08-05 19:06:00,26.83,26.85,0.16
2020-08-05 19:07:00,26.85,26.88,0.16
2020-08-05 19:09:00,26.88,26.93,0.16
2020-08-05 19:10:00,26.90,26.95,0.16
2020-08-05 19:11:00,26.90,26.90,0.16
2020-08-05 19:13:00,26.87,26.90,0.16
2020-08-05 19:15:00,26.93,26.94,0.16
2020-08-05 19:16:00,26.93,26.95,0.16
2020-08-05 19:17:00,26.93,26.95,0.16
2020-08-05 19:18:00,26.93,26.95,0.16
2020-08-05 19:23:00,26.95,26.98,0.16
2020-08-05 19:24:00,26.95,26.98,0.16
2020-08-05 19:26:00,26.95,26.98,0.16
2020-08-05 19:27:00,26.95,26.98,0.16
2020-08-05 19:28:00,26.95,26.98,0.16
2020-08-05 19:29:00,26.95,26.98,0.16
2020-08-05 19:30:00,26.95,27.00,0.16
2020-08-05 19:31:00,27.03,27.05,0.16
2020-08-05 19:32:00,27.00,27.00,0.16
2020-08-05 19:35:00,26.95,26.98,0.16
2020-08-05 19:39:00,27.00,27.00,0.16
2020-08-05 19:40:00,26.98,27.01,0.16
2020-08-05 19:42:00,27.06,27.06,0.16
2020-08-05 19:43:00,27.08,27.11,0.16
2020-08-05 19:44:00,27.06,27.11,0.16
2020-08-05 19:45:00,27.01,27.03,0.16
2020-08-05 19:46:00,26.98,27.01,0.16
2020-08-05 19:47:00,26.98,27.01,0.16
2020-08-05 19:48:00,27.01,27.06,0.16
2020-08-05 19:49:00,27.01,27.04,0.16
2020-08-05 19:50:00,27.03,27.11,0.16
2020-08-05 19:51:00,27.01,27.06,0.16
2020-08-05 19:52:00,27.01,27.03,0.16
2020-08-05 19:53:00,26.96,27.01,0.16
2020-08-05 19:54:00,26.91,26.93,0.16
2020-08-05 19:56:00,26.88,26.91,0.16
2020-08-05 19:58:00,26.86,26.91,0.16
2020-08-05 20:01:00,26.86,26.86,0.16
2020-08-05 20:06:00,26.86,26.89,0.16
2020-08-05 20:07:00,26.89,26.89,0.16
2020-08-05 20:09:00,26.89,26.94,0.16
2020-08-05 20:10:00,26.89,26.94,0.16
2020-08-05 20:11:00,26.91,26.91,0.16
2020-08-05 20:12:00,26.89,26.91,0.16
2020-08-05 20:13:00,26.86,26.89,0.16
2020-08-05 20:14:00,26.89,26.96,0.16
2020-08-05 20:31:00,26.94,26.94,0.16
2020-08-05 20:32:00,26.92,26.92,0.16
2020-08-05 20:33:00,26.89,26.92,0.16
2020-08-05 20:34:00,26.89,26.92,0.16
2020-08-05 20:35:00,26.89,26.92,0.16
2020-08-05 20:36:00,26.89,26.92,0.16
2020-08-05 20:37:00,26.90,26.92,0.16
2020-08-05 20:38:00,26.89,26.92,0.16
2020-08-05 20:39:00,26.89,26.92,0.16
2020-08-05 20:43:00,26.90,26.92,0.16
2020-08-05 20:45:00,26.90,26.92,0.16
2020-08-05 20:46:00,26.90,26.92,0.16
2020-08-05 20:47:00,26.89,26.89,0.16
2020-08-05 20:56:00,26.87,26.89,0.16
2020-08-05 20:59:00,26.85,26.85,0.16
2020-08-05 22:00:00,26.84,26.86,0.16
2020-08-05 22:01:00,26.86,26.89,0.16
2020-08-05 22:02:00,26.89,26.93,0.16
2020-08-05 22:03:00,26.87,26.89,0.16
2020-08-05 22:04:00,26.87,26.87,0.16
2020-08-05 22:16:00,26.82,26.86,0.16
2020-08-05 22:18:00,26.82,26.85,0.16
2020-08-05 22:34:00,26.82,26.84,0.16
2020-08-05 22:42:00,26.84,26.87,0.16
2020-08-05 22:43:00,26.86,26.87,0.16
2020-08-05 22:44:00,26.86,26.87,0.16
2020-08-05 22:45:00,26.86,26.87,0.16
2020-08-05 22:46:00,26.87,26.87,0.16
2020-08-05 22:48:00,26.86,26.86,0.16
2020-08-05 22:53:00,26.83,26.85,0.16
2020-08-05 23:02:00,26.83,26.84,0.16
2020-08-05 23:05:00,26.83,26.84,0.16
2020-08-05 23:06:00,26.83,26.83,0.16
2020-08-05 23:07:00,26.83,26.85,0.16
2020-08-05 23:09:00,26.83,26.84,0.16
2020-08-05 23:10:00,26.83,26.85,0.16
2020-08-05 23:11:00,26.83,26.85,0.16
2020-08-05 23:15:00,26.84,26.84,0.16
2020-08-05 23:16:00,26.83,26.88,0.16
2020-08-05 23:18:00,26.86,26.87,0.16
2020-08-05 23:19:00,26.88,26.88,0.16
2020-08-05 23:20:00,26.86,26.88,0.16
2020-08-05 23:21:00,26.87,26.88,0.16
2020-08-05 23:22:00,26.87,26.88,0.16
2020-08-05 23:23:00,26.87,26.88,0.16
2020-08-05 23:24:00,26.86,26.88,0.16
2020-08-05 23:26:00,26.86,26.87,0.16
2020-08-05 23:27:00,26.86,26.88,0.16
2020-08-05 23:28:00,26.87,26.87,0.16
2020-08-05 23:30:00,26.86,26.87,0.16
2020-08-05 23:33:00,26.88,26.88,0.16
2020-08-05 23:36:00,26.86,26.87,0.16
2020-08-05 23:37:00,26.86,26.87,0.16
2020-08-05 23:38:00,26.87,26.88,0.16
2020-08-05 23:41:00,26.88,26.88,0.16
2020-08-05 23:42:00,26.87,26.87,0.16
2020-08-05 23:43:00,26.88,26.88,0.16
2020-08-05 23:44:00,26.87,26.88,0.16
2020-08-05 23:46:00,26.87,26.88,0.16
2020-08-06 00:03:00,26.90,26.93,0.16
2020-08-06 00:04:00,26.88,26.91,0.16
2020-08-06 00:05:00,26.88,26.90,0.16
2020-08-06 00:06:00,26.88,26.88,0.16
2020-08-06 00:18:00,26.83,26.86,0.16
2020-08-06 00:22:00,26.75,26.80,0.16
2020-08-06 00:23:00,26.73,26.73,0.16
2020-08-06 00:24:00,26.71,26.73,0.16
2020-08-06 00:26:00,26.68,26.73,0.16
2020-08-06 00:27:00,26.70,26.73,0.16
2020-08-06 00:28:00,26.68,26.71,0.16
2020-08-06 00:31:00,26.68,26.70,0.16
2020-08-06 00:32:00,26.68,26.70,0.16
2020-08-06 00:44:00,26.70,26.73,0.16
2020-08-06 00:46:00,26.68,26.68,0.16
2020-08-06 00:48:00,26.67,26.68,0.16
2020-08-06 00:49:00,26.67,26.68,0.16
2020-08-06 01:02:00,26.68,26.72,0.16
2020-08-06 01:03:00,26.68,26.72,0.16
2020-08-06 01:04:00,26.68,26.70,0.16
2020-08-06 01:08:00,26.70,26.71,0.16
2020-08-06 01:09:00,26.68,26.68,0.16
2020-08-06 01:10:00,26.73,26.73,0.16
2020-08-06 01:13:00,26.68,26.71,0.16
2020-08-06 01:15:00,26.68,26.71,0.16
2020-08-06 01:16:00,26.68,26.72,0.16
2020-08-06 01:17:00,26.69,26.70,0.16
2020-08-06 01:21:00,26.66,26.69,0.16
2020-08-06 01:23:00,26.66,26.67,0.16
2020-08-06 01:24:00,26.66,26.67,0.16
2020-08-06 01:25:00,26.66,26.69,0.16
2020-08-06 01:27:00,26.66,26.69,0.16
2020-08-06 01:28:00,26.66,26.69,0.16
2020-08-06 01:29:00,26.66,26.69,0.16
2020-08-06 01:30:00,26.68,26.69,0.16
2020-08-06 01:35:00,26.67,26.69,0.16
2020-08-06 01:36:00,26.67,26.68,0.16
2020-08-06 01:37:00,26.69,26.69,0.16
2020-08-06 01:43:00,26.69,26.70,0.16
2020-08-06 01:44:00,26.69,26.72,0.16
2020-08-06 01:45:00,26.72,26.74,0.16
2020-08-06 01:46:00,26.73,26.74,0.16
2020-08-06 01:55:00,26.74,26.79,0.16
2020-08-06 01:58:00,26.74,26.77,0.16
2020-08-06 01:59:00,26.79,26.79,0.16
2020-08-06 02:02:00,26.78,26.79,0.16
2020-08-06 02:03:00,26.75,26.77,0.16
2020-08-06 02:04:00,26.79,26.79,0.16
2020-08-06 02:07:00,26.80,26.86,0.16
2020-08-06 02:11:00,26.84,26.86,0.16
2020-08-06 02:12:00,26.85,26.86,0.16
2020-08-06 02:13:00,26.85,26.89,0.16
2020-08-06 02:14:00,26.86,26.89,0.16
2020-08-06 02:15:00,26.84,26.87,0.16
2020-08-06 02:17:00,26.82,26.82,0.16
2020-08-06 02:18:00,26.79,26.81,0.16
2020-08-06 02:19:00,26.79,26.80,0.16
2020-08-06 02:20:00,26.79,26.80,0.16
2020-08-06 02:23:00,26.79,26.80,0.16
2020-08-06 02:25:00,26.79,26.81,0.16
2020-08-06 02:26:00,26.79,26.80,0.16
2020-08-06 02:27:00,26.79,26.84,0.16
2020-08-06 02:30:00,26.85,26.89,0.16
2020-08-06 02:31:00,26.86,26.89,0.16
2020-08-06 02:32:00,26.84,26.88,0.16
2020-08-06 02:33:00,26.84,26.85,0.16
2020-08-06 02:35:00,26.84,26.89,0.16
2020-08-06 02:43:00,26.90,26.94,0.16
2020-08-06 02:44:00,26.91,26.94,0.16
2020-08-06 02:45:00,26.95,26.96,0.16
2020-08-06 02:46:00,26.94,26.96,0.16
2020-08-06 02:47:00,26.93,26.95,0.16
2020-08-06 02:48:00,26.91,26.94,0.16
2020-08-06 02:49:00,26.90,26.93,0.16
2020-08-06 02:50:00,26.91,26.93,0.16
2020-08-06 02:51:00,26.90,26.93,0.16
2020-08-06 02:52:00,26.90,26.91,0.16
2020-08-06 02:53:00,26.91,26.93,0.16
2020-08-06 02:54:00,26.91,26.94,0.16
2020-08-06 02:55:00,26.91,26.93,0.16
2020-08-06 02:56:00,26.93,26.94,0.16
2020-08-06 02:57:00,26.95,26.96,0.16
2020-08-06 03:03:00,26.94,26.96,0.16
2020-08-06 03:04:00,26.94,26.96,0.16
2020-08-06 03:05:00,26.94,26.95,0.16
2020-08-06 03:06:00,26.95,26.95,0.16
2020-08-06 03:07:00,26.94,26.94,0.16
2020-08-06 03:09:00,26.94,26.95,0.16
2020-08-06 03:18:00,26.90,26.93,0.16
2020-08-06 03:19:00,26.89,26.89,0.16
2020-08-06 03:20:00,26.90,26.91,0.16
2020-08-06 03:21:00,26.89,26.91,0.16
2020-08-06 03:22:00,26.90,26.93,0.16
2020-08-06 03:23:00,26.90,26.91,0.16
2020-08-06 03:24:00,26.93,26.94,0.16
2020-08-06 03:25:00,26.89,26.92,0.16
2020-08-06 03:26:00,26.89,26.92,0.16
2020-08-06 03:27:00,26.89,26.93,0.16
2020-08-06 03:28:00,26.93,26.93,0.16
2020-08-06 03:29:00,26.94,26.94,0.16
2020-08-06 03:33:00,26.89,26.93,0.16
2020-08-06 03:34:00,26.89,26.91,0.16
2020-08-06 03:36:00,26.89,26.91,0.16
2020-08-06 03:40:00,26.90,26.90,0.16
2020-08-06 03:49:00,26.91,26.95,0.16
2020-08-06 03:50:00,26.93,26.95,0.16
2020-08-06 03:57:00,26.95,26.96,0.16
2020-08-06 04:08:00,26.92,26.93,0.16
2020-08-06 04:10:00,26.91,26.92,0.16
2020-08-06 04:11:00,26.93,26.93,0.16
2020-08-06 04:12:00,26.95,26.95,0.16
2020-08-06 04:13:00,26.95,26.97,0.16
2020-08-06 04:14:00,26.96,26.97,0.16
2020-08-06 04:15:00,27.00,27.01,0.16
2020-08-06 04:16:00,27.01,27.02,0.16
2020-08-06 04:20:00,26.97,27.01,0.16
2020-08-06 04:21:00,26.98,27.01,0.16
2020-08-06 04:23:00,26.97,26.98,0.16
2020-08-06 04:24:00,27.00,27.02,0.16
2020-08-06 04:25:00,26.97,27.00,0.16
2020-08-06 04:26:00,26.97,26.98,0.16
2020-08-06 04:27:00,26.97,26.97,0.16
2020-08-06 04:30:00,26.97,26.98,0.16
2020-08-06 04:31:00,26.97,26.98,0.16
2020-08-06 04:32:00,26.97,26.97,0.16
2020-08-06 04:33:00,26.96,26.97,0.16
2020-08-06 04:34:00,26.95,26.95,0.16
2020-08-06 04:47:00,26.90,26.94,0.16
2020-08-06 04:51:00,26.90,26.95,0.16
2020-08-06 05:01:00,26.85,26.89,0.16
2020-08-06 05:02:00,26.85,26.90,0.16
2020-08-06 05:03:00,26.85,26.86,0.16
2020-08-06 05:04:00,26.86,26.90,0.16
2020-08-06 05:05:00,26.87,26.90,0.16
2020-08-06 05:06:00,26.88,26.90,0.16
2020-08-06 05:07:00,26.85,26.89,0.16
2020-08-06 05:35:00,26.85,26.90,0.16
2020-08-06 05:36:00,26.87,26.88,0.16
2020-08-06 05:37:00,26.88,26.88,0.16
2020-08-06 05:38:00,26.85,26.90,0.16
2020-08-06 05:39:00,26.85,26.86,0.16
2020-08-06 05:42:00,26.85,26.90,0.16
2020-08-06 05:45:00,26.88,26.90,0.16
2020-08-06 05:46:00,26.85,26.88,0.16
2020-08-06 05:47:00,26.87,26.90,0.16
2020-08-06 05:48:00,26.85,26.88,0.16
2020-08-06 05:51:00,26.85,26.86,0.16
2020-08-06 05:53:00,26.87,26.88,0.16
2020-08-06 05:54:00,26.85,26.90,0.16
2020-08-06 06:00:00,26.85,26.90,0.16
2020-08-06 06:01:00,26.84,26.85,0.16
2020-08-06 06:04:00,26.80,26.83,0.16
2020-08-06 06:05:00,26.81,26.86,0.16
2020-08-06 06:07:00,26.86,26.89,0.16
2020-08-06 06:12:00,26.86,26.91,0.16
2020-08-06 06:13:00,26.86,26.88,0.16
2020-08-06 06:14:00,26.86,26.88,0.16
2020-08-06 06:23:00,26.87,26.91,0.16
2020-08-06 06:24:00,26.86,26.86,0.16
2020-08-06 06:37:00,26.86,26.91,0.16
2020-08-06 06:43:00,26.86,26.91,0.16
2020-08-06 06:46:00,26.86,26.86,0.16
2020-08-06 06:47:00,26.86,26.87,0.16
2020-08-06 06:49:00,26.86,26.87,0.16
2020-08-06 06:50:00,26.83,26.83,0.16
2020-08-06 06:52:00,26.81,26.83,0.16
2020-08-06 06:53:00,26.83,26.86,0.16
2020-08-06 06:54:00,26.86,26.88,0.16
2020-08-06 06:55:00,26.86,26.87,0.16
2020-08-06 06:56:00,26.87,26.87,0.16
2020-08-06 06:57:00,26.86,26.86,0.16
2020-08-06 06:59:00,26.81,26.83,0.16
2020-08-06 07:00:00,26.81,26.83,0.16
2020-08-06 07:01:00,26.81,26.86,0.16
2020-08-06 07:02:00,26.81,26.83,0.16
2020-08-06 07:03:00,26.81,26.86,0.16
2020-08-06 07:04:00,26.86,26.88,0.16
2020-08-06 07:05:00,26.86,26.89,0.16
2020-08-06 07:06:00,26.88,26.91,0.16
2020-08-06 07:07:00,26.89,26.91,0.16
2020-08-06 07:10:00,26.86,26.87,0.16
2020-08-06 07:12:00,26.81,26.86,0.16
2020-08-06 07:13:00,26.76,26.78,0.16
2020-08-06 07:16:00,26.71,26.74,0.16
2020-08-06 07:17:00,26.76,26.76,0.16
2020-08-06 07:18:00,26.71,26.76,0.16
2020-08-06 07:19:00,26.71,26.76,0.16
2020-08-06 07:20:00,26.71,26.74,0.16
2020-08-06 07:21:00,26.72,26.74,0.16
2020-08-06 07:22:00,26.74,26.76,0.16
2020-08-06 07:23:00,26.74,26.76,0.16
2020-08-06 07:24:00,26.74,26.76,0.16
2020-08-06 07:25:00,26.73,26.76,0.16
2020-08-06 07:26:00,26.69,26.76,0.16
2020-08-06 07:27:00,26.69,26.73,0.16
2020-08-06 07:28:00,26.71,26.74,0.16
2020-08-06 07:30:00,26.70,26.71,0.16
2020-08-06 07:31:00,26.66,26.71,0.16
2020-08-06 07:32:00,26.66,26.68,0.16
2020-08-06 07:33:00,26.64,26.69,0.16
2020-08-06 07:34:00,26.64,26.69,0.16
2020-08-06 07:35:00,26.66,26.68,0.16
2020-08-06 07:36:00,26.66,26.69,0.16
2020-08-06 07:37:00,26.66,26.70,0.16
2020-08-06 07:38:00,26.64,26.68,0.16
2020-08-06 07:39:00,26.66,26.68,0.16
2020-08-06 07:40:00,26.66,26.69,0.16
2020-08-06 07:44:00,26.69,26.71,0.16
2020-08-06 07:45:00,26.64,26.69,0.16
2020-08-06 07:49:00,26.71,26.74,0.16
2020-08-06 07:50:00,26.73,26.76,0.16
2020-08-06 07:51:00,26.76,26.79,0.16
2020-08-06 07:52:00,26.78,26.79,0.16
2020-08-06 07:53:00,26.76,26.78,0.16
2020-08-06 07:54:00,26.76,26.79,0.16
2020-08-06 07:55:00,26.76,26.78,0.16
2020-08-06 07:56:00,26.76,26.81,0.16
2020-08-06 07:57:00,26.81,26.83,0.16
2020-08-06 07:59:00,26.83,26.86,0.16
2020-08-06 08:00:00,26.86,26.88,0.16
2020-08-06 08:01:00,26.90,26.91,0.16
2020-08-06 08:15:00,26.96,27.01,0.16
2020-08-06 08:17:00,26.96,26.97,0.16
2020-08-06 08:23:00,26.91,26.94,0.16
2020-08-06 08:24:00,26.93,26.94,0.16
2020-08-06 08:25:00,26.91,26.94,0.16
2020-08-06 08:26:00,26.91,26.93,0.16
2020-08-06 08:27:00,26.91,26.94,0.16
2020-08-06 08:28:00,26.92,26.92,0.16
2020-08-06 08:29:00,26.92,26.94,0.16
2020-08-06 08:30:00,26.92,26.93,0.16
2020-08-06 08:31:00,26.89,26.89,0.16
2020-08-06 08:32:00,26.89,26.92,0.16
2020-08-06 08:33:00,26.92,26.92,0.16
2020-08-06 08:34:00,26.93,26.97,0.16
2020-08-06 08:35:00,26.97,27.02,0.16
2020-08-06 08:36:00,26.98,26.99,0.16
2020-08-06 08:37:00,27.02,27.02,0.16
2020-08-06 08:38:00,27.04,27.07,0.16
2020-08-06 08:39:00,27.04,27.05,0.16
2020-08-06 08:40:00,27.07,27.07,0.16
2020-08-06 08:50:00,27.02,27.02,0.16
2020-08-06 08:55:00,27.02,27.07,0.16
2020-08-06 08:56:00,27.02,27.07,0.16
2020-08-06 08:58:00,27.02,27.03,0.16
2020-08-06 08:59:00,27.05,27.07,0.16
2020-08-06 09:01:00,27.05,27.05,0.16
2020-08-06 09:02:00,27.02,27.03,0.16
2020-08-06 09:03:00,27.05,27.07,0.16
2020-08-06 09:04:00,27.03,27.07,0.16
2020-08-06 09:05:00,27.02,27.07,0.16
2020-08-06 09:13:00,26.97,27.00,0.16
2020-08-06 09:14:00,27.00,27.02,0.16
2020-08-06 09:15:00,27.00,27.02,0.16
2020-08-06 09:16:00,27.00,27.02,0.16
2020-08-06 09:17:00,27.05,27.07,0.16
2020-08-06 09:18:00,27.06,27.08,0.16
2020-08-06 09:20:00,27.02,27.05,0.16
2020-08-06 09:24:00,26.97,26.97,0.16
2020-08-06 09:26:00,26.97,27.02,0.16
2020-08-06 09:27:00,26.98,26.99,0.16
2020-08-06 09:28:00,26.97,27.02,0.16
2020-08-06 09:37:00,26.97,26.98,0.16
2020-08-06 09:40:00,26.97,26.98,0.16
2020-08-06 09:42:00,26.98,27.02,0.16
2020-08-06 09:43:00,26.97,27.00,0.16
2020-08-06 09:44:00,26.98,27.02,0.16
2020-08-06 09:45:00,26.97,27.01,0.16
2020-08-06 09:46:00,26.97,26.97,0.16
2020-08-06 09:48:00,26.97,27.00,0.16
2020-08-06 09:49:00,26.97,27.02,0.16
2020-08-06 09:51:00,27.01,27.02,0.16
2020-08-06 09:53:00,26.97,27.01,0.16
2020-08-06 09:54:00,27.02,27.02,0.16
2020-08-06 09:55:00,27.00,27.02,0.16
2020-08-06 09:56:00,26.97,27.01,0.16
2020-08-06 09:57:00,26.97,26.99,0.16
2020-08-06 09:58:00,26.97,27.00,0.16
2020-08-06 09:59:00,26.95,26.95,0.16
2020-08-06 10:01:00,26.95,26.97,0.16
2020-08-06 10:02:00,26.97,26.99,0.16
2020-08-06 10:03:00,26.97,26.99,0.16
2020-08-06 10:04:00,26.95,26.95,0.16
2020-08-06 10:05:00,26.95,26.97,0.16
2020-08-06 10:07:00,26.96,26.97,0.16
2020-08-06 10:08:00,26.95,26.95,0.16
2020-08-06 10:13:00,26.95,26.97,0.16
2020-08-06 10:21:00,27.00,27.00,0.16
2020-08-06 10:24:00,27.02,27.02,0.16
2020-08-06 10:25:00,27.00,27.02,0.16
2020-08-06 10:26:00,27.00,27.02,0.16
2020-08-06 10:28:00,27.00,27.01,0.16
2020-08-06 10:29:00,27.00,27.02,0.16
2020-08-06 10:31:00,27.01,27.02,0.16
2020-08-06 10:32:00,27.02,27.05,0.16
2020-08-06 10:33:00,27.02,27.04,0.16
2020-08-06 10:35:00,27.04,27.04,0.16
2020-08-06 10:36:00,27.05,27.07,0.16
2020-08-06 10:40:00,27.10,27.12,0.16
2020-08-06 10:41:00,27.07,27.11,0.16
2020-08-06 10:42:00,27.07,27.11,0.16
2020-08-06 10:46:00,27.07,27.08,0.16
2020-08-06 10:47:00,27.07,27.10,0.16
2020-08-06 10:48:00,27.09,27.12,0.16
2020-08-06 10:50:00,27.15,27.17,0.16
2020-08-06 10:51:00,27.19,27.25,0.16
2020-08-06 10:52:00,27.25,27.27,0.16
2020-08-06 10:54:00,27.26,27.30,0.16
2020-08-06 10:55:00,27.32,27.35,0.16
2020-08-06 10:56:00,27.30,27.30,0.16
2020-08-06 10:58:00,27.33,27.34,0.16
2020-08-06 10:59:00,27.30,27.35,0.16
2020-08-06 11:00:00,27.30,27.33,0.16
2020-08-06 11:01:00,27.33,27.35,0.16
2020-08-06 11:02:00,27.33,27.35,0.16
2020-08-06 11:03:00,27.33,27.34,0.16
2020-08-06 11:04:00,27.35,27.38,0.16
2020-08-06 11:05:00,27.35,27.40,0.16
2020-08-06 11:10:00,27.30,27.33,0.16
2020-08-06 11:13:00,27.25,27.28,0.16
2020-08-06 11:14:00,27.23,27.23,0.16
2020-08-06 11:15:00,27.25,27.25,0.16
2020-08-06 11:16:00,27.25,27.28,0.16
2020-08-06 11:30:00,27.20,27.21,0.16
2020-08-06 11:31:00,27.16,27.18,0.16
2020-08-06 11:42:00,27.20,27.20,0.16
2020-08-06 11:43:00,27.23,27.25,0.16
2020-08-06 11:44:00,27.26,27.28,0.16
2020-08-06 11:45:00,27.25,27.30,0.16
2020-08-06 11:48:00,27.31,27.37,0.16
2020-08-06 11:49:00,27.35,27.45,0.16
2020-08-06 11:50:00,27.42,27.45,0.16
2020-08-06 11:51:00,27.40,27.43,0.16
2020-08-06 11:55:00,27.35,27.40,0.16
2020-08-06 11:57:00,27.30,27.35,0.16
2020-08-06 12:00:00,27.35,27.36,0.16
2020-08-06 12:01:00,27.35,27.40,0.16
2020-08-06 12:02:00,27.35,27.40,0.16
2020-08-06 12:03:00,27.37,27.40,0.16
2020-08-06 12:04:00,27.39,27.40,0.16
2020-08-06 12:05:00,27.40,27.42,0.16
2020-08-06 12:06:00,27.37,27.41,0.16
2020-08-06 12:07:00,27.35,27.39,0.16
2020-08-06 12:08:00,27.35,27.39,0.16
2020-08-06 12:09:00,27.35,27.35,0.16
2020-08-06 12:13:00,27.30,27.32,0.16
2020-08-06 12:15:00,27.30,27.35,0.16
2020-08-06 12:16:00,27.30,27.34,0.16
2020-08-06 12:19:00,27.30,27.32,0.16
2020-08-06 12:23:00,27.30,27.32,0.16
2020-08-06 12:24:00,27.30,27.30,0.16
2020-08-06 12:25:00,27.31,27.35,0.16
2020-08-06 12:28:00,27.30,27.33,0.16
2020-08-06 12:29:00,27.30,27.32,0.16
2020-08-06 12:30:00,27.25,27.32,0.16
2020-08-06 12:31:00,27.22,27.29,0.16
2020-08-06 12:32:00,27.14,27.20,0.16
2020-08-06 12:33:00,27.05,27.14,0.16
2020-08-06 12:34:00,27.08,27.10,0.16
2020-08-06 12:40:00,26.98,27.03,0.16
2020-08-06 12:41:00,26.98,27.01,0.16
2020-08-06 12:42:00,26.98,27.01,0.16
2020-08-06 12:43:00,26.98,27.03,0.16
2020-08-06 12:45:00,26.97,26.98,0.16
2020-08-06 12:46:00,26.97,26.98,0.16
2020-08-06 12:50:00,26.93,26.98,0.16
2020-08-06 12:52:00,26.95,26.98,0.16
2020-08-06 12:54:00,26.93,26.98,0.16
2020-08-06 12:55:00,26.94,26.98,0.16
2020-08-06 12:56:00,26.98,27.00,0.16
2020-08-06 12:57:00,26.98,27.00,0.16
2020-08-06 12:58:00,27.00,27.03,0.16
2020-08-06 12:59:00,27.00,27.03,0.16
2020-08-06 13:00:00,27.00,27.03,0.16
2020-08-06 13:01:00,27.00,27.02,0.16
2020-08-06 13:02:00,27.00,27.03,0.16
2020-08-06 13:05:00,27.00,27.03,0.16
2020-08-06 13:06:00,26.98,27.05,0.16
2020-08-06 13:09:00,27.03,27.04,0.16
2020-08-06 13:10:00,27.03,27.08,0.16
2020-08-06 13:11:00,27.07,27.08,0.16
2020-08-06 13:12:00,27.07,27.08,0.16
2020-08-06 13:16:00,27.09,27.09,0.16
2020-08-06 13:18:00,27.09,27.10,0.16
2020-08-06 13:19:00,27.09,27.10,0.16
2020-08-06 13:20:00,27.04,27.11,0.16
2020-08-06 13:22:00,27.04,27.06,0.16
2020-08-06 13:23:00,27.04,27.06,0.16
2020-08-06 13:25:00,27.04,27.06,0.16
2020-08-06 13:26:00,27.04,27.09,0.16
2020-08-06 13:27:00,27.04,27.06,0.16
2020-08-06 13:28:00,27.04,27.06,0.16
2020-08-06 13:30:00,27.02,27.06,0.16
2020-08-06 13:31:00,27.02,27.04,0.16
2020-08-06 13:32:00,26.99,27.04,0.16
2020-08-06 13:33:00,26.99,27.04,0.16
2020-08-06 13:34:00,27.02,27.09,0.16
2020-08-06 13:35:00,27.05,27.12,0.16
2020-08-06 13:36:00,27.04,27.14,0.16
2020-08-06 13:37:00,27.08,27.14,0.16
2020-08-06 13:38:00,27.10,27.16,0.16
2020-08-06 13:39:00,27.11,27.19,0.16
2020-08-06 13:40:00,27.09,27.14,0.16
2020-08-06 13:41:00,27.09,27.11,0.16
2020-08-06 13:42:00,27.11,27.16,0.16
2020-08-06 13:43:00,27.11,27.16,0.16
2020-08-06 13:44:00,27.11,27.12,0.16
2020-08-06 13:45:00,27.06,27.11,0.16
2020-08-06 13:46:00,27.06,27.16,0.16
2020-08-06 13:47:00,27.11,27.14,0.16
2020-08-06 13:48:00,27.09,27.11,0.16
2020-08-06 13:49:00,27.04,27.09,0.16
2020-08-06 13:50:00,27.09,27.14,0.16
2020-08-06 13:51:00,27.08,27.14,0.16
2020-08-06 13:52:00,27.04,27.09,0.16
2020-08-06 13:53:00,27.04,27.09,0.16
2020-08-06 13:54:00,27.04,27.09,0.16
2020-08-06 13:55:00,27.04,27.10,0.16
2020-08-06 13:56:00,27.02,27.04,0.16
2020-08-06 13:57:00,27.02,27.04,0.16
2020-08-06 13:58:00,27.02,27.07,0.16
2020-08-06 13:59:00,27.02,27.04,0.16
2020-08-06 14:00:00,27.04,27.04,0.16
2020-08-06 14:01:00,26.97,27.04,0.16
2020-08-06 14:02:00,26.98,26.99,0.16
2020-08-06 14:05:00,27.01,27.04,0.16
2020-08-06 14:06:00,26.97,26.99,0.16
2020-08-06 14:07:00,26.95,26.99,0.16
2020-08-06 14:08:00,26.97,26.99,0.16
2020-08-06 14:09:00,26.99,27.04,0.16
2020-08-06 14:10:00,26.97,26.97,0.16
2020-08-06 14:11:00,26.94,26.94,0.16
2020-08-06 14:12:00,26.89,26.92,0.16
2020-08-06 14:13:00,26.89,26.92,0.16
2020-08-06 14:14:00,26.92,26.94,0.16
2020-08-06 14:15:00,26.92,26.97,0.16
2020-08-06 14:17:00,26.90,26.94,0.16
2020-08-06 14:19:00,26.89,26.92,0.16
2020-08-06 14:20:00,26.82,26.89,0.16
2020-08-06 14:21:00,26.84,26.87,0.16
2020-08-06 14:22:00,26.84,26.84,0.16
2020-08-06 14:23:00,26.82,26.84,0.16
2020-08-06 14:24:00,26.82,26.84,0.16
2020-08-06 14:29:00,26.82,26.85,0.16
2020-08-06 14:30:00,26.82,26.85,0.16
2020-08-06 14:31:00,26.82,26.85,0.16
2020-08-06 14:32:00,26.82,26.85,0.16
2020-08-06 14:34:00,26.82,26.85,0.16
2020-08-06 14:38:00,26.82,26.87,0.16
2020-08-06 14:40:00,26.89,26.91,0.16
2020-08-06 14:41:00,26.89,26.94,0.16
2020-08-06 14:42:00,26.94,27.04,0.16
2020-08-06 14:43:00,27.04,27.06,0.16
2020-08-06 14:44:00,27.06,27.11,0.16
2020-08-06 14:45:00,27.08,27.14,0.16
2020-08-06 14:46:00,27.09,27.09,0.16
2020-08-06 14:47:00,27.06,27.11,0.16
2020-08-06 14:49:00,27.11,27.11,0.16
2020-08-06 14:50:00,27.11,27.21,0.16
2020-08-06 14:51:00,27.18,27.23,0.16
2020-08-06 14:52:00,27.11,27.18,0.16
2020-08-06 14:53:00,27.11,27.13,0.16
2020-08-06 14:54:00,27.06,27.13,0.16
2020-08-06 14:55:00,27.01,27.06,0.16
2020-08-06 14:56:00,27.06,27.11,0.16
2020-08-06 14:57:00,27.01,27.05,0.16
2020-08-06 14:59:00,26.96,26.99,0.16
2020-08-06 15:00:00,26.96,27.01,0.16
2020-08-06 15:01:00,26.99,27.06,0.16
2020-08-06 15:02:00,27.01,27.04,0.16
2020-08-06 15:03:00,26.99,27.01,0.16
2020-08-06 15:04:00,26.99,27.01,0.16
2020-08-06 15:05:00,26.96,27.01,0.16
2020-08-06 15:09:00,26.96,27.01,0.16
2020-08-06 15:10:00,26.98,27.01,0.16
2020-08-06 15:12:00,27.03,27.06,0.16
2020-08-06 15:13:00,27.08,27.11,0.16
2020-08-06 15:14:00,27.11,27.13,0.16
2020-08-06 15:15:00,27.06,27.11,0.16
2020-08-06 15:16:00,27.08,27.11,0.16
2020-08-06 15:17:00,27.06,27.13,0.16
2020-08-06 15:18:00,27.11,27.11,0.16
2020-08-06 15:19:00,27.11,27.16,0.16
2020-08-06 15:20:00,27.06,27.11,0.16
2020-08-06 15:21:00,27.06,27.11,0.16
2020-08-06 15:22:00,27.08,27.11,0.16
2020-08-06 15:23:00,27.09,27.11,0.16
2020-08-06 15:25:00,27.13,27.18,0.16
2020-08-06 15:27:00,27.16,27.18,0.16
2020-08-06 15:29:00,27.13,27.17,0.16
2020-08-06 15:30:00,27.13,27.18,0.16
2020-08-06 15:31:00,27.13,27.18,0.16
2020-08-06 15:32:00,27.18,27.24,0.16
2020-08-06 15:33:00,27.13,27.21,0.16
2020-08-06 15:34:00,27.12,27.13,0.16
2020-08-06 15:35:00,27.13,27.16,0.16
2020-08-06 15:36:00,27.14,27.16,0.16
2020-08-06 15:37:00,27.09,27.11,0.16
2020-08-06 15:38:00,27.11,27.16,0.16
2020-08-06 15:39:00,27.14,27.16,0.16
2020-08-06 15:40:00,27.14,27.21,0.16
2020-08-06 15:41:00,27.21,27.24,0.16
2020-08-06 15:42:00,27.24,27.26,0.16
2020-08-06 15:43:00,27.24,27.26,0.16
2020-08-06 15:44:00,27.24,27.26,0.16
2020-08-06 15:45:00,27.21,27.26,0.16
2020-08-06 15:46:00,27.21,27.24,0.16
2020-08-06 15:47:00,27.19,27.19,0.16
2020-08-06 15:48:00,27.14,27.16,0.16
2020-08-06 15:49:00,27.14,27.16,0.16
2020-08-06 15:50:00,27.14,27.21,0.16
2020-08-06 15:51:00,27.14,27.16,0.16
2020-08-06 15:52:00,27.14,27.16,0.16
2020-08-06 15:53:00,27.14,27.19,0.16
2020-08-06 15:54:00,27.14,27.16,0.16
2020-08-06 15:55:00,27.10,27.16,0.16
2020-08-06 15:56:00,27.09,27.11,0.16
2020-08-06 15:57:00,27.04,27.09,0.16
2020-08-06 15:58:00,27.04,27.07,0.16
2020-08-06 15:59:00,27.02,27.04,0.16
2020-08-06 16:00:00,26.97,27.04,0.16
2020-08-06 16:01:00,26.97,27.01,0.16
2020-08-06 16:02:00,26.97,26.98,0.16
2020-08-06 16:05:00,26.97,27.02,0.16
2020-08-06 16:07:00,26.97,27.02,0.16
2020-08-06 16:08:00,26.95,27.00,0.16
2020-08-06 16:09:00,26.95,26.97,0.16
2020-08-06 16:10:00,26.95,27.00,0.16
2020-08-06 16:11:00,26.97,27.00,0.16
2020-08-06 16:12:00,26.95,26.97,0.16
2020-08-06 16:13:00,26.95,26.96,0.16
2020-08-06 16:14:00,26.90,26.95,0.16
2020-08-06 16:15:00,26.93,26.95,0.16
2020-08-06 16:18:00,26.95,27.00,0.16
2020-08-06 16:19:00,26.95,26.97,0.16
2020-08-06 16:21:00,26.90,26.95,0.16
2020-08-06 16:22:00,26.95,26.97,0.16
2020-08-06 16:23:00,26.90,26.90,0.16
2020-08-06 16:24:00,26.88,26.90,0.16
2020-08-06 16:25:00,26.85,26.88,0.16
2020-08-06 16:26:00,26.88,26.90,0.16
2020-08-06 16:27:00,26.88,26.90,0.16
2020-08-06 16:28:00,26.88,26.90,0.16
2020-08-06 16:29:00,26.86,26.90,0.16
2020-08-06 16:32:00,26.90,26.93,0.16
2020-08-06 16:33:00,26.90,26.90,0.16
2020-08-06 16:36:00,26.90,26.92,0.16
2020-08-06 16:37:00,26.90,26.90,0.16
2020-08-06 16:40:00,26.91,26.95,0.16
2020-08-06 16:41:00,26.90,26.95,0.16
2020-08-06 16:43:00,26.88,26.88,0.16
2020-08-06 16:44:00,26.85,26.85,0.16
2020-08-06 16:50:00,26.81,26.85,0.16
2020-08-06 16:51:00,26.80,26.83,0.16
2020-08-06 16:53:00,26.80,26.83,0.16
2020-08-06 16:54:00,26.80,26.82,0.16
2020-08-06 16:55:00,26.80,26.82,0.16
2020-08-06 16:56:00,26.80,26.85,0.16
2020-08-06 16:57:00,26.80,26.84,0.16
2020-08-06 17:02:00,26.80,26.83,0.16
2020-08-06 17:03:00,26.80,26.83,0.16
2020-08-06 17:06:00,26.80,26.83,0.16
2020-08-06 17:07:00,26.80,26.85,0.16
2020-08-06 17:08:00,26.83,26.85,0.16
2020-08-06 17:09:00,26.83,26.85,0.16
2020-08-06 17:10:00,26.83,26.85,0.16
2020-08-06 17:13:00,26.87,26.88,0.16
2020-08-06 17:14:00,26.85,26.85,0.16
2020-08-06 17:16:00,26.85,26.88,0.16
2020-08-06 17:17:00,26.85,26.88,0.16
2020-08-06 17:21:00,26.83,26.85,0.16
2020-08-06 17:22:00,26.83,26.85,0.16
2020-08-06 17:23:00,26.85,26.85,0.16
2020-08-06 17:24:00,26.83,26.85,0.16
2020-08-06 17:25:00,26.83,26.85,0.16
2020-08-06 17:26:00,26.83,26.85,0.16
2020-08-06 17:30:00,26.83,26.83,0.16
2020-08-06 17:31:00,26.84,26.87,0.16
2020-08-06 17:32:00,26.85,26.89,0.16
2020-08-06 17:33:00,26.88,26.88,0.16
2020-08-06 17:34:00,26.88,26.90,0.16
2020-08-06 17:35:00,26.88,26.90,0.16
2020-08-06 17:36:00,26.88,26.90,0.16
2020-08-06 17:40:00,26.83,26.85,0.16
2020-08-06 17:41:00,26.83,26.88,0.16
2020-08-06 17:42:00,26.83,26.88,0.16
2020-08-06 17:43:00,26.84,26.88,0.16
2020-08-06 17:44:00,26.83,26.83,0.16
2020-08-06 17:45:00,26.83,26.85,0.16
2020-08-06 17:50:00,26.81,26.82,0.16
2020-08-06 17:51:00,26.78,26.81,0.16
2020-08-06 17:52:00,26.81,26.83,0.16
2020-08-06 17:53:00,26.83,26.83,0.16
2020-08-06 17:55:00,26.83,26.85,0.16
2020-08-06 17:57:00,26.86,26.88,0.16
2020-08-06 17:58:00,26.86,26.88,0.16
2020-08-06 17:59:00,26.86,26.88,0.16
2020-08-06 18:00:00,26.83,26.88,0.16
2020-08-06 18:01:00,26.81,26.86,0.16
2020-08-06 18:02:00,26.81,26.83,0.16
2020-08-06 18:04:00,26.81,26.83,0.16
2020-08-06 18:05:00,26.82,26.84,0.16
2020-08-06 18:07:00,26.82,26.84,0.16
2020-08-06 18:08:00,26.82,26.82,0.16
2020-08-06 18:10:00,26.82,26.84,0.16
2020-08-06 18:11:00,26.82,26.84,0.16
2020-08-06 18:17:00,26.80,26.82,0.16
2020-08-06 18:23:00,26.84,26.87,0.16
2020-08-06 18:24:00,26.82,26.87,0.16
2020-08-06 18:25:00,26.82,26.84,0.16
2020-08-06 18:26:00,26.82,26.84,0.16
2020-08-06 18:32:00,26.77,26.81,0.16
2020-08-06 18:33:00,26.77,26.80,0.16
2020-08-06 18:34:00,26.77,26.82,0.16
2020-08-06 18:36:00,26.77,26.80,0.16
2020-08-06 18:37:00,26.75,26.75,0.16
2020-08-06 18:38:00,26.72,26.75,0.16
2020-08-06 18:39:00,26.72,26.75,0.16
2020-08-06 18:44:00,26.67,26.70,0.16
2020-08-06 18:45:00,26.68,26.72,0.16
2020-08-06 18:50:00,26.67,26.70,0.16
2020-08-06 18:51:00,26.67,26.70,0.16
2020-08-06 18:55:00,26.70,26.72,0.16
2020-08-06 18:56:00,26.67,26.72,0.16
2020-08-06 18:57:00,26.70,26.72,0.16
2020-08-06 18:58:00,26.70,26.72,0.16
2020-08-06 18:59:00,26.70,26.72,0.16
2020-08-06 19:00:00,26.70,26.72,0.16
2020-08-06 19:01:00,26.70,26.75,0.16
2020-08-06 19:02:00,26.67,26.72,0.16
2020-08-06 19:03:00,26.65,26.70,0.16
2020-08-06 19:04:00,26.65,26.70,0.16
2020-08-06 19:05:00,26.65,26.67,0.16
2020-08-06 19:07:00,26.65,26.65,0.16
2020-08-06 19:08:00,26.62,26.65,0.16
2020-08-06 19:09:00,26.63,26.67,0.16
2020-08-06 19:10:00,26.62,26.67,0.16
2020-08-06 19:11:00,26.62,26.67,0.16
2020-08-06 19:12:00,26.62,26.67,0.16
2020-08-06 19:13:00,26.66,26.67,0.16
2020-08-06 19:17:00,26.62,26.67,0.16
2020-08-06 19:20:00,26.69,26.69,0.16
2020-08-06 19:22:00,26.72,26.74,0.16
2020-08-06 19:24:00,26.72,26.74,0.16
2020-08-06 19:25:00,26.72,26.76,0.16
2020-08-06 19:27:00,26.69,26.72,0.16
2020-08-06 19:28:00,26.69,26.72,0.16
2020-08-06 19:29:00,26.67,26.72,0.16
2020-08-06 19:32:00,26.72,26.72,0.16
2020-08-06 19:33:00,26.72,26.74,0.16
2020-08-06 19:35:00,26.72,26.74,0.16
2020-08-06 19:38:00,26.67,26.72,0.16
2020-08-06 19:39:00,26.70,26.72,0.16
2020-08-06 19:41:00,26.72,26.75,0.16
2020-08-06 19:43:00,26.72,26.73,0.16
2020-08-06 19:44:00,26.73,26.77,0.16
2020-08-06 19:45:00,26.77,26.79,0.16
2020-08-06 19:46:00,26.74,26.79,0.16
2020-08-06 19:49:00,26.77,26.82,0.16
2020-08-06 19:50:00,26.82,26.84,0.16
2020-08-06 19:51:00,26.77,26.82,0.16
2020-08-06 19:52:00,26.77,26.79,0.16
2020-08-06 19:57:00,26.72,26.77,0.16
2020-08-06 19:58:00,26.72,26.79,0.16
2020-08-06 19:59:00,26.72,26.78,0.16
2020-08-06 20:00:00,26.69,26.73,0.16
2020-08-06 20:01:00,26.69,26.71,0.16
2020-08-06 20:03:00,26.64,26.67,0.16
2020-08-06 20:04:00,26.62,26.62,0.16
2020-08-06 20:13:00,26.60,26.70,0.16
2020-08-06 20:14:00,26.67,26.72,0.16
2020-08-06 20:31:00,26.67,26.71,0.16
2020-08-06 20:32:00,26.66,26.67,0.16
2020-08-06 20:33:00,26.68,26.68,0.16
2020-08-06 20:34:00,26.66,26.66,0.16
2020-08-06 20:57:00,26.61,26.63,0.16
2020-08-06 20:59:00,26.63,26.63,0.16
2020-08-06 22:00:00,26.60,26.63,0.16
2020-08-06 22:01:00,26.66,26.66,0.16
2020-08-06 22:12:00,26.70,26.71,0.16
2020-08-06 22:18:00,26.72,26.72,0.16
2020-08-06 22:19:00,26.72,26.73,0.16
2020-08-06 22:20:00,26.71,26.72,0.16
2020-08-06 22:21:00,26.70,26.71,0.16
2020-08-06 22:27:00,26.66,26.67,0.16
2020-08-06 22:38:00,26.67,26.67,0.16
2020-08-06 23:10:00,26.67,26.68,0.16
2020-08-06 23:15:00,26.67,26.69,0.16
2020-08-06 23:16:00,26.64,26.67,0.16
2020-08-06 23:17:00,26.64,26.65,0.16
2020-08-06 23:18:00,26.69,26.69,0.16
2020-08-06 23:35:00,26.68,26.69,0.16
2020-08-06 23:45:00,26.69,26.70,0.16
2020-08-06 23:46:00,26.69,26.71,0.16
2020-08-06 23:47:00,26.69,26.70,0.16
2020-08-06 23:48:00,26.69,26.71,0.16
2020-08-06 23:49:00,26.69,26.70,0.16
2020-08-06 23:52:00,26.69,26.70,0.16
2020-08-06 23:53:00,26.69,26.71,0.16
2020-08-06 23:55:00,26.67,26.70,0.16
2020-08-06 23:56:00,26.69,26.69,0.16
2020-08-06 23:57:00,26.66,26.69,0.16
2020-08-07 00:00:00,26.70,26.71,0.16
2020-08-07 00:01:00,26.69,26.69,0.16
2020-08-07 00:03:00,26.69,26.70,0.16
2020-08-07 00:11:00,26.69,26.71,0.16
2020-08-07 00:12:00,26.70,26.76,0.16
2020-08-07 00:13:00,26.74,26.76,0.16
2020-08-07 00:14:00,26.73,26.74,0.16
2020-08-07 00:15:00,26.73,26.76,0.16
2020-08-07 00:18:00,26.69,26.73,0.16
2020-08-07 00:19:00,26.69,26.71,0.16
2020-08-07 00:20:00,26.69,26.71,0.16
2020-08-07 00:21:00,26.69,26.69,0.16
2020-08-07 00:22:00,26.67,26.67,0.16
2020-08-07 00:23:00,26.62,26.66,0.16
2020-08-07 00:24:00,26.61,26.63,0.16
2020-08-07 00:25:00,26.58,26.59,0.16
2020-08-07 00:26:00,26.61,26.64,0.16
2020-08-07 00:27:00,26.62,26.66,0.16
2020-08-07 00:28:00,26.61,26.64,0.16
2020-08-07 00:29:00,26.61,26.64,0.16
2020-08-07 00:30:00,26.61,26.64,0.16
2020-08-07 00:31:00,26.62,26.64,0.16
2020-08-07 00:32:00,26.61,26.63,0.16
2020-08-07 00:33:00,26.61,26.63,0.16
2020-08-07 00:34:00,26.61,26.63,0.16
2020-08-07 00:35:00,26.63,26.64,0.16
2020-08-07 00:38:00,26.63,26.64,0.16
2020-08-07 00:39:00,26.61,26.64,0.16
2020-08-07 00:40:00,26.63,26.64,0.16
2020-08-07 00:41:00,26.62,26.63,0.16
2020-08-07 00:42:00,26.62,26.64,0.16
2020-08-07 00:43:00,26.62,26.64,0.16
2020-08-07 00:44:00,26.62,26.64,0.16
2020-08-07 00:45:00,26.63,26.64,0.16
2020-08-07 00:46:00,26.63,26.64,0.16
2020-08-07 01:02:00,26.65,26.76,0.16
2020-08-07 01:03:00,26.75,26.76,0.16
2020-08-07 01:04:00,26.75,26.76,0.16
2020-08-07 01:07:00,26.75,26.76,0.16
2020-08-07 01:08:00,26.75,26.76,0.16
2020-08-07 01:09:00,26.76,26.78,0.16
2020-08-07 01:10:00,26.76,26.78,0.16
2020-08-07 01:11:00,26.75,26.78,0.16
2020-08-07 01:12:00,26.75,26.76,0.16
2020-08-07 01:13:00,26.73,26.75,0.16
2020-08-07 01:14:00,26.70,26.72,0.16
2020-08-07 01:16:00,26.71,26.72,0.16
2020-08-07 01:17:00,26.70,26.75,0.16
2020-08-07 01:18:00,26.70,26.75,0.16
2020-08-07 01:19:00,26.70,26.71,0.16
2020-08-07 01:20:00,26.68,26.70,0.16
2020-08-07 01:25:00,26.71,26.75,0.16
2020-08-07 01:26:00,26.73,26.75,0.16
2020-08-07 01:30:00,26.75,26.76,0.16
2020-08-07 01:31:00,26.75,26.76,0.16
2020-08-07 01:33:00,26.75,26.76,0.16
2020-08-07 01:34:00,26.72,26.76,0.16
2020-08-07 01:35:00,26.70,26.71,0.16
2020-08-07 01:38:00,26.65,26.68,0.16
2020-08-07 01:39:00,26.65,26.70,0.16
2020-08-07 01:40:00,26.70,26.70,0.16
2020-08-07 01:41:00,26.67,26.70,0.16
2020-08-07 01:42:00,26.70,26.70,0.16
2020-08-07 01:43:00,26.65,26.70,0.16
2020-08-07 01:44:00,26.66,26.70,0.16
2020-08-07 01:45:00,26.68,26.70,0.16
2020-08-07 01:46:00,26.66,26.70,0.16
2020-08-07 01:47:00,26.68,26.70,0.16
2020-08-07 01:48:00,26.65,26.68,0.16
2020-08-07 01:55:00,26.68,26.70,0.16
2020-08-07 01:56:00,26.65,26.66,0.16
2020-08-07 01:57:00,26.66,26.68,0.16
2020-08-07 01:58:00,26.65,26.68,0.16
2020-08-07 01:59:00,26.68,26.69,0.16
2020-08-07 02:00:00,26.65,26.69,0.16
2020-08-07 02:01:00,26.68,26.69,0.16
2020-08-07 02:02:00,26.68,26.70,0.16
2020-08-07 02:03:00,26.69,26.70,0.16
2020-08-07 02:04:00,26.69,26.70,0.16
2020-08-07 02:05:00,26.68,26.70,0.16
2020-08-07 02:06:00,26.68,26.69,0.16
2020-08-07 02:07:00,26.68,26.70,0.16
2020-08-07 02:08:00,26.68,26.69,0.16
2020-08-07 02:09:00,26.69,26.70,0.16
2020-08-07 02:18:00,26.72,26.72,0.16
2020-08-07 02:19:00,26.75,26.77,0.16
2020-08-07 02:20:00,26.76,26.77,0.16
2020-08-07 02:21:00,26.75,26.76,0.16
2020-08-07 02:25:00,26.77,26.77,0.16
2020-08-07 02:26:00,26.79,26.82,0.16
2020-08-07 02:27:00,26.81,26.82,0.16
2020-08-07 02:28:00,26.82,26.87,0.16
2020-08-07 02:29:00,26.85,26.85,0.16
2020-08-07 02:30:00,26.86,26.87,0.16
2020-08-07 02:33:00,26.88,26.92,0.16
2020-08-07 02:34:00,26.88,26.92,0.16
2020-08-07 02:35:00,26.87,26.91,0.16
2020-08-07 02:39:00,26.85,26.87,0.16
2020-08-07 02:46:00,26.85,26.87,0.16
2020-08-07 02:47:00,26.85,26.86,0.16
2020-08-07 02:48:00,26.86,26.87,0.16
2020-08-07 02:50:00,26.85,26.86,0.16
2020-08-07 02:51:00,26.82,26.85,0.16
2020-08-07 02:52:00,26.86,26.87,0.16
2020-08-07 02:53:00,26.86,26.87,0.16
2020-08-07 02:59:00,26.77,26.84,0.16
2020-08-07 03:00:00,26.75,26.77,0.16
2020-08-07 03:01:00,26.77,26.79,0.16
2020-08-07 03:02:00,26.79,26.82,0.16
2020-08-07 03:03:00,26.79,26.82,0.16
2020-08-07 03:04:00,26.77,26.80,0.16
2020-08-07 03:05:00,26.80,26.82,0.16
2020-08-07 03:06:00,26.81,26.82,0.16
2020-08-07 03:07:00,26.79,26.81,0.16
2020-08-07 03:08:00,26.79,26.82,0.16
2020-08-07 03:11:00,26.86,26.87,0.16
2020-08-07 03:14:00,26.85,26.86,0.16
2020-08-07 03:15:00,26.82,26.86,0.16
2020-08-07 03:21:00,26.84,26.85,0.16
2020-08-07 03:22:00,26.91,26.91,0.16
2020-08-07 03:23:00,26.86,26.91,0.16
2020-08-07 03:24:00,26.87,26.89,0.16
2020-08-07 03:26:00,26.87,26.92,0.16
2020-08-07 03:28:00,26.95,26.97,0.16
2020-08-07 03:29:00,26.96,26.97,0.16
2020-08-07 03:30:00,26.95,26.98,0.16
2020-08-07 03:31:00,26.96,26.98,0.16
2020-08-07 03:34:00,26.98,27.02,0.16
2020-08-07 03:38:00,26.98,27.00,0.16
2020-08-07 03:39:00,26.98,27.01,0.16
2020-08-07 03:40:00,27.03,27.04,0.16
2020-08-07 03:41:00,27.03,27.04,0.16
2020-08-07 03:42:00,27.02,27.03,0.16
2020-08-07 03:43:00,27.02,27.04,0.16
2020-08-07 03:44:00,27.03,27.04,0.16
2020-08-07 03:45:00,26.99,27.03,0.16
2020-08-07 03:47:00,26.99,27.03,0.16
2020-08-07 03:49:00,26.98,26.99,0.16
2020-08-07 03:54:00,27.01,27.04,0.16
2020-08-07 03:55:00,27.03,27.04,0.16
2020-08-07 03:56:00,27.03,27.08,0.16
2020-08-07 03:57:00,27.04,27.07,0.16
2020-08-07 03:58:00,27.06,27.08,0.16
2020-08-07 03:59:00,27.06,27.08,0.16
2020-08-07 04:00:00,27.04,27.08,0.16
2020-08-07 04:01:00,27.06,27.08,0.16
2020-08-07 04:02:00,27.09,27.13,0.16
2020-08-07 04:03:00,27.08,27.11,0.16
2020-08-07 04:04:00,27.08,27.10,0.16
2020-08-07 04:05:00,27.08,27.11,0.16
2020-08-07 04:06:00,27.08,27.11,0.16
2020-08-07 04:07:00,27.08,27.09,0.16
2020-08-07 04:08:00,27.08,27.10,0.16
2020-08-07 04:09:00,27.08,27.09,0.16
2020-08-07 04:10:00,27.08,27.10,0.16
2020-08-07 04:11:00,27.08,27.09,0.16
2020-08-07 04:12:00,27.08,27.09,0.16
2020-08-07 04:13:00,27.09,27.09,0.16
2020-08-07 04:14:00,27.08,27.10,0.16
2020-08-07 04:15:00,27.08,27.10,0.16
2020-08-07 04:16:00,27.08,27.10,0.16
2020-08-07 04:17:00,27.09,27.10,0.16
2020-08-07 04:18:00,27.08,27.09,0.16
2020-08-07 04:19:00,27.09,27.10,0.16
2020-08-07 04:20:00,27.08,27.10,0.16
2020-08-07 04:22:00,27.08,27.09,0.16
2020-08-07 04:23:00,27.08,27.09,0.16
2020-08-07 04:24:00,27.08,27.09,0.16
2020-08-07 04:26:00,27.08,27.09,0.16
2020-08-07 04:27:00,27.09,27.10,0.16
2020-08-07 04:30:00,27.08,27.10,0.16
2020-08-07 04:32:00,27.08,27.09,0.16
2020-08-07 04:33:00,27.08,27.09,0.16
2020-08-07 04:34:00,27.08,27.10,0.16
2020-08-07 04:37:00,27.05,27.06,0.16
2020-08-07 04:38:00,27.05,27.08,0.16
2020-08-07 04:39:00,27.06,27.08,0.16
2020-08-07 04:40:00,27.06,27.08,0.16
2020-08-07 04:49:00,27.10,27.10,0.16
2020-08-07 04:50:00,27.08,27.09,0.16
2020-08-07 04:51:00,27.09,27.10,0.16
2020-08-07 04:52:00,27.08,27.08,0.16
2020-08-07 04:53:00,27.08,27.09,0.16
2020-08-07 04:54:00,27.08,27.09,0.16
2020-08-07 04:55:00,27.08,27.08,0.16
2020-08-07 04:56:00,27.08,27.13,0.16
2020-08-07 04:57:00,27.10,27.12,0.16
2020-08-07 04:59:00,27.09,27.10,0.16
2020-08-07 05:00:00,27.08,27.13,0.16
2020-08-07 05:01:00,27.12,27.13,0.16
2020-08-07 05:04:00,27.14,27.15,0.16
2020-08-07 05:05:00,27.13,27.14,0.16
2020-08-07 05:06:00,27.14,27.15,0.16
2020-08-07 05:08:00,27.14,27.15,0.16
2020-08-07 05:15:00,27.17,27.18,0.16
2020-08-07 05:16:00,27.15,27.17,0.16
2020-08-07 05:19:00,27.15,27.17,0.16
2020-08-07 05:20:00,27.15,27.17,0.16
2020-08-07 05:21:00,27.15,27.15,0.16
2020-08-07 05:27:00,27.17,27.18,0.16
2020-08-07 05:28:00,27.18,27.20,0.16
2020-08-07 05:29:00,27.18,27.20,0.16
2020-08-07 05:30:00,27.13,27.15,0.16
2020-08-07 05:31:00,27.13,27.15,0.16
2020-08-07 05:37:00,27.08,27.10,0.16
2020-08-07 05:39:00,27.05,27.08,0.16
2020-08-07 05:40:00,27.03,27.03,0.16
2020-08-07 05:41:00,27.03,27.08,0.16
2020-08-07 05:42:00,27.04,27.08,0.16
2020-08-07 05:44:00,27.07,27.07,0.16
2020-08-07 05:45:00,27.03,27.05,0.16
2020-08-07 05:46:00,27.02,27.03,0.16
2020-08-07 05:49:00,27.03,27.07,0.16
2020-08-07 05:50:00,27.04,27.06,0.16
2020-08-07 05:51:00,27.03,27.07,0.16
2020-08-07 05:52:00,27.04,27.04,0.16
2020-08-07 05:55:00,27.02,27.04,0.16
2020-08-07 06:00:00,27.00,27.04,0.16
2020-08-07 06:02:00,27.00,27.04,0.16
2020-08-07 06:06:00,26.99,27.02,0.16
2020-08-07 06:07:00,26.99,27.01,0.16
2020-08-07 06:08:00,27.01,27.01,0.16
2020-08-07 06:09:00,27.04,27.04,0.16
2020-08-07 06:10:00,27.02,27.04,0.16
2020-08-07 06:11:00,27.04,27.06,0.16
2020-08-07 06:12:00,27.07,27.09,0.16
2020-08-07 06:14:00,27.04,27.07,0.16
2020-08-07 06:15:00,27.04,27.04,0.16
2020-08-07 06:16:00,26.99,27.05,0.16
2020-08-07 06:17:00,26.94,27.00,0.16
2020-08-07 06:18:00,26.94,26.95,0.16
2020-08-07 06:19:00,26.94,26.95,0.16
2020-08-07 06:20:00,26.95,26.99,0.16
2020-08-07 06:21:00,26.95,26.99,0.16
2020-08-07 06:24:00,26.99,27.00,0.16
2020-08-07 06:26:00,27.00,27.02,0.16
2020-08-07 06:27:00,26.99,26.99,0.16
2020-08-07 06:28:00,26.97,26.99,0.16
2020-08-07 06:30:00,26.95,26.99,0.16
2020-08-07 06:31:00,26.99,26.99,0.16
2020-08-07 06:33:00,27.01,27.01,0.16
2020-08-07 06:34:00,26.99,27.00,0.16
2020-08-07 06:35:00,27.00,27.01,0.16
2020-08-07 06:36:00,26.99,27.01,0.16
2020-08-07 06:37:00,26.99,27.01,0.16
2020-08-07 06:38:00,27.00,27.01,0.16
2020-08-07 06:40:00,27.01,27.02,0.16
2020-08-07 06:41:00,27.01,27.01,0.16
2020-08-07 06:42:00,27.01,27.02,0.16
2020-08-07 06:55:00,27.06,27.06,0.16
2020-08-07 07:00:00,27.06,27.11,0.16
2020-08-07 07:01:00,26.99,27.06,0.16
2020-08-07 07:02:00,26.99,27.01,0.16
2020-08-07 07:03:00,27.00,27.01,0.16
2020-08-07 07:05:00,26.99,27.04,0.16
2020-08-07 07:06:00,27.04,27.11,0.16
2020-08-07 07:07:00,27.07,27.11,0.16
2020-08-07 07:08:00,27.09,27.11,0.16
2020-08-07 07:10:00,27.11,27.16,0.16
2020-08-07 07:11:00,27.11,27.15,0.16
2020-08-07 07:12:00,27.11,27.14,0.16
2020-08-07 07:14:00,27.10,27.11,0.16
2020-08-07 07:15:00,27.06,27.11,0.16
2020-08-07 07:16:00,27.06,27.11,0.16
2020-08-07 07:17:00,27.06,27.09,0.16
2020-08-07 07:18:00,27.04,27.06,0.16
2020-08-07 07:19:00,27.01,27.06,0.16
2020-08-07 07:20:00,27.04,27.06,0.16
2020-08-07 07:21:00,27.07,27.08,0.16
2020-08-07 07:22:00,27.06,27.08,0.16
2020-08-07 07:23:00,27.01,27.01,0.16
2020-08-07 07:24:00,26.96,27.01,0.16
2020-08-07 07:26:00,27.00,27.01,0.16
2020-08-07 07:27:00,26.98,27.01,0.16
2020-08-07 07:28:00,27.00,27.01,0.16
2020-08-07 07:30:00,26.96,27.02,0.16
2020-08-07 07:31:00,27.01,27.03,0.16
2020-08-07 07:32:00,27.01,27.01,0.16
2020-08-07 07:33:00,27.01,27.02,0.16
2020-08-07 07:34:00,27.01,27.02,0.16
2020-08-07 07:35:00,27.01,27.03,0.16
2020-08-07 07:36:00,27.01,27.06,0.16
2020-08-07 07:38:00,27.03,27.06,0.16
2020-08-07 07:39:00,27.01,27.06,0.16
2020-08-07 07:40:00,27.01,27.05,0.16
2020-08-07 07:41:00,27.01,27.06,0.16
2020-08-07 07:42:00,27.01,27.03,0.16
2020-08-07 07:43:00,27.01,27.04,0.16
2020-08-07 07:44:00,27.01,27.04,0.16
2020-08-07 07:45:00,26.99,27.06,0.16
2020-08-07 07:46:00,27.01,27.01,0.16
2020-08-07 07:47:00,26.99,27.01,0.16
2020-08-07 07:48:00,27.01,27.03,0.16
2020-08-07 07:49:00,27.01,27.03,0.16
2020-08-07 07:50:00,26.99,27.01,0.16
2020-08-07 07:51:00,26.99,27.01,0.16
2020-08-07 07:52:00,26.99,27.01,0.16
2020-08-07 07:54:00,27.03,27.06,0.16
2020-08-07 07:57:00,27.01,27.01,0.16
2020-08-07 07:58:00,26.93,27.01,0.16
2020-08-07 07:59:00,26.89,26.91,0.16
2020-08-07 08:00:00,26.84,26.90,0.16
2020-08-07 08:01:00,26.84,26.89,0.16
2020-08-07 08:02:00,26.88,26.89,0.16
2020-08-07 08:03:00,26.88,26.90,0.16
2020-08-07 08:04:00,26.90,26.93,0.16
2020-08-07 08:05:00,26.93,26.96,0.16
2020-08-07 08:06:00,26.91,26.96,0.16
2020-08-07 08:09:00,26.97,27.00,0.16
2020-08-07 08:10:00,27.01,27.01,0.16
2020-08-07 08:11:00,26.96,27.01,0.16
2020-08-07 08:12:00,26.96,27.00,0.16
2020-08-07 08:13:00,26.96,27.00,0.16
2020-08-07 08:14:00,26.96,26.98,0.16
2020-08-07 08:17:00,26.96,27.01,0.16
2020-08-07 08:18:00,26.98,27.01,0.16
2020-08-07 08:19:00,26.95,26.96,0.16
2020-08-07 08:20:00,26.96,27.01,0.16
2020-08-07 08:24:00,27.03,27.06,0.16
2020-08-07 08:25:00,27.04,27.06,0.16
2020-08-07 08:26:00,27.06,27.10,0.16
2020-08-07 08:27:00,27.06,27.08,0.16
2020-08-07 08:28:00,27.06,27.07,0.16
2020-08-07 08:29:00,27.08,27.13,0.16
2020-08-07 08:30:00,27.12,27.12,0.16
2020-08-07 08:31:00,27.13,27.15,0.16
2020-08-07 08:32:00,27.13,27.17,0.16
2020-08-07 08:33:00,27.13,27.17,0.16
2020-08-07 08:34:00,27.13,27.17,0.16
2020-08-07 08:35:00,27.17,27.18,0.16
2020-08-07 08:37:00,27.17,27.22,0.16
2020-08-07 08:38:00,27.17,27.18,0.16
2020-08-07 08:39:00,27.18,27.22,0.16
2020-08-07 08:40:00,27.18,27.22,0.16
2020-08-07 08:41:00,27.18,27.22,0.16
2020-08-07 08:42:00,27.17,27.20,0.16
2020-08-07 08:44:00,27.19,27.22,0.16
2020-08-07 08:45:00,27.17,27.22,0.16
2020-08-07 08:46:00,27.17,27.22,0.16
2020-08-07 08:47:00,27.18,27.22,0.16
2020-08-07 08:48:00,27.17,27.20,0.16
2020-08-07 08:51:00,27.17,27.20,0.16
2020-08-07 08:52:00,27.17,27.22,0.16
2020-08-07 08:53:00,27.17,27.18,0.16
2020-08-07 08:54:00,27.17,27.18,0.16
2020-08-07 08:55:00,27.17,27.18,0.16
2020-08-07 09:00:00,27.17,27.19,0.16
2020-08-07 09:01:00,27.19,27.20,0.16
2020-08-07 09:02:00,27.19,27.22,0.16
2020-08-07 09:03:00,27.22,27.23,0.16
2020-08-07 09:04:00,27.23,27.27,0.16
2020-08-07 09:05:00,27.27,27.32,0.16
2020-08-07 09:06:00,27.29,27.29,0.16
2020-08-07 09:07:00,27.27,27.29,0.16
2020-08-07 09:08:00,27.28,27.29,0.16
2020-08-07 09:09:00,27.27,27.29,0.16
2020-08-07 09:10:00,27.27,27.29,0.16
2020-08-07 09:11:00,27.27,27.28,0.16
2020-08-07 09:12:00,27.29,27.30,0.16
2020-08-07 09:13:00,27.29,27.32,0.16
2020-08-07 09:14:00,27.30,27.33,0.16
2020-08-07 09:15:00,27.32,27.38,0.16
2020-08-07 09:16:00,27.29,27.30,0.16
2020-08-07 09:17:00,27.29,27.29,0.16
2020-08-07 09:18:00,27.29,27.30,0.16
2020-08-07 09:20:00,27.29,27.34,0.16
2020-08-07 09:22:00,27.29,27.31,0.16
2020-08-07 09:23:00,27.29,27.34,0.16
2020-08-07 09:24:00,27.29,27.34,0.16
2020-08-07 09:25:00,27.34,27.34,0.16
2020-08-07 09:26:00,27.35,27.39,0.16
2020-08-07 09:27:00,27.34,27.35,0.16
2020-08-07 09:28:00,27.34,27.37,0.16
2020-08-07 09:29:00,27.34,27.39,0.16
2020-08-07 09:30:00,27.34,27.39,0.16
2020-08-07 09:31:00,27.34,27.34,0.16
2020-08-07 09:32:00,27.30,27.34,0.16
2020-08-07 09:33:00,27.32,27.34,0.16
2020-08-07 09:36:00,27.32,27.34,0.16
2020-08-07 09:37:00,27.30,27.32,0.16
2020-08-07 09:38:00,27.29,27.30,0.16
2020-08-07 09:39:00,27.29,27.32,0.16
2020-08-07 09:40:00,27.29,27.30,0.16
2020-08-07 09:41:00,27.30,27.32,0.16
2020-08-07 09:42:00,27.29,27.32,0.16
2020-08-07 09:43:00,27.29,27.30,0.16
2020-08-07 09:44:00,27.29,27.30,0.16
2020-08-07 09:45:00,27.30,27.32,0.16
2020-08-07 09:46:00,27.29,27.30,0.16
2020-08-07 09:47:00,27.27,27.29,0.16
2020-08-07 09:48:00,27.29,27.29,0.16
2020-08-07 09:49:00,27.29,27.32,0.16
2020-08-07 09:50:00,27.29,27.32,0.16
2020-08-07 09:51:00,27.29,27.31,0.16
2020-08-07 09:52:00,27.27,27.28,0.16
2020-08-07 09:53:00,27.27,27.28,0.16
2020-08-07 09:56:00,27.28,27.32,0.16
2020-08-07 09:57:00,27.27,27.29,0.16
2020-08-07 09:58:00,27.29,27.31,0.16
2020-08-07 09:59:00,27.29,27.31,0.16
2020-08-07 10:00:00,27.29,27.33,0.16
2020-08-07 10:01:00,27.29,27.32,0.16
2020-08-07 10:03:00,27.31,27.32,0.16
2020-08-07 10:04:00,27.27,27.31,0.16
2020-08-07 10:05:00,27.27,27.31,0.16
2020-08-07 10:08:00,27.28,27.32,0.16
2020-08-07 10:09:00,27.32,27.34,0.16
2020-08-07 10:13:00,27.29,27.33,0.16
2020-08-07 10:16:00,27.29,27.30,0.16
2020-08-07 10:20:00,27.29,27.34,0.16
2020-08-07 10:22:00,27.27,27.27,0.16
2020-08-07 10:23:00,27.26,27.27,0.16
2020-08-07 10:24:00,27.27,27.28,0.16
2020-08-07 10:30:00,27.27,27.29,0.16
2020-08-07 10:32:00,27.24,27.24,0.16
2020-08-07 10:35:00,27.19,27.24,0.16
2020-08-07 10:36:00,27.22,27.22,0.16
2020-08-07 10:37:00,27.22,27.24,0.16
2020-08-07 10:38:00,27.24,27.24,0.16
2020-08-07 10:40:00,27.23,27.24,0.16
2020-08-07 10:42:00,27.23,27.24,0.16
2020-08-07 10:43:00,27.22,27.23,0.16
2020-08-07 10:44:00,27.21,27.23,0.16
2020-08-07 10:45:00,27.22,27.22,0.16
2020-08-07 10:48:00,27.19,27.19,0.16
2020-08-07 10:49:00,27.19,27.22,0.16
2020-08-07 10:53:00,27.21,27.21,0.16
2020-08-07 10:54:00,27.19,27.19,0.16
2020-08-07 10:56:00,27.18,27.18,0.16
2020-08-07 10:57:00,27.19,27.19,0.16
2020-08-07 10:58:00,27.18,27.19,0.16
2020-08-07 11:00:00,27.18,27.18,0.16
2020-08-07 11:02:00,27.13,27.16,0.16
2020-08-07 11:03:00,27.14,27.14,0.16
2020-08-07 11:04:00,27.14,27.18,0.16
2020-08-07 11:05:00,27.14,27.14,0.16
2020-08-07 11:06:00,27.13,27.14,0.16
2020-08-07 11:10:00,27.13,27.14,0.16
2020-08-07 11:11:00,27.14,27.15,0.16
2020-08-07 11:12:00,27.13,27.13,0.16
2020-08-07 11:19:00,27.15,27.15,0.16
2020-08-07 11:20:00,27.13,27.15,0.16
2020-08-07 11:22:00,27.13,27.15,0.16
2020-08-07 11:23:00,27.14,27.15,0.16
2020-08-07 11:25:00,27.13,27.14,0.16
2020-08-07 11:29:00,27.11,27.13,0.16
2020-08-07 11:32:00,27.08,27.12,0.16
2020-08-07 11:33:00,27.10,27.13,0.16
2020-08-07 11:35:00,27.11,27.13,0.16
2020-08-07 11:39:00,27.15,27.15,0.16
2020-08-07 11:43:00,27.13,27.15,0.16
2020-08-07 11:44:00,27.13,27.15,0.16
2020-08-07 11:45:00,27.13,27.15,0.16
2020-08-07 11:46:00,27.15,27.15,0.16
2020-08-07 11:48:00,27.13,27.13,0.16
2020-08-07 11:49:00,27.13,27.15,0.16
2020-08-07 11:50:00,27.14,27.14,0.16
2020-08-07 11:51:00,27.15,27.15,0.16
2020-08-07 11:52:00,27.14,27.15,0.16
2020-08-07 11:54:00,27.13,27.14,0.16
2020-08-07 11:55:00,27.13,27.13,0.16
2020-08-07 11:56:00,27.13,27.14,0.16
2020-08-07 11:57:00,27.13,27.14,0.16
2020-08-07 11:58:00,27.13,27.14,0.16
2020-08-07 11:59:00,27.13,27.15,0.16
2020-08-07 12:02:00,27.14,27.15,0.16
2020-08-07 12:03:00,27.18,27.18,0.16
2020-08-07 12:04:00,27.16,27.18,0.16
2020-08-07 12:05:00,27.15,27.15,0.16
2020-08-07 12:08:00,27.15,27.16,0.16
2020-08-07 12:09:00,27.16,27.18,0.16
2020-08-07 12:10:00,27.15,27.18,0.16
2020-08-07 12:12:00,27.15,27.16,0.16
2020-08-07 12:13:00,27.16,27.18,0.16
2020-08-07 12:14:00,27.15,27.17,0.16
2020-08-07 12:15:00,27.13,27.13,0.16
2020-08-07 12:19:00,27.08,27.08,0.16
2020-08-07 12:20:00,27.08,27.10,0.16
2020-08-07 12:21:00,27.06,27.06,0.16
2020-08-07 12:22:00,27.03,27.08,0.16
2020-08-07 12:23:00,27.03,27.06,0.16
2020-08-07 12:24:00,27.03,27.08,0.16
2020-08-07 12:26:00,27.07,27.08,0.16
2020-08-07 12:27:00,27.03,27.07,0.16
2020-08-07 12:28:00,27.02,27.08,0.16
2020-08-07 12:29:00,27.02,27.05,0.16
2020-08-07 12:30:00,26.80,27.02,0.16
2020-08-07 12:31:00,26.80,26.88,0.16
2020-08-07 12:32:00,26.71,26.83,0.16
2020-08-07 12:33:00,26.70,26.76,0.16
2020-08-07 12:34:00,26.77,26.90,0.16
2020-08-07 12:35:00,26.88,26.92,0.16
2020-08-07 12:36:00,26.86,26.88,0.16
2020-08-07 12:37:00,26.86,26.91,0.16
2020-08-07 12:38:00,26.86,26.88,0.16
2020-08-07 12:39:00,26.86,26.88,0.16
2020-08-07 12:40:00,26.90,26.91,0.16
2020-08-07 12:41:00,26.91,26.96,0.16
2020-08-07 12:42:00,26.88,26.96,0.16
2020-08-07 12:43:00,26.91,27.03,0.16
2020-08-07 12:44:00,27.02,27.03,0.16
2020-08-07 12:45:00,27.01,27.08,0.16
2020-08-07 12:46:00,27.01,27.05,0.16
2020-08-07 12:47:00,27.03,27.11,0.16
2020-08-07 12:48:00,27.01,27.11,0.16
2020-08-07 12:49:00,27.05,27.06,0.16
2020-08-07 12:50:00,27.06,27.11,0.16
2020-08-07 12:51:00,27.10,27.11,0.16
2020-08-07 12:52:00,27.01,27.08,0.16
2020-08-07 12:53:00,27.01,27.06,0.16
2020-08-07 12:54:00,26.96,27.01,0.16
2020-08-07 12:55:00,26.96,27.01,0.16
2020-08-07 12:56:00,27.02,27.02,0.16
2020-08-07 12:57:00,27.02,27.06,0.16
2020-08-07 12:58:00,27.02,27.07,0.16
2020-08-07 13:00:00,27.05,27.07,0.16
2020-08-07 13:01:00,27.02,27.02,0.16
2020-08-07 13:02:00,27.00,27.02,0.16
2020-08-07 13:03:00,27.00,27.02,0.16
2020-08-07 13:05:00,27.00,27.02,0.16
2020-08-07 13:06:00,27.03,27.07,0.16
2020-08-07 13:11:00,27.07,27.09,0.16
2020-08-07 13:12:00,27.07,27.12,0.16
2020-08-07 13:13:00,27.10,27.12,0.16
2020-08-07 13:16:00,27.12,27.15,0.16
2020-08-07 13:18:00,27.12,27.17,0.16
2020-08-07 13:19:00,27.12,27.17,0.16
2020-08-07 13:20:00,27.12,27.17,0.16
2020-08-07 13:21:00,27.12,27.17,0.16
2020-08-07 13:22:00,27.12,27.15,0.16
2020-08-07 13:23:00,27.12,27.14,0.16
2020-08-07 13:25:00,27.12,27.15,0.16
2020-08-07 13:26:00,27.12,27.13,0.16
2020-08-07 13:28:00,27.12,27.13,0.16
2020-08-07 13:30:00,27.12,27.19,0.16
2020-08-07 13:31:00,27.07,27.12,0.16
2020-08-07 13:32:00,27.07,27.12,0.16
2020-08-07 13:33:00,27.07,27.12,0.16
2020-08-07 13:34:00,27.05,27.07,0.16
2020-08-07 13:35:00,27.07,27.12,0.16
2020-08-07 13:36:00,27.07,27.12,0.16
2020-08-07 13:37:00,27.07,27.10,0.16
2020-08-07 13:39:00,27.07,27.12,0.16
2020-08-07 13:40:00,27.07,27.12,0.16
2020-08-07 13:41:00,27.10,27.17,0.16
2020-08-07 13:42:00,27.00,27.07,0.16
2020-08-07 13:43:00,26.95,26.97,0.16
2020-08-07 13:44:00,26.95,26.97,0.16
2020-08-07 13:45:00,26.95,26.97,0.16
2020-08-07 13:46:00,26.92,26.97,0.16
2020-08-07 13:47:00,26.90,26.95,0.16
2020-08-07 13:50:00,26.85,26.90,0.16
2020-08-07 13:51:00,26.90,26.90,0.16
2020-08-07 13:53:00,26.83,26.87,0.16
2020-08-07 13:54:00,26.83,26.85,0.16
2020-08-07 13:55:00,26.85,26.88,0.16
2020-08-07 13:56:00,26.80,26.83,0.16
2020-08-07 13:57:00,26.75,26.80,0.16
2020-08-07 13:58:00,26.78,26.80,0.16
2020-08-07 13:59:00,26.80,26.85,0.16
2020-08-07 14:00:00,26.80,26.85,0.16
2020-08-07 14:01:00,26.83,26.85,0.16
2020-08-07 14:02:00,26.85,26.90,0.16
2020-08-07 14:03:00,26.85,26.88,0.16
2020-08-07 14:04:00,26.85,26.88,0.16
2020-08-07 14:05:00,26.85,26.93,0.16
2020-08-07 14:06:00,26.90,26.95,0.16
2020-08-07 14:07:00,26.93,26.95,0.16
2020-08-07 14:08:00,26.88,26.90,0.16
2020-08-07 14:10:00,26.83,26.86,0.16
2020-08-07 14:11:00,26.78,26.83,0.16
2020-08-07 14:12:00,26.78,26.83,0.16
2020-08-07 14:13:00,26.78,26.83,0.16
2020-08-07 14:16:00,26.83,26.88,0.16
2020-08-07 14:18:00,26.88,26.90,0.16
2020-08-07 14:19:00,26.90,26.95,0.16
2020-08-07 14:20:00,26.98,27.02,0.16
2020-08-07 14:21:00,27.04,27.05,0.16
2020-08-07 14:22:00,27.00,27.02,0.16
2020-08-07 14:23:00,26.98,27.00,0.16
2020-08-07 14:24:00,27.00,27.00,0.16
2020-08-07 14:25:00,26.95,27.00,0.16
2020-08-07 14:26:00,26.98,27.00,0.16
2020-08-07 14:27:00,26.95,26.95,0.16
2020-08-07 14:28:00,26.93,26.98,0.16
2020-08-07 14:29:00,26.93,26.95,0.16
2020-08-07 14:30:00,26.87,26.93,0.16
2020-08-07 14:31:00,26.83,26.88,0.16
2020-08-07 14:32:00,26.78,26.82,0.16
2020-08-07 14:33:00,26.78,26.82,0.16
2020-08-07 14:34:00,26.77,26.82,0.16
2020-08-07 14:35:00,26.77,26.82,0.16
2020-08-07 14:36:00,26.77,26.79,0.16
2020-08-07 14:37:00,26.77,26.79,0.16
2020-08-07 14:38:00,26.77,26.79,0.16
2020-08-07 14:41:00,26.72,26.75,0.16
2020-08-07 14:43:00,26.70,26.72,0.16
2020-08-07 14:44:00,26.72,26.72,0.16
2020-08-07 14:45:00,26.70,26.72,0.16
2020-08-07 14:46:00,26.70,26.72,0.16
2020-08-07 14:48:00,26.68,26.70,0.16
2020-08-07 14:49:00,26.68,26.68,0.16
2020-08-07 14:50:00,26.68,26.70,0.16
2020-08-07 14:51:00,26.63,26.68,0.16
2020-08-07 14:52:00,26.63,26.65,0.16
2020-08-07 14:53:00,26.63,26.65,0.16
2020-08-07 14:54:00,26.63,26.65,0.16
2020-08-07 14:55:00,26.60,26.65,0.16
2020-08-07 14:56:00,26.63,26.68,0.16
2020-08-07 15:00:00,26.66,26.68,0.16
2020-08-07 15:01:00,26.63,26.71,0.16
2020-08-07 15:02:00,26.68,26.73,0.16
2020-08-07 15:03:00,26.71,26.72,0.16
2020-08-07 15:04:00,26.68,26.71,0.16
2020-08-07 15:07:00,26.73,26.73,0.16
2020-08-07 15:08:00,26.71,26.71,0.16
2020-08-07 15:11:00,26.70,26.71,0.16
2020-08-07 15:14:00,26.76,26.76,0.16
2020-08-07 15:15:00,26.76,26.78,0.16
2020-08-07 15:16:00,26.76,26.81,0.16
2020-08-07 15:17:00,26.81,26.83,0.16
2020-08-07 15:18:00,26.83,26.86,0.16
2020-08-07 15:20:00,26.78,26.81,0.16
2020-08-07 15:22:00,26.73,26.76,0.16
2020-08-07 15:23:00,26.73,26.76,0.16
2020-08-07 15:24:00,26.75,26.76,0.16
2020-08-07 15:25:00,26.77,26.77,0.16
2020-08-07 15:29:00,26.78,26.82,0.16
2020-08-07 15:30:00,26.77,26.78,0.16
2020-08-07 15:33:00,26.72,26.75,0.16
2020-08-07 15:35:00,26.67,26.70,0.16
2020-08-07 15:36:00,26.65,26.70,0.16
2020-08-07 15:37:00,26.62,26.67,0.16
2020-08-07 15:39:00,26.62,26.65,0.16
2020-08-07 15:40:00,26.60,26.61,0.16
2020-08-07 15:43:00,26.57,26.60,0.16
2020-08-07 15:44:00,26.55,26.60,0.16
2020-08-07 15:49:00,26.55,26.60,0.16
2020-08-07 15:50:00,26.60,26.62,0.16
2020-08-07 15:52:00,26.57,26.60,0.16
2020-08-07 15:53:00,26.57,26.62,0.16
2020-08-07 15:54:00,26.62,26.65,0.16
2020-08-07 15:55:00,26.65,26.67,0.16
2020-08-07 15:56:00,26.62,26.67,0.16
2020-08-07 15:57:00,26.69,26.72,0.16
2020-08-07 15:58:00,26.67,26.72,0.16
2020-08-07 15:59:00,26.67,26.74,0.16
2020-08-07 16:00:00,26.77,26.79,0.16
2020-08-07 16:01:00,26.74,26.77,0.16
2020-08-07 16:02:00,26.72,26.77,0.16
2020-08-07 16:07:00,26.75,26.77,0.16
2020-08-07 16:08:00,26.78,26.84,0.16
2020-08-07 16:09:00,26.77,26.82,0.16
2020-08-07 16:10:00,26.72,26.77,0.16
2020-08-07 16:12:00,26.67,26.71,0.16
2020-08-07 16:13:00,26.67,26.72,0.16
2020-08-07 16:14:00,26.67,26.72,0.16
2020-08-07 16:15:00,26.67,26.72,0.16
2020-08-07 16:17:00,26.65,26.65,0.16
2020-08-07 16:18:00,26.62,26.67,0.16
2020-08-07 16:19:00,26.65,26.67,0.16
2020-08-07 16:20:00,26.65,26.67,0.16
2020-08-07 16:21:00,26.65,26.67,0.16
2020-08-07 16:22:00,26.62,26.64,0.16
2020-08-07 16:23:00,26.60,26.60,0.16
2020-08-07 16:24:00,26.55,26.58,0.16
2020-08-07 16:25:00,26.50,26.57,0.16
2020-08-07 16:26:00,26.50,26.53,0.16
2020-08-07 16:28:00,26.45,26.49,0.16
2020-08-07 16:29:00,26.43,26.48,0.16
2020-08-07 16:30:00,26.45,26.48,0.16
2020-08-07 16:31:00,26.45,26.47,0.16
2020-08-07 16:32:00,26.45,26.47,0.16
2020-08-07 16:34:00,26.43,26.43,0.16
2020-08-07 16:35:00,26.43,26.45,0.16
2020-08-07 16:36:00,26.40,26.43,0.16
2020-08-07 16:37:00,26.40,26.43,0.16
2020-08-07 16:38:00,26.40,26.43,0.16
2020-08-07 16:39:00,26.40,26.43,0.16
2020-08-07 16:40:00,26.42,26.43,0.16
2020-08-07 16:43:00,26.38,26.40,0.16
2020-08-07 16:45:00,26.38,26.43,0.16
2020-08-07 16:47:00,26.38,26.43,0.16
2020-08-07 16:48:00,26.38,26.43,0.16
2020-08-07 16:49:00,26.40,26.45,0.16
2020-08-07 16:50:00,26.43,26.45,0.16
2020-08-07 16:52:00,26.44,26.45,0.16
2020-08-07 16:53:00,26.47,26.50,0.16
2020-08-07 16:54:00,26.45,26.50,0.16
2020-08-07 16:55:00,26.49,26.50,0.16
2020-08-07 16:56:00,26.45,26.49,0.16
2020-08-07 16:57:00,26.44,26.50,0.16
2020-08-07 16:58:00,26.45,26.49,0.16
2020-08-07 16:59:00,26.45,26.50,0.16
2020-08-07 17:00:00,26.50,26.54,0.16
2020-08-07 17:01:00,26.54,26.55,0.16
2020-08-07 17:02:00,26.50,26.55,0.16
2020-08-07 17:03:00,26.50,26.54,0.16
2020-08-07 17:04:00,26.54,26.59,0.16
2020-08-07 17:05:00,26.55,26.60,0.16
2020-08-07 17:06:00,26.59,26.60,0.16
2020-08-07 17:07:00,26.59,26.64,0.16
2020-08-07 17:08:00,26.60,26.69,0.16
2020-08-07 17:09:00,26.69,26.75,0.16
2020-08-07 17:10:00,26.74,26.85,0.16
2020-08-07 17:11:00,26.71,26.80,0.16
2020-08-07 17:13:00,26.71,26.79,0.16
2020-08-07 17:14:00,26.76,26.76,0.16
2020-08-07 17:15:00,26.74,26.81,0.16
2020-08-07 17:16:00,26.74,26.76,0.16
2020-08-07 17:17:00,26.70,26.74,0.16
2020-08-07 17:18:00,26.73,26.79,0.16
2020-08-07 17:19:00,26.74,26.79,0.16
2020-08-07 17:20:00,26.74,26.81,0.16
2020-08-07 17:21:00,26.75,26.81,0.16
2020-08-07 17:22:00,26.76,26.86,0.16
2020-08-07 17:23:00,26.81,26.86,0.16
2020-08-07 17:24:00,26.81,26.86,0.16
2020-08-07 17:26:00,26.76,26.77,0.16
2020-08-07 17:27:00,26.71,26.76,0.16
2020-08-07 17:28:00,26.71,26.76,0.16
2020-08-07 17:29:00,26.64,26.72,0.16
2020-08-07 17:30:00,26.64,26.71,0.16
2020-08-07 17:31:00,26.59,26.62,0.16
2020-08-07 17:32:00,26.59,26.62,0.16
2020-08-07 17:33:00,26.59,26.64,0.16
2020-08-07 17:34:00,26.59,26.64,0.16
2020-08-07 17:36:00,26.54,26.57,0.16
2020-08-07 17:37:00,26.52,26.53,0.16
2020-08-07 17:38:00,26.49,26.54,0.16
2020-08-07 17:39:00,26.54,26.54,0.16
2020-08-07 17:41:00,26.49,26.54,0.16
2020-08-07 17:42:00,26.51,26.56,0.16
2020-08-07 17:43:00,26.59,26.59,0.16
2020-08-07 17:44:00,26.56,26.60,0.16
2020-08-07 17:45:00,26.56,26.61,0.16
2020-08-07 17:46:00,26.59,26.64,0.16
2020-08-07 17:47:00,26.61,26.66,0.16
2020-08-07 17:48:00,26.61,26.69,0.16
2020-08-07 17:49:00,26.71,26.76,0.16
2020-08-07 17:50:00,26.71,26.76,0.16
2020-08-07 17:51:00,26.72,26.76,0.16
2020-08-07 17:52:00,26.74,26.81,0.16
2020-08-07 17:53:00,26.76,26.81,0.16
2020-08-07 17:54:00,26.76,26.81,0.16
2020-08-07 17:55:00,26.74,26.81,0.16
2020-08-07 17:56:00,26.69,26.74,0.16
2020-08-07 17:57:00,26.72,26.76,0.16
2020-08-07 17:58:00,26.76,26.81,0.16
2020-08-07 17:59:00,26.79,26.81,0.16
2020-08-07 18:00:00,26.69,26.81,0.16
2020-08-07 18:01:00,26.69,26.74,0.16
2020-08-07 18:02:00,26.64,26.69,0.16
2020-08-07 18:03:00,26.69,26.76,0.16
2020-08-07 18:04:00,26.69,26.74,0.16
2020-08-07 18:05:00,26.69,26.74,0.16
2020-08-07 18:06:00,26.74,26.79,0.16
2020-08-07 18:07:00,26.80,26.91,0.16
2020-08-07 18:08:00,26.81,26.86,0.16
2020-08-07 18:09:00,26.88,26.91,0.16
2020-08-07 18:10:00,26.79,26.88,0.16
2020-08-07 18:12:00,26.74,26.79,0.16
2020-08-07 18:13:00,26.69,26.74,0.16
2020-08-07 18:14:00,26.69,26.73,0.16
2020-08-07 18:15:00,26.69,26.78,0.16
2020-08-07 18:16:00,26.74,26.79,0.16
2020-08-07 18:17:00,26.74,26.84,0.16
2020-08-07 18:18:00,26.84,26.86,0.16
2020-08-07 18:19:00,26.86,26.91,0.16
2020-08-07 18:20:00,26.86,26.96,0.16
2020-08-07 18:21:00,26.91,26.98,0.16
2020-08-07 18:22:00,26.99,27.07,0.16
2020-08-07 18:23:00,27.06,27.13,0.16
2020-08-07 18:24:00,27.06,27.13,0.16
2020-08-07 18:25:00,27.09,27.16,0.16
2020-08-07 18:26:00,27.08,27.13,0.16
2020-08-07 18:27:00,27.06,27.11,0.16
2020-08-07 18:28:00,27.05,27.08,0.16
2020-08-07 18:29:00,27.06,27.08,0.16
2020-08-07 18:30:00,27.08,27.18,0.16
2020-08-07 18:31:00,27.11,27.17,0.16
2020-08-07 18:32:00,27.11,27.18,0.16
2020-08-07 18:33:00,27.06,27.16,0.16
2020-08-07 18:34:00,26.96,27.08,0.16
2020-08-07 18:35:00,26.93,27.01,0.16
2020-08-07 18:36:00,26.93,26.96,0.16
2020-08-07 18:37:00,26.96,27.03,0.16
2020-08-07 18:38:00,26.98,27.06,0.16
2020-08-07 18:39:00,27.01,27.03,0.16
2020-08-07 18:40:00,27.02,27.08,0.16
2020-08-07 18:41:00,27.03,27.13,0.16
2020-08-07 18:42:00,27.08,27.13,0.16
2020-08-07 18:43:00,27.13,27.20,0.16
2020-08-07 18:44:00,27.03,27.18,0.16
2020-08-07 18:45:00,27.03,27.13,0.16
2020-08-07 18:46:00,27.10,27.15,0.16
2020-08-07 18:47:00,27.03,27.15,0.16
2020-08-07 18:48:00,26.93,26.98,0.16
2020-08-07 18:49:00,26.93,26.99,0.16
2020-08-07 18:50:00,26.95,27.03,0.16
2020-08-07 18:51:00,26.93,27.00,0.16
2020-08-07 18:52:00,26.88,26.98,0.16
2020-08-07 18:53:00,26.88,26.95,0.16
2020-08-07 18:54:00,26.90,26.95,0.16
2020-08-07 18:55:00,26.88,26.95,0.16
2020-08-07 18:56:00,26.83,26.88,0.16
2020-08-07 18:57:00,26.83,26.88,0.16
2020-08-07 18:58:00,26.85,26.90,0.16
2020-08-07 18:59:00,26.80,26.87,0.16
2020-08-07 19:00:00,26.80,26.87,0.16
2020-08-07 19:01:00,26.80,26.83,0.16
2020-08-07 19:02:00,26.78,26.80,0.16
2020-08-07 19:03:00,26.73,26.79,0.16
2020-08-07 19:04:00,26.73,26.75,0.16
2020-08-07 19:05:00,26.74,26.80,0.16
2020-08-07 19:06:00,26.75,26.80,0.16
2020-08-07 19:07:00,26.75,26.80,0.16
2020-08-07 19:09:00,26.75,26.78,0.16
2020-08-07 19:10:00,26.79,26.94,0.16
2020-08-07 19:11:00,26.80,26.92,0.16
2020-08-07 19:12:00,26.88,26.97,0.16
2020-08-07 19:13:00,26.92,27.07,0.16
2020-08-07 19:14:00,27.02,27.10,0.16
2020-08-07 19:15:00,26.93,27.08,0.16
2020-08-07 19:16:00,26.85,26.93,0.16
2020-08-07 19:17:00,26.83,26.90,0.16
2020-08-07 19:18:00,26.78,26.83,0.16
2020-08-07 19:19:00,26.78,26.83,0.16
2020-08-07 19:20:00,26.78,26.88,0.16
2020-08-07 19:21:00,26.83,26.87,0.16
2020-08-07 19:22:00,26.78,26.82,0.16
2020-08-07 19:23:00,26.72,26.78,0.16
2020-08-07 19:24:00,26.72,26.77,0.16
2020-08-07 19:25:00,26.67,26.73,0.16
2020-08-07 19:26:00,26.72,26.77,0.16
2020-08-07 19:27:00,26.73,26.78,0.16
2020-08-07 19:28:00,26.77,26.83,0.16
2020-08-07 19:29:00,26.78,26.88,0.16
2020-08-07 19:30:00,26.83,26.93,0.16
2020-08-07 19:31:00,26.92,26.98,0.16
2020-08-07 19:32:00,26.93,26.98,0.16
2020-08-07 19:33:00,26.85,26.93,0.16
2020-08-07 19:34:00,26.83,26.88,0.16
2020-08-07 19:35:00,26.83,26.88,0.16
2020-08-07 19:36:00,26.88,26.93,0.16
2020-08-07 19:37:00,26.82,26.88,0.16
2020-08-07 19:38:00,26.77,26.82,0.16
2020-08-07 19:39:00,26.77,26.82,0.16
2020-08-07 19:40:00,26.72,26.78,0.16
2020-08-07 19:41:00,26.72,26.77,0.16
2020-08-07 19:42:00,26.77,26.82,0.16
2020-08-07 19:43:00,26.72,26.79,0.16
2020-08-07 19:44:00,26.67,26.69,0.16
2020-08-07 19:45:00,26.67,26.69,0.16
2020-08-07 19:46:00,26.62,26.67,0.16
2020-08-07 19:48:00,26.60,26.62,0.16
2020-08-07 19:49:00,26.62,26.63,0.16
2020-08-07 19:50:00,26.62,26.67,0.16
2020-08-07 19:51:00,26.67,26.69,0.16
2020-08-07 19:52:00,26.62,26.67,0.16
2020-08-07 19:53:00,26.62,26.69,0.16
2020-08-07 19:54:00,26.62,26.67,0.16
2020-08-07 19:55:00,26.62,26.67,0.16
2020-08-07 19:57:00,26.67,26.67,0.16
2020-08-07 19:58:00,26.64,26.69,0.16
2020-08-07 19:59:00,26.62,26.72,0.16
2020-08-07 20:00:00,26.63,26.67,0.16
2020-08-07 20:01:00,26.62,26.64,0.16
2020-08-07 20:02:00,26.62,26.64,0.16
2020-08-07 20:03:00,26.65,26.67,0.16
2020-08-07 20:06:00,26.62,26.65,0.16
2020-08-07 20:07:00,26.62,26.65,0.16
2020-08-07 20:12:00,26.65,26.70,0.16
2020-08-07 20:13:00,26.68,26.70,0.16
2020-08-07 20:14:00,26.67,26.72,0.16
2020-08-07 20:31:00,26.68,26.72,0.16
2020-08-07 20:32:00,26.68,26.70,0.16
2020-08-07 20:33:00,26.67,26.72,0.16
2020-08-07 20:34:00,26.67,26.69,0.16
2020-08-09 22:01:00,26.98,27.11,0.16
2020-08-09 22:02:00,27.00,27.04,0.16
2020-08-09 22:03:00,26.94,27.00,0.16
2020-08-09 22:05:00,27.01,27.01,0.16
2020-08-09 22:07:00,26.98,27.01,0.16
2020-08-09 22:08:00,27.01,27.01,0.16
2020-08-09 22:10:00,26.91,26.96,0.16
2020-08-09 22:15:00,26.86,26.91,0.16
2020-08-09 22:17:00,26.92,26.92,0.16
2020-08-09 22:18:00,26.91,26.96,0.16
2020-08-09 22:20:00,26.91,26.92,0.16
2020-08-09 22:21:00,26.94,27.01,0.16
2020-08-09 22:22:00,27.01,27.06,0.16
2020-08-09 22:23:00,27.06,27.07,0.16
2020-08-09 22:24:00,27.06,27.07,0.16
2020-08-09 22:25:00,27.02,27.07,0.16
2020-08-09 22:26:00,27.07,27.07,0.16
2020-08-09 22:27:00,27.09,27.09,0.16
2020-08-09 22:28:00,27.07,27.07,0.16
2020-08-09 22:29:00,27.06,27.07,0.16
2020-08-09 22:30:00,27.06,27.07,0.16
2020-08-09 22:33:00,27.07,27.07,0.16
2020-08-09 22:34:00,27.06,27.07,0.16
2020-08-09 22:35:00,27.06,27.07,0.16
2020-08-09 22:38:00,27.07,27.07,0.16
2020-08-09 22:39:00,27.06,27.09,0.16
2020-08-09 22:40:00,27.06,27.07,0.16
2020-08-09 22:46:00,27.06,27.07,0.16
2020-08-09 22:47:00,27.06,27.07,0.16
2020-08-09 22:48:00,27.06,27.07,0.16
2020-08-09 22:49:00,27.06,27.07,0.16
2020-08-09 22:51:00,27.07,27.09,0.16
2020-08-09 22:52:00,27.11,27.11,0.16
2020-08-09 22:53:00,27.09,27.11,0.16
2020-08-09 22:55:00,27.09,27.11,0.16
2020-08-09 22:57:00,27.08,27.08,0.16
2020-08-09 22:58:00,27.06,27.09,0.16
2020-08-09 22:59:00,27.06,27.07,0.16
2020-08-09 23:00:00,27.06,27.06,0.16
2020-08-09 23:01:00,27.04,27.06,0.16
2020-08-09 23:27:00,27.06,27.08,0.16
2020-08-09 23:28:00,27.06,27.08,0.16
2020-08-09 23:29:00,27.06,27.06,0.16
2020-08-09 23:34:00,27.01,27.03,0.16
2020-08-09 23:38:00,26.96,27.01,0.16
2020-08-09 23:39:00,26.96,27.01,0.16
2020-08-09 23:41:00,26.98,27.01,0.16
2020-08-09 23:42:00,26.96,26.96,0.16
2020-08-09 23:47:00,26.97,26.97,0.16
2020-08-10 00:01:00,27.02,27.02,0.16
2020-08-10 00:03:00,26.97,26.97,0.16
2020-08-10 00:10:00,26.92,26.97,0.16
2020-08-10 00:13:00,26.92,26.97,0.16
2020-08-10 00:15:00,26.92,26.95,0.16
2020-08-10 00:21:00,26.97,26.97,0.16
2020-08-10 00:46:00,26.96,26.97,0.16
2020-08-10 00:49:00,26.92,26.92,0.16
2020-08-10 00:50:00,26.87,26.92,0.16
2020-08-10 00:51:00,26.91,26.92,0.16
2020-08-10 00:52:00,26.91,26.92,0.16
2020-08-10 00:53:00,26.92,26.92,0.16
2020-08-10 00:55:00,26.95,26.96,0.16
2020-08-10 00:56:00,26.96,26.97,0.16
2020-08-10 01:00:00,27.01,27.02,0.16
2020-08-10 01:01:00,27.03,27.07,0.16
2020-08-10 01:02:00,27.04,27.07,0.16
2020-08-10 01:05:00,27.06,27.07,0.16
2020-08-10 01:06:00,27.02,27.07,0.16
2020-08-10 01:07:00,27.04,27.07,0.16
2020-08-10 01:10:00,27.02,27.07,0.16
2020-08-10 01:11:00,27.02,27.04,0.16
2020-08-10 01:12:00,27.04,27.04,0.16
2020-08-10 01:13:00,27.02,27.02,0.16
2020-08-10 01:14:00,27.01,27.02,0.16
2020-08-10 01:15:00,27.01,27.02,0.16
2020-08-10 01:16:00,27.01,27.02,0.16
2020-08-10 01:17:00,27.01,27.02,0.16
2020-08-10 01:18:00,27.01,27.02,0.16
2020-08-10 01:20:00,27.02,27.06,0.16
2020-08-10 01:21:00,27.06,27.06,0.16
2020-08-10 01:22:00,27.02,27.06,0.16
2020-08-10 01:23:00,27.02,27.02,0.16
2020-08-10 01:24:00,27.02,27.06,0.16
2020-08-10 01:25:00,26.97,27.02,0.16
2020-08-10 01:27:00,26.97,26.99,0.16
2020-08-10 01:29:00,26.97,27.01,0.16
2020-08-10 01:30:00,26.97,27.01,0.16
2020-08-10 01:31:00,26.99,27.02,0.16
2020-08-10 01:32:00,26.97,27.02,0.16
2020-08-10 01:33:00,26.97,26.97,0.16
2020-08-10 01:34:00,26.96,26.97,0.16
2020-08-10 01:35:00,26.92,26.97,0.16
2020-08-10 01:36:00,26.91,26.92,0.16
2020-08-10 01:39:00,26.91,26.92,0.16
2020-08-10 01:40:00,26.91,26.94,0.16
2020-08-10 01:41:00,26.91,26.92,0.16
2020-08-10 01:42:00,26.91,26.91,0.16
2020-08-10 01:43:00,26.91,26.92,0.16
2020-08-10 01:45:00,26.91,26.92,0.16
2020-08-10 01:46:00,26.91,26.92,0.16
2020-08-10 01:47:00,26.92,26.94,0.16
2020-08-10 01:48:00,26.91,26.91,0.16
2020-08-10 01:49:00,26.89,26.91,0.16
2020-08-10 01:51:00,26.89,26.91,0.16
2020-08-10 01:54:00,26.91,26.94,0.16
2020-08-10 01:55:00,26.91,26.93,0.16
2020-08-10 01:56:00,26.89,26.91,0.16
2020-08-10 01:58:00,26.91,26.94,0.16
2020-08-10 02:00:00,26.92,26.96,0.16
2020-08-10 02:01:00,26.91,26.92,0.16
2020-08-10 02:03:00,26.89,26.91,0.16
2020-08-10 02:04:00,26.91,26.91,0.16
2020-08-10 02:05:00,26.89,26.91,0.16
2020-08-10 02:06:00,26.86,26.89,0.16
2020-08-10 02:07:00,26.86,26.91,0.16
2020-08-10 02:09:00,26.86,26.91,0.16
2020-08-10 02:11:00,26.89,26.91,0.16
2020-08-10 02:12:00,26.89,26.91,0.16
2020-08-10 02:13:00,26.86,26.89,0.16
2020-08-10 02:22:00,26.86,26.87,0.16
2020-08-10 02:24:00,26.87,26.91,0.16
2020-08-10 02:26:00,26.86,26.87,0.16
2020-08-10 02:27:00,26.86,26.87,0.16
2020-08-10 02:35:00,26.89,26.91,0.16
2020-08-10 02:38:00,26.86,26.90,0.16
2020-08-10 02:39:00,26.86,26.91,0.16
2020-08-10 02:40:00,26.89,26.91,0.16
2020-08-10 02:42:00,26.86,26.87,0.16
2020-08-10 02:43:00,26.86,26.89,0.16
2020-08-10 02:44:00,26.86,26.90,0.16
2020-08-10 02:45:00,26.90,26.92,0.16
2020-08-10 02:46:00,26.89,26.92,0.16
2020-08-10 02:47:00,26.92,26.92,0.16
2020-08-10 02:50:00,26.87,26.91,0.16
2020-08-10 03:02:00,26.85,26.87,0.16
2020-08-10 03:10:00,26.92,26.92,0.16
2020-08-10 03:12:00,26.87,26.90,0.16
2020-08-10 03:13:00,26.87,26.92,0.16
2020-08-10 03:14:00,26.89,26.92,0.16
2020-08-10 03:15:00,26.89,26.92,0.16
2020-08-10 03:16:00,26.87,26.89,0.16
2020-08-10 03:17:00,26.87,26.87,0.16
2020-08-10 03:33:00,26.86,26.87,0.16
2020-08-10 04:02:00,26.89,26.89,0.16
2020-08-10 04:03:00,26.87,26.91,0.16
2020-08-10 04:06:00,26.91,26.92,0.16
2020-08-10 04:14:00,26.91,26.92,0.16
2020-08-10 04:15:00,26.91,26.91,0.16
2020-08-10 04:21:00,26.87,26.87,0.16
2020-08-10 04:22:00,26.89,26.91,0.16
2020-08-10 04:23:00,26.87,26.91,0.16
2020-08-10 04:24:00,26.87,26.87,0.16
2020-08-10 04:30:00,26.86,26.86,0.16
2020-08-10 05:14:00,26.81,26.81,0.16
2020-08-10 05:17:00,26.81,26.82,0.16
2020-08-10 05:33:00,26.80,26.81,0.16
2020-08-10 05:35:00,26.82,26.82,0.16
2020-08-10 05:36:00,26.78,26.82,0.16
2020-08-10 05:37:00,26.80,26.82,0.16
2020-08-10 05:38:00,26.80,26.81,0.16
2020-08-10 05:39:00,26.77,26.80,0.16
2020-08-10 05:48:00,26.79,26.82,0.16
2020-08-10 05:51:00,26.77,26.80,0.16
2020-08-10 06:00:00,26.77,26.82,0.16
2020-08-10 06:09:00,26.77,26.82,0.16
2020-08-10 06:10:00,26.77,26.82,0.16
2020-08-10 06:11:00,26.77,26.77,0.16
2020-08-10 06:14:00,26.79,26.79,0.16
2020-08-10 06:15:00,26.80,26.82,0.16
2020-08-10 06:18:00,26.79,26.80,0.16
2020-08-10 06:19:00,26.79,26.80,0.16
2020-08-10 06:20:00,26.77,26.80,0.16
2020-08-10 06:21:00,26.77,26.79,0.16
2020-08-10 06:22:00,26.77,26.79,0.16
2020-08-10 06:25:00,26.79,26.82,0.16
2020-08-10 06:26:00,26.79,26.81,0.16
2020-08-10 06:27:00,26.81,26.82,0.16
2020-08-10 06:28:00,26.79,26.82,0.16
2020-08-10 06:29:00,26.81,26.82,0.16
2020-08-10 06:30:00,26.77,26.79,0.16
2020-08-10 06:31:00,26.79,26.79,0.16
2020-08-10 06:32:00,26.79,26.81,0.16
2020-08-10 06:33:00,26.79,26.81,0.16
2020-08-10 06:34:00,26.77,26.82,0.16
2020-08-10 06:36:00,26.81,26.82,0.16
2020-08-10 06:39:00,26.80,26.82,0.16
2020-08-10 06:43:00,26.77,26.77,0.16
2020-08-10 06:44:00,26.77,26.82,0.16
2020-08-10 06:45:00,26.81,26.82,0.16
2020-08-10 06:46:00,26.77,26.82,0.16
2020-08-10 06:47:00,26.82,26.82,0.16
2020-08-10 06:48:00,26.78,26.81,0.16
2020-08-10 06:49:00,26.79,26.81,0.16
2020-08-10 06:50:00,26.80,26.80,0.16
2020-08-10 06:51:00,26.82,26.82,0.16
2020-08-10 07:00:00,26.87,26.87,0.16
2020-08-10 07:01:00,26.85,26.92,0.16
2020-08-10 07:02:00,26.83,26.87,0.16
2020-08-10 07:04:00,26.82,26.87,0.16
2020-08-10 07:05:00,26.82,26.87,0.16
2020-08-10 07:06:00,26.86,26.87,0.16
2020-08-10 07:08:00,26.82,26.86,0.16
2020-08-10 07:09:00,26.82,26.86,0.16
2020-08-10 07:10:00,26.82,26.87,0.16
2020-08-10 07:11:00,26.81,26.81,0.16
2020-08-10 07:12:00,26.81,26.82,0.16
2020-08-10 07:13:00,26.81,26.86,0.16
2020-08-10 07:14:00,26.81,26.82,0.16
2020-08-10 07:15:00,26.77,26.84,0.16
2020-08-10 07:16:00,26.76,26.79,0.16
2020-08-10 07:22:00,26.71,26.71,0.16
2020-08-10 07:23:00,26.66,26.70,0.16
2020-08-10 07:24:00,26.66,26.71,0.16
2020-08-10 07:26:00,26.71,26.76,0.16
2020-08-10 07:28:00,26.72,26.76,0.16
2020-08-10 07:29:00,26.71,26.72,0.16
2020-08-10 07:30:00,26.65,26.70,0.16
2020-08-10 07:31:00,26.65,26.68,0.16
2020-08-10 07:32:00,26.66,26.66,0.16
2020-08-10 07:34:00,26.66,26.68,0.16
2020-08-10 07:35:00,26.65,26.66,0.16
2020-08-10 07:36:00,26.66,26.70,0.16
2020-08-10 07:37:00,26.68,26.71,0.16
2020-08-10 07:38:00,26.65,26.68,0.16
2020-08-10 07:39:00,26.66,26.70,0.16
2020-08-10 07:40:00,26.66,26.70,0.16
2020-08-10 07:41:00,26.70,26.71,0.16
2020-08-10 07:42:00,26.71,26.74,0.16
2020-08-10 07:50:00,26.70,26.70,0.16
2020-08-10 07:51:00,26.66,26.70,0.16
2020-08-10 07:53:00,26.71,26.73,0.16
2020-08-10 07:54:00,26.73,26.78,0.16
2020-08-10 07:55:00,26.73,26.76,0.16
2020-08-10 07:56:00,26.71,26.75,0.16
2020-08-10 07:58:00,26.71,26.75,0.16
2020-08-10 07:59:00,26.71,26.73,0.16
2020-08-10 08:00:00,26.71,26.73,0.16
2020-08-10 08:01:00,26.75,26.75,0.16
2020-08-10 08:03:00,26.75,26.76,0.16
2020-08-10 08:04:00,26.71,26.75,0.16
2020-08-10 08:05:00,26.75,26.76,0.16
2020-08-10 08:06:00,26.80,26.86,0.16
2020-08-10 08:08:00,26.81,26.86,0.16
2020-08-10 08:09:00,26.81,26.85,0.16
2020-08-10 08:10:00,26.81,26.86,0.16
2020-08-10 08:15:00,26.85,26.85,0.16
2020-08-10 08:16:00,26.80,26.81,0.16
2020-08-10 08:17:00,26.80,26.80,0.16
2020-08-10 08:18:00,26.81,26.81,0.16
2020-08-10 08:19:00,26.80,26.80,0.16
2020-08-10 08:20:00,26.78,26.81,0.16
2020-08-10 08:21:00,26.78,26.80,0.16
2020-08-10 08:22:00,26.80,26.85,0.16
2020-08-10 08:23:00,26.85,26.87,0.16
2020-08-10 08:24:00,26.85,26.86,0.16
2020-08-10 08:25:00,26.85,26.87,0.16
2020-08-10 08:28:00,26.85,26.87,0.16
2020-08-10 08:29:00,26.85,26.87,0.16
2020-08-10 08:30:00,26.87,26.90,0.16
2020-08-10 08:31:00,26.85,26.88,0.16
2020-08-10 08:32:00,26.85,26.90,0.16
2020-08-10 08:37:00,26.85,26.87,0.16
2020-08-10 08:39:00,26.80,26.85,0.16
2020-08-10 08:40:00,26.82,26.85,0.16
2020-08-10 08:41:00,26.87,26.87,0.16
2020-08-10 08:42:00,26.85,26.90,0.16
2020-08-10 08:43:00,26.87,26.90,0.16
2020-08-10 08:46:00,26.82,26.86,0.16
2020-08-10 08:47:00,26.82,26.82,0.16
2020-08-10 08:48:00,26.79,26.81,0.16
2020-08-10 08:49:00,26.77,26.79,0.16
2020-08-10 08:50:00,26.79,26.79,0.16
2020-08-10 08:51:00,26.72,26.77,0.16
2020-08-10 08:52:00,26.72,26.75,0.16
2020-08-10 09:02:00,26.72,26.75,0.16
2020-08-10 09:06:00,26.67,26.71,0.16
2020-08-10 09:07:00,26.69,26.71,0.16
2020-08-10 09:08:00,26.69,26.71,0.16
2020-08-10 09:09:00,26.69,26.71,0.16
2020-08-10 09:10:00,26.67,26.71,0.16
2020-08-10 09:11:00,26.69,26.71,0.16
2020-08-10 09:12:00,26.66,26.67,0.16
2020-08-10 09:17:00,26.66,26.69,0.16
2020-08-10 09:21:00,26.69,26.69,0.16
2020-08-10 09:22:00,26.66,26.70,0.16
2020-08-10 09:25:00,26.64,26.69,0.16
2020-08-10 09:26:00,26.68,26.71,0.16
2020-08-10 09:29:00,26.69,26.71,0.16
2020-08-10 09:30:00,26.71,26.71,0.16
2020-08-10 09:31:00,26.70,26.71,0.16
2020-08-10 09:42:00,26.69,26.70,0.16
2020-08-10 09:43:00,26.71,26.71,0.16
2020-08-10 09:44:00,26.76,26.76,0.16
2020-08-10 09:45:00,26.75,26.76,0.16
2020-08-10 09:46:00,26.75,26.76,0.16
2020-08-10 09:47:00,26.71,26.73,0.16
2020-08-10 09:48:00,26.70,26.70,0.16
2020-08-10 09:49:00,26.70,26.71,0.16
2020-08-10 09:50:00,26.71,26.71,0.16
2020-08-10 09:51:00,26.70,26.71,0.16
2020-08-10 09:52:00,26.70,26.70,0.16
2020-08-10 10:00:00,26.65,26.70,0.16
2020-08-10 10:06:00,26.71,26.71,0.16
2020-08-10 10:08:00,26.70,26.71,0.16
2020-08-10 10:09:00,26.70,26.70,0.16
2020-08-10 10:11:00,26.71,26.71,0.16
2020-08-10 10:18:00,26.72,26.76,0.16
2020-08-10 10:19:00,26.75,26.75,0.16
2020-08-10 10:20:00,26.71,26.71,0.16
2020-08-10 10:23:00,26.71,26.75,0.16
2020-08-10 10:27:00,26.66,26.70,0.16
2020-08-10 10:28:00,26.70,26.71,0.16
2020-08-10 10:29:00,26.70,26.70,0.16
2020-08-10 10:32:00,26.65,26.70,0.16
2020-08-10 10:33:00,26.65,26.66,0.16
2020-08-10 10:34:00,26.65,26.66,0.16
2020-08-10 10:38:00,26.67,26.71,0.16
2020-08-10 10:39:00,26.68,26.71,0.16
2020-08-10 10:40:00,26.69,26.71,0.16
2020-08-10 10:42:00,26.73,26.73,0.16
2020-08-10 10:45:00,26.71,26.72,0.16
2020-08-10 10:50:00,26.68,26.70,0.16
2020-08-10 10:55:00,26.71,26.71,0.16
2020-08-10 10:59:00,26.68,26.71,0.16
2020-08-10 11:00:00,26.71,26.71,0.16
2020-08-10 11:01:00,26.73,26.73,0.16
2020-08-10 11:06:00,26.77,26.78,0.16
2020-08-10 11:12:00,26.77,26.78,0.16
2020-08-10 11:13:00,26.75,26.77,0.16
2020-08-10 11:14:00,26.73,26.77,0.16
2020-08-10 11:15:00,26.77,26.77,0.16
2020-08-10 11:18:00,26.75,26.78,0.16
2020-08-10 11:19:00,26.77,26.77,0.16
2020-08-10 11:20:00,26.78,26.78,0.16
2020-08-10 11:21:00,26.73,26.78,0.16
2020-08-10 11:34:00,26.78,26.78,0.16
2020-08-10 11:35:00,26.77,26.77,0.16
2020-08-10 11:36:00,26.78,26.78,0.16
2020-08-10 11:38:00,26.77,26.78,0.16
2020-08-10 11:41:00,26.73,26.73,0.16
2020-08-10 11:42:00,26.73,26.77,0.16
2020-08-10 11:43:00,26.75,26.77,0.16
2020-08-10 11:44:00,26.73,26.75,0.16
2020-08-10 11:45:00,26.73,26.73,0.16
2020-08-10 11:48:00,26.77,26.77,0.16
2020-08-10 11:49:00,26.77,26.78,0.16
2020-08-10 11:52:00,26.75,26.77,0.16
2020-08-10 11:54:00,26.75,26.77,0.16
2020-08-10 11:56:00,26.72,26.73,0.16
2020-08-10 12:07:00,26.67,26.67,0.16
2020-08-10 12:08:00,26.68,26.70,0.16
2020-08-10 12:09:00,26.67,26.68,0.16
2020-08-10 12:10:00,26.67,26.68,0.16
2020-08-10 12:11:00,26.67,26.72,0.16
2020-08-10 12:12:00,26.67,26.68,0.16
2020-08-10 12:23:00,26.65,26.67,0.16
2020-08-10 12:32:00,26.62,26.66,0.16
2020-08-10 12:38:00,26.67,26.67,0.16
2020-08-10 12:39:00,26.62,26.67,0.16
2020-08-10 12:40:00,26.62,26.67,0.16
2020-08-10 12:50:00,26.61,26.62,0.16
2020-08-10 12:52:00,26.61,26.62,0.16
2020-08-10 12:53:00,26.61,26.62,0.16
2020-08-10 12:54:00,26.57,26.62,0.16
2020-08-10 12:55:00,26.59,26.62,0.16
2020-08-10 12:56:00,26.57,26.61,0.16
2020-08-10 12:57:00,26.61,26.62,0.16
2020-08-10 12:58:00,26.61,26.62,0.16
2020-08-10 13:01:00,26.59,26.63,0.16
2020-08-10 13:03:00,26.63,26.64,0.16
2020-08-10 13:04:00,26.64,26.64,0.16
2020-08-10 13:08:00,26.69,26.69,0.16
2020-08-10 13:13:00,26.68,26.69,0.16
2020-08-10 13:14:00,26.65,26.65,0.16
2020-08-10 13:15:00,26.64,26.69,0.16
2020-08-10 13:17:00,26.64,26.65,0.16
2020-08-10 13:20:00,26.59,26.64,0.16
2020-08-10 13:22:00,26.59,26.60,0.16
2020-08-10 13:24:00,26.57,26.57,0.16
2020-08-10 13:25:00,26.59,26.59,0.16
2020-08-10 13:27:00,26.54,26.59,0.16
2020-08-10 13:28:00,26.57,26.59,0.16
2020-08-10 13:31:00,26.55,26.60,0.16
2020-08-10 13:32:00,26.59,26.60,0.16
2020-08-10 13:33:00,26.54,26.59,0.16
2020-08-10 13:34:00,26.53,26.54,0.16
2020-08-10 13:35:00,26.48,26.48,0.16
2020-08-10 13:36:00,26.43,26.49,0.16
2020-08-10 13:38:00,26.43,26.48,0.16
2020-08-10 13:39:00,26.44,26.49,0.16
2020-08-10 13:40:00,26.39,26.48,0.16
2020-08-10 13:41:00,26.39,26.43,0.16
2020-08-10 13:42:00,26.38,26.39,0.16
2020-08-10 13:43:00,26.34,26.39,0.16
2020-08-10 13:44:00,26.33,26.34,0.16
2020-08-10 13:45:00,26.33,26.34,0.16
2020-08-10 13:47:00,26.36,26.39,0.16
2020-08-10 13:48:00,26.34,26.39,0.16
2020-08-10 13:49:00,26.38,26.39,0.16
2020-08-10 13:50:00,26.38,26.44,0.16
2020-08-10 13:51:00,26.40,26.44,0.16
2020-08-10 13:52:00,26.43,26.44,0.16
2020-08-10 13:53:00,26.43,26.44,0.16
2020-08-10 13:54:00,26.44,26.49,0.16
2020-08-10 13:55:00,26.48,26.49,0.16
2020-08-10 13:56:00,26.48,26.54,0.16
2020-08-10 13:57:00,26.49,26.54,0.16
2020-08-10 13:59:00,26.51,26.54,0.16
2020-08-10 14:00:00,26.49,26.49,0.16
2020-08-10 14:01:00,26.53,26.59,0.16
2020-08-10 14:02:00,26.54,26.56,0.16
2020-08-10 14:04:00,26.49,26.54,0.16
2020-08-10 14:05:00,26.54,26.59,0.16
2020-08-10 14:06:00,26.54,26.56,0.16
2020-08-10 14:07:00,26.48,26.54,0.16
2020-08-10 14:08:00,26.48,26.49,0.16
2020-08-10 14:09:00,26.44,26.44,0.16
2020-08-10 14:10:00,26.44,26.49,0.16
2020-08-10 14:11:00,26.43,26.43,0.16
2020-08-10 14:12:00,26.44,26.44,0.16
2020-08-10 14:13:00,26.43,26.44,0.16
2020-08-10 14:15:00,26.39,26.43,0.16
2020-08-10 14:16:00,26.39,26.43,0.16
2020-08-10 14:17:00,26.39,26.44,0.16
2020-08-10 14:18:00,26.39,26.43,0.16
2020-08-10 14:19:00,26.38,26.39,0.16
2020-08-10 14:20:00,26.38,26.39,0.16
2020-08-10 14:21:00,26.39,26.43,0.16
2020-08-10 14:22:00,26.43,26.44,0.16
2020-08-10 14:23:00,26.43,26.48,0.16
2020-08-10 14:24:00,26.38,26.43,0.16
2020-08-10 14:25:00,26.38,26.43,0.16
2020-08-10 14:26:00,26.35,26.38,0.16
2020-08-10 14:30:00,26.38,26.41,0.16
2020-08-10 14:31:00,26.38,26.43,0.16
2020-08-10 14:32:00,26.38,26.42,0.16
2020-08-10 14:33:00,26.38,26.42,0.16
2020-08-10 14:38:00,26.38,26.42,0.16
2020-08-10 14:40:00,26.43,26.43,0.16
2020-08-10 14:41:00,26.45,26.48,0.16
2020-08-10 14:42:00,26.43,26.45,0.16
2020-08-10 14:43:00,26.43,26.45,0.16
2020-08-10 14:44:00,26.45,26.48,0.16
2020-08-10 14:45:00,26.50,26.55,0.16
2020-08-10 14:46:00,26.50,26.55,0.16
2020-08-10 14:47:00,26.55,26.60,0.16
2020-08-10 14:48:00,26.56,26.60,0.16
2020-08-10 14:50:00,26.60,26.70,0.16
2020-08-10 14:51:00,26.65,26.70,0.16
2020-08-10 14:52:00,26.65,26.70,0.16
2020-08-10 14:53:00,26.66,26.70,0.16
2020-08-10 14:54:00,26.60,26.66,0.16
2020-08-10 14:55:00,26.58,26.63,0.16
2020-08-10 14:56:00,26.58,26.63,0.16
2020-08-10 14:57:00,26.60,26.70,0.16
2020-08-10 14:58:00,26.70,26.80,0.16
2020-08-10 14:59:00,26.81,26.86,0.16
2020-08-10 15:00:00,26.86,26.96,0.16
2020-08-10 15:01:00,26.81,26.91,0.16
2020-08-10 15:02:00,26.75,26.85,0.16
2020-08-10 15:03:00,26.80,26.85,0.16
2020-08-10 15:04:00,26.75,26.80,0.16
2020-08-10 15:05:00,26.80,26.85,0.16
2020-08-10 15:06:00,26.76,26.81,0.16
2020-08-10 15:07:00,26.75,26.80,0.16
2020-08-10 15:08:00,26.70,26.75,0.16
2020-08-10 15:10:00,26.65,26.70,0.16
2020-08-10 15:11:00,26.64,26.70,0.16
2020-08-10 15:12:00,26.64,26.65,0.16
2020-08-10 15:13:00,26.64,26.65,0.16
2020-08-10 15:14:00,26.59,26.60,0.16
2020-08-10 15:15:00,26.55,26.60,0.16
2020-08-10 15:17:00,26.59,26.63,0.16
2020-08-10 15:18:00,26.54,26.59,0.16
2020-08-10 15:20:00,26.54,26.59,0.16
2020-08-10 15:21:00,26.55,26.60,0.16
2020-08-10 15:22:00,26.54,26.60,0.16
2020-08-10 15:23:00,26.59,26.60,0.16
2020-08-10 15:24:00,26.54,26.59,0.16
2020-08-10 15:25:00,26.54,26.55,0.16
2020-08-10 15:26:00,26.50,26.55,0.16
2020-08-10 15:27:00,26.49,26.50,0.16
2020-08-10 15:30:00,26.44,26.49,0.16
2020-08-10 15:31:00,26.44,26.45,0.16
2020-08-10 15:32:00,26.44,26.44,0.16
2020-08-10 15:33:00,26.40,26.44,0.16
2020-08-10 15:34:00,26.44,26.49,0.16
2020-08-10 15:35:00,26.44,26.45,0.16
2020-08-10 15:36:00,26.44,26.49,0.16
2020-08-10 15:37:00,26.44,26.49,0.16
2020-08-10 15:38:00,26.44,26.45,0.16
2020-08-10 15:41:00,26.39,26.41,0.16
2020-08-10 15:42:00,26.39,26.43,0.16
2020-08-10 15:43:00,26.39,26.49,0.16
2020-08-10 15:44:00,26.44,26.49,0.16
2020-08-10 15:45:00,26.49,26.54,0.16
2020-08-10 15:46:00,26.49,26.52,0.16
2020-08-10 15:47:00,26.44,26.49,0.16
2020-08-10 15:48:00,26.44,26.48,0.16
2020-08-10 15:49:00,26.43,26.48,0.16
2020-08-10 15:50:00,26.43,26.48,0.16
2020-08-10 15:51:00,26.38,26.48,0.16
2020-08-10 15:52:00,26.33,26.38,0.16
2020-08-10 15:54:00,26.33,26.38,0.16
2020-08-10 15:55:00,26.34,26.38,0.16
2020-08-10 15:56:00,26.33,26.36,0.16
2020-08-10 15:57:00,26.33,26.34,0.16
2020-08-10 15:58:00,26.33,26.34,0.16
2020-08-10 16:00:00,26.28,26.28,0.16
2020-08-10 16:01:00,26.28,26.33,0.16
2020-08-10 16:02:00,26.28,26.33,0.16
2020-08-10 16:03:00,26.29,26.33,0.16
2020-08-10 16:07:00,26.28,26.31,0.16
2020-08-10 16:08:00,26.28,26.33,0.16
2020-08-10 16:09:00,26.28,26.33,0.16
2020-08-10 16:11:00,26.33,26.35,0.16
2020-08-10 16:12:00,26.33,26.35,0.16
2020-08-10 16:13:00,26.37,26.38,0.16
2020-08-10 16:15:00,26.37,26.37,0.16
2020-08-10 16:16:00,26.38,26.38,0.16
2020-08-10 16:19:00,26.42,26.43,0.16
2020-08-10 16:20:00,26.37,26.38,0.16
2020-08-10 16:21:00,26.37,26.38,0.16
2020-08-10 16:22:00,26.37,26.42,0.16
2020-08-10 16:23:00,26.38,26.43,0.16
2020-08-10 16:25:00,26.38,26.43,0.16
2020-08-10 16:26:00,26.42,26.42,0.16
2020-08-10 16:27:00,26.38,26.43,0.16
2020-08-10 16:28:00,26.43,26.49,0.16
2020-08-10 16:29:00,26.48,26.53,0.16
2020-08-10 16:30:00,26.49,26.53,0.16
2020-08-10 16:31:00,26.48,26.49,0.16
2020-08-10 16:32:00,26.49,26.53,0.16
2020-08-10 16:33:00,26.49,26.53,0.16
2020-08-10 16:34:00,26.46,26.53,0.16
2020-08-10 16:35:00,26.48,26.49,0.16
2020-08-10 16:36:00,26.44,26.48,0.16
2020-08-10 16:38:00,26.48,26.48,0.16
2020-08-10 16:39:00,26.43,26.48,0.16
2020-08-10 16:40:00,26.43,26.44,0.16
2020-08-10 16:41:00,26.38,26.39,0.16
2020-08-10 16:42:00,26.36,26.38,0.16
2020-08-10 16:43:00,26.33,26.38,0.16
2020-08-10 16:44:00,26.33,26.38,0.16
2020-08-10 16:45:00,26.33,26.38,0.16
2020-08-10 16:46:00,26.34,26.38,0.16
2020-08-10 16:48:00,26.33,26.33,0.16
2020-08-10 16:52:00,26.33,26.34,0.16
2020-08-10 16:57:00,26.28,26.33,0.16
2020-08-10 17:00:00,26.28,26.33,0.16
2020-08-10 17:01:00,26.33,26.33,0.16
2020-08-10 17:06:00,26.28,26.33,0.16
2020-08-10 17:10:00,26.26,26.28,0.16
2020-08-10 17:15:00,26.23,26.28,0.16
2020-08-10 17:16:00,26.28,26.28,0.16
2020-08-10 17:19:00,26.23,26.28,0.16
2020-08-10 17:20:00,26.23,26.28,0.16
2020-08-10 17:21:00,26.23,26.28,0.16
2020-08-10 17:27:00,26.23,26.24,0.16
2020-08-10 17:28:00,26.25,26.28,0.16
2020-08-10 17:29:00,26.23,26.27,0.16
2020-08-10 17:30:00,26.23,26.28,0.16
2020-08-10 17:31:00,26.25,26.27,0.16
2020-08-10 17:32:00,26.27,26.29,0.16
2020-08-10 17:33:00,26.25,26.29,0.16
2020-08-10 17:34:00,26.25,26.29,0.16
2020-08-10 17:36:00,26.25,26.29,0.16
2020-08-10 17:37:00,26.24,26.24,0.16
2020-08-10 17:38:00,26.25,26.25,0.16
2020-08-10 17:39:00,26.24,26.25,0.16
2020-08-10 17:40:00,26.24,26.29,0.16
2020-08-10 17:41:00,26.25,26.25,0.16
2020-08-10 17:42:00,26.24,26.24,0.16
2020-08-10 17:43:00,26.24,26.25,0.16
2020-08-10 17:44:00,26.29,26.30,0.16
2020-08-10 17:45:00,26.30,26.30,0.16
2020-08-10 17:46:00,26.29,26.30,0.16
2020-08-10 17:47:00,26.34,26.34,0.16
2020-08-10 17:48:00,26.34,26.35,0.16
2020-08-10 17:50:00,26.34,26.35,0.16
2020-08-10 17:51:00,26.34,26.35,0.16
2020-08-10 17:54:00,26.29,26.30,0.16
2020-08-10 17:55:00,26.29,26.34,0.16
2020-08-10 17:56:00,26.34,26.37,0.16
2020-08-10 17:57:00,26.34,26.35,0.16
2020-08-10 17:59:00,26.32,26.34,0.16
2020-08-10 18:00:00,26.29,26.34,0.16
2020-08-10 18:01:00,26.24,26.28,0.16
2020-08-10 18:02:00,26.24,26.29,0.16
2020-08-10 18:03:00,26.24,26.29,0.16
2020-08-10 18:04:00,26.24,26.28,0.16
2020-08-10 18:05:00,26.24,26.29,0.16
2020-08-10 18:06:00,26.24,26.29,0.16
2020-08-10 18:08:00,26.28,26.29,0.16
2020-08-10 18:09:00,26.24,26.29,0.16
2020-08-10 18:10:00,26.28,26.29,0.16
2020-08-10 18:11:00,26.26,26.30,0.16
2020-08-10 18:12:00,26.29,26.34,0.16
2020-08-10 18:15:00,26.24,26.29,0.16
2020-08-10 18:16:00,26.24,26.29,0.16
2020-08-10 18:18:00,26.24,26.29,0.16
2020-08-10 18:19:00,26.24,26.29,0.16
2020-08-10 18:20:00,26.24,26.25,0.16
2020-08-10 18:21:00,26.29,26.29,0.16
2020-08-10 18:22:00,26.29,26.30,0.16
2020-08-10 18:23:00,26.25,26.29,0.16
2020-08-10 18:24:00,26.24,26.25,0.16
2020-08-10 18:25:00,26.24,26.25,0.16
2020-08-10 18:26:00,26.24,26.27,0.16
2020-08-10 18:27:00,26.24,26.29,0.16
2020-08-10 18:28:00,26.24,26.25,0.16
2020-08-10 18:29:00,26.20,26.24,0.16
2020-08-10 18:30:00,26.20,26.24,0.16
2020-08-10 18:31:00,26.20,26.24,0.16
2020-08-10 18:32:00,26.24,26.24,0.16
2020-08-10 18:34:00,26.20,26.24,0.16
2020-08-10 18:35:00,26.19,26.20,0.16
2020-08-10 18:36:00,26.19,26.20,0.16
2020-08-10 18:38:00,26.20,26.24,0.16
2020-08-10 18:39:00,26.20,26.24,0.16
2020-08-10 18:40:00,26.20,26.22,0.16
2020-08-10 18:43:00,26.20,26.25,0.16
2020-08-10 18:44:00,26.20,26.25,0.16
2020-08-10 18:45:00,26.20,26.30,0.16
2020-08-10 18:48:00,26.25,26.30,0.16
2020-08-10 18:50:00,26.24,26.25,0.16
2020-08-10 18:51:00,26.20,26.25,0.16
2020-08-10 18:52:00,26.19,26.20,0.16
2020-08-10 18:53:00,26.19,26.24,0.16
2020-08-10 18:54:00,26.19,26.19,0.16
2020-08-10 18:55:00,26.19,26.20,0.16
2020-08-10 18:57:00,26.16,26.19,0.16
2020-08-10 19:01:00,26.19,26.21,0.16
2020-08-10 19:02:00,26.19,26.21,0.16
2020-08-10 19:03:00,26.14,26.16,0.16
2020-08-10 19:11:00,26.14,26.19,0.16
2020-08-10 19:12:00,26.14,26.19,0.16
2020-08-10 19:13:00,26.14,26.16,0.16
2020-08-10 19:14:00,26.14,26.14,0.16
2020-08-10 19:15:00,26.14,26.19,0.16
2020-08-10 19:16:00,26.16,26.19,0.16
2020-08-10 19:17:00,26.16,26.21,0.16
2020-08-10 19:18:00,26.21,26.24,0.16
2020-08-10 19:19:00,26.19,26.24,0.16
2020-08-10 19:20:00,26.14,26.14,0.16
2020-08-10 19:22:00,26.14,26.16,0.16
2020-08-10 19:23:00,26.16,26.19,0.16
2020-08-10 19:24:00,26.14,26.19,0.16
2020-08-10 19:25:00,26.14,26.19,0.16
2020-08-10 19:26:00,26.16,26.19,0.16
2020-08-10 19:27:00,26.19,26.24,0.16
2020-08-10 19:28:00,26.21,26.24,0.16
2020-08-10 19:29:00,26.19,26.25,0.16
2020-08-10 19:30:00,26.21,26.26,0.16
2020-08-10 19:31:00,26.20,26.25,0.16
2020-08-10 19:32:00,26.25,26.26,0.16
2020-08-10 19:33:00,26.21,26.25,0.16
2020-08-10 19:34:00,26.21,26.25,0.16
2020-08-10 19:35:00,26.20,26.30,0.16
2020-08-10 19:36:00,26.30,26.31,0.16
2020-08-10 19:37:00,26.25,26.30,0.16
2020-08-10 19:38:00,26.26,26.30,0.16
2020-08-10 19:39:00,26.28,26.31,0.16
2020-08-10 19:40:00,26.26,26.30,0.16
2020-08-10 19:41:00,26.26,26.31,0.16
2020-08-10 19:42:00,26.30,26.35,0.16
2020-08-10 19:43:00,26.31,26.35,0.16
2020-08-10 19:44:00,26.31,26.35,0.16
2020-08-10 19:45:00,26.31,26.35,0.16
2020-08-10 19:46:00,26.36,26.36,0.16
2020-08-10 19:47:00,26.31,26.35,0.16
2020-08-10 19:48:00,26.31,26.36,0.16
2020-08-10 19:49:00,26.33,26.36,0.16
2020-08-10 19:50:00,26.31,26.36,0.16
2020-08-10 19:51:00,26.30,26.35,0.16
2020-08-10 19:52:00,26.26,26.30,0.16
2020-08-10 19:53:00,26.25,26.30,0.16
2020-08-10 19:54:00,26.25,26.26,0.16
2020-08-10 19:55:00,26.25,26.26,0.16
2020-08-10 19:56:00,26.25,26.26,0.16
2020-08-10 19:57:00,26.25,26.26,0.16
2020-08-10 19:58:00,26.26,26.31,0.16
2020-08-10 19:59:00,26.25,26.26,0.16
2020-08-10 20:00:00,26.21,26.26,0.16
2020-08-10 20:03:00,26.21,26.25,0.16
2020-08-10 20:04:00,26.23,26.26,0.16
2020-08-10 20:05:00,26.21,26.26,0.16
2020-08-10 20:07:00,26.21,26.24,0.16
2020-08-10 20:08:00,26.21,26.26,0.16
2020-08-10 20:09:00,26.25,26.26,0.16
2020-08-10 20:13:00,26.21,26.34,0.16
2020-08-10 20:14:00,26.27,26.31,0.16
2020-08-10 20:31:00,26.29,26.29,0.16
2020-08-10 20:32:00,26.29,26.31,0.16
2020-08-10 22:00:00,26.31,26.36,0.16
2020-08-10 22:01:00,26.30,26.40,0.16
2020-08-10 22:02:00,26.38,26.40,0.16
2020-08-10 22:03:00,26.35,26.40,0.16
2020-08-10 22:04:00,26.39,26.40,0.16
2020-08-10 22:05:00,26.35,26.39,0.16
2020-08-10 22:06:00,26.35,26.38,0.16
2020-08-10 22:07:00,26.38,26.40,0.16
2020-08-10 22:09:00,26.37,26.40,0.16
2020-08-10 22:10:00,26.35,26.39,0.16
2020-08-10 22:12:00,26.36,26.40,0.16
2020-08-10 22:18:00,26.31,26.36,0.16
2020-08-10 22:19:00,26.31,26.35,0.16
2020-08-10 22:21:00,26.36,26.36,0.16
2020-08-10 22:24:00,26.35,26.35,0.16
2020-08-10 22:25:00,26.36,26.36,0.16
2020-08-10 22:26:00,26.35,26.35,0.16
2020-08-10 22:40:00,26.36,26.36,0.16
2020-08-10 22:46:00,26.35,26.35,0.16
2020-08-10 22:49:00,26.30,26.33,0.16
2020-08-10 22:50:00,26.30,26.31,0.16
2020-08-10 22:52:00,26.35,26.36,0.16
2020-08-10 22:54:00,26.33,26.35,0.16
2020-08-10 23:03:00,26.35,26.36,0.16
2020-08-10 23:15:00,26.31,26.35,0.16
2020-08-10 23:16:00,26.30,26.31,0.16
2020-08-10 23:18:00,26.30,26.31,0.16
2020-08-10 23:19:00,26.30,26.30,0.16
2020-08-10 23:30:00,26.30,26.32,0.16
2020-08-10 23:31:00,26.30,26.31,0.16
2020-08-10 23:32:00,26.30,26.30,0.16
2020-08-10 23:38:00,26.27,26.28,0.16
2020-08-10 23:39:00,26.30,26.30,0.16
2020-08-10 23:40:00,26.27,26.30,0.16
2020-08-10 23:43:00,26.29,26.29,0.16
2020-08-10 23:44:00,26.30,26.30,0.16
2020-08-10 23:55:00,26.31,26.31,0.16
2020-08-11 00:11:00,26.31,26.32,0.16
2020-08-11 00:16:00,26.31,26.32,0.16
2020-08-11 00:19:00,26.31,26.32,0.16
2020-08-11 00:26:00,26.31,26.36,0.16
2020-08-11 00:29:00,26.31,26.34,0.16
2020-08-11 00:32:00,26.26,26.30,0.16
2020-08-11 01:03:00,26.26,26.30,0.16
2020-08-11 01:04:00,26.30,26.31,0.16
2020-08-11 01:05:00,26.26,26.31,0.16
2020-08-11 01:11:00,26.26,26.28,0.16
2020-08-11 01:14:00,26.26,26.28,0.16
2020-08-11 01:16:00,26.26,26.28,0.16
2020-08-11 01:18:00,26.21,26.26,0.16
2020-08-11 01:32:00,26.20,26.21,0.16
2020-08-11 01:35:00,26.20,26.20,0.16
2020-08-11 01:36:00,26.18,26.20,0.16
2020-08-11 01:37:00,26.20,26.21,0.16
2020-08-11 01:38:00,26.20,26.21,0.16
2020-08-11 01:40:00,26.18,26.20,0.16
2020-08-11 01:41:00,26.16,26.18,0.16
2020-08-11 01:42:00,26.20,26.21,0.16
2020-08-11 01:44:00,26.21,26.21,0.16
2020-08-11 01:45:00,26.20,26.20,0.16
2020-08-11 01:46:00,26.20,26.21,0.16
2020-08-11 01:48:00,26.16,26.20,0.16
2020-08-11 01:49:00,26.10,26.20,0.16
2020-08-11 01:58:00,26.05,26.08,0.16
2020-08-11 02:00:00,26.05,26.05,0.16
2020-08-11 02:04:00,26.00,26.00,0.16
2020-08-11 02:05:00,26.00,26.02,0.16
2020-08-11 02:06:00,25.97,26.00,0.16
2020-08-11 02:24:00,26.01,26.01,0.16
2020-08-11 02:40:00,26.01,26.04,0.16
2020-08-11 02:41:00,26.04,26.06,0.16
2020-08-11 02:42:00,26.04,26.04,0.16
2020-08-11 02:43:00,26.01,26.02,0.16
2020-08-11 02:44:00,26.02,26.04,0.16
2020-08-11 02:45:00,26.01,26.02,0.16
2020-08-11 02:47:00,26.04,26.06,0.16
2020-08-11 03:03:00,26.02,26.04,0.16
2020-08-11 03:04:00,26.01,26.02,0.16
2020-08-11 03:05:00,26.01,26.01,0.16
2020-08-11 03:07:00,26.02,26.04,0.16
2020-08-11 03:08:00,26.04,26.06,0.16
2020-08-11 03:09:00,26.06,26.11,0.16
2020-08-11 03:10:00,26.10,26.11,0.16
2020-08-11 03:37:00,26.10,26.11,0.16
2020-08-11 03:38:00,26.10,26.11,0.16
2020-08-11 03:39:00,26.06,26.10,0.16
2020-08-11 04:00:00,26.07,26.08,0.16
2020-08-11 04:01:00,26.06,26.06,0.16
2020-08-11 04:02:00,26.07,26.07,0.16
2020-08-11 04:03:00,26.06,26.06,0.16
2020-08-11 04:06:00,26.04,26.06,0.16
2020-08-11 04:12:00,26.11,26.11,0.16
2020-08-11 04:15:00,26.07,26.11,0.16
2020-08-11 04:21:00,26.10,26.10,0.16
2020-08-11 04:22:00,26.06,26.11,0.16
2020-08-11 04:23:00,26.11,26.11,0.16
2020-08-11 04:25:00,26.12,26.12,0.16
2020-08-11 04:29:00,26.07,26.10,0.16
2020-08-11 04:30:00,26.12,26.12,0.16
2020-08-11 04:38:00,26.13,26.17,0.16
2020-08-11 04:41:00,26.12,26.15,0.16
2020-08-11 04:49:00,26.13,26.15,0.16
2020-08-11 04:50:00,26.17,26.17,0.16
2020-08-11 04:51:00,26.13,26.17,0.16
2020-08-11 04:53:00,26.15,26.15,0.16
2020-08-11 04:55:00,26.17,26.17,0.16
2020-08-11 04:56:00,26.15,26.15,0.16
2020-08-11 04:57:00,26.13,26.13,0.16
2020-08-11 04:59:00,26.15,26.15,0.16
2020-08-11 05:00:00,26.13,26.17,0.16
2020-08-11 05:01:00,26.17,26.17,0.16
2020-08-11 05:02:00,26.15,26.15,0.16
2020-08-11 05:04:00,26.13,26.13,0.16
2020-08-11 05:08:00,26.12,26.12,0.16
2020-08-11 05:09:00,26.08,26.10,0.16
2020-08-11 05:10:00,26.08,26.10,0.16
2020-08-11 05:11:00,26.12,26.12,0.16
2020-08-11 05:22:00,26.07,26.07,0.16
2020-08-11 05:34:00,26.07,26.08,0.16
2020-08-11 05:36:00,26.12,26.12,0.16
2020-08-11 05:37:00,26.10,26.10,0.16
2020-08-11 05:38:00,26.10,26.12,0.16
2020-08-11 05:39:00,26.10,26.12,0.16
2020-08-11 05:40:00,26.10,26.12,0.16
2020-08-11 05:42:00,26.12,26.12,0.16
2020-08-11 05:44:00,26.08,26.10,0.16
2020-08-11 05:50:00,26.03,26.07,0.16
2020-08-11 05:51:00,26.05,26.07,0.16
2020-08-11 05:52:00,26.03,26.05,0.16
2020-08-11 05:53:00,26.03,26.03,0.16
2020-08-11 05:57:00,26.05,26.05,0.16
2020-08-11 05:58:00,26.07,26.07,0.16
2020-08-11 05:59:00,26.03,26.05,0.16
2020-08-11 06:00:00,25.97,26.03,0.16
2020-08-11 06:01:00,25.97,26.00,0.16
2020-08-11 06:07:00,25.97,26.02,0.16
2020-08-11 06:09:00,26.02,26.02,0.16
2020-08-11 06:10:00,25.97,26.02,0.16
2020-08-11 06:15:00,26.03,26.04,0.16
2020-08-11 06:16:00,26.02,26.07,0.16
2020-08-11 06:19:00,26.02,26.06,0.16
2020-08-11 06:21:00,26.04,26.07,0.16
2020-08-11 06:23:00,26.04,26.08,0.16
2020-08-11 06:24:00,26.02,26.07,0.16
2020-08-11 06:25:00,26.03,26.06,0.16
2020-08-11 06:26:00,26.03,26.06,0.16
2020-08-11 06:27:00,26.04,26.06,0.16
2020-08-11 06:28:00,26.03,26.06,0.16
2020-08-11 06:29:00,26.03,26.08,0.16
2020-08-11 06:30:00,26.05,26.08,0.16
2020-08-11 06:31:00,26.03,26.08,0.16
2020-08-11 06:32:00,26.03,26.08,0.16
2020-08-11 06:33:00,26.03,26.08,0.16
2020-08-11 06:37:00,26.06,26.08,0.16
2020-08-11 06:39:00,26.03,26.08,0.16
2020-08-11 06:40:00,26.03,26.06,0.16
2020-08-11 06:41:00,26.03,26.08,0.16
2020-08-11 06:43:00,26.07,26.07,0.16
2020-08-11 06:44:00,26.08,26.08,0.16
2020-08-11 06:45:00,26.07,26.08,0.16
2020-08-11 06:48:00,26.08,26.12,0.16
2020-08-11 06:50:00,26.08,26.10,0.16
2020-08-11 06:51:00,26.08,26.10,0.16
2020-08-11 06:52:00,26.09,26.11,0.16
2020-08-11 06:54:00,26.08,26.08,0.16
2020-08-11 06:55:00,26.12,26.12,0.16
2020-08-11 06:56:00,26.08,26.08,0.16
2020-08-11 06:58:00,26.07,26.08,0.16
2020-08-11 06:59:00,26.12,26.12,0.16
2020-08-11 07:00:00,26.07,26.08,0.16
2020-08-11 07:01:00,26.02,26.07,0.16
2020-08-11 07:03:00,26.01,26.02,0.16
2020-08-11 07:06:00,26.02,26.08,0.16
2020-08-11 07:07:00,26.02,26.07,0.16
2020-08-11 07:08:00,26.07,26.08,0.16
2020-08-11 07:10:00,26.05,26.08,0.16
2020-08-11 07:11:00,26.03,26.08,0.16
2020-08-11 07:14:00,26.00,26.03,0.16
2020-08-11 07:15:00,25.92,25.98,0.16
2020-08-11 07:16:00,25.87,25.92,0.16
2020-08-11 07:17:00,25.87,25.92,0.16
2020-08-11 07:19:00,25.88,25.92,0.16
2020-08-11 07:20:00,25.87,25.88,0.16
2020-08-11 07:21:00,25.82,25.88,0.16
2020-08-11 07:22:00,25.82,25.83,0.16
2020-08-11 07:23:00,25.80,25.83,0.16
2020-08-11 07:24:00,25.82,25.87,0.16
2020-08-11 07:25:00,25.87,25.88,0.16
2020-08-11 07:27:00,25.83,25.88,0.16
2020-08-11 07:28:00,25.83,25.88,0.16
2020-08-11 07:29:00,25.87,25.88,0.16
2020-08-11 07:30:00,25.87,25.88,0.16
2020-08-11 07:31:00,25.87,25.88,0.16
2020-08-11 07:33:00,25.83,25.87,0.16
2020-08-11 07:34:00,25.82,25.85,0.16
2020-08-11 07:35:00,25.82,25.83,0.16
2020-08-11 07:36:00,25.78,25.87,0.16
2020-08-11 07:37:00,25.88,25.88,0.16
2020-08-11 07:38:00,25.85,25.88,0.16
2020-08-11 07:40:00,25.83,25.87,0.16
2020-08-11 07:43:00,25.82,25.86,0.16
2020-08-11 07:44:00,25.81,25.82,0.16
2020-08-11 07:48:00,25.82,25.83,0.16
2020-08-11 07:49:00,25.82,25.83,0.16
2020-08-11 07:52:00,25.81,25.82,0.16
2020-08-11 07:59:00,25.77,25.82,0.16
2020-08-11 08:00:00,25.77,25.82,0.16
2020-08-11 08:01:00,25.77,25.79,0.16
2020-08-11 08:02:00,25.81,25.82,0.16
2020-08-11 08:05:00,25.82,25.87,0.16
2020-08-11 08:10:00,25.77,25.81,0.16
2020-08-11 08:11:00,25.81,25.82,0.16
2020-08-11 08:13:00,25.84,25.86,0.16
2020-08-11 08:14:00,25.82,25.82,0.16
2020-08-11 08:19:00,25.77,25.82,0.16
2020-08-11 08:22:00,25.71,25.76,0.16
2020-08-11 08:24:00,25.67,25.76,0.16
2020-08-11 08:28:00,25.64,25.67,0.16
2020-08-11 08:29:00,25.63,25.67,0.16
2020-08-11 08:30:00,25.62,25.62,0.16
2020-08-11 08:31:00,25.57,25.59,0.16
2020-08-11 08:32:00,25.57,25.62,0.16
2020-08-11 08:33:00,25.57,25.62,0.16
2020-08-11 08:34:00,25.59,25.62,0.16
2020-08-11 08:35:00,25.59,25.62,0.16
2020-08-11 08:36:00,25.56,25.59,0.16
2020-08-11 08:39:00,25.56,25.57,0.16
2020-08-11 08:43:00,25.52,25.54,0.16
2020-08-11 08:44:00,25.54,25.56,0.16
2020-08-11 08:45:00,25.52,25.56,0.16
2020-08-11 08:46:00,25.54,25.56,0.16
2020-08-11 08:47:00,25.54,25.56,0.16
2020-08-11 08:48:00,25.53,25.56,0.16
2020-08-11 08:49:00,25.52,25.53,0.16
2020-08-11 08:50:00,25.51,25.54,0.16
2020-08-11 08:51:00,25.51,25.56,0.16
2020-08-11 08:52:00,25.51,25.56,0.16
2020-08-11 08:53:00,25.51,25.56,0.16
2020-08-11 08:57:00,25.51,25.56,0.16
2020-08-11 08:58:00,25.53,25.56,0.16
2020-08-11 08:59:00,25.51,25.54,0.16
2020-08-11 09:01:00,25.51,25.53,0.16
2020-08-11 09:03:00,25.55,25.56,0.16
2020-08-11 09:07:00,25.57,25.57,0.16
2020-08-11 09:08:00,25.52,25.55,0.16
2020-08-11 09:09:00,25.52,25.57,0.16
2020-08-11 09:10:00,25.55,25.57,0.16
2020-08-11 09:11:00,25.52,25.55,0.16
2020-08-11 09:12:00,25.53,25.57,0.16
2020-08-11 09:13:00,25.55,25.56,0.16
2020-08-11 09:14:00,25.52,25.55,0.16
2020-08-11 09:16:00,25.52,25.55,0.16
2020-08-11 09:17:00,25.53,25.56,0.16
2020-08-11 09:18:00,25.57,25.57,0.16
2020-08-11 09:19:00,25.54,25.57,0.16
2020-08-11 09:20:00,25.52,25.57,0.16
2020-08-11 09:22:00,25.55,25.57,0.16
2020-08-11 09:23:00,25.55,25.57,0.16
2020-08-11 09:24:00,25.52,25.57,0.16
2020-08-11 09:25:00,25.52,25.56,0.16
2020-08-11 09:26:00,25.47,25.50,0.16
2020-08-11 09:27:00,25.49,25.51,0.16
2020-08-11 09:30:00,25.52,25.52,0.16
2020-08-11 09:31:00,25.51,25.51,0.16
2020-08-11 09:32:00,25.46,25.51,0.16
2020-08-11 09:33:00,25.44,25.44,0.16
2020-08-11 09:35:00,25.43,25.43,0.16
2020-08-11 09:36:00,25.39,25.44,0.16
2020-08-11 09:38:00,25.46,25.48,0.16
2020-08-11 09:39:00,25.46,25.49,0.16
2020-08-11 09:40:00,25.46,25.48,0.16
2020-08-11 09:41:00,25.44,25.46,0.16
2020-08-11 09:42:00,25.44,25.46,0.16
2020-08-11 09:43:00,25.46,25.46,0.16
2020-08-11 09:45:00,25.44,25.44,0.16
2020-08-11 09:46:00,25.41,25.41,0.16
2020-08-11 09:48:00,25.40,25.40,0.16
2020-08-11 09:51:00,25.40,25.41,0.16
2020-08-11 09:52:00,25.43,25.45,0.16
2020-08-11 09:55:00,25.45,25.46,0.16
2020-08-11 09:57:00,25.41,25.46,0.16
2020-08-11 10:02:00,25.46,25.47,0.16
2020-08-11 10:03:00,25.47,25.47,0.16
2020-08-11 10:04:00,25.44,25.47,0.16
2020-08-11 10:05:00,25.41,25.42,0.16
2020-08-11 10:06:00,25.42,25.44,0.16
2020-08-11 10:08:00,25.42,25.44,0.16
2020-08-11 10:09:00,25.42,25.46,0.16
2020-08-11 10:10:00,25.42,25.46,0.16
2020-08-11 10:11:00,25.44,25.46,0.16
2020-08-11 10:12:00,25.46,25.46,0.16
2020-08-11 10:13:00,25.47,25.47,0.16
2020-08-11 10:16:00,25.47,25.48,0.16
2020-08-11 10:18:00,25.47,25.50,0.16
2020-08-11 10:19:00,25.47,25.50,0.16
2020-08-11 10:20:00,25.48,25.50,0.16
2020-08-11 10:21:00,25.52,25.52,0.16
2020-08-11 10:22:00,25.48,25.50,0.16
2020-08-11 10:23:00,25.47,25.50,0.16
2020-08-11 10:24:00,25.50,25.52,0.16
2020-08-11 10:25:00,25.50,25.52,0.16
2020-08-11 10:26:00,25.48,25.52,0.16
2020-08-11 10:27:00,25.50,25.50,0.16
2020-08-11 10:28:00,25.48,25.48,0.16
2020-08-11 10:29:00,25.48,25.52,0.16
2020-08-11 10:31:00,25.50,25.50,0.16
2020-08-11 10:32:00,25.52,25.55,0.16
2020-08-11 10:40:00,25.48,25.50,0.16
2020-08-11 10:43:00,25.50,25.52,0.16
2020-08-11 10:44:00,25.48,25.48,0.16
2020-08-11 10:45:00,25.47,25.49,0.16
2020-08-11 10:54:00,25.54,25.54,0.16
2020-08-11 10:55:00,25.49,25.54,0.16
2020-08-11 10:57:00,25.47,25.49,0.16
2020-08-11 10:58:00,25.49,25.49,0.16
2020-08-11 11:00:00,25.50,25.54,0.16
2020-08-11 11:01:00,25.50,25.54,0.16
2020-08-11 11:02:00,25.47,25.50,0.16
2020-08-11 11:05:00,25.45,25.45,0.16
2020-08-11 11:06:00,25.40,25.44,0.16
2020-08-11 11:10:00,25.43,25.43,0.16
2020-08-11 11:11:00,25.44,25.44,0.16
2020-08-11 11:12:00,25.43,25.44,0.16
2020-08-11 11:13:00,25.43,25.44,0.16
2020-08-11 11:14:00,25.44,25.44,0.16
2020-08-11 11:19:00,25.44,25.48,0.16
2020-08-11 11:20:00,25.44,25.49,0.16
2020-08-11 11:25:00,25.46,25.49,0.16
2020-08-11 11:26:00,25.45,25.49,0.16
2020-08-11 11:27:00,25.44,25.44,0.16
2020-08-11 11:28:00,25.43,25.44,0.16
2020-08-11 11:32:00,25.44,25.48,0.16
2020-08-11 11:33:00,25.44,25.46,0.16
2020-08-11 11:34:00,25.44,25.46,0.16
2020-08-11 11:36:00,25.48,25.48,0.16
2020-08-11 11:37:00,25.49,25.49,0.16
2020-08-11 11:43:00,25.50,25.54,0.16
2020-08-11 11:46:00,25.50,25.52,0.16
2020-08-11 11:47:00,25.52,25.54,0.16
2020-08-11 11:48:00,25.49,25.52,0.16
2020-08-11 11:55:00,25.49,25.54,0.16
2020-08-11 11:56:00,25.52,25.55,0.16
2020-08-11 11:57:00,25.54,25.54,0.16
2020-08-11 11:59:00,25.54,25.55,0.16
2020-08-11 12:00:00,25.54,25.59,0.16
2020-08-11 12:01:00,25.54,25.57,0.16
2020-08-11 12:09:00,25.54,25.55,0.16
2020-08-11 12:12:00,25.55,25.59,0.16
2020-08-11 12:13:00,25.54,25.59,0.16
2020-08-11 12:14:00,25.54,25.58,0.16
2020-08-11 12:15:00,25.54,25.55,0.16
2020-08-11 12:16:00,25.54,25.54,0.16
2020-08-11 12:20:00,25.54,25.55,0.16
2020-08-11 12:23:00,25.53,25.54,0.16
2020-08-11 12:26:00,25.54,25.58,0.16
2020-08-11 12:30:00,25.54,25.56,0.16
2020-08-11 12:32:00,25.54,25.56,0.16
2020-08-11 12:33:00,25.54,25.58,0.16
2020-08-11 12:37:00,25.49,25.53,0.16
2020-08-11 12:41:00,25.51,25.54,0.16
2020-08-11 12:42:00,25.51,25.54,0.16
2020-08-11 12:43:00,25.53,25.54,0.16
2020-08-11 12:44:00,25.55,25.55,0.16
2020-08-11 12:45:00,25.53,25.55,0.16
2020-08-11 12:46:00,25.50,25.55,0.16
2020-08-11 12:47:00,25.53,25.60,0.16
2020-08-11 12:48:00,25.60,25.65,0.16
2020-08-11 12:49:00,25.60,25.61,0.16
2020-08-11 12:50:00,25.60,25.63,0.16
2020-08-11 12:51:00,25.60,25.63,0.16
2020-08-11 12:55:00,25.60,25.61,0.16
2020-08-11 12:56:00,25.56,25.56,0.16
2020-08-11 13:02:00,25.55,25.55,0.16
2020-08-11 13:06:00,25.54,25.56,0.16
2020-08-11 13:07:00,25.50,25.55,0.16
2020-08-11 13:08:00,25.55,25.56,0.16
2020-08-11 13:09:00,25.55,25.60,0.16
2020-08-11 13:10:00,25.56,25.60,0.16
2020-08-11 13:12:00,25.60,25.61,0.16
2020-08-11 13:13:00,25.60,25.65,0.16
2020-08-11 13:14:00,25.60,25.61,0.16
2020-08-11 13:15:00,25.61,25.61,0.16
2020-08-11 13:16:00,25.65,25.65,0.16
2020-08-11 13:17:00,25.66,25.66,0.16
2020-08-11 13:18:00,25.66,25.70,0.16
2020-08-11 13:19:00,25.65,25.66,0.16
2020-08-11 13:23:00,25.65,25.66,0.16
2020-08-11 13:25:00,25.65,25.66,0.16
2020-08-11 13:26:00,25.66,25.70,0.16
2020-08-11 13:29:00,25.65,25.66,0.16
2020-08-11 13:30:00,25.67,25.72,0.16
2020-08-11 13:31:00,25.71,25.77,0.16
2020-08-11 13:32:00,25.76,25.77,0.16
2020-08-11 13:33:00,25.76,25.81,0.16
2020-08-11 13:34:00,25.81,25.87,0.16
2020-08-11 13:35:00,25.81,25.87,0.16
2020-08-11 13:36:00,25.86,25.92,0.16
2020-08-11 13:37:00,25.86,25.92,0.16
2020-08-11 13:38:00,25.76,25.91,0.16
2020-08-11 13:39:00,25.70,25.76,0.16
2020-08-11 13:40:00,25.70,25.76,0.16
2020-08-11 13:41:00,25.76,25.81,0.16
2020-08-11 13:42:00,25.72,25.76,0.16
2020-08-11 13:43:00,25.71,25.77,0.16
2020-08-11 13:44:00,25.71,25.72,0.16
2020-08-11 13:45:00,25.66,25.71,0.16
2020-08-11 13:46:00,25.65,25.70,0.16
2020-08-11 13:47:00,25.65,25.71,0.16
2020-08-11 13:48:00,25.66,25.70,0.16
2020-08-11 13:50:00,25.71,25.76,0.16
2020-08-11 13:51:00,25.76,25.81,0.16
2020-08-11 13:52:00,25.81,25.82,0.16
2020-08-11 13:53:00,25.81,25.82,0.16
2020-08-11 13:54:00,25.76,25.82,0.16
2020-08-11 13:55:00,25.72,25.76,0.16
2020-08-11 13:56:00,25.76,25.82,0.16
2020-08-11 13:57:00,25.77,25.86,0.16
2020-08-11 13:58:00,25.76,25.82,0.16
2020-08-11 13:59:00,25.77,25.82,0.16
2020-08-11 14:00:00,25.81,25.87,0.16
2020-08-11 14:01:00,25.82,25.87,0.16
2020-08-11 14:02:00,25.87,25.89,0.16
2020-08-11 14:03:00,25.82,25.87,0.16
2020-08-11 14:04:00,25.82,25.92,0.16
2020-08-11 14:05:00,25.87,25.92,0.16
2020-08-11 14:06:00,25.87,25.92,0.16
2020-08-11 14:07:00,25.92,25.97,0.16
2020-08-11 14:08:00,25.99,26.04,0.16
2020-08-11 14:09:00,26.04,26.09,0.16
2020-08-11 14:10:00,25.93,26.04,0.16
2020-08-11 14:11:00,25.93,25.94,0.16
2020-08-11 14:12:00,25.94,25.99,0.16
2020-08-11 14:13:00,25.94,25.99,0.16
2020-08-11 14:14:00,25.94,26.00,0.16
2020-08-11 14:15:00,25.99,26.04,0.16
2020-08-11 14:16:00,25.93,25.98,0.16
2020-08-11 14:17:00,25.84,25.94,0.16
2020-08-11 14:18:00,25.82,25.84,0.16
2020-08-11 14:19:00,25.78,25.83,0.16
2020-08-11 14:20:00,25.78,25.83,0.16
2020-08-11 14:21:00,25.83,25.88,0.16
2020-08-11 14:22:00,25.83,25.88,0.16
2020-08-11 14:23:00,25.83,25.88,0.16
2020-08-11 14:24:00,25.83,25.84,0.16
2020-08-11 14:25:00,25.83,25.84,0.16
2020-08-11 14:26:00,25.78,25.84,0.16
2020-08-11 14:27:00,25.83,25.84,0.16
2020-08-11 14:29:00,25.78,25.79,0.16
2020-08-11 14:31:00,25.78,25.83,0.16
2020-08-11 14:32:00,25.83,25.84,0.16
2020-08-11 14:33:00,25.84,25.89,0.16
2020-08-11 14:34:00,25.88,25.89,0.16
2020-08-11 14:35:00,25.84,25.89,0.16
2020-08-11 14:36:00,25.83,25.84,0.16
2020-08-11 14:37:00,25.83,25.88,0.16
2020-08-11 14:38:00,25.78,25.87,0.16
2020-08-11 14:39:00,25.77,25.78,0.16
2020-08-11 14:40:00,25.77,25.78,0.16
2020-08-11 14:41:00,25.77,25.78,0.16
2020-08-11 14:42:00,25.77,25.78,0.16
2020-08-11 14:44:00,25.73,25.77,0.16
2020-08-11 14:45:00,25.72,25.77,0.16
2020-08-11 14:46:00,25.73,25.77,0.16
2020-08-11 14:47:00,25.72,25.75,0.16
2020-08-11 14:48:00,25.68,25.72,0.16
2020-08-11 14:49:00,25.73,25.83,0.16
2020-08-11 14:50:00,25.73,25.78,0.16
2020-08-11 14:51:00,25.82,25.83,0.16
2020-08-11 14:52:00,25.78,25.83,0.16
2020-08-11 14:54:00,25.77,25.78,0.16
2020-08-11 14:55:00,25.72,25.73,0.16
2020-08-11 14:56:00,25.72,25.73,0.16
2020-08-11 14:57:00,25.67,25.72,0.16
2020-08-11 14:58:00,25.67,25.68,0.16
2020-08-11 14:59:00,25.67,25.72,0.16
2020-08-11 15:00:00,25.67,25.72,0.16
2020-08-11 15:01:00,25.62,25.72,0.16
2020-08-11 15:02:00,25.62,25.64,0.16
2020-08-11 15:05:00,25.61,25.62,0.16
2020-08-11 15:06:00,25.61,25.62,0.16
2020-08-11 15:08:00,25.62,25.62,0.16
2020-08-11 15:09:00,25.61,25.62,0.16
2020-08-11 15:10:00,25.57,25.61,0.16
2020-08-11 15:11:00,25.59,25.61,0.16
2020-08-11 15:13:00,25.61,25.62,0.16
2020-08-11 15:15:00,25.61,25.62,0.16
2020-08-11 15:16:00,25.61,25.66,0.16
2020-08-11 15:18:00,25.62,25.66,0.16
2020-08-11 15:19:00,25.66,25.67,0.16
2020-08-11 15:20:00,25.62,25.67,0.16
2020-08-11 15:22:00,25.63,25.66,0.16
2020-08-11 15:25:00,25.66,25.67,0.16
2020-08-11 15:26:00,25.66,25.72,0.16
2020-08-11 15:27:00,25.66,25.66,0.16
2020-08-11 15:28:00,25.66,25.67,0.16
2020-08-11 15:30:00,25.66,25.67,0.16
2020-08-11 15:31:00,25.71,25.72,0.16
2020-08-11 15:34:00,25.72,25.76,0.16
2020-08-11 15:35:00,25.71,25.72,0.16
2020-08-11 15:36:00,25.71,25.72,0.16
2020-08-11 15:37:00,25.71,25.72,0.16
2020-08-11 15:38:00,25.76,25.77,0.16
2020-08-11 15:39:00,25.82,25.82,0.16
2020-08-11 15:40:00,25.77,25.82,0.16
2020-08-11 15:43:00,25.77,25.82,0.16
2020-08-11 15:44:00,25.77,25.83,0.16
2020-08-11 15:45:00,25.82,25.87,0.16
2020-08-11 15:46:00,25.83,25.87,0.16
2020-08-11 15:47:00,25.87,25.88,0.16
2020-08-11 15:48:00,25.87,25.88,0.16
2020-08-11 15:50:00,25.82,25.87,0.16
2020-08-11 15:51:00,25.88,25.92,0.16
2020-08-11 15:52:00,25.92,25.92,0.16
2020-08-11 15:53:00,25.87,25.92,0.16
2020-08-11 15:54:00,25.88,25.92,0.16
2020-08-11 15:55:00,25.88,25.93,0.16
2020-08-11 15:56:00,25.87,25.92,0.16
2020-08-11 15:57:00,25.87,25.92,0.16
2020-08-11 15:58:00,25.88,25.88,0.16
2020-08-11 15:59:00,25.87,25.92,0.16
2020-08-11 16:02:00,25.87,25.93,0.16
2020-08-11 16:03:00,25.93,25.93,0.16
2020-08-11 16:04:00,25.92,25.97,0.16
2020-08-11 16:05:00,25.93,25.97,0.16
2020-08-11 16:06:00,25.92,25.97,0.16
2020-08-11 16:08:00,25.87,25.91,0.16
2020-08-11 16:10:00,25.86,25.86,0.16
2020-08-11 16:11:00,25.82,25.87,0.16
2020-08-11 16:12:00,25.82,25.86,0.16
2020-08-11 16:13:00,25.82,25.86,0.16
2020-08-11 16:14:00,25.81,25.82,0.16
2020-08-11 16:15:00,25.76,25.81,0.16
2020-08-11 16:16:00,25.76,25.80,0.16
2020-08-11 16:17:00,25.73,25.76,0.16
2020-08-11 16:18:00,25.75,25.76,0.16
2020-08-11 16:20:00,25.76,25.81,0.16
2020-08-11 16:21:00,25.76,25.76,0.16
2020-08-11 16:24:00,25.71,25.75,0.16
2020-08-11 16:25:00,25.73,25.76,0.16
2020-08-11 16:26:00,25.75,25.76,0.16
2020-08-11 16:27:00,25.75,25.75,0.16
2020-08-11 16:28:00,25.71,25.75,0.16
2020-08-11 16:29:00,25.75,25.75,0.16
2020-08-11 16:31:00,25.76,25.76,0.16
2020-08-11 16:32:00,25.75,25.80,0.16
2020-08-11 16:33:00,25.76,25.81,0.16
2020-08-11 16:34:00,25.80,25.81,0.16
2020-08-11 16:35:00,25.78,25.81,0.16
2020-08-11 16:36:00,25.76,25.80,0.16
2020-08-11 16:37:00,25.76,25.80,0.16
2020-08-11 16:38:00,25.80,25.81,0.16
2020-08-11 16:39:00,25.78,25.80,0.16
2020-08-11 16:41:00,25.80,25.82,0.16
2020-08-11 16:42:00,25.80,25.82,0.16
2020-08-11 16:46:00,25.80,25.82,0.16
2020-08-11 16:47:00,25.80,25.82,0.16
2020-08-11 16:48:00,25.80,25.82,0.16
2020-08-11 16:50:00,25.80,25.82,0.16
2020-08-11 16:51:00,25.80,25.82,0.16
2020-08-11 16:52:00,25.77,25.81,0.16
2020-08-11 16:54:00,25.80,25.82,0.16
2020-08-11 16:55:00,25.80,25.82,0.16
2020-08-11 16:56:00,25.86,25.87,0.16
2020-08-11 16:57:00,25.91,25.92,0.16
2020-08-11 16:58:00,25.91,25.92,0.16
2020-08-11 16:59:00,25.87,25.92,0.16
2020-08-11 17:00:00,25.92,25.93,0.16
2020-08-11 17:01:00,25.92,25.93,0.16
2020-08-11 17:02:00,25.87,25.91,0.16
2020-08-11 17:03:00,25.87,25.91,0.16
2020-08-11 17:04:00,25.87,25.93,0.16
2020-08-11 17:05:00,25.92,25.97,0.16
2020-08-11 17:06:00,25.92,25.97,0.16
2020-08-11 17:09:00,25.87,25.87,0.16
2020-08-11 17:10:00,25.87,25.92,0.16
2020-08-11 17:13:00,25.82,25.87,0.16
2020-08-11 17:15:00,25.86,25.89,0.16
2020-08-11 17:16:00,25.87,25.92,0.16
2020-08-11 17:17:00,25.87,25.92,0.16
2020-08-11 17:19:00,25.87,25.92,0.16
2020-08-11 17:20:00,25.91,25.92,0.16
2020-08-11 17:21:00,25.87,25.92,0.16
2020-08-11 17:22:00,25.86,25.92,0.16
2020-08-11 17:23:00,25.82,25.87,0.16
2020-08-11 17:24:00,25.81,25.82,0.16
2020-08-11 17:25:00,25.82,25.86,0.16
2020-08-11 17:26:00,25.86,25.87,0.16
2020-08-11 17:28:00,25.91,25.92,0.16
2020-08-11 17:29:00,25.96,25.97,0.16
2020-08-11 17:30:00,25.92,25.97,0.16
2020-08-11 17:31:00,25.97,26.02,0.16
2020-08-11 17:32:00,25.98,26.02,0.16
2020-08-11 17:35:00,26.02,26.03,0.16
2020-08-11 17:36:00,26.02,26.03,0.16
2020-08-11 17:37:00,25.98,26.03,0.16
2020-08-11 17:38:00,25.97,26.02,0.16
2020-08-11 17:39:00,26.02,26.02,0.16
2020-08-11 17:40:00,26.03,26.07,0.16
2020-08-11 17:42:00,26.03,26.07,0.16
2020-08-11 17:43:00,26.02,26.02,0.16
2020-08-11 17:44:00,26.02,26.07,0.16
2020-08-11 17:45:00,26.02,26.03,0.16
2020-08-11 17:46:00,26.02,26.03,0.16
2020-08-11 17:47:00,26.03,26.03,0.16
2020-08-11 17:48:00,26.07,26.07,0.16
2020-08-11 17:50:00,26.08,26.12,0.16
2020-08-11 17:51:00,26.07,26.12,0.16
2020-08-11 17:52:00,26.07,26.12,0.16
2020-08-11 17:53:00,26.02,26.03,0.16
2020-08-11 17:54:00,26.02,26.02,0.16
2020-08-11 17:55:00,26.02,26.03,0.16
2020-08-11 17:56:00,25.97,25.98,0.16
2020-08-11 17:58:00,25.92,25.97,0.16
2020-08-11 18:01:00,25.91,25.91,0.16
2020-08-11 18:02:00,25.87,25.91,0.16
2020-08-11 18:03:00,25.87,25.91,0.16
2020-08-11 18:05:00,25.87,25.87,0.16
2020-08-11 18:07:00,25.86,25.87,0.16
2020-08-11 18:08:00,25.86,25.87,0.16
2020-08-11 18:09:00,25.86,25.87,0.16
2020-08-11 18:10:00,25.86,25.87,0.16
2020-08-11 18:11:00,25.86,25.87,0.16
2020-08-11 18:12:00,25.91,25.92,0.16
2020-08-11 18:13:00,25.91,25.97,0.16
2020-08-11 18:14:00,25.98,26.02,0.16
2020-08-11 18:15:00,26.02,26.08,0.16
2020-08-11 18:16:00,26.07,26.13,0.16
2020-08-11 18:17:00,26.04,26.10,0.16
2020-08-11 18:18:00,25.97,26.07,0.16
2020-08-11 18:19:00,25.97,26.02,0.16
2020-08-11 18:20:00,26.02,26.07,0.16
2020-08-11 18:21:00,26.02,26.08,0.16
2020-08-11 18:22:00,26.05,26.07,0.16
2020-08-11 18:23:00,25.97,26.07,0.16
2020-08-11 18:24:00,25.98,26.02,0.16
2020-08-11 18:25:00,26.02,26.03,0.16
2020-08-11 18:26:00,26.02,26.07,0.16
2020-08-11 18:27:00,26.07,26.09,0.16
2020-08-11 18:28:00,26.09,26.14,0.16
2020-08-11 18:29:00,26.12,26.19,0.16
2020-08-11 18:30:00,26.14,26.19,0.16
2020-08-11 18:31:00,26.19,26.24,0.16
2020-08-11 18:32:00,26.20,26.24,0.16
2020-08-11 18:33:00,26.19,26.24,0.16
2020-08-11 18:34:00,26.14,26.19,0.16
2020-08-11 18:35:00,26.14,26.22,0.16
2020-08-11 18:36:00,26.17,26.29,0.16
2020-08-11 18:37:00,26.25,26.30,0.16
2020-08-11 18:38:00,26.29,26.30,0.16
2020-08-11 18:39:00,26.24,26.29,0.16
2020-08-11 18:40:00,26.20,26.29,0.16
2020-08-11 18:41:00,26.14,26.20,0.16
2020-08-11 18:42:00,26.14,26.20,0.16
2020-08-11 18:43:00,26.14,26.20,0.16
2020-08-11 18:44:00,26.14,26.15,0.16
2020-08-11 18:45:00,26.15,26.30,0.16
2020-08-11 18:46:00,26.25,26.30,0.16
2020-08-11 18:47:00,26.25,26.30,0.16
2020-08-11 18:48:00,26.30,26.35,0.16
2020-08-11 18:49:00,26.30,26.36,0.16
2020-08-11 18:50:00,26.31,26.36,0.16
2020-08-11 18:51:00,26.36,26.37,0.16
2020-08-11 18:52:00,26.35,26.41,0.16
2020-08-11 18:53:00,26.30,26.40,0.16
2020-08-11 18:54:00,26.25,26.30,0.16
2020-08-11 18:55:00,26.25,26.30,0.16
2020-08-11 18:56:00,26.25,26.30,0.16
2020-08-11 18:57:00,26.27,26.30,0.16
2020-08-11 18:58:00,26.25,26.25,0.16
2020-08-11 18:59:00,26.20,26.30,0.16
2020-08-11 19:00:00,26.19,26.25,0.16
2020-08-11 19:01:00,26.20,26.25,0.16
2020-08-11 19:02:00,26.20,26.30,0.16
2020-08-11 19:03:00,26.29,26.35,0.16
2020-08-11 19:04:00,26.29,26.40,0.16
2020-08-11 19:05:00,26.40,26.46,0.16
2020-08-11 19:06:00,26.35,26.43,0.16
2020-08-11 19:07:00,26.35,26.41,0.16
2020-08-11 19:08:00,26.35,26.45,0.16
2020-08-11 19:09:00,26.40,26.50,0.16
2020-08-11 19:10:00,26.45,26.55,0.16
2020-08-11 19:11:00,26.35,26.44,0.16
2020-08-11 19:12:00,26.34,26.45,0.16
2020-08-11 19:13:00,26.29,26.35,0.16
2020-08-11 19:14:00,26.34,26.51,0.16
2020-08-11 19:15:00,26.50,26.61,0.16
2020-08-11 19:16:00,26.56,26.87,0.16
2020-08-11 19:17:00,26.82,26.97,0.16
2020-08-11 19:18:00,26.92,27.02,0.16
2020-08-11 19:19:00,26.92,27.08,0.16
2020-08-11 19:20:00,26.82,27.03,0.16
2020-08-11 19:21:00,26.77,26.83,0.16
2020-08-11 19:22:00,26.73,26.82,0.16
2020-08-11 19:23:00,26.82,26.88,0.16
2020-08-11 19:24:00,26.88,27.04,0.16
2020-08-11 19:25:00,26.84,27.04,0.16
2020-08-11 19:26:00,26.79,26.86,0.16
2020-08-11 19:27:00,26.68,26.79,0.16
2020-08-11 19:28:00,26.68,26.74,0.16
2020-08-11 19:29:00,26.63,26.71,0.16
2020-08-11 19:30:00,26.67,26.78,0.16
2020-08-11 19:31:00,26.68,26.83,0.16
2020-08-11 19:32:00,26.78,26.93,0.16
2020-08-11 19:33:00,26.90,27.10,0.16
2020-08-11 19:34:00,27.06,27.20,0.16
2020-08-11 19:35:00,27.03,27.20,0.16
2020-08-11 19:36:00,26.88,27.02,0.16
2020-08-11 19:37:00,26.78,26.88,0.16
2020-08-11 19:38:00,26.85,27.00,0.16
2020-08-11 19:39:00,26.88,27.05,0.16
2020-08-11 19:40:00,26.78,26.94,0.16
2020-08-11 19:41:00,26.89,27.00,0.16
2020-08-11 19:42:00,26.89,27.00,0.16
2020-08-11 19:43:00,26.94,27.05,0.16
2020-08-11 19:44:00,27.00,27.10,0.16
2020-08-11 19:45:00,27.05,27.15,0.16
2020-08-11 19:46:00,27.11,27.25,0.16
2020-08-11 19:47:00,27.21,27.26,0.16
2020-08-11 19:48:00,27.21,27.31,0.16
2020-08-11 19:49:00,27.21,27.27,0.16
2020-08-11 19:50:00,27.27,27.48,0.16
2020-08-11 19:51:00,27.37,27.48,0.16
2020-08-11 19:52:00,27.42,27.53,0.16
2020-08-11 19:53:00,27.53,27.68,0.16
2020-08-11 19:54:00,27.47,27.63,0.16
2020-08-11 19:55:00,27.31,27.48,0.16
2020-08-11 19:56:00,27.37,27.52,0.16
2020-08-11 19:57:00,27.42,27.52,0.16
2020-08-11 19:58:00,27.52,27.57,0.16
2020-08-11 19:59:00,27.51,27.57,0.16
2020-08-11 20:00:00,27.57,27.57,0.16
2020-08-11 20:01:00,27.46,27.57,0.16
2020-08-11 20:02:00,27.47,27.57,0.16
2020-08-11 20:03:00,27.52,27.62,0.16
2020-08-11 20:04:00,27.52,27.62,0.16
2020-08-11 20:05:00,27.50,27.51,0.16
2020-08-11 20:06:00,27.40,27.48,0.16
2020-08-11 20:07:00,27.34,27.40,0.16
2020-08-11 20:08:00,27.34,27.39,0.16
2020-08-11 20:09:00,27.38,27.39,0.16
2020-08-11 20:10:00,27.44,27.49,0.16
2020-08-11 20:11:00,27.49,27.53,0.16
2020-08-11 20:12:00,27.43,27.49,0.16
2020-08-11 20:13:00,27.22,27.41,0.16
2020-08-11 20:14:00,27.27,27.50,0.16
2020-08-11 20:31:00,27.25,27.32,0.16
2020-08-11 20:32:00,27.22,27.27,0.16
2020-08-11 20:33:00,27.22,27.25,0.16
2020-08-11 20:34:00,27.22,27.23,0.16
2020-08-11 20:35:00,27.22,27.23,0.16
2020-08-11 20:36:00,27.22,27.23,0.16
2020-08-11 20:37:00,27.18,27.20,0.16
2020-08-11 20:38:00,27.18,27.22,0.16
2020-08-11 20:40:00,27.18,27.22,0.16
2020-08-11 20:41:00,27.20,27.22,0.16
2020-08-11 20:43:00,27.23,27.23,0.16
2020-08-11 20:44:00,27.22,27.23,0.16
2020-08-11 20:45:00,27.22,27.23,0.16
2020-08-11 20:46:00,27.22,27.23,0.16
2020-08-11 20:47:00,27.22,27.23,0.16
2020-08-11 20:48:00,27.22,27.23,0.16
2020-08-11 20:49:00,27.22,27.23,0.16
2020-08-11 20:50:00,27.22,27.25,0.16
2020-08-11 20:51:00,27.22,27.25,0.16
2020-08-11 20:52:00,27.18,27.18,0.16
2020-08-11 20:57:00,27.22,27.23,0.16
2020-08-11 20:58:00,27.17,27.18,0.16
2020-08-11 20:59:00,27.17,27.22,0.16
2020-08-11 22:00:00,27.14,27.25,0.20
2020-08-11 22:01:00,27.20,27.25,0.16
2020-08-11 22:02:00,27.22,27.22,0.16
2020-08-11 22:03:00,27.21,27.21,0.16
2020-08-11 22:05:00,27.17,27.19,0.16
2020-08-11 22:06:00,27.11,27.17,0.16
2020-08-11 22:07:00,27.06,27.11,0.16
2020-08-11 22:08:00,27.06,27.10,0.16
2020-08-11 22:09:00,27.06,27.08,0.16
2020-08-11 22:10:00,27.03,27.03,0.16
2020-08-11 22:11:00,27.01,27.06,0.16
2020-08-11 22:13:00,27.08,27.11,0.16
2020-08-11 22:16:00,27.13,27.15,0.16
2020-08-11 22:17:00,27.11,27.11,0.16
2020-08-11 22:18:00,27.13,27.16,0.16
2020-08-11 22:19:00,27.12,27.17,0.16
2020-08-11 22:22:00,27.13,27.17,0.16
2020-08-11 22:23:00,27.13,27.18,0.16
2020-08-11 22:24:00,27.17,27.18,0.16
2020-08-11 22:25:00,27.18,27.23,0.16
2020-08-11 22:26:00,27.22,27.23,0.16
2020-08-11 22:27:00,27.20,27.22,0.16
2020-08-11 22:28:00,27.22,27.23,0.16
2020-08-11 22:29:00,27.20,27.22,0.16
2020-08-11 22:30:00,27.15,27.20,0.16
2020-08-11 22:31:00,27.15,27.17,0.16
2020-08-11 22:32:00,27.15,27.17,0.16
2020-08-11 22:33:00,27.15,27.17,0.16
2020-08-11 22:34:00,27.14,27.15,0.16
2020-08-11 22:36:00,27.14,27.17,0.16
2020-08-11 22:37:00,27.12,27.15,0.16
2020-08-11 22:38:00,27.12,27.17,0.16
2020-08-11 22:41:00,27.14,27.14,0.16
2020-08-11 22:42:00,27.16,27.17,0.16
2020-08-11 22:45:00,27.18,27.18,0.16
2020-08-11 22:46:00,27.17,27.18,0.16
2020-08-11 22:47:00,27.18,27.23,0.16
2020-08-11 22:48:00,27.22,27.23,0.16
2020-08-11 22:49:00,27.18,27.22,0.16
2020-08-11 22:50:00,27.17,27.17,0.16
2020-08-11 23:01:00,27.18,27.20,0.16
2020-08-11 23:02:00,27.17,27.20,0.16
2020-08-11 23:03:00,27.17,27.20,0.16
2020-08-11 23:04:00,27.20,27.22,0.16
2020-08-11 23:05:00,27.19,27.22,0.16
2020-08-11 23:06:00,27.23,27.25,0.16
2020-08-11 23:07:00,27.22,27.25,0.16
2020-08-11 23:08:00,27.23,27.25,0.16
2020-08-11 23:09:00,27.25,27.25,0.16
2020-08-11 23:10:00,27.23,27.25,0.16
2020-08-11 23:11:00,27.22,27.25,0.16
2020-08-11 23:12:00,27.23,27.25,0.16
2020-08-11 23:13:00,27.22,27.25,0.16
2020-08-11 23:14:00,27.22,27.25,0.16
2020-08-11 23:15:00,27.23,27.25,0.16
2020-08-11 23:16:00,27.23,27.25,0.16
2020-08-11 23:17:00,27.23,27.25,0.16
2020-08-11 23:18:00,27.23,27.25,0.16
2020-08-11 23:19:00,27.23,27.25,0.16
2020-08-11 23:20:00,27.23,27.25,0.16
2020-08-11 23:21:00,27.23,27.25,0.16
2020-08-11 23:23:00,27.23,27.25,0.16
2020-08-11 23:24:00,27.23,27.23,0.16
2020-08-11 23:25:00,27.23,27.25,0.16
2020-08-11 23:26:00,27.23,27.23,0.16
2020-08-11 23:30:00,27.18,27.20,0.16
2020-08-11 23:31:00,27.18,27.18,0.16
2020-08-11 23:32:00,27.17,27.18,0.16
2020-08-11 23:33:00,27.15,27.17,0.16
2020-08-11 23:34:00,27.14,27.15,0.16
2020-08-11 23:35:00,27.15,27.15,0.16
2020-08-11 23:37:00,27.14,27.17,0.16
2020-08-11 23:38:00,27.12,27.15,0.16
2020-08-11 23:39:00,27.12,27.14,0.16
2020-08-11 23:44:00,27.07,27.07,0.16
2020-08-11 23:45:00,27.09,27.12,0.16
2020-08-11 23:46:00,27.12,27.12,0.16
2020-08-11 23:50:00,27.13,27.17,0.16
2020-08-11 23:51:00,27.13,27.13,0.16
2020-08-11 23:52:00,27.17,27.17,0.16
2020-08-11 23:54:00,27.18,27.18,0.16
2020-08-11 23:55:00,27.15,27.17,0.16
2020-08-11 23:56:00,27.17,27.18,0.16
2020-08-11 23:57:00,27.17,27.18,0.16
2020-08-11 23:59:00,27.18,27.22,0.16
2020-08-12 00:00:00,27.18,27.22,0.16
2020-08-12 00:01:00,27.18,27.23,0.16
2020-08-12 00:02:00,27.18,27.22,0.16
2020-08-12 00:03:00,27.12,27.20,0.16
2020-08-12 00:04:00,27.12,27.13,0.16
2020-08-12 00:05:00,27.07,27.13,0.16
2020-08-12 00:06:00,27.02,27.07,0.16
2020-08-12 00:07:00,27.07,27.12,0.16
2020-08-12 00:08:00,27.07,27.12,0.16
2020-08-12 00:15:00,27.02,27.07,0.16
2020-08-12 00:16:00,26.97,27.02,0.16
2020-08-12 00:17:00,26.99,27.02,0.16
2020-08-12 00:18:00,26.99,27.02,0.16
2020-08-12 00:19:00,26.97,27.01,0.16
2020-08-12 00:20:00,26.97,27.01,0.16
2020-08-12 00:21:00,26.97,27.01,0.16
2020-08-12 00:22:00,26.98,26.99,0.16
2020-08-12 00:23:00,26.97,26.98,0.16
2020-08-12 00:24:00,26.96,26.98,0.16
2020-08-12 00:25:00,26.96,26.98,0.16
2020-08-12 00:27:00,27.01,27.03,0.16
2020-08-12 00:28:00,27.03,27.08,0.16
2020-08-12 00:29:00,27.08,27.08,0.16
2020-08-12 00:30:00,27.06,27.08,0.16
2020-08-12 00:32:00,27.13,27.13,0.16
2020-08-12 00:37:00,27.14,27.21,0.16
2020-08-12 00:38:00,27.18,27.21,0.16
2020-08-12 00:39:00,27.19,27.24,0.16
2020-08-12 00:40:00,27.23,27.24,0.16
2020-08-12 00:41:00,27.23,27.24,0.16
2020-08-12 00:42:00,27.19,27.23,0.16
2020-08-12 00:43:00,27.23,27.24,0.16
2020-08-12 00:45:00,27.24,27.29,0.16
2020-08-12 00:46:00,27.24,27.29,0.16
2020-08-12 00:47:00,27.19,27.20,0.16
2020-08-12 00:48:00,27.18,27.19,0.16
2020-08-12 00:49:00,27.14,27.19,0.16
2020-08-12 00:50:00,27.14,27.19,0.16
2020-08-12 00:51:00,27.21,27.24,0.16
2020-08-12 00:52:00,27.24,27.29,0.16
2020-08-12 00:53:00,27.24,27.29,0.16
2020-08-12 00:54:00,27.24,27.29,0.16
2020-08-12 00:55:00,27.24,27.29,0.16
2020-08-12 00:56:00,27.24,27.29,0.16
2020-08-12 00:57:00,27.30,27.40,0.16
2020-08-12 00:58:00,27.30,27.40,0.16
2020-08-12 00:59:00,27.29,27.35,0.16
2020-08-12 01:00:00,27.29,27.34,0.16
2020-08-12 01:01:00,27.21,27.29,0.16
2020-08-12 01:02:00,27.18,27.24,0.16
2020-08-12 01:03:00,27.19,27.24,0.16
2020-08-12 01:04:00,27.19,27.24,0.16
2020-08-12 01:05:00,27.21,27.23,0.16
2020-08-12 01:06:00,27.19,27.23,0.16
2020-08-12 01:07:00,27.21,27.24,0.16
2020-08-12 01:08:00,27.18,27.24,0.16
2020-08-12 01:09:00,27.23,27.24,0.16
2020-08-12 01:10:00,27.23,27.24,0.16
2020-08-12 01:11:00,27.21,27.24,0.16
2020-08-12 01:12:00,27.18,27.23,0.16
2020-08-12 01:13:00,27.21,27.23,0.16
2020-08-12 01:14:00,27.21,27.23,0.16
2020-08-12 01:15:00,27.23,27.28,0.16
2020-08-12 01:16:00,27.23,27.29,0.16
2020-08-12 01:17:00,27.26,27.29,0.16
2020-08-12 01:18:00,27.26,27.29,0.16
2020-08-12 01:19:00,27.23,27.28,0.16
2020-08-12 01:20:00,27.26,27.34,0.16
2020-08-12 01:23:00,27.35,27.39,0.16
2020-08-12 01:24:00,27.37,27.39,0.16
2020-08-12 01:25:00,27.34,27.37,0.16
2020-08-12 01:26:00,27.35,27.39,0.16
2020-08-12 01:27:00,27.34,27.39,0.16
2020-08-12 01:28:00,27.30,27.35,0.16
2020-08-12 01:29:00,27.29,27.34,0.16
2020-08-12 01:30:00,27.28,27.31,0.16
2020-08-12 01:32:00,27.29,27.34,0.16
2020-08-12 01:33:00,27.31,27.34,0.16
2020-08-12 01:34:00,27.31,27.34,0.16
2020-08-12 01:35:00,27.29,27.34,0.16
2020-08-12 01:36:00,27.29,27.30,0.16
2020-08-12 01:37:00,27.29,27.32,0.16
2020-08-12 01:38:00,27.29,27.34,0.16
2020-08-12 01:40:00,27.29,27.32,0.16
2020-08-12 01:42:00,27.29,27.34,0.16
2020-08-12 01:44:00,27.35,27.39,0.16
2020-08-12 01:45:00,27.37,27.40,0.16
2020-08-12 01:46:00,27.37,27.39,0.16
2020-08-12 01:47:00,27.35,27.39,0.16
2020-08-12 01:48:00,27.35,27.39,0.16
2020-08-12 01:49:00,27.39,27.44,0.16
2020-08-12 01:50:00,27.40,27.45,0.16
2020-08-12 01:51:00,27.40,27.44,0.16
2020-08-12 01:52:00,27.44,27.45,0.16
2020-08-12 01:53:00,27.44,27.45,0.16
2020-08-12 01:54:00,27.39,27.44,0.16
2020-08-12 01:55:00,27.39,27.44,0.16
2020-08-12 01:56:00,27.39,27.40,0.16
2020-08-12 01:57:00,27.37,27.39,0.16
2020-08-12 01:58:00,27.34,27.39,0.16
2020-08-12 01:59:00,27.34,27.39,0.16
2020-08-12 02:00:00,27.39,27.44,0.16
2020-08-12 02:01:00,27.37,27.39,0.16
2020-08-12 02:04:00,27.39,27.44,0.16
2020-08-12 02:05:00,27.36,27.39,0.16
2020-08-12 02:06:00,27.34,27.38,0.16
2020-08-12 02:07:00,27.38,27.39,0.16
2020-08-12 02:08:00,27.44,27.44,0.16
2020-08-12 02:09:00,27.39,27.44,0.16
2020-08-12 02:10:00,27.39,27.42,0.16
2020-08-12 02:11:00,27.42,27.44,0.16
2020-08-12 02:13:00,27.44,27.45,0.16
2020-08-12 02:14:00,27.44,27.49,0.16
2020-08-12 02:15:00,27.49,27.51,0.16
2020-08-12 02:17:00,27.49,27.55,0.16
2020-08-12 02:18:00,27.55,27.56,0.16
2020-08-12 02:19:00,27.56,27.56,0.16
2020-08-12 02:20:00,27.51,27.58,0.16
2020-08-12 02:22:00,27.50,27.54,0.16
2020-08-12 02:23:00,27.50,27.55,0.16
2020-08-12 02:24:00,27.49,27.52,0.16
2020-08-12 02:25:00,27.47,27.50,0.16
2020-08-12 02:26:00,27.45,27.49,0.16
2020-08-12 02:28:00,27.44,27.47,0.16
2020-08-12 02:29:00,27.45,27.47,0.16
2020-08-12 02:30:00,27.44,27.49,0.16
2020-08-12 02:31:00,27.45,27.50,0.16
2020-08-12 02:32:00,27.45,27.49,0.16
2020-08-12 02:33:00,27.45,27.47,0.16
2020-08-12 02:34:00,27.44,27.45,0.16
2020-08-12 02:36:00,27.45,27.45,0.16
2020-08-12 02:37:00,27.44,27.47,0.16
2020-08-12 02:38:00,27.45,27.45,0.16
2020-08-12 02:39:00,27.42,27.44,0.16
2020-08-12 02:40:00,27.39,27.44,0.16
2020-08-12 02:41:00,27.39,27.43,0.16
2020-08-12 02:43:00,27.36,27.36,0.16
2020-08-12 02:44:00,27.34,27.39,0.16
2020-08-12 02:47:00,27.39,27.40,0.16
2020-08-12 02:50:00,27.39,27.44,0.16
2020-08-12 02:51:00,27.39,27.40,0.16
2020-08-12 02:52:00,27.39,27.40,0.16
2020-08-12 02:54:00,27.34,27.39,0.16
2020-08-12 02:55:00,27.34,27.39,0.16
2020-08-12 02:56:00,27.38,27.39,0.16
2020-08-12 02:58:00,27.36,27.39,0.16
2020-08-12 03:00:00,27.34,27.39,0.16
2020-08-12 03:01:00,27.34,27.36,0.16
2020-08-12 03:03:00,27.34,27.39,0.16
2020-08-12 03:04:00,27.34,27.35,0.16
2020-08-12 03:05:00,27.34,27.35,0.16
2020-08-12 03:07:00,27.35,27.39,0.16
2020-08-12 03:08:00,27.35,27.39,0.16
2020-08-12 03:09:00,27.39,27.40,0.16
2020-08-12 03:10:00,27.39,27.40,0.16
2020-08-12 03:12:00,27.34,27.39,0.16
2020-08-12 03:13:00,27.39,27.39,0.16
2020-08-12 03:18:00,27.39,27.40,0.16
2020-08-12 03:21:00,27.34,27.34,0.16
2020-08-12 03:24:00,27.38,27.39,0.16
2020-08-12 03:25:00,27.40,27.40,0.16
2020-08-12 03:26:00,27.44,27.44,0.16
2020-08-12 03:28:00,27.45,27.45,0.16
2020-08-12 03:30:00,27.44,27.45,0.16
2020-08-12 03:31:00,27.40,27.40,0.16
2020-08-12 03:32:00,27.39,27.40,0.16
2020-08-12 03:33:00,27.39,27.39,0.16
2020-08-12 03:36:00,27.34,27.39,0.16
2020-08-12 03:37:00,27.37,27.39,0.16
2020-08-12 03:38:00,27.34,27.39,0.16
2020-08-12 03:39:00,27.36,27.39,0.16
2020-08-12 03:40:00,27.37,27.39,0.16
2020-08-12 03:41:00,27.37,27.39,0.16
2020-08-12 03:42:00,27.34,27.39,0.16
2020-08-12 03:43:00,27.37,27.39,0.16
2020-08-12 03:44:00,27.36,27.39,0.16
2020-08-12 03:46:00,27.34,27.39,0.16
2020-08-12 03:47:00,27.40,27.44,0.16
2020-08-12 03:48:00,27.40,27.44,0.16
2020-08-12 03:49:00,27.40,27.42,0.16
2020-08-12 03:50:00,27.39,27.40,0.16
2020-08-12 03:52:00,27.34,27.39,0.16
2020-08-12 03:53:00,27.36,27.39,0.16
2020-08-12 03:54:00,27.36,27.39,0.16
2020-08-12 03:55:00,27.37,27.39,0.16
2020-08-12 03:56:00,27.35,27.37,0.16
2020-08-12 03:57:00,27.34,27.37,0.16
2020-08-12 04:06:00,27.34,27.39,0.16
2020-08-12 04:07:00,27.34,27.35,0.16
2020-08-12 04:08:00,27.34,27.35,0.16
2020-08-12 04:09:00,27.34,27.34,0.16
2020-08-12 04:15:00,27.29,27.34,0.16
2020-08-12 04:19:00,27.29,27.32,0.16
2020-08-12 04:20:00,27.31,27.34,0.16
2020-08-12 04:25:00,27.35,27.35,0.16
2020-08-12 04:28:00,27.40,27.40,0.16
2020-08-12 04:29:00,27.35,27.40,0.16
2020-08-12 04:30:00,27.35,27.40,0.16
2020-08-12 04:31:00,27.35,27.36,0.16
2020-08-12 04:34:00,27.40,27.40,0.16
2020-08-12 04:35:00,27.35,27.35,0.16
2020-08-12 04:39:00,27.35,27.36,0.16
2020-08-12 04:45:00,27.30,27.30,0.16
2020-08-12 04:48:00,27.30,27.31,0.16
2020-08-12 04:49:00,27.31,27.35,0.16
2020-08-12 04:50:00,27.35,27.35,0.16
2020-08-12 04:51:00,27.36,27.40,0.16
2020-08-12 04:52:00,27.40,27.40,0.16
2020-08-12 04:54:00,27.40,27.41,0.16
2020-08-12 04:55:00,27.40,27.41,0.16
2020-08-12 05:00:00,27.41,27.46,0.16
2020-08-12 05:01:00,27.46,27.51,0.16
2020-08-12 05:07:00,27.41,27.46,0.16
2020-08-12 05:14:00,27.46,27.51,0.16
2020-08-12 05:15:00,27.46,27.50,0.16
2020-08-12 05:19:00,27.46,27.51,0.16
2020-08-12 05:22:00,27.41,27.41,0.16
2020-08-12 05:25:00,27.36,27.41,0.16
2020-08-12 05:26:00,27.38,27.38,0.16
2020-08-12 05:27:00,27.36,27.36,0.16
2020-08-12 05:29:00,27.35,27.36,0.16
2020-08-12 05:31:00,27.35,27.36,0.16
2020-08-12 05:35:00,27.35,27.36,0.16
2020-08-12 05:36:00,27.31,27.36,0.16
2020-08-12 05:37:00,27.31,27.33,0.16
2020-08-12 05:42:00,27.25,27.30,0.16
2020-08-12 05:43:00,27.25,27.26,0.16
2020-08-12 05:44:00,27.21,27.25,0.16
2020-08-12 05:45:00,27.20,27.23,0.16
2020-08-12 05:47:00,27.21,27.25,0.16
2020-08-12 05:48:00,27.23,27.25,0.16
2020-08-12 05:52:00,27.25,27.26,0.16
2020-08-12 05:53:00,27.25,27.26,0.16
2020-08-12 05:55:00,27.26,27.31,0.16
2020-08-12 05:58:00,27.21,27.26,0.16
2020-08-12 05:59:00,27.23,27.26,0.16
2020-08-12 06:00:00,27.21,27.23,0.16
2020-08-12 06:02:00,27.20,27.20,0.16
2020-08-12 06:03:00,27.20,27.21,0.16
2020-08-12 06:04:00,27.15,27.21,0.16
2020-08-12 06:05:00,27.15,27.18,0.16
2020-08-12 06:06:00,27.11,27.15,0.16
2020-08-12 06:07:00,27.02,27.10,0.16
2020-08-12 06:08:00,27.06,27.10,0.16
2020-08-12 06:09:00,27.00,27.07,0.16
2020-08-12 06:10:00,27.00,27.05,0.16
2020-08-12 06:11:00,27.04,27.05,0.16
2020-08-12 06:12:00,27.04,27.05,0.16
2020-08-12 06:14:00,27.00,27.00,0.16
2020-08-12 06:15:00,26.95,27.00,0.16
2020-08-12 06:16:00,26.94,26.95,0.16
2020-08-12 06:17:00,26.94,26.95,0.16
2020-08-12 06:18:00,26.90,26.94,0.16
2020-08-12 06:19:00,26.89,26.90,0.16
2020-08-12 06:20:00,26.92,26.94,0.16
2020-08-12 06:21:00,26.90,26.90,0.16
2020-08-12 06:22:00,26.89,26.90,0.16
2020-08-12 06:23:00,26.90,26.94,0.16
2020-08-12 06:24:00,26.90,26.92,0.16
2020-08-12 06:25:00,26.90,26.94,0.16
2020-08-12 06:27:00,26.94,26.96,0.16
2020-08-12 06:28:00,26.94,26.96,0.16
2020-08-12 06:29:00,26.95,26.95,0.16
2020-08-12 06:31:00,26.91,26.95,0.16
2020-08-12 06:35:00,26.90,26.95,0.16
2020-08-12 06:36:00,26.90,26.95,0.16
2020-08-12 06:37:00,26.90,26.93,0.16
2020-08-12 06:38:00,26.94,26.95,0.16
2020-08-12 06:39:00,26.90,26.95,0.16
2020-08-12 06:40:00,26.90,26.94,0.16
2020-08-12 06:41:00,26.89,26.95,0.16
2020-08-12 06:42:00,26.90,26.93,0.16
2020-08-12 06:44:00,26.90,26.95,0.16
2020-08-12 06:45:00,26.90,26.94,0.16
2020-08-12 06:46:00,26.89,26.90,0.16
2020-08-12 06:47:00,26.89,26.90,0.16
2020-08-12 06:48:00,26.89,26.90,0.16
2020-08-12 06:50:00,26.90,26.94,0.16
2020-08-12 06:51:00,26.87,26.87,0.16
2020-08-12 06:53:00,26.87,26.90,0.16
2020-08-12 06:54:00,26.89,26.90,0.16
2020-08-12 06:55:00,26.89,26.90,0.16
2020-08-12 06:56:00,26.85,26.90,0.16
2020-08-12 06:59:00,26.90,26.93,0.16
2020-08-12 07:00:00,26.89,26.90,0.16
2020-08-12 07:01:00,26.89,26.95,0.16
2020-08-12 07:02:00,26.84,26.90,0.16
2020-08-12 07:03:00,26.84,26.89,0.16
2020-08-12 07:04:00,26.85,26.89,0.16
2020-08-12 07:05:00,26.79,26.89,0.16
2020-08-12 07:06:00,26.79,26.80,0.16
2020-08-12 07:07:00,26.74,26.78,0.16
2020-08-12 07:08:00,26.74,26.79,0.16
2020-08-12 07:09:00,26.74,26.79,0.16
2020-08-12 07:10:00,26.80,26.84,0.16
2020-08-12 07:11:00,26.79,26.79,0.16
2020-08-12 07:12:00,26.74,26.79,0.16
2020-08-12 07:13:00,26.74,26.79,0.16
2020-08-12 07:14:00,26.74,26.84,0.16
2020-08-12 07:15:00,26.79,26.81,0.16
2020-08-12 07:16:00,26.73,26.78,0.16
2020-08-12 07:17:00,26.74,26.78,0.16
2020-08-12 07:18:00,26.68,26.76,0.16
2020-08-12 07:20:00,26.65,26.68,0.16
2020-08-12 07:21:00,26.63,26.67,0.16
2020-08-12 07:23:00,26.62,26.63,0.16
2020-08-12 07:24:00,26.53,26.62,0.16
2020-08-12 07:25:00,26.53,26.58,0.16
2020-08-12 07:26:00,26.53,26.58,0.16
2020-08-12 07:27:00,26.55,26.58,0.16
2020-08-12 07:32:00,26.60,26.63,0.16
2020-08-12 07:33:00,26.63,26.68,0.16
2020-08-12 07:34:00,26.63,26.68,0.16
2020-08-12 07:35:00,26.63,26.65,0.16
2020-08-12 07:36:00,26.62,26.62,0.16
2020-08-12 07:37:00,26.62,26.63,0.16
2020-08-12 07:38:00,26.62,26.63,0.16
2020-08-12 07:39:00,26.63,26.68,0.16
2020-08-12 07:40:00,26.62,26.63,0.16
2020-08-12 07:41:00,26.62,26.63,0.16
2020-08-12 07:42:00,26.62,26.63,0.16
2020-08-12 07:43:00,26.62,26.63,0.16
2020-08-12 07:44:00,26.62,26.67,0.16
2020-08-12 07:45:00,26.62,26.67,0.16
2020-08-12 07:46:00,26.62,26.67,0.16
2020-08-12 07:47:00,26.62,26.65,0.16
2020-08-12 07:48:00,26.57,26.57,0.16
2020-08-12 07:49:00,26.57,26.62,0.16
2020-08-12 07:51:00,26.57,26.62,0.16
2020-08-12 07:52:00,26.57,26.62,0.16
2020-08-12 07:53:00,26.57,26.59,0.16
2020-08-12 07:55:00,26.54,26.57,0.16
2020-08-12 07:57:00,26.52,26.57,0.16
2020-08-12 07:59:00,26.52,26.54,0.16
2020-08-12 08:01:00,26.52,26.54,0.16
2020-08-12 08:02:00,26.52,26.54,0.16
2020-08-12 08:03:00,26.54,26.58,0.16
2020-08-12 08:04:00,26.53,26.57,0.16
2020-08-12 08:08:00,26.57,26.62,0.16
2020-08-12 08:09:00,26.63,26.63,0.16
2020-08-12 08:10:00,26.62,26.67,0.16
2020-08-12 08:11:00,26.57,26.60,0.16
2020-08-12 08:12:00,26.58,26.62,0.16
2020-08-12 08:14:00,26.63,26.67,0.16
2020-08-12 08:15:00,26.62,26.63,0.16
2020-08-12 08:16:00,26.62,26.63,0.16
2020-08-12 08:17:00,26.57,26.62,0.16
2020-08-12 08:18:00,26.57,26.62,0.16
2020-08-12 08:20:00,26.52,26.56,0.16
2020-08-12 08:21:00,26.56,26.56,0.16
2020-08-12 08:22:00,26.51,26.52,0.16
2020-08-12 08:23:00,26.52,26.56,0.16
2020-08-12 08:24:00,26.52,26.57,0.16
2020-08-12 08:25:00,26.56,26.57,0.16
2020-08-12 08:27:00,26.57,26.59,0.16
2020-08-12 08:28:00,26.57,26.59,0.16
2020-08-12 08:29:00,26.57,26.62,0.16
2020-08-12 08:30:00,26.57,26.58,0.16
2020-08-12 08:33:00,26.60,26.63,0.16
2020-08-12 08:35:00,26.59,26.63,0.16
2020-08-12 08:36:00,26.63,26.68,0.16
2020-08-12 08:37:00,26.58,26.63,0.16
2020-08-12 08:38:00,26.58,26.63,0.16
2020-08-12 08:39:00,26.58,26.61,0.16
2020-08-12 08:49:00,26.58,26.60,0.16
2020-08-12 08:53:00,26.59,26.63,0.16
2020-08-12 08:59:00,26.58,26.62,0.16
2020-08-12 09:01:00,26.62,26.63,0.16
2020-08-12 09:03:00,26.58,26.62,0.16
2020-08-12 09:04:00,26.53,26.57,0.16
2020-08-12 09:05:00,26.53,26.57,0.16
2020-08-12 09:06:00,26.53,26.57,0.16
2020-08-12 09:07:00,26.55,26.57,0.16
2020-08-12 09:08:00,26.58,26.58,0.16
2020-08-12 09:09:00,26.57,26.58,0.16
2020-08-12 09:10:00,26.55,26.58,0.16
2020-08-12 09:11:00,26.52,26.57,0.16
2020-08-12 09:23:00,26.47,26.47,0.16
2020-08-12 09:25:00,26.49,26.49,0.16
2020-08-12 09:26:00,26.47,26.52,0.16
2020-08-12 09:29:00,26.51,26.51,0.16
2020-08-12 09:30:00,26.52,26.52,0.16
2020-08-12 09:32:00,26.47,26.52,0.16
2020-08-12 09:33:00,26.47,26.47,0.16
2020-08-12 09:34:00,26.47,26.51,0.16
2020-08-12 09:35:00,26.52,26.52,0.16
2020-08-12 09:39:00,26.52,26.54,0.16
2020-08-12 09:40:00,26.54,26.56,0.16
2020-08-12 09:41:00,26.57,26.57,0.16
2020-08-12 09:42:00,26.52,26.52,0.16
2020-08-12 09:43:00,26.52,26.53,0.16
2020-08-12 09:44:00,26.53,26.57,0.16
2020-08-12 09:45:00,26.52,26.55,0.16
2020-08-12 09:46:00,26.52,26.53,0.16
2020-08-12 09:47:00,26.53,26.53,0.16
2020-08-12 09:48:00,26.52,26.52,0.16
2020-08-12 09:52:00,26.53,26.53,0.16
2020-08-12 09:53:00,26.52,26.53,0.16
2020-08-12 09:54:00,26.50,26.52,0.16
2020-08-12 09:56:00,26.53,26.53,0.16
2020-08-12 09:58:00,26.52,26.53,0.16
2020-08-12 09:59:00,26.53,26.53,0.16
2020-08-12 10:00:00,26.52,26.53,0.16
2020-08-12 10:06:00,26.52,26.53,0.16
2020-08-12 10:07:00,26.52,26.52,0.16
2020-08-12 10:11:00,26.47,26.52,0.16
2020-08-12 10:12:00,26.49,26.52,0.16
2020-08-12 10:13:00,26.47,26.52,0.16
2020-08-12 10:14:00,26.46,26.49,0.16
2020-08-12 10:15:00,26.47,26.51,0.16
2020-08-12 10:19:00,26.47,26.49,0.16
2020-08-12 10:20:00,26.43,26.43,0.16
2020-08-12 10:21:00,26.42,26.43,0.16
2020-08-12 10:24:00,26.48,26.48,0.16
2020-08-12 10:25:00,26.48,26.49,0.16
2020-08-12 10:26:00,26.49,26.49,0.16
2020-08-12 10:27:00,26.48,26.48,0.16
2020-08-12 10:28:00,26.48,26.53,0.16
2020-08-12 10:29:00,26.54,26.54,0.16
2020-08-12 10:30:00,26.53,26.54,0.16
2020-08-12 10:33:00,26.49,26.53,0.16
2020-08-12 10:34:00,26.53,26.54,0.16
2020-08-12 10:37:00,26.51,26.54,0.16
2020-08-12 10:38:00,26.53,26.54,0.16
2020-08-12 10:40:00,26.53,26.54,0.16
2020-08-12 10:41:00,26.50,26.52,0.16
2020-08-12 10:42:00,26.49,26.52,0.16
2020-08-12 10:43:00,26.54,26.54,0.16
2020-08-12 10:44:00,26.49,26.49,0.16
2020-08-12 10:45:00,26.50,26.50,0.16
2020-08-12 10:46:00,26.49,26.54,0.16
2020-08-12 10:47:00,26.52,26.54,0.16
2020-08-12 10:48:00,26.49,26.54,0.16
2020-08-12 10:50:00,26.52,26.54,0.16
2020-08-12 10:52:00,26.53,26.54,0.16
2020-08-12 10:58:00,26.53,26.54,0.16
2020-08-12 10:59:00,26.53,26.54,0.16
2020-08-12 11:01:00,26.54,26.59,0.16
2020-08-12 11:05:00,26.57,26.59,0.16
2020-08-12 11:10:00,26.54,26.59,0.16
2020-08-12 11:11:00,26.58,26.59,0.16
2020-08-12 11:12:00,26.54,26.54,0.16
2020-08-12 11:13:00,26.55,26.59,0.16
2020-08-12 11:15:00,26.55,26.59,0.16
2020-08-12 11:16:00,26.54,26.58,0.16
2020-08-12 11:20:00,26.54,26.56,0.16
2020-08-12 11:23:00,26.59,26.60,0.16
2020-08-12 11:24:00,26.62,26.65,0.16
2020-08-12 11:26:00,26.65,26.66,0.16
2020-08-12 11:27:00,26.65,26.68,0.16
2020-08-12 11:28:00,26.60,26.64,0.16
2020-08-12 11:30:00,26.55,26.59,0.16
2020-08-12 11:31:00,26.55,26.57,0.16
2020-08-12 11:32:00,26.55,26.59,0.16
2020-08-12 11:33:00,26.54,26.55,0.16
2020-08-12 11:34:00,26.54,26.54,0.16
2020-08-12 11:35:00,26.55,26.55,0.16
2020-08-12 11:36:00,26.59,26.60,0.16
2020-08-12 11:37:00,26.55,26.59,0.16
2020-08-12 11:38:00,26.57,26.59,0.16
2020-08-12 11:39:00,26.57,26.60,0.16
2020-08-12 11:40:00,26.55,26.60,0.16
2020-08-12 11:42:00,26.59,26.60,0.16
2020-08-12 11:47:00,26.59,26.60,0.16
2020-08-12 11:49:00,26.54,26.57,0.16
2020-08-12 11:51:00,26.54,26.59,0.16
2020-08-12 11:53:00,26.54,26.59,0.16
2020-08-12 11:55:00,26.54,26.59,0.16
2020-08-12 11:56:00,26.56,26.59,0.16
2020-08-12 11:57:00,26.60,26.64,0.16
2020-08-12 11:58:00,26.59,26.60,0.16
2020-08-12 12:07:00,26.59,26.60,0.16
2020-08-12 12:08:00,26.59,26.60,0.16
2020-08-12 12:11:00,26.57,26.59,0.16
2020-08-12 12:15:00,26.60,26.65,0.16
2020-08-12 12:16:00,26.60,26.65,0.16
2020-08-12 12:21:00,26.61,26.65,0.16
2020-08-12 12:23:00,26.66,26.66,0.16
2020-08-12 12:29:00,26.67,26.71,0.16
2020-08-12 12:30:00,26.67,26.72,0.16
2020-08-12 12:31:00,26.69,26.77,0.16
2020-08-12 12:32:00,26.76,26.79,0.16
2020-08-12 12:33:00,26.71,26.76,0.16
2020-08-12 12:34:00,26.66,26.69,0.16
2020-08-12 12:35:00,26.63,26.65,0.16
2020-08-12 12:36:00,26.60,26.65,0.16
2020-08-12 12:37:00,26.60,26.61,0.16
2020-08-12 12:41:00,26.56,26.60,0.16
2020-08-12 12:42:00,26.60,26.61,0.16
2020-08-12 12:43:00,26.61,26.61,0.16
2020-08-12 12:44:00,26.61,26.63,0.16
2020-08-12 12:45:00,26.60,26.61,0.16
2020-08-12 12:46:00,26.61,26.61,0.16
2020-08-12 12:47:00,26.60,26.61,0.16
2020-08-12 12:56:00,26.61,26.66,0.16
2020-08-12 12:57:00,26.61,26.66,0.16
2020-08-12 12:58:00,26.61,26.66,0.16
2020-08-12 13:01:00,26.56,26.58,0.16
2020-08-12 13:02:00,26.55,26.55,0.16
2020-08-12 13:03:00,26.51,26.55,0.16
2020-08-12 13:07:00,26.55,26.56,0.16
2020-08-12 13:09:00,26.55,26.56,0.16
2020-08-12 13:12:00,26.56,26.60,0.16
2020-08-12 13:13:00,26.55,26.56,0.16
2020-08-12 13:14:00,26.55,26.56,0.16
2020-08-12 13:15:00,26.55,26.55,0.16
2020-08-12 13:16:00,26.55,26.56,0.16
2020-08-12 13:18:00,26.55,26.55,0.16
2020-08-12 13:19:00,26.56,26.56,0.16
2020-08-12 13:20:00,26.55,26.60,0.16
2020-08-12 13:21:00,26.56,26.60,0.16
2020-08-12 13:22:00,26.55,26.60,0.16
2020-08-12 13:24:00,26.55,26.60,0.16
2020-08-12 13:25:00,26.55,26.60,0.16
2020-08-12 13:26:00,26.56,26.60,0.16
2020-08-12 13:29:00,26.55,26.55,0.16
2020-08-12 13:30:00,26.55,26.60,0.16
2020-08-12 13:31:00,26.59,26.59,0.16
2020-08-12 13:32:00,26.59,26.64,0.16
2020-08-12 13:33:00,26.53,26.59,0.16
2020-08-12 13:34:00,26.49,26.54,0.16
2020-08-12 13:35:00,26.53,26.54,0.16
2020-08-12 13:36:00,26.58,26.59,0.16
2020-08-12 13:38:00,26.54,26.59,0.16
2020-08-12 13:39:00,26.59,26.64,0.16
2020-08-12 13:40:00,26.59,26.64,0.16
2020-08-12 13:41:00,26.59,26.60,0.16
2020-08-12 13:42:00,26.59,26.64,0.16
2020-08-12 13:44:00,26.65,26.69,0.16
2020-08-12 13:45:00,26.64,26.70,0.16
2020-08-12 13:48:00,26.58,26.63,0.16
2020-08-12 13:49:00,26.58,26.59,0.16
2020-08-12 13:50:00,26.58,26.65,0.16
2020-08-12 13:51:00,26.64,26.65,0.16
2020-08-12 13:52:00,26.60,26.65,0.16
2020-08-12 13:53:00,26.59,26.64,0.16
2020-08-12 13:54:00,26.60,26.65,0.16
2020-08-12 13:55:00,26.55,26.65,0.16
2020-08-12 13:56:00,26.50,26.60,0.16
2020-08-12 13:57:00,26.54,26.59,0.16
2020-08-12 14:00:00,26.50,26.56,0.16
2020-08-12 14:01:00,26.45,26.55,0.16
2020-08-12 14:02:00,26.45,26.49,0.16
2020-08-12 14:03:00,26.40,26.46,0.16
2020-08-12 14:04:00,26.40,26.45,0.16
2020-08-12 14:05:00,26.40,26.45,0.16
2020-08-12 14:06:00,26.35,26.40,0.16
2020-08-12 14:07:00,26.34,26.35,0.16
2020-08-12 14:09:00,26.35,26.40,0.16
2020-08-12 14:10:00,26.40,26.45,0.16
2020-08-12 14:11:00,26.40,26.43,0.16
2020-08-12 14:12:00,26.41,26.45,0.16
2020-08-12 14:13:00,26.40,26.45,0.16
2020-08-12 14:14:00,26.40,26.41,0.16
2020-08-12 14:15:00,26.35,26.40,0.16
2020-08-12 14:16:00,26.31,26.36,0.16
2020-08-12 14:17:00,26.36,26.41,0.16
2020-08-12 14:18:00,26.31,26.36,0.16
2020-08-12 14:21:00,26.30,26.33,0.16
2020-08-12 14:22:00,26.26,26.31,0.16
2020-08-12 14:23:00,26.25,26.26,0.16
2020-08-12 14:24:00,26.20,26.26,0.16
2020-08-12 14:25:00,26.20,26.21,0.16
2020-08-12 14:26:00,26.21,26.25,0.16
2020-08-12 14:27:00,26.21,26.26,0.16
2020-08-12 14:28:00,26.25,26.26,0.16
2020-08-12 14:29:00,26.21,26.26,0.16
2020-08-12 14:30:00,26.15,26.21,0.16
2020-08-12 14:31:00,26.15,26.19,0.16
2020-08-12 14:32:00,26.14,26.15,0.16
2020-08-12 14:33:00,26.14,26.19,0.16
2020-08-12 14:34:00,26.14,26.19,0.16
2020-08-12 14:35:00,26.14,26.18,0.16
2020-08-12 14:36:00,26.14,26.19,0.16
2020-08-12 14:37:00,26.18,26.21,0.16
2020-08-12 14:38:00,26.19,26.23,0.16
2020-08-12 14:39:00,26.23,26.25,0.16
2020-08-12 14:40:00,26.18,26.22,0.16
2020-08-12 14:41:00,26.17,26.27,0.16
2020-08-12 14:42:00,26.25,26.28,0.16
2020-08-12 14:43:00,26.23,26.28,0.16
2020-08-12 14:44:00,26.23,26.28,0.16
2020-08-12 14:45:00,26.23,26.28,0.16
2020-08-12 14:46:00,26.23,26.28,0.16
2020-08-12 14:47:00,26.25,26.28,0.16
2020-08-12 14:49:00,26.28,26.33,0.16
2020-08-12 14:50:00,26.28,26.33,0.16
2020-08-12 14:51:00,26.23,26.28,0.16
2020-08-12 14:52:00,26.25,26.28,0.16
2020-08-12 14:53:00,26.27,26.28,0.16
2020-08-12 14:54:00,26.23,26.28,0.16
2020-08-12 14:55:00,26.23,26.28,0.16
2020-08-12 14:56:00,26.20,26.22,0.16
2020-08-12 14:57:00,26.22,26.23,0.16
2020-08-12 14:58:00,26.27,26.28,0.16
2020-08-12 14:59:00,26.27,26.32,0.16
2020-08-12 15:00:00,26.27,26.33,0.16
2020-08-12 15:01:00,26.23,26.28,0.16
2020-08-12 15:02:00,26.25,26.28,0.16
2020-08-12 15:03:00,26.28,26.33,0.16
2020-08-12 15:04:00,26.27,26.28,0.16
2020-08-12 15:05:00,26.23,26.32,0.16
2020-08-12 15:06:00,26.28,26.28,0.16
2020-08-12 15:10:00,26.28,26.33,0.16
2020-08-12 15:11:00,26.28,26.33,0.16
2020-08-12 15:12:00,26.28,26.33,0.16
2020-08-12 15:13:00,26.28,26.33,0.16
2020-08-12 15:14:00,26.33,26.38,0.16
2020-08-12 15:16:00,26.33,26.38,0.16
2020-08-12 15:18:00,26.37,26.37,0.16
2020-08-12 15:19:00,26.33,26.33,0.16
2020-08-12 15:20:00,26.32,26.37,0.16
2020-08-12 15:21:00,26.32,26.33,0.16
2020-08-12 15:22:00,26.32,26.33,0.16
2020-08-12 15:23:00,26.23,26.28,0.16
2020-08-12 15:24:00,26.23,26.28,0.16
2020-08-12 15:25:00,26.23,26.25,0.16
2020-08-12 15:26:00,26.22,26.22,0.16
2020-08-12 15:27:00,26.18,26.18,0.16
2020-08-12 15:28:00,26.08,26.17,0.16
2020-08-12 15:29:00,26.08,26.13,0.16
2020-08-12 15:30:00,26.07,26.12,0.16
2020-08-12 15:31:00,26.03,26.08,0.16
2020-08-12 15:32:00,26.08,26.08,0.16
2020-08-12 15:34:00,26.08,26.12,0.16
2020-08-12 15:35:00,26.08,26.13,0.16
2020-08-12 15:36:00,26.08,26.13,0.16
2020-08-12 15:37:00,26.08,26.13,0.16
2020-08-12 15:38:00,26.08,26.13,0.16
2020-08-12 15:41:00,26.08,26.12,0.16
2020-08-12 15:42:00,26.10,26.13,0.16
2020-08-12 15:43:00,26.08,26.13,0.16
2020-08-12 15:44:00,26.13,26.13,0.16
2020-08-12 15:45:00,26.08,26.13,0.16
2020-08-12 15:46:00,26.08,26.12,0.16
2020-08-12 15:48:00,26.08,26.13,0.16
2020-08-12 15:49:00,26.10,26.13,0.16
2020-08-12 15:50:00,26.08,26.13,0.16
2020-08-12 15:51:00,26.08,26.13,0.16
2020-08-12 15:52:00,26.14,26.14,0.16
2020-08-12 15:54:00,26.14,26.19,0.16
2020-08-12 15:55:00,26.14,26.19,0.16
2020-08-12 15:56:00,26.14,26.19,0.16
2020-08-12 16:02:00,26.09,26.14,0.16
2020-08-12 16:12:00,26.19,26.19,0.16
2020-08-12 16:13:00,26.14,26.14,0.16
2020-08-12 16:15:00,26.10,26.14,0.16
2020-08-12 16:17:00,26.13,26.14,0.16
2020-08-12 16:24:00,26.09,26.13,0.16
2020-08-12 16:29:00,26.13,26.14,0.16
2020-08-12 16:31:00,26.14,26.18,0.16
2020-08-12 16:41:00,26.16,26.19,0.16
2020-08-12 16:44:00,26.21,26.24,0.16
2020-08-12 16:45:00,26.19,26.21,0.16
2020-08-12 16:46:00,26.19,26.23,0.16
2020-08-12 16:48:00,26.19,26.24,0.16
2020-08-12 16:52:00,26.18,26.19,0.16
2020-08-12 16:53:00,26.14,26.18,0.16
2020-08-12 16:55:00,26.14,26.15,0.16
2020-08-12 16:56:00,26.16,26.19,0.16
2020-08-12 16:57:00,26.22,26.24,0.16
2020-08-12 16:58:00,26.25,26.29,0.16
2020-08-12 17:00:00,26.26,26.29,0.16
2020-08-12 17:01:00,26.26,26.29,0.16
2020-08-12 17:06:00,26.25,26.29,0.16
2020-08-12 17:07:00,26.25,26.29,0.16
2020-08-12 17:08:00,26.29,26.30,0.16
2020-08-12 17:14:00,26.25,26.30,0.16
2020-08-12 17:15:00,26.29,26.34,0.16
2020-08-12 17:16:00,26.29,26.34,0.16
2020-08-12 17:17:00,26.29,26.34,0.16
2020-08-12 17:18:00,26.35,26.39,0.16
2020-08-12 17:21:00,26.38,26.39,0.16
2020-08-12 17:24:00,26.34,26.39,0.16
2020-08-12 17:25:00,26.34,26.39,0.16
2020-08-12 17:26:00,26.39,26.39,0.16
2020-08-12 17:27:00,26.39,26.44,0.16
2020-08-12 17:28:00,26.44,26.49,0.16
2020-08-12 17:29:00,26.44,26.49,0.16
2020-08-12 17:30:00,26.39,26.44,0.16
2020-08-12 17:31:00,26.39,26.44,0.16
2020-08-12 17:32:00,26.39,26.44,0.16
2020-08-12 17:33:00,26.39,26.44,0.16
2020-08-12 17:34:00,26.34,26.38,0.16
2020-08-12 17:36:00,26.29,26.34,0.16
2020-08-12 17:38:00,26.19,26.24,0.16
2020-08-12 17:40:00,26.19,26.24,0.16
2020-08-12 17:43:00,26.20,26.20,0.16
2020-08-12 17:44:00,26.20,26.24,0.16
2020-08-12 17:45:00,26.19,26.20,0.16
2020-08-12 17:46:00,26.19,26.19,0.16
2020-08-12 17:47:00,26.17,26.19,0.16
2020-08-12 17:48:00,26.14,26.17,0.16
2020-08-12 17:59:00,26.14,26.15,0.16
2020-08-12 18:01:00,26.15,26.20,0.16
2020-08-12 18:02:00,26.15,26.19,0.16
2020-08-12 18:03:00,26.15,26.20,0.16
2020-08-12 18:07:00,26.20,26.25,0.16
2020-08-12 18:08:00,26.19,26.24,0.16
2020-08-12 18:09:00,26.19,26.20,0.16
2020-08-12 18:10:00,26.14,26.19,0.16
2020-08-12 18:11:00,26.14,26.15,0.16
2020-08-12 18:12:00,26.14,26.14,0.16
2020-08-12 18:13:00,26.14,26.15,0.16
2020-08-12 18:14:00,26.10,26.14,0.16
2020-08-12 18:15:00,26.10,26.14,0.16
2020-08-12 18:17:00,26.15,26.15,0.16
2020-08-12 18:18:00,26.14,26.14,0.16
2020-08-12 18:19:00,26.09,26.12,0.16
2020-08-12 18:20:00,26.09,26.10,0.16
2020-08-12 18:21:00,26.05,26.09,0.16
2020-08-12 18:22:00,26.04,26.09,0.16
2020-08-12 18:23:00,26.05,26.09,0.16
2020-08-12 18:25:00,26.05,26.09,0.16
2020-08-12 18:26:00,26.07,26.10,0.16
2020-08-12 18:31:00,26.14,26.15,0.16
2020-08-12 18:32:00,26.10,26.14,0.16
2020-08-12 18:33:00,26.12,26.15,0.16
2020-08-12 18:34:00,26.10,26.15,0.16
2020-08-12 18:35:00,26.10,26.14,0.16
2020-08-12 18:36:00,26.13,26.15,0.16
2020-08-12 18:37:00,26.10,26.16,0.16
2020-08-12 18:39:00,26.18,26.20,0.16
2020-08-12 18:40:00,26.15,26.20,0.16
2020-08-12 18:42:00,26.15,26.17,0.16
2020-08-12 18:44:00,26.15,26.20,0.16
2020-08-12 18:45:00,26.15,26.18,0.16
2020-08-12 18:46:00,26.15,26.16,0.16
2020-08-12 18:47:00,26.15,26.16,0.16
2020-08-12 18:48:00,26.10,26.11,0.16
2020-08-12 18:49:00,26.10,26.11,0.16
2020-08-12 18:53:00,26.11,26.12,0.16
2020-08-12 18:54:00,26.11,26.12,0.16
2020-08-12 18:58:00,26.07,26.07,0.16
2020-08-12 18:59:00,26.06,26.11,0.16
2020-08-12 19:01:00,26.07,26.12,0.16
2020-08-12 19:03:00,26.07,26.12,0.16
2020-08-12 19:04:00,26.11,26.12,0.16
2020-08-12 19:06:00,26.07,26.12,0.16
2020-08-12 19:10:00,26.07,26.11,0.16
2020-08-12 19:12:00,26.06,26.07,0.16
2020-08-12 19:13:00,26.02,26.07,0.16
2020-08-12 19:14:00,26.01,26.02,0.16
2020-08-12 19:15:00,26.02,26.06,0.16
2020-08-12 19:16:00,26.02,26.06,0.16
2020-08-12 19:18:00,26.07,26.11,0.16
2020-08-12 19:21:00,26.11,26.15,0.16
2020-08-12 19:23:00,26.10,26.11,0.16
2020-08-12 19:28:00,26.11,26.15,0.16
2020-08-12 19:29:00,26.15,26.16,0.16
2020-08-12 19:30:00,26.16,26.27,0.16
2020-08-12 19:31:00,26.29,26.36,0.16
2020-08-12 19:32:00,26.31,26.37,0.16
2020-08-12 19:33:00,26.37,26.38,0.16
2020-08-12 19:34:00,26.32,26.37,0.16
2020-08-12 19:35:00,26.31,26.37,0.16
2020-08-12 19:36:00,26.32,26.37,0.16
2020-08-12 19:37:00,26.32,26.37,0.16
2020-08-12 19:38:00,26.27,26.32,0.16
2020-08-12 19:39:00,26.22,26.31,0.16
2020-08-12 19:40:00,26.12,26.22,0.16
2020-08-12 19:41:00,26.07,26.12,0.16
2020-08-12 19:42:00,26.12,26.12,0.16
2020-08-12 19:45:00,26.12,26.17,0.16
2020-08-12 19:46:00,26.13,26.17,0.16
2020-08-12 19:47:00,26.12,26.12,0.16
2020-08-12 19:48:00,26.15,26.17,0.16
2020-08-12 19:49:00,26.17,26.22,0.16
2020-08-12 19:50:00,26.22,26.23,0.16
2020-08-12 19:51:00,26.23,26.23,0.16
2020-08-12 19:52:00,26.23,26.28,0.16
2020-08-12 19:53:00,26.23,26.28,0.16
2020-08-12 19:56:00,26.23,26.23,0.16
2020-08-12 19:59:00,26.19,26.19,0.16
2020-08-12 20:00:00,26.23,26.28,0.16
2020-08-12 20:01:00,26.29,26.29,0.16
2020-08-12 20:02:00,26.24,26.24,0.16
2020-08-12 20:03:00,26.24,26.26,0.16
2020-08-12 20:04:00,26.24,26.29,0.16
2020-08-12 20:05:00,26.26,26.29,0.16
2020-08-12 20:07:00,26.24,26.24,0.16
2020-08-12 20:09:00,26.29,26.39,0.16
2020-08-12 20:10:00,26.34,26.39,0.16
2020-08-12 20:11:00,26.34,26.39,0.16
2020-08-12 20:14:00,26.22,26.43,0.16
2020-08-12 20:31:00,26.23,26.23,0.16
2020-08-12 20:33:00,26.24,26.24,0.16
2020-08-12 20:36:00,26.23,26.23,0.16
2020-08-12 20:41:00,26.23,26.25,0.16
2020-08-12 20:42:00,26.24,26.28,0.16
2020-08-12 20:43:00,26.23,26.28,0.16
2020-08-12 20:45:00,26.26,26.28,0.16
2020-08-12 20:46:00,26.28,26.28,0.16
2020-08-12 20:48:00,26.26,26.28,0.16
2020-08-12 20:49:00,26.24,26.26,0.16
2020-08-12 20:50:00,26.26,26.28,0.16
2020-08-12 20:55:00,26.24,26.28,0.16
2020-08-12 20:56:00,26.26,26.28,0.16
2020-08-12 20:57:00,26.24,26.26,0.16
2020-08-12 20:59:00,26.26,26.28,0.16
2020-08-12 22:00:00,26.11,26.34,0.17
2020-08-12 22:01:00,26.24,26.27,0.16
2020-08-12 22:02:00,26.24,26.24,0.16
2020-08-12 22:04:00,26.21,26.23,0.16
2020-08-12 22:07:00,26.23,26.24,0.16
2020-08-12 22:09:00,26.21,26.24,0.16
2020-08-12 22:11:00,26.19,26.23,0.16
2020-08-12 22:15:00,26.21,26.23,0.16
2020-08-12 22:17:00,26.21,26.24,0.16
2020-08-12 22:19:00,26.22,26.24,0.16
2020-08-12 22:20:00,26.21,26.23,0.16
2020-08-12 22:22:00,26.24,26.24,0.16
2020-08-12 22:47:00,26.22,26.22,0.16
2020-08-12 22:48:00,26.24,26.24,0.16
2020-08-12 22:52:00,26.22,26.24,0.16
2020-08-12 22:53:00,26.19,26.21,0.16
2020-08-12 22:55:00,26.19,26.21,0.16
2020-08-12 22:56:00,26.22,26.24,0.16
2020-08-12 23:00:00,26.24,26.24,0.16
2020-08-12 23:03:00,26.22,26.22,0.16
2020-08-12 23:04:00,26.24,26.24,0.16
2020-08-12 23:17:00,26.22,26.22,0.16
2020-08-12 23:18:00,26.19,26.22,0.16
2020-08-12 23:19:00,26.19,26.22,0.16
2020-08-12 23:20:00,26.21,26.22,0.16
2020-08-12 23:22:00,26.24,26.24,0.16
2020-08-12 23:23:00,26.21,26.22,0.16
2020-08-12 23:24:00,26.22,26.22,0.16
2020-08-12 23:25:00,26.21,26.24,0.16
2020-08-12 23:26:00,26.20,26.24,0.16
2020-08-12 23:27:00,26.22,26.22,0.16
2020-08-12 23:29:00,26.19,26.19,0.16
2020-08-12 23:31:00,26.19,26.20,0.16
2020-08-12 23:34:00,26.19,26.19,0.16
2020-08-12 23:35:00,26.19,26.20,0.16
2020-08-12 23:37:00,26.19,26.20,0.16
2020-08-12 23:38:00,26.20,26.20,0.16
2020-08-13 00:01:00,26.21,26.25,0.16
2020-08-13 00:02:00,26.21,26.25,0.16
2020-08-13 00:05:00,26.20,26.25,0.16
2020-08-13 00:06:00,26.20,26.25,0.16
2020-08-13 00:15:00,26.15,26.17,0.16
2020-08-13 00:16:00,26.15,26.15,0.16
2020-08-13 00:17:00,26.14,26.15,0.16
2020-08-13 00:18:00,26.14,26.14,0.16
2020-08-13 00:22:00,26.14,26.15,0.16
2020-08-13 00:30:00,26.10,26.15,0.16
2020-08-13 00:39:00,26.20,26.20,0.16
2020-08-13 00:45:00,26.15,26.15,0.16
2020-08-13 00:47:00,26.20,26.20,0.16
2020-08-13 00:50:00,26.21,26.25,0.16
2020-08-13 00:51:00,26.26,26.30,0.16
2020-08-13 00:52:00,26.31,26.37,0.16
2020-08-13 00:53:00,26.31,26.36,0.16
2020-08-13 00:54:00,26.26,26.30,0.16
2020-08-13 00:55:00,26.28,26.31,0.16
2020-08-13 00:56:00,26.28,26.30,0.16
2020-08-13 00:57:00,26.28,26.31,0.16
2020-08-13 00:58:00,26.30,26.31,0.16
2020-08-13 01:00:00,26.31,26.36,0.16
2020-08-13 01:01:00,26.36,26.41,0.16
2020-08-13 01:02:00,26.31,26.36,0.16
2020-08-13 01:03:00,26.26,26.26,0.16
2020-08-13 01:04:00,26.26,26.31,0.16
2020-08-13 01:05:00,26.26,26.31,0.16
2020-08-13 01:06:00,26.28,26.31,0.16
2020-08-13 01:07:00,26.30,26.31,0.16
2020-08-13 01:08:00,26.28,26.31,0.16
2020-08-13 01:09:00,26.26,26.28,0.16
2020-08-13 01:10:00,26.26,26.28,0.16
2020-08-13 01:11:00,26.26,26.26,0.16
2020-08-13 01:12:00,26.25,26.25,0.16
2020-08-13 01:13:00,26.21,26.21,0.16
2020-08-13 01:14:00,26.23,26.25,0.16
2020-08-13 01:15:00,26.20,26.25,0.16
2020-08-13 01:16:00,26.25,26.26,0.16
2020-08-13 01:17:00,26.25,26.28,0.16
2020-08-13 01:18:00,26.26,26.28,0.16
2020-08-13 01:19:00,26.25,26.25,0.16
2020-08-13 01:20:00,26.25,26.26,0.16
2020-08-13 01:21:00,26.25,26.26,0.16
2020-08-13 01:22:00,26.25,26.26,0.16
2020-08-13 01:24:00,26.25,26.26,0.16
2020-08-13 01:25:00,26.21,26.26,0.16
2020-08-13 01:26:00,26.25,26.26,0.16
2020-08-13 01:29:00,26.21,26.23,0.16
2020-08-13 01:30:00,26.20,26.23,0.16
2020-08-13 01:32:00,26.16,26.21,0.16
2020-08-13 01:33:00,26.18,26.21,0.16
2020-08-13 01:36:00,26.26,26.26,0.16
2020-08-13 01:41:00,26.21,26.21,0.16
2020-08-13 01:43:00,26.26,26.26,0.16
2020-08-13 01:49:00,26.21,26.21,0.16
2020-08-13 01:50:00,26.21,26.26,0.16
2020-08-13 01:55:00,26.26,26.31,0.16
2020-08-13 01:56:00,26.26,26.26,0.16
2020-08-13 01:57:00,26.27,26.27,0.16
2020-08-13 01:59:00,26.26,26.26,0.16
2020-08-13 02:07:00,26.23,26.26,0.16
2020-08-13 02:09:00,26.27,26.31,0.16
2020-08-13 02:11:00,26.29,26.32,0.16
2020-08-13 02:12:00,26.32,26.36,0.16
2020-08-13 02:13:00,26.31,26.32,0.16
2020-08-13 02:16:00,26.31,26.32,0.16
2020-08-13 02:17:00,26.31,26.32,0.16
2020-08-13 02:19:00,26.26,26.29,0.16
2020-08-13 02:20:00,26.26,26.27,0.16
2020-08-13 02:30:00,26.21,26.25,0.16
2020-08-13 02:31:00,26.21,26.26,0.16
2020-08-13 02:32:00,26.21,26.21,0.16
2020-08-13 02:33:00,26.21,26.23,0.16
2020-08-13 02:34:00,26.21,26.24,0.16
2020-08-13 02:46:00,26.26,26.26,0.16
2020-08-13 02:51:00,26.21,26.24,0.16
2020-08-13 02:52:00,26.21,26.24,0.16
2020-08-13 02:53:00,26.21,26.21,0.16
2020-08-13 03:02:00,26.24,26.26,0.16
2020-08-13 03:04:00,26.21,26.23,0.16
2020-08-13 03:06:00,26.21,26.26,0.16
2020-08-13 03:07:00,26.23,26.24,0.16
2020-08-13 03:09:00,26.26,26.26,0.16
2020-08-13 03:12:00,26.21,26.21,0.16
2020-08-13 03:14:00,26.21,26.22,0.16
2020-08-13 03:15:00,26.22,26.26,0.16
2020-08-13 03:16:00,26.22,26.24,0.16
2020-08-13 03:17:00,26.22,26.22,0.16
2020-08-13 03:18:00,26.21,26.21,0.16
2020-08-13 03:25:00,26.26,26.26,0.16
2020-08-13 03:26:00,26.27,26.27,0.16
2020-08-13 03:42:00,26.28,26.28,0.16
2020-08-13 03:43:00,26.27,26.27,0.16
2020-08-13 03:52:00,26.27,26.28,0.16
2020-08-13 04:01:00,26.22,26.27,0.16
2020-08-13 04:02:00,26.26,26.27,0.16
2020-08-13 04:19:00,26.26,26.26,0.16
2020-08-13 04:20:00,26.27,26.27,0.16
2020-08-13 04:21:00,26.26,26.26,0.16
2020-08-13 04:24:00,26.27,26.27,0.16
2020-08-13 04:33:00,26.22,26.26,0.16
2020-08-13 04:46:00,26.27,26.27,0.16
2020-08-13 04:47:00,26.22,26.25,0.16
2020-08-13 05:00:00,26.23,26.27,0.16
2020-08-13 05:01:00,26.28,26.30,0.16
2020-08-13 05:02:00,26.32,26.32,0.16
2020-08-13 05:03:00,26.27,26.28,0.16
2020-08-13 05:04:00,26.27,26.27,0.16
2020-08-13 05:07:00,26.27,26.32,0.16
2020-08-13 05:08:00,26.28,26.28,0.16
2020-08-13 05:09:00,26.27,26.28,0.16
2020-08-13 05:10:00,26.27,26.28,0.16
2020-08-13 05:11:00,26.32,26.32,0.16
2020-08-13 05:18:00,26.27,26.28,0.16
2020-08-13 05:19:00,26.28,26.28,0.16
2020-08-13 05:28:00,26.27,26.28,0.16
2020-08-13 05:41:00,26.33,26.33,0.16
2020-08-13 05:42:00,26.28,26.29,0.16
2020-08-13 05:43:00,26.28,26.29,0.16
2020-08-13 05:44:00,26.28,26.29,0.16
2020-08-13 05:45:00,26.29,26.29,0.16
2020-08-13 05:46:00,26.28,26.29,0.16
2020-08-13 05:47:00,26.28,26.28,0.16
2020-08-13 05:49:00,26.28,26.29,0.16
2020-08-13 05:51:00,26.28,26.29,0.16
2020-08-13 05:52:00,26.29,26.33,0.16
2020-08-13 05:53:00,26.31,26.33,0.16
2020-08-13 06:00:00,26.28,26.29,0.16
2020-08-13 06:01:00,26.28,26.33,0.16
2020-08-13 06:02:00,26.33,26.34,0.16
2020-08-13 06:03:00,26.33,26.34,0.16
2020-08-13 06:04:00,26.33,26.34,0.16
2020-08-13 06:05:00,26.33,26.34,0.16
2020-08-13 06:06:00,26.33,26.34,0.16
2020-08-13 06:08:00,26.34,26.38,0.16
2020-08-13 06:09:00,26.34,26.39,0.16
2020-08-13 06:10:00,26.34,26.38,0.16
2020-08-13 06:11:00,26.39,26.39,0.16
2020-08-13 06:12:00,26.39,26.44,0.16
2020-08-13 06:15:00,26.39,26.44,0.16
2020-08-13 06:16:00,26.39,26.41,0.16
2020-08-13 06:18:00,26.39,26.44,0.16
2020-08-13 06:20:00,26.39,26.41,0.16
2020-08-13 06:21:00,26.41,26.44,0.16
2020-08-13 06:23:00,26.39,26.43,0.16
2020-08-13 06:24:00,26.39,26.42,0.16
2020-08-13 06:31:00,26.38,26.38,0.16
2020-08-13 06:32:00,26.39,26.39,0.16
2020-08-13 06:33:00,26.38,26.39,0.16
2020-08-13 06:34:00,26.38,26.39,0.16
2020-08-13 06:35:00,26.34,26.36,0.16
2020-08-13 06:37:00,26.34,26.36,0.16
2020-08-13 06:40:00,26.34,26.38,0.16
2020-08-13 06:42:00,26.38,26.38,0.16
2020-08-13 06:43:00,26.39,26.39,0.16
2020-08-13 06:46:00,26.38,26.39,0.16
2020-08-13 06:48:00,26.34,26.38,0.16
2020-08-13 06:51:00,26.33,26.34,0.16
2020-08-13 06:54:00,26.33,26.33,0.16
2020-08-13 06:56:00,26.29,26.29,0.16
2020-08-13 06:57:00,26.29,26.33,0.16
2020-08-13 06:59:00,26.33,26.33,0.16
2020-08-13 07:00:00,26.29,26.34,0.16
2020-08-13 07:01:00,26.29,26.33,0.16
2020-08-13 07:02:00,26.28,26.33,0.16
2020-08-13 07:03:00,26.28,26.28,0.16
2020-08-13 07:05:00,26.33,26.33,0.16
2020-08-13 07:06:00,26.31,26.33,0.16
2020-08-13 07:07:00,26.28,26.31,0.16
2020-08-13 07:08:00,26.23,26.28,0.16
2020-08-13 07:10:00,26.18,26.21,0.16
2020-08-13 07:11:00,26.23,26.23,0.16
2020-08-13 07:13:00,26.24,26.24,0.16
2020-08-13 07:14:00,26.24,26.28,0.16
2020-08-13 07:15:00,26.28,26.29,0.16
2020-08-13 07:16:00,26.28,26.29,0.16
2020-08-13 07:17:00,26.29,26.33,0.16
2020-08-13 07:18:00,26.29,26.33,0.16
2020-08-13 07:19:00,26.29,26.33,0.16
2020-08-13 07:20:00,26.31,26.33,0.16
2020-08-13 07:21:00,26.29,26.33,0.16
2020-08-13 07:23:00,26.24,26.28,0.16
2020-08-13 07:25:00,26.24,26.29,0.16
2020-08-13 07:26:00,26.31,26.31,0.16
2020-08-13 07:27:00,26.34,26.39,0.16
2020-08-13 07:28:00,26.34,26.38,0.16
2020-08-13 07:29:00,26.34,26.39,0.16
2020-08-13 07:30:00,26.36,26.39,0.16
2020-08-13 07:31:00,26.34,26.39,0.16
2020-08-13 07:32:00,26.38,26.39,0.16
2020-08-13 07:33:00,26.38,26.39,0.16
2020-08-13 07:34:00,26.38,26.39,0.16
2020-08-13 07:35:00,26.36,26.39,0.16
2020-08-13 07:37:00,26.39,26.44,0.16
2020-08-13 07:38:00,26.39,26.41,0.16
2020-08-13 07:39:00,26.38,26.39,0.16
2020-08-13 07:40:00,26.38,26.39,0.16
2020-08-13 07:41:00,26.33,26.39,0.16
2020-08-13 07:42:00,26.33,26.34,0.16
2020-08-13 07:44:00,26.33,26.34,0.16
2020-08-13 07:45:00,26.33,26.34,0.16
2020-08-13 07:49:00,26.36,26.39,0.16
2020-08-13 07:50:00,26.38,26.39,0.16
2020-08-13 07:51:00,26.36,26.39,0.16
2020-08-13 07:52:00,26.36,26.38,0.16
2020-08-13 07:53:00,26.34,26.36,0.16
2020-08-13 07:54:00,26.38,26.39,0.16
2020-08-13 07:55:00,26.38,26.39,0.16
2020-08-13 07:56:00,26.38,26.39,0.16
2020-08-13 07:57:00,26.38,26.39,0.16
2020-08-13 07:58:00,26.36,26.39,0.16
2020-08-13 07:59:00,26.38,26.38,0.16
2020-08-13 08:00:00,26.33,26.38,0.16
2020-08-13 08:02:00,26.33,26.38,0.16
2020-08-13 08:03:00,26.34,26.38,0.16
2020-08-13 08:04:00,26.36,26.38,0.16
2020-08-13 08:05:00,26.39,26.49,0.16
2020-08-13 08:06:00,26.44,26.49,0.16
2020-08-13 08:07:00,26.44,26.47,0.16
2020-08-13 08:12:00,26.40,26.44,0.16
2020-08-13 08:14:00,26.39,26.39,0.16
2020-08-13 08:15:00,26.44,26.44,0.16
2020-08-13 08:16:00,26.44,26.45,0.16
2020-08-13 08:17:00,26.39,26.49,0.16
2020-08-13 08:18:00,26.39,26.44,0.16
2020-08-13 08:19:00,26.39,26.44,0.16
2020-08-13 08:21:00,26.44,26.45,0.16
2020-08-13 08:25:00,26.44,26.45,0.16
2020-08-13 08:26:00,26.44,26.45,0.16
2020-08-13 08:27:00,26.44,26.45,0.16
2020-08-13 08:29:00,26.45,26.45,0.16
2020-08-13 08:31:00,26.45,26.50,0.16
2020-08-13 08:32:00,26.45,26.49,0.16
2020-08-13 08:37:00,26.44,26.44,0.16
2020-08-13 08:38:00,26.40,26.40,0.16
2020-08-13 08:39:00,26.39,26.40,0.16
2020-08-13 08:40:00,26.40,26.44,0.16
2020-08-13 08:41:00,26.40,26.44,0.16
2020-08-13 08:42:00,26.39,26.40,0.16
2020-08-13 08:43:00,26.42,26.42,0.16
2020-08-13 08:44:00,26.40,26.42,0.16
2020-08-13 08:45:00,26.40,26.44,0.16
2020-08-13 08:46:00,26.39,26.40,0.16
2020-08-13 08:49:00,26.34,26.34,0.16
2020-08-13 08:51:00,26.29,26.31,0.16
2020-08-13 08:52:00,26.29,26.29,0.16
2020-08-13 08:53:00,26.29,26.34,0.16
2020-08-13 08:54:00,26.34,26.34,0.16
2020-08-13 08:55:00,26.30,26.34,0.16
2020-08-13 08:57:00,26.30,26.32,0.16
2020-08-13 08:58:00,26.34,26.35,0.16
2020-08-13 09:00:00,26.34,26.34,0.16
2020-08-13 09:01:00,26.35,26.35,0.16
2020-08-13 09:02:00,26.34,26.34,0.16
2020-08-13 09:03:00,26.34,26.35,0.16
2020-08-13 09:04:00,26.34,26.35,0.16
2020-08-13 09:06:00,26.35,26.35,0.16
2020-08-13 09:18:00,26.30,26.30,0.16
2020-08-13 09:19:00,26.35,26.35,0.16
2020-08-13 09:24:00,26.40,26.40,0.16
2020-08-13 09:27:00,26.41,26.41,0.16
2020-08-13 09:28:00,26.40,26.40,0.16
2020-08-13 09:29:00,26.36,26.40,0.16
2020-08-13 09:30:00,26.36,26.40,0.16
2020-08-13 09:31:00,26.40,26.41,0.16
2020-08-13 09:32:00,26.41,26.41,0.16
2020-08-13 09:34:00,26.41,26.46,0.16
2020-08-13 09:35:00,26.40,26.40,0.16
2020-08-13 09:36:00,26.41,26.41,0.16
2020-08-13 09:39:00,26.41,26.46,0.16
2020-08-13 09:47:00,26.45,26.46,0.16
2020-08-13 09:51:00,26.45,26.46,0.16
2020-08-13 09:55:00,26.46,26.46,0.16
2020-08-13 09:59:00,26.45,26.46,0.16
2020-08-13 10:00:00,26.45,26.45,0.16
2020-08-13 10:02:00,26.46,26.46,0.16
2020-08-13 10:03:00,26.45,26.45,0.16
2020-08-13 10:08:00,26.45,26.46,0.16
2020-08-13 10:14:00,26.46,26.46,0.16
2020-08-13 10:19:00,26.45,26.46,0.16
2020-08-13 10:27:00,26.43,26.45,0.16
2020-08-13 10:30:00,26.45,26.46,0.16
2020-08-13 10:31:00,26.46,26.46,0.16
2020-08-13 10:32:00,26.45,26.46,0.16
2020-08-13 10:34:00,26.45,26.45,0.16
2020-08-13 10:35:00,26.41,26.45,0.16
2020-08-13 10:37:00,26.41,26.45,0.16
2020-08-13 10:38:00,26.40,26.43,0.16
2020-08-13 10:39:00,26.40,26.40,0.16
2020-08-13 10:41:00,26.40,26.43,0.16
2020-08-13 10:44:00,26.40,26.45,0.16
2020-08-13 10:46:00,26.40,26.42,0.16
2020-08-13 10:52:00,26.43,26.45,0.16
2020-08-13 10:58:00,26.45,26.50,0.16
2020-08-13 10:59:00,26.45,26.45,0.16
2020-08-13 11:00:00,26.46,26.46,0.16
2020-08-13 11:01:00,26.41,26.46,0.16
2020-08-13 11:16:00,26.36,26.36,0.16
2020-08-13 11:17:00,26.41,26.41,0.16
2020-08-13 11:23:00,26.41,26.46,0.16
2020-08-13 11:24:00,26.44,26.47,0.16
2020-08-13 11:25:00,26.46,26.47,0.16
2020-08-13 11:29:00,26.42,26.44,0.16
2020-08-13 11:30:00,26.46,26.46,0.16
2020-08-13 11:31:00,26.42,26.44,0.16
2020-08-13 11:32:00,26.46,26.46,0.16
2020-08-13 11:34:00,26.47,26.49,0.16
2020-08-13 11:35:00,26.46,26.46,0.16
2020-08-13 11:41:00,26.41,26.46,0.16
2020-08-13 11:42:00,26.44,26.46,0.16
2020-08-13 11:43:00,26.44,26.46,0.16
2020-08-13 11:47:00,26.45,26.46,0.16
2020-08-13 12:01:00,26.46,26.51,0.16
2020-08-13 12:04:00,26.45,26.46,0.16
2020-08-13 12:05:00,26.45,26.46,0.16
2020-08-13 12:06:00,26.46,26.46,0.16
2020-08-13 12:07:00,26.41,26.45,0.16
2020-08-13 12:11:00,26.40,26.41,0.16
2020-08-13 12:18:00,26.41,26.45,0.16
2020-08-13 12:19:00,26.41,26.45,0.16
2020-08-13 12:20:00,26.41,26.45,0.16
2020-08-13 12:21:00,26.41,26.46,0.16
2020-08-13 12:27:00,26.42,26.46,0.16
2020-08-13 12:28:00,26.42,26.46,0.16
2020-08-13 12:29:00,26.42,26.46,0.16
2020-08-13 12:30:00,26.36,26.42,0.16
2020-08-13 12:31:00,26.36,26.41,0.16
2020-08-13 12:32:00,26.36,26.36,0.16
2020-08-13 12:33:00,26.31,26.33,0.16
2020-08-13 12:35:00,26.26,26.28,0.16
2020-08-13 12:36:00,26.31,26.31,0.16
2020-08-13 12:40:00,26.29,26.31,0.16
2020-08-13 12:41:00,26.27,26.31,0.16
2020-08-13 12:42:00,26.27,26.31,0.16
2020-08-13 12:43:00,26.29,26.31,0.16
2020-08-13 12:46:00,26.32,26.36,0.16
2020-08-13 12:48:00,26.31,26.31,0.16
2020-08-13 12:49:00,26.27,26.27,0.16
2020-08-13 12:50:00,26.29,26.31,0.16
2020-08-13 12:51:00,26.31,26.32,0.16
2020-08-13 12:52:00,26.34,26.36,0.16
2020-08-13 12:53:00,26.32,26.36,0.16
2020-08-13 12:54:00,26.37,26.37,0.16
2020-08-13 13:00:00,26.39,26.42,0.16
2020-08-13 13:01:00,26.42,26.42,0.16
2020-08-13 13:04:00,26.47,26.47,0.16
2020-08-13 13:05:00,26.47,26.48,0.16
2020-08-13 13:06:00,26.42,26.43,0.16
2020-08-13 13:07:00,26.42,26.45,0.16
2020-08-13 13:13:00,26.47,26.47,0.16
2020-08-13 13:15:00,26.42,26.42,0.16
2020-08-13 13:16:00,26.42,26.45,0.16
2020-08-13 13:17:00,26.47,26.47,0.16
2020-08-13 13:18:00,26.42,26.48,0.16
2020-08-13 13:24:00,26.38,26.43,0.16
2020-08-13 13:25:00,26.43,26.48,0.16
2020-08-13 13:26:00,26.45,26.48,0.16
2020-08-13 13:27:00,26.43,26.48,0.16
2020-08-13 13:28:00,26.43,26.45,0.16
2020-08-13 13:29:00,26.45,26.48,0.16
2020-08-13 13:30:00,26.43,26.48,0.16
2020-08-13 13:31:00,26.38,26.43,0.16
2020-08-13 13:32:00,26.33,26.42,0.16
2020-08-13 13:33:00,26.33,26.43,0.16
2020-08-13 13:34:00,26.33,26.38,0.16
2020-08-13 13:35:00,26.28,26.33,0.16
2020-08-13 13:36:00,26.25,26.32,0.16
2020-08-13 13:37:00,26.23,26.27,0.16
2020-08-13 13:38:00,26.22,26.27,0.16
2020-08-13 13:39:00,26.23,26.28,0.16
2020-08-13 13:40:00,26.27,26.33,0.16
2020-08-13 13:41:00,26.27,26.33,0.16
2020-08-13 13:42:00,26.22,26.27,0.16
2020-08-13 13:43:00,26.22,26.27,0.16
2020-08-13 13:44:00,26.17,26.22,0.16
2020-08-13 13:45:00,26.16,26.17,0.16
2020-08-13 13:46:00,26.16,26.17,0.16
2020-08-13 13:47:00,26.17,26.22,0.16
2020-08-13 13:48:00,26.17,26.22,0.16
2020-08-13 13:49:00,26.21,26.22,0.16
2020-08-13 13:50:00,26.16,26.22,0.16
2020-08-13 13:51:00,26.11,26.17,0.16
2020-08-13 13:52:00,26.09,26.12,0.16
2020-08-13 13:53:00,26.07,26.12,0.16
2020-08-13 13:54:00,26.11,26.16,0.16
2020-08-13 13:55:00,26.06,26.11,0.16
2020-08-13 13:56:00,26.11,26.16,0.16
2020-08-13 13:57:00,26.06,26.11,0.16
2020-08-13 13:58:00,26.06,26.11,0.16
2020-08-13 13:59:00,26.01,26.06,0.16
2020-08-13 14:00:00,26.01,26.06,0.16
2020-08-13 14:01:00,26.01,26.06,0.16
2020-08-13 14:03:00,26.01,26.06,0.16
2020-08-13 14:04:00,26.01,26.06,0.16
2020-08-13 14:06:00,26.01,26.06,0.16
2020-08-13 14:07:00,26.01,26.06,0.16
2020-08-13 14:08:00,26.01,26.01,0.16
2020-08-13 14:09:00,26.01,26.06,0.16
2020-08-13 14:10:00,26.01,26.06,0.16
2020-08-13 14:11:00,26.01,26.06,0.16
2020-08-13 14:12:00,26.06,26.07,0.16
2020-08-13 14:13:00,26.07,26.12,0.16
2020-08-13 14:14:00,26.11,26.16,0.16
2020-08-13 14:15:00,26.17,26.22,0.16
2020-08-13 14:16:00,26.21,26.22,0.16
2020-08-13 14:17:00,26.26,26.27,0.16
2020-08-13 14:18:00,26.22,26.27,0.16
2020-08-13 14:19:00,26.22,26.26,0.16
2020-08-13 14:20:00,26.21,26.21,0.16
2020-08-13 14:21:00,26.21,26.22,0.16
2020-08-13 14:22:00,26.21,26.22,0.16
2020-08-13 14:28:00,26.17,26.22,0.16
2020-08-13 14:29:00,26.14,26.17,0.16
2020-08-13 14:31:00,26.16,26.16,0.16
2020-08-13 14:32:00,26.11,26.17,0.16
2020-08-13 14:35:00,26.16,26.16,0.16
2020-08-13 14:36:00,26.11,26.16,0.16
2020-08-13 14:40:00,26.16,26.17,0.16
2020-08-13 14:41:00,26.16,26.17,0.16
2020-08-13 14:42:00,26.16,26.17,0.16
2020-08-13 14:45:00,26.22,26.22,0.16
2020-08-13 14:47:00,26.17,26.17,0.16
2020-08-13 14:50:00,26.17,26.22,0.16
2020-08-13 14:51:00,26.17,26.22,0.16
2020-08-13 14:52:00,26.16,26.21,0.16
2020-08-13 14:53:00,26.16,26.17,0.16
2020-08-13 14:54:00,26.17,26.22,0.16
2020-08-13 14:55:00,26.16,26.16,0.16
2020-08-13 14:56:00,26.16,26.17,0.16
2020-08-13 14:57:00,26.16,26.17,0.16
2020-08-13 14:58:00,26.11,26.12,0.16
2020-08-13 15:00:00,26.10,26.11,0.16
2020-08-13 15:01:00,26.10,26.11,0.16
2020-08-13 15:02:00,26.06,26.11,0.16
2020-08-13 15:03:00,26.08,26.11,0.16
2020-08-13 15:04:00,26.10,26.11,0.16
2020-08-13 15:05:00,26.06,26.10,0.16
2020-08-13 15:07:00,26.01,26.06,0.16
2020-08-13 15:08:00,26.05,26.06,0.16
2020-08-13 15:09:00,26.01,26.06,0.16
2020-08-13 15:12:00,26.01,26.01,0.16
2020-08-13 15:16:00,26.06,26.06,0.16
2020-08-13 15:17:00,26.01,26.06,0.16
2020-08-13 15:19:00,26.01,26.05,0.16
2020-08-13 15:20:00,26.01,26.05,0.16
2020-08-13 15:21:00,26.06,26.06,0.16
2020-08-13 15:22:00,26.01,26.06,0.16
2020-08-13 15:23:00,26.01,26.06,0.16
2020-08-13 15:24:00,26.06,26.06,0.16
2020-08-13 15:25:00,26.01,26.06,0.16
2020-08-13 15:26:00,26.01,26.06,0.16
2020-08-13 15:30:00,26.01,26.06,0.16
2020-08-13 15:31:00,26.01,26.06,0.16
2020-08-13 15:34:00,26.02,26.06,0.16
2020-08-13 15:35:00,26.06,26.07,0.16
2020-08-13 15:36:00,26.06,26.07,0.16
2020-08-13 15:37:00,26.06,26.07,0.16
2020-08-13 15:38:00,26.06,26.07,0.16
2020-08-13 15:39:00,26.07,26.11,0.16
2020-08-13 15:40:00,26.06,26.07,0.16
2020-08-13 15:41:00,26.06,26.07,0.16
2020-08-13 15:42:00,26.06,26.11,0.16
2020-08-13 15:45:00,26.06,26.06,0.16
2020-08-13 15:46:00,26.02,26.02,0.16
2020-08-13 15:48:00,26.02,26.07,0.16
2020-08-13 15:49:00,26.02,26.04,0.16
2020-08-13 15:52:00,26.02,26.07,0.16
2020-08-13 15:58:00,26.02,26.07,0.16
2020-08-13 16:00:00,26.02,26.04,0.16
2020-08-13 16:03:00,25.97,25.97,0.16
2020-08-13 16:05:00,25.92,25.97,0.16
2020-08-13 16:06:00,25.96,25.97,0.16
2020-08-13 16:18:00,25.92,25.92,0.16
2020-08-13 16:24:00,25.92,25.93,0.16
2020-08-13 16:25:00,25.93,25.97,0.16
2020-08-13 16:27:00,25.92,25.93,0.16
2020-08-13 16:30:00,25.87,25.93,0.16
2020-08-13 16:31:00,25.83,25.83,0.16
2020-08-13 16:36:00,25.82,25.82,0.16
2020-08-13 16:40:00,25.77,25.82,0.16
2020-08-13 16:45:00,25.72,25.77,0.16
2020-08-13 16:51:00,25.72,25.77,0.16
2020-08-13 16:54:00,25.72,25.76,0.16
2020-08-13 17:04:00,25.73,25.77,0.16
2020-08-13 17:05:00,25.77,25.78,0.16
2020-08-13 17:06:00,25.77,25.78,0.16
2020-08-13 17:07:00,25.77,25.78,0.16
2020-08-13 17:08:00,25.77,25.82,0.16
2020-08-13 17:09:00,25.78,25.82,0.16
2020-08-13 17:10:00,25.78,25.82,0.16
2020-08-13 17:11:00,25.77,25.78,0.16
2020-08-13 17:13:00,25.77,25.77,0.16
2020-08-13 17:16:00,25.78,25.78,0.16
2020-08-13 17:17:00,25.82,25.83,0.16
2020-08-13 17:18:00,25.78,25.83,0.16
2020-08-13 17:19:00,25.82,25.83,0.16
2020-08-13 17:20:00,25.78,25.83,0.16
2020-08-13 17:21:00,25.78,25.82,0.16
2020-08-13 17:22:00,25.78,25.83,0.16
2020-08-13 17:23:00,25.88,25.88,0.16
2020-08-13 17:24:00,25.88,25.93,0.16
2020-08-13 17:25:00,25.92,25.93,0.16
2020-08-13 17:27:00,25.93,25.98,0.16
2020-08-13 17:28:00,25.93,25.98,0.16
2020-08-13 17:29:00,25.93,25.97,0.16
2020-08-13 17:30:00,25.93,25.97,0.16
2020-08-13 17:31:00,25.97,25.98,0.16
2020-08-13 17:32:00,25.98,26.07,0.16
2020-08-13 17:33:00,26.03,26.09,0.16
2020-08-13 17:34:00,26.04,26.08,0.16
2020-08-13 17:35:00,26.03,26.08,0.16
2020-08-13 17:36:00,26.07,26.07,0.16
2020-08-13 17:37:00,26.03,26.08,0.16
2020-08-13 17:38:00,25.98,26.03,0.16
2020-08-13 17:39:00,25.93,25.98,0.16
2020-08-13 17:40:00,25.93,26.03,0.16
2020-08-13 17:42:00,25.93,25.93,0.16
2020-08-13 17:43:00,25.98,25.98,0.16
2020-08-13 17:44:00,25.93,25.98,0.16
2020-08-13 17:45:00,25.93,25.98,0.16
2020-08-13 17:47:00,25.88,25.93,0.16
2020-08-13 17:48:00,25.88,25.93,0.16
2020-08-13 17:50:00,25.88,25.93,0.16
2020-08-13 17:58:00,25.93,25.93,0.16
2020-08-13 18:00:00,25.93,25.98,0.16
2020-08-13 18:01:00,26.03,26.03,0.16
2020-08-13 18:02:00,26.03,26.08,0.16
2020-08-13 18:03:00,26.03,26.06,0.16
2020-08-13 18:04:00,25.98,26.03,0.16
2020-08-13 18:06:00,26.03,26.08,0.16
2020-08-13 18:07:00,26.04,26.09,0.16
2020-08-13 18:08:00,26.03,26.04,0.16
2020-08-13 18:09:00,26.04,26.09,0.16
2020-08-13 18:10:00,26.06,26.09,0.16
2020-08-13 18:11:00,26.14,26.19,0.16
2020-08-13 18:12:00,26.14,26.19,0.16
2020-08-13 18:13:00,26.14,26.19,0.16
2020-08-13 18:14:00,26.13,26.16,0.16
2020-08-13 18:15:00,26.04,26.14,0.16
2020-08-13 18:16:00,26.06,26.19,0.16
2020-08-13 18:17:00,26.14,26.19,0.16
2020-08-13 18:18:00,26.14,26.19,0.16
2020-08-13 18:21:00,26.24,26.29,0.16
2020-08-13 18:22:00,26.24,26.29,0.16
2020-08-13 18:23:00,26.24,26.34,0.16
2020-08-13 18:24:00,26.29,26.34,0.16
2020-08-13 18:25:00,26.24,26.34,0.16
2020-08-13 18:26:00,26.18,26.19,0.16
2020-08-13 18:27:00,26.13,26.19,0.16
2020-08-13 18:28:00,26.09,26.14,0.16
2020-08-13 18:29:00,26.09,26.14,0.16
2020-08-13 18:30:00,26.13,26.14,0.16
2020-08-13 18:31:00,26.14,26.19,0.16
2020-08-13 18:32:00,26.13,26.19,0.16
2020-08-13 18:33:00,26.13,26.19,0.16
2020-08-13 18:34:00,26.14,26.19,0.16
2020-08-13 18:35:00,26.14,26.24,0.16
2020-08-13 18:36:00,26.24,26.34,0.16
2020-08-13 18:37:00,26.34,26.39,0.16
2020-08-13 18:38:00,26.29,26.39,0.16
2020-08-13 18:39:00,26.34,26.44,0.16
2020-08-13 18:40:00,26.28,26.39,0.16
2020-08-13 18:41:00,26.24,26.29,0.16
2020-08-13 18:42:00,26.23,26.29,0.16
2020-08-13 18:43:00,26.24,26.34,0.16
2020-08-13 18:44:00,26.34,26.44,0.16
2020-08-13 18:45:00,26.23,26.38,0.16
2020-08-13 18:46:00,26.23,26.29,0.16
2020-08-13 18:47:00,26.23,26.24,0.16
2020-08-13 18:48:00,26.23,26.29,0.16
2020-08-13 18:49:00,26.28,26.39,0.16
2020-08-13 18:50:00,26.39,26.50,0.16
2020-08-13 18:51:00,26.49,26.64,0.16
2020-08-13 18:52:00,26.60,26.65,0.16
2020-08-13 18:53:00,26.59,26.65,0.16
2020-08-13 18:54:00,26.45,26.60,0.16
2020-08-13 18:55:00,26.49,26.60,0.16
2020-08-13 18:56:00,26.44,26.54,0.16
2020-08-13 18:57:00,26.44,26.55,0.16
2020-08-13 18:58:00,26.54,26.65,0.16
2020-08-13 18:59:00,26.55,26.60,0.16
2020-08-13 19:00:00,26.45,26.60,0.16
2020-08-13 19:01:00,26.45,26.60,0.16
2020-08-13 19:02:00,26.55,26.65,0.16
2020-08-13 19:03:00,26.45,26.55,0.16
2020-08-13 19:04:00,26.45,26.54,0.16
2020-08-13 19:05:00,26.50,26.60,0.16
2020-08-13 19:06:00,26.44,26.54,0.16
2020-08-13 19:07:00,26.40,26.45,0.16
2020-08-13 19:08:00,26.50,26.55,0.16
2020-08-13 19:09:00,26.46,26.55,0.16
2020-08-13 19:10:00,26.50,26.61,0.16
2020-08-13 19:11:00,26.45,26.55,0.16
2020-08-13 19:12:00,26.50,26.60,0.16
2020-08-13 19:13:00,26.45,26.55,0.16
2020-08-13 19:14:00,26.45,26.50,0.16
2020-08-13 19:15:00,26.45,26.55,0.16
2020-08-13 19:16:00,26.40,26.50,0.16
2020-08-13 19:17:00,26.29,26.45,0.16
2020-08-13 19:18:00,26.29,26.35,0.16
2020-08-13 19:19:00,26.34,26.35,0.16
2020-08-13 19:20:00,26.29,26.30,0.16
2020-08-13 19:21:00,26.24,26.30,0.16
2020-08-13 19:22:00,26.24,26.29,0.16
2020-08-13 19:23:00,26.15,26.24,0.16
2020-08-13 19:24:00,26.15,26.20,0.16
2020-08-13 19:25:00,26.19,26.24,0.16
2020-08-13 19:26:00,26.20,26.25,0.16
2020-08-13 19:27:00,26.25,26.30,0.16
2020-08-13 19:28:00,26.24,26.30,0.16
2020-08-13 19:29:00,26.20,26.29,0.16
2020-08-13 19:30:00,26.20,26.30,0.16
2020-08-13 19:31:00,26.25,26.34,0.16
2020-08-13 19:32:00,26.25,26.29,0.16
2020-08-13 19:33:00,26.25,26.30,0.16
2020-08-13 19:34:00,26.25,26.35,0.16
2020-08-13 19:35:00,26.24,26.29,0.16
2020-08-13 19:36:00,26.20,26.25,0.16
2020-08-13 19:37:00,26.24,26.25,0.16
2020-08-13 19:38:00,26.20,26.30,0.16
2020-08-13 19:39:00,26.34,26.35,0.16
2020-08-13 19:40:00,26.37,26.46,0.16
2020-08-13 19:41:00,26.30,26.45,0.16
2020-08-13 19:42:00,26.30,26.35,0.16
2020-08-13 19:43:00,26.34,26.35,0.16
2020-08-13 19:44:00,26.35,26.40,0.16
2020-08-13 19:45:00,26.40,26.45,0.16
2020-08-13 19:46:00,26.41,26.46,0.16
2020-08-13 19:47:00,26.46,26.51,0.16
2020-08-13 19:48:00,26.41,26.46,0.16
2020-08-13 19:49:00,26.41,26.46,0.16
2020-08-13 19:50:00,26.31,26.46,0.16
2020-08-13 19:51:00,26.30,26.36,0.16
2020-08-13 19:52:00,26.30,26.35,0.16
2020-08-13 19:53:00,26.30,26.35,0.16
2020-08-13 19:54:00,26.35,26.40,0.16
2020-08-13 19:55:00,26.35,26.40,0.16
2020-08-13 19:57:00,26.30,26.31,0.16
2020-08-13 19:58:00,26.25,26.31,0.16
2020-08-13 19:59:00,26.30,26.35,0.16
2020-08-13 20:00:00,26.30,26.36,0.16
2020-08-13 20:01:00,26.35,26.45,0.16
2020-08-13 20:02:00,26.46,26.48,0.16
2020-08-13 20:04:00,26.45,26.50,0.16
2020-08-13 20:05:00,26.45,26.47,0.16
2020-08-13 20:06:00,26.44,26.44,0.16
2020-08-13 20:07:00,26.40,26.40,0.16
2020-08-13 20:08:00,26.35,26.35,0.16
2020-08-13 20:09:00,26.35,26.40,0.16
2020-08-13 20:13:00,26.29,26.35,0.16
2020-08-13 20:14:00,26.29,26.35,0.16
2020-08-13 20:31:00,26.25,26.29,0.16
2020-08-13 20:38:00,26.25,26.26,0.16
2020-08-13 20:39:00,26.25,26.26,0.16
2020-08-13 20:41:00,26.26,26.30,0.16
2020-08-13 20:42:00,26.26,26.30,0.16
2020-08-13 20:43:00,26.25,26.29,0.16
2020-08-13 20:44:00,26.25,26.27,0.16
2020-08-13 20:45:00,26.25,26.29,0.16
2020-08-13 20:46:00,26.30,26.30,0.16
2020-08-13 20:51:00,26.27,26.29,0.16
2020-08-13 20:52:00,26.29,26.29,0.16
2020-08-13 20:53:00,26.29,26.30,0.16
2020-08-13 20:54:00,26.29,26.30,0.16
2020-08-13 20:55:00,26.29,26.29,0.16
2020-08-13 20:57:00,26.29,26.30,0.16
2020-08-13 20:58:00,26.29,26.29,0.16
2020-08-13 20:59:00,26.27,26.30,0.16
2020-08-13 22:00:00,26.28,26.36,0.28
2020-08-13 22:04:00,26.27,26.30,0.16
2020-08-13 22:08:00,26.34,26.35,0.16
2020-08-13 22:10:00,26.35,26.36,0.16
2020-08-13 22:12:00,26.32,26.32,0.16
2020-08-13 22:13:00,26.35,26.35,0.16
2020-08-13 22:14:00,26.32,26.35,0.16
2020-08-13 22:17:00,26.30,26.34,0.16
2020-08-13 22:20:00,26.28,26.30,0.16
2020-08-13 22:21:00,26.28,26.30,0.16
2020-08-13 22:24:00,26.28,26.30,0.16
2020-08-13 22:26:00,26.28,26.30,0.16
2020-08-13 22:27:00,26.30,26.30,0.16
2020-08-13 22:30:00,26.28,26.30,0.16
2020-08-13 22:32:00,26.25,26.28,0.16
2020-08-13 22:34:00,26.26,26.26,0.16
2020-08-13 22:36:00,26.30,26.30,0.16
2020-08-13 22:54:00,26.25,26.28,0.16
2020-08-13 22:56:00,26.25,26.28,0.16
2020-08-13 23:06:00,26.20,26.25,0.16
2020-08-13 23:07:00,26.23,26.25,0.16
2020-08-13 23:08:00,26.20,26.25,0.16
2020-08-13 23:10:00,26.25,26.26,0.16
2020-08-13 23:11:00,26.25,26.26,0.16
2020-08-13 23:31:00,26.23,26.26,0.16
2020-08-13 23:32:00,26.21,26.25,0.16
2020-08-13 23:33:00,26.21,26.21,0.16
2020-08-13 23:34:00,26.23,26.23,0.16
2020-08-13 23:36:00,26.23,26.25,0.16
2020-08-13 23:40:00,26.25,26.25,0.16
2020-08-13 23:45:00,26.26,26.26,0.16
2020-08-13 23:47:00,26.23,26.26,0.16
2020-08-13 23:48:00,26.23,26.25,0.16
2020-08-13 23:49:00,26.21,26.25,0.16
2020-08-13 23:50:00,26.23,26.26,0.16
2020-08-13 23:58:00,26.21,26.25,0.16
2020-08-14 00:00:00,26.21,26.23,0.16
2020-08-14 00:01:00,26.23,26.25,0.16
2020-08-14 00:02:00,26.25,26.26,0.16
2020-08-14 00:03:00,26.23,26.23,0.16
2020-08-14 00:04:00,26.20,26.21,0.16
2020-08-14 00:06:00,26.20,26.21,0.16
2020-08-14 00:07:00,26.23,26.25,0.16
2020-08-14 00:08:00,26.20,26.21,0.16
2020-08-14 00:09:00,26.20,26.21,0.16
2020-08-14 00:10:00,26.18,26.20,0.16
2020-08-14 00:13:00,26.16,26.20,0.16
2020-08-14 00:16:00,26.18,26.20,0.16
2020-08-14 00:18:00,26.20,26.21,0.16
2020-08-14 00:19:00,26.21,26.25,0.16
2020-08-14 00:20:00,26.26,26.26,0.16
2020-08-14 00:21:00,26.28,26.28,0.16
2020-08-14 00:22:00,26.26,26.26,0.16
2020-08-14 00:26:00,26.25,26.26,0.16
2020-08-14 00:27:00,26.26,26.26,0.16
2020-08-14 00:43:00,26.28,26.28,0.16
2020-08-14 00:44:00,26.29,26.31,0.16
2020-08-14 00:45:00,26.29,26.31,0.16
2020-08-14 00:46:00,26.29,26.31,0.16
2020-08-14 00:47:00,26.31,26.31,0.16
2020-08-14 00:48:00,26.26,26.29,0.16
2020-08-14 00:54:00,26.27,26.31,0.16
2020-08-14 01:00:00,26.26,26.31,0.16
2020-08-14 01:03:00,26.29,26.29,0.16
2020-08-14 01:04:00,26.27,26.31,0.16
2020-08-14 01:05:00,26.27,26.32,0.16
2020-08-14 01:10:00,26.36,26.37,0.16
2020-08-14 01:12:00,26.32,26.37,0.16
2020-08-14 01:13:00,26.32,26.32,0.16
2020-08-14 01:16:00,26.32,26.37,0.16
2020-08-14 01:20:00,26.40,26.42,0.16
2020-08-14 01:21:00,26.37,26.42,0.16
2020-08-14 01:23:00,26.32,26.37,0.16
2020-08-14 01:28:00,26.32,26.32,0.16
2020-08-14 01:29:00,26.32,26.36,0.16
2020-08-14 01:30:00,26.32,26.34,0.16
2020-08-14 01:31:00,26.27,26.32,0.16
2020-08-14 01:32:00,26.31,26.32,0.16
2020-08-14 01:33:00,26.27,26.29,0.16
2020-08-14 01:34:00,26.29,26.32,0.16
2020-08-14 01:39:00,26.27,26.32,0.16
2020-08-14 01:40:00,26.29,26.31,0.16
2020-08-14 01:41:00,26.29,26.31,0.16
2020-08-14 01:42:00,26.27,26.31,0.16
2020-08-14 01:43:00,26.31,26.32,0.16
2020-08-14 01:46:00,26.31,26.32,0.16
2020-08-14 01:47:00,26.31,26.32,0.16
2020-08-14 01:48:00,26.27,26.31,0.16
2020-08-14 01:50:00,26.26,26.27,0.16
2020-08-14 01:51:00,26.27,26.27,0.16
2020-08-14 01:52:00,26.26,26.31,0.16
2020-08-14 01:54:00,26.27,26.31,0.16
2020-08-14 01:55:00,26.27,26.29,0.16
2020-08-14 01:59:00,26.27,26.30,0.16
2020-08-14 02:00:00,26.28,26.33,0.16
2020-08-14 02:01:00,26.32,26.33,0.16
2020-08-14 02:06:00,26.28,26.32,0.16
2020-08-14 02:07:00,26.27,26.32,0.16
2020-08-14 02:21:00,26.27,26.28,0.16
2020-08-14 02:33:00,26.30,26.30,0.16
2020-08-14 02:34:00,26.28,26.32,0.16
2020-08-14 02:37:00,26.27,26.30,0.16
2020-08-14 02:38:00,26.27,26.27,0.16
2020-08-14 02:39:00,26.27,26.30,0.16
2020-08-14 02:44:00,26.32,26.32,0.16
2020-08-14 02:48:00,26.30,26.32,0.16
2020-08-14 02:49:00,26.30,26.30,0.16
2020-08-14 02:50:00,26.27,26.28,0.16
2020-08-14 02:51:00,26.28,26.30,0.16
2020-08-14 02:52:00,26.33,26.33,0.16
2020-08-14 02:58:00,26.30,26.33,0.16
2020-08-14 03:05:00,26.33,26.35,0.16
2020-08-14 03:06:00,26.35,26.35,0.16
2020-08-14 03:07:00,26.33,26.38,0.16
2020-08-14 03:15:00,26.28,26.28,0.16
2020-08-14 03:17:00,26.31,26.31,0.16
2020-08-14 03:18:00,26.31,26.33,0.16
2020-08-14 03:19:00,26.33,26.33,0.16
2020-08-14 03:21:00,26.28,26.28,0.16
2020-08-14 03:26:00,26.30,26.31,0.16
2020-08-14 03:27:00,26.31,26.33,0.16
2020-08-14 03:28:00,26.31,26.33,0.16
2020-08-14 03:34:00,26.31,26.33,0.16
2020-08-14 03:35:00,26.30,26.33,0.16
2020-08-14 04:10:00,26.28,26.33,0.16
2020-08-14 04:11:00,26.33,26.33,0.16
2020-08-14 04:12:00,26.31,26.31,0.16
2020-08-14 04:13:00,26.33,26.33,0.16
2020-08-14 04:17:00,26.29,26.33,0.16
2020-08-14 04:18:00,26.29,26.29,0.16
2020-08-14 04:19:00,26.33,26.33,0.16
2020-08-14 04:23:00,26.29,26.31,0.16
2020-08-14 04:24:00,26.33,26.33,0.16
2020-08-14 04:25:00,26.31,26.31,0.16
2020-08-14 04:26:00,26.29,26.29,0.16
2020-08-14 04:30:00,26.28,26.28,0.16
2020-08-14 04:41:00,26.29,26.29,0.16
2020-08-14 04:50:00,26.31,26.31,0.16
2020-08-14 04:51:00,26.29,26.29,0.16
2020-08-14 04:56:00,26.31,26.31,0.16
2020-08-14 04:57:00,26.29,26.29,0.16
2020-08-14 04:58:00,26.29,26.31,0.16
2020-08-14 05:00:00,26.29,26.29,0.16
2020-08-14 05:05:00,26.28,26.29,0.16
2020-08-14 05:23:00,26.24,26.28,0.16
2020-08-14 05:24:00,26.24,26.24,0.16
2020-08-14 05:25:00,26.23,26.23,0.16
2020-08-14 05:26:00,26.21,26.23,0.16
2020-08-14 05:27:00,26.24,26.24,0.16
2020-08-14 05:32:00,26.24,26.28,0.16
2020-08-14 05:50:00,26.24,26.29,0.16
2020-08-14 06:04:00,26.21,26.24,0.16
2020-08-14 06:13:00,26.19,26.19,0.16
2020-08-14 06:16:00,26.14,26.19,0.16
2020-08-14 06:17:00,26.14,26.18,0.16
2020-08-14 06:19:00,26.14,26.19,0.16
2020-08-14 06:20:00,26.14,26.19,0.16
2020-08-14 06:21:00,26.14,26.19,0.16
2020-08-14 06:27:00,26.19,26.22,0.16
2020-08-14 06:31:00,26.24,26.24,0.16
2020-08-14 06:32:00,26.25,26.25,0.16
2020-08-14 06:33:00,26.24,26.25,0.16
2020-08-14 06:34:00,26.24,26.24,0.16
2020-08-14 06:36:00,26.29,26.29,0.16
2020-08-14 06:37:00,26.24,26.25,0.16
2020-08-14 06:41:00,26.19,26.22,0.16
2020-08-14 06:42:00,26.19,26.19,0.16
2020-08-14 06:53:00,26.19,26.24,0.16
2020-08-14 06:59:00,26.25,26.35,0.16
2020-08-14 07:00:00,26.30,26.35,0.16
2020-08-14 07:01:00,26.35,26.35,0.16
2020-08-14 07:02:00,26.35,26.44,0.16
2020-08-14 07:03:00,26.39,26.40,0.16
2020-08-14 07:04:00,26.39,26.44,0.16
2020-08-14 07:05:00,26.44,26.45,0.16
2020-08-14 07:06:00,26.45,26.49,0.16
2020-08-14 07:07:00,26.45,26.50,0.16
2020-08-14 07:08:00,26.47,26.55,0.16
2020-08-14 07:09:00,26.55,26.60,0.16
2020-08-14 07:10:00,26.54,26.57,0.16
2020-08-14 07:11:00,26.54,26.55,0.16
2020-08-14 07:12:00,26.52,26.57,0.16
2020-08-14 07:13:00,26.50,26.55,0.16
2020-08-14 07:14:00,26.49,26.50,0.16
2020-08-14 07:15:00,26.50,26.55,0.16
2020-08-14 07:16:00,26.52,26.55,0.16
2020-08-14 07:17:00,26.50,26.55,0.16
2020-08-14 07:18:00,26.49,26.52,0.16
2020-08-14 07:22:00,26.44,26.44,0.16
2020-08-14 07:23:00,26.44,26.49,0.16
2020-08-14 07:24:00,26.44,26.49,0.16
2020-08-14 07:25:00,26.44,26.49,0.16
2020-08-14 07:26:00,26.44,26.49,0.16
2020-08-14 07:30:00,26.47,26.50,0.16
2020-08-14 07:31:00,26.49,26.55,0.16
2020-08-14 07:32:00,26.49,26.50,0.16
2020-08-14 07:33:00,26.49,26.50,0.16
2020-08-14 07:34:00,26.49,26.52,0.16
2020-08-14 07:35:00,26.49,26.50,0.16
2020-08-14 07:40:00,26.49,26.52,0.16
2020-08-14 07:41:00,26.49,26.50,0.16
2020-08-14 07:42:00,26.49,26.50,0.16
2020-08-14 07:43:00,26.50,26.54,0.16
2020-08-14 07:44:00,26.55,26.60,0.16
2020-08-14 07:45:00,26.61,26.65,0.16
2020-08-14 07:46:00,26.66,26.70,0.16
2020-08-14 07:47:00,26.71,26.76,0.16
2020-08-14 07:48:00,26.77,26.81,0.16
2020-08-14 07:49:00,26.86,26.87,0.16
2020-08-14 07:50:00,26.86,26.87,0.16
2020-08-14 07:51:00,26.86,26.92,0.16
2020-08-14 07:52:00,26.82,26.87,0.16
2020-08-14 07:53:00,26.81,26.86,0.16
2020-08-14 07:54:00,26.82,26.86,0.16
2020-08-14 07:55:00,26.86,26.91,0.16
2020-08-14 07:56:00,26.86,26.91,0.16
2020-08-14 07:57:00,26.81,26.91,0.16
2020-08-14 07:58:00,26.81,26.84,0.16
2020-08-14 08:00:00,26.81,26.86,0.16
2020-08-14 08:01:00,26.86,26.91,0.16
2020-08-14 08:03:00,26.87,26.92,0.16
2020-08-14 08:04:00,26.91,26.94,0.16
2020-08-14 08:06:00,26.91,26.94,0.16
2020-08-14 08:07:00,26.91,26.92,0.16
2020-08-14 08:08:00,26.92,26.97,0.16
2020-08-14 08:09:00,26.97,27.02,0.16
2020-08-14 08:10:00,27.02,27.12,0.16
2020-08-14 08:11:00,27.07,27.17,0.16
2020-08-14 08:12:00,27.12,27.16,0.16
2020-08-14 08:13:00,27.11,27.11,0.16
2020-08-14 08:15:00,27.11,27.16,0.16
2020-08-14 08:17:00,27.12,27.12,0.16
2020-08-14 08:18:00,27.12,27.17,0.16
2020-08-14 08:19:00,27.16,27.20,0.16
2020-08-14 08:20:00,27.20,27.22,0.16
2020-08-14 08:21:00,27.17,27.22,0.16
2020-08-14 08:22:00,27.20,27.22,0.16
2020-08-14 08:23:00,27.17,27.22,0.16
2020-08-14 08:24:00,27.17,27.22,0.16
2020-08-14 08:25:00,27.17,27.22,0.16
2020-08-14 08:26:00,27.17,27.22,0.16
2020-08-14 08:27:00,27.17,27.22,0.16
2020-08-14 08:28:00,27.17,27.17,0.16
2020-08-14 08:29:00,27.12,27.17,0.16
2020-08-14 08:30:00,27.15,27.18,0.16
2020-08-14 08:31:00,27.17,27.18,0.16
2020-08-14 08:32:00,27.18,27.23,0.16
2020-08-14 08:35:00,27.13,27.23,0.16
2020-08-14 08:38:00,27.08,27.08,0.16
2020-08-14 08:39:00,27.08,27.13,0.16
2020-08-14 08:40:00,27.10,27.13,0.16
2020-08-14 08:41:00,27.08,27.08,0.16
2020-08-14 08:42:00,27.10,27.13,0.16
2020-08-14 08:45:00,27.13,27.21,0.16
2020-08-14 08:46:00,27.18,27.21,0.16
2020-08-14 08:47:00,27.18,27.21,0.16
2020-08-14 08:49:00,27.18,27.19,0.16
2020-08-14 08:50:00,27.19,27.23,0.16
2020-08-14 08:51:00,27.19,27.23,0.16
2020-08-14 08:52:00,27.19,27.23,0.16
2020-08-14 08:53:00,27.19,27.24,0.16
2020-08-14 08:54:00,27.18,27.19,0.16
2020-08-14 08:55:00,27.14,27.19,0.16
2020-08-14 08:59:00,27.16,27.18,0.16
2020-08-14 09:00:00,27.16,27.19,0.16
2020-08-14 09:01:00,27.18,27.19,0.16
2020-08-14 09:02:00,27.18,27.19,0.16
2020-08-14 09:03:00,27.19,27.23,0.16
2020-08-14 09:04:00,27.19,27.21,0.16
2020-08-14 09:05:00,27.19,27.21,0.16
2020-08-14 09:06:00,27.19,27.21,0.16
2020-08-14 09:07:00,27.19,27.23,0.16
2020-08-14 09:08:00,27.18,27.21,0.16
2020-08-14 09:09:00,27.18,27.23,0.16
2020-08-14 09:10:00,27.23,27.24,0.16
2020-08-14 09:11:00,27.19,27.23,0.16
2020-08-14 09:13:00,27.14,27.14,0.16
2020-08-14 09:17:00,27.09,27.14,0.16
2020-08-14 09:22:00,27.04,27.04,0.16
2020-08-14 09:25:00,27.06,27.09,0.16
2020-08-14 09:26:00,27.04,27.09,0.16
2020-08-14 09:27:00,26.99,27.03,0.16
2020-08-14 09:28:00,26.94,26.98,0.16
2020-08-14 09:29:00,26.94,26.98,0.16
2020-08-14 09:30:00,26.98,26.99,0.16
2020-08-14 09:34:00,26.99,27.04,0.16
2020-08-14 09:35:00,27.04,27.06,0.16
2020-08-14 09:36:00,27.04,27.06,0.16
2020-08-14 09:37:00,27.09,27.09,0.16
2020-08-14 09:38:00,27.08,27.09,0.16
2020-08-14 09:39:00,27.09,27.14,0.16
2020-08-14 09:40:00,27.09,27.14,0.16
2020-08-14 09:41:00,27.09,27.11,0.16
2020-08-14 09:42:00,27.04,27.09,0.16
2020-08-14 09:43:00,27.04,27.09,0.16
2020-08-14 09:44:00,27.04,27.07,0.16
2020-08-14 09:45:00,27.04,27.09,0.16
2020-08-14 09:48:00,27.09,27.09,0.16
2020-08-14 09:51:00,27.06,27.09,0.16
2020-08-14 09:52:00,27.04,27.09,0.16
2020-08-14 09:53:00,26.99,26.99,0.16
2020-08-14 09:55:00,26.95,26.99,0.16
2020-08-14 09:56:00,26.94,26.94,0.16
2020-08-14 09:58:00,26.89,26.94,0.16
2020-08-14 10:00:00,26.91,26.94,0.16
2020-08-14 10:01:00,26.93,26.94,0.16
2020-08-14 10:02:00,26.89,26.94,0.16
2020-08-14 10:03:00,26.89,26.91,0.16
2020-08-14 10:04:00,26.91,26.94,0.16
2020-08-14 10:06:00,26.95,26.99,0.16
2020-08-14 10:07:00,26.97,26.99,0.16
2020-08-14 10:09:00,27.00,27.05,0.16
2020-08-14 10:10:00,27.05,27.10,0.16
2020-08-14 10:12:00,27.00,27.00,0.16
2020-08-14 10:14:00,27.00,27.05,0.16
2020-08-14 10:15:00,27.00,27.05,0.16
2020-08-14 10:18:00,27.05,27.10,0.16
2020-08-14 10:22:00,27.00,27.00,0.16
2020-08-14 10:23:00,27.03,27.05,0.16
2020-08-14 10:24:00,27.00,27.03,0.16
2020-08-14 10:27:00,27.00,27.02,0.16
2020-08-14 10:28:00,27.00,27.02,0.16
2020-08-14 10:29:00,27.03,27.05,0.16
2020-08-14 10:30:00,27.00,27.00,0.16
2020-08-14 10:31:00,27.03,27.05,0.16
2020-08-14 10:32:00,27.00,27.03,0.16
2020-08-14 10:33:00,27.00,27.03,0.16
2020-08-14 10:34:00,26.98,27.00,0.16
2020-08-14 10:35:00,26.95,26.97,0.16
2020-08-14 10:36:00,26.95,27.00,0.16
2020-08-14 10:37:00,26.97,27.00,0.16
2020-08-14 10:38:00,26.95,27.00,0.16
2020-08-14 10:39:00,26.97,27.00,0.16
2020-08-14 10:40:00,26.95,26.95,0.16
2020-08-14 10:41:00,26.94,26.97,0.16
2020-08-14 10:42:00,26.94,26.95,0.16
2020-08-14 10:43:00,26.95,26.99,0.16
2020-08-14 10:47:00,26.94,26.97,0.16
2020-08-14 10:48:00,26.94,26.95,0.16
2020-08-14 10:49:00,26.94,26.95,0.16
2020-08-14 10:50:00,26.94,26.95,0.16
2020-08-14 10:52:00,26.89,26.94,0.16
2020-08-14 11:00:00,26.95,26.95,0.16
2020-08-14 11:01:00,26.94,26.95,0.16
2020-08-14 11:03:00,26.92,26.94,0.16
2020-08-14 11:06:00,26.95,26.95,0.16
2020-08-14 11:07:00,26.97,26.99,0.16
2020-08-14 11:08:00,26.95,26.95,0.16
2020-08-14 11:19:00,26.90,26.92,0.16
2020-08-14 11:20:00,26.90,26.90,0.16
2020-08-14 11:21:00,26.85,26.90,0.16
2020-08-14 11:22:00,26.87,26.89,0.16
2020-08-14 11:23:00,26.85,26.87,0.16
2020-08-14 11:26:00,26.80,26.84,0.16
2020-08-14 11:31:00,26.79,26.79,0.16
2020-08-14 11:38:00,26.79,26.82,0.16
2020-08-14 11:40:00,26.69,26.74,0.16
2020-08-14 11:41:00,26.69,26.74,0.16
2020-08-14 11:46:00,26.69,26.72,0.16
2020-08-14 11:47:00,26.64,26.70,0.16
2020-08-14 11:48:00,26.72,26.75,0.16
2020-08-14 11:50:00,26.75,26.79,0.16
2020-08-14 11:51:00,26.74,26.80,0.16
2020-08-14 11:55:00,26.75,26.80,0.16
2020-08-14 11:58:00,26.74,26.77,0.16
2020-08-14 11:59:00,26.74,26.75,0.16
2020-08-14 12:00:00,26.70,26.75,0.16
2020-08-14 12:01:00,26.70,26.75,0.16
2020-08-14 12:07:00,26.77,26.80,0.16
2020-08-14 12:08:00,26.79,26.79,0.16
2020-08-14 12:09:00,26.80,26.80,0.16
2020-08-14 12:11:00,26.80,26.82,0.16
2020-08-14 12:12:00,26.80,26.82,0.16
2020-08-14 12:13:00,26.70,26.79,0.16
2020-08-14 12:15:00,26.65,26.69,0.16
2020-08-14 12:16:00,26.69,26.70,0.16
2020-08-14 12:17:00,26.70,26.70,0.16
2020-08-14 12:18:00,26.69,26.70,0.16
2020-08-14 12:19:00,26.69,26.70,0.16
2020-08-14 12:20:00,26.70,26.70,0.16
2020-08-14 12:24:00,26.65,26.69,0.16
2020-08-14 12:29:00,26.60,26.65,0.16
2020-08-14 12:30:00,26.60,26.70,0.16
2020-08-14 12:31:00,26.60,26.70,0.16
2020-08-14 12:32:00,26.54,26.64,0.16
2020-08-14 12:33:00,26.43,26.54,0.16
2020-08-14 12:35:00,26.43,26.48,0.16
2020-08-14 12:36:00,26.48,26.53,0.16
2020-08-14 12:37:00,26.48,26.53,0.16
2020-08-14 12:38:00,26.53,26.53,0.16
2020-08-14 12:42:00,26.53,26.58,0.16
2020-08-14 12:43:00,26.53,26.58,0.16
2020-08-14 12:44:00,26.53,26.58,0.16
2020-08-14 12:45:00,26.55,26.58,0.16
2020-08-14 12:46:00,26.53,26.53,0.16
2020-08-14 12:47:00,26.53,26.58,0.16
2020-08-14 12:48:00,26.54,26.63,0.16
2020-08-14 12:49:00,26.63,26.66,0.16
2020-08-14 12:50:00,26.59,26.63,0.16
2020-08-14 12:51:00,26.58,26.61,0.16
2020-08-14 12:52:00,26.58,26.59,0.16
2020-08-14 12:53:00,26.58,26.58,0.16
2020-08-14 12:55:00,26.53,26.58,0.16
2020-08-14 12:56:00,26.58,26.59,0.16
2020-08-14 12:59:00,26.58,26.59,0.16
2020-08-14 13:00:00,26.58,26.59,0.16
2020-08-14 13:01:00,26.58,26.59,0.16
2020-08-14 13:02:00,26.61,26.68,0.16
2020-08-14 13:03:00,26.64,26.64,0.16
2020-08-14 13:04:00,26.61,26.63,0.16
2020-08-14 13:06:00,26.63,26.64,0.16
2020-08-14 13:07:00,26.63,26.64,0.16
2020-08-14 13:08:00,26.64,26.64,0.16
2020-08-14 13:10:00,26.59,26.64,0.16
2020-08-14 13:12:00,26.59,26.64,0.16
2020-08-14 13:13:00,26.59,26.63,0.16
2020-08-14 13:14:00,26.63,26.64,0.16
2020-08-14 13:15:00,26.63,26.64,0.16
2020-08-14 13:17:00,26.59,26.64,0.16
2020-08-14 13:18:00,26.59,26.64,0.16
2020-08-14 13:19:00,26.59,26.64,0.16
2020-08-14 13:22:00,26.59,26.64,0.16
2020-08-14 13:27:00,26.59,26.63,0.16
2020-08-14 13:28:00,26.59,26.64,0.16
2020-08-14 13:30:00,26.54,26.69,0.16
2020-08-14 13:31:00,26.48,26.65,0.16
2020-08-14 13:32:00,26.49,26.64,0.16
2020-08-14 13:33:00,26.49,26.65,0.16
2020-08-14 13:34:00,26.60,26.65,0.16
2020-08-14 13:35:00,26.60,26.65,0.16
2020-08-14 13:36:00,26.50,26.55,0.16
2020-08-14 13:37:00,26.49,26.55,0.16
2020-08-14 13:38:00,26.50,26.55,0.16
2020-08-14 13:39:00,26.44,26.55,0.16
2020-08-14 13:40:00,26.50,26.60,0.16
2020-08-14 13:41:00,26.55,26.60,0.16
2020-08-14 13:42:00,26.54,26.60,0.16
2020-08-14 13:43:00,26.55,26.60,0.16
2020-08-14 13:44:00,26.49,26.50,0.16
2020-08-14 13:45:00,26.50,26.55,0.16
2020-08-14 13:46:00,26.60,26.70,0.16
2020-08-14 13:47:00,26.70,26.75,0.16
2020-08-14 13:48:00,26.65,26.72,0.16
2020-08-14 13:49:00,26.75,26.80,0.16
2020-08-14 13:50:00,26.70,26.80,0.16
2020-08-14 13:51:00,26.75,26.80,0.16
2020-08-14 13:52:00,26.70,26.80,0.16
2020-08-14 13:53:00,26.59,26.75,0.16
2020-08-14 13:54:00,26.54,26.64,0.16
2020-08-14 13:55:00,26.59,26.64,0.16
2020-08-14 13:56:00,26.54,26.59,0.16
2020-08-14 13:57:00,26.54,26.56,0.16
2020-08-14 14:00:00,26.44,26.49,0.16
2020-08-14 14:01:00,26.49,26.54,0.16
2020-08-14 14:02:00,26.49,26.54,0.16
2020-08-14 14:03:00,26.49,26.59,0.16
2020-08-14 14:04:00,26.49,26.59,0.16
2020-08-14 14:05:00,26.49,26.54,0.16
2020-08-14 14:06:00,26.44,26.54,0.16
2020-08-14 14:07:00,26.49,26.54,0.16
2020-08-14 14:08:00,26.49,26.54,0.16
